2.00000101  0.231881  4.247721  0.2  301  -61
2.00003252  0.233112  4.292943  0.1   90   72
2.00003085  0.229073  4.145482  1.8  213  -62
2.00003073  0.232861  4.283707  0.1  242   63
2.00011563  0.236467  4.417430  0.0  263   56
2.00006357  0.240442  4.567192  1.6  354   26
2.00015532  0.235559  4.383572  0.6  274  -37
2.00016012  0.230618  4.201585  0.1  275  -39
2.00019080  0.231698  4.241016  0.8  196   -9
2.00019011  0.231161  4.221386  0.7   17    2
2.00018514  0.232891  4.284824  1.2   13    3
2.00019042  0.232583  4.273479  0.2  195  -25
2.00023670  0.236864  4.432272  0.6   89   90
2.00029521  0.237559  4.458313  0.9    6  -39
2.00029753  0.231004  4.215668  0.0    3  -37
2.00033519  0.236583  4.421758  1.0   53  -54
2.00033533  0.233065  4.291241  2.7  327  -44
2.00038777  0.237360  4.450829  1.1  141  -42
2.00038712  0.235978  4.399178  0.0  307  -54
2.00039038  0.235477  4.380493  0.1  314  -51
2.00044868  0.235624  4.385967  0.2  285  -47
2.00044924  0.237879  4.470333  0.0  306  -51
2.00051584  0.237020  4.438106  0.0  324   68
2.00050142  0.235651  4.386979  1.6  295  -37
2.00051731  0.236106  4.403924  1.0  300   57
2.00055985  0.233602  4.311034  0.0  296   46
2.00055942  0.236028  4.401017  1.6  305   42
2.00056059  0.232330  4.264210  0.2  296   48
2.00059912  0.234382  4.339857  0.1   61   81
2.00063255  0.228440  4.122590  0.2  183   25
2.00063499  0.226977  4.069955  0.0  176   17
2.00064320  0.232109  4.256079  0.5  299   32
2.00069489  0.238185  4.481825  8.7  131   41
2.00070627  0.232832  4.282641  0.1   95  -49
2.00076475  0.230185  4.185840  0.2   11   15
2.00077678  0.227246  4.079602  0.9  176  -24
2.00077637  0.227400  4.085161  1.2  176  -26
2.00077642  0.227171  4.076938  1.2  177  -27
2.00077657  0.227900  4.103141  1.3  177  -26
2.00082240  0.230767  4.207034  0.2  284   59
2.00083570  0.233391  4.303254  1.2  348   36
2.00087186  0.233310  4.300247  3.7  181   24
2.00089926  0.226848  4.065346  0.0  304  -45
2.00089899  0.228466  4.123548  0.0  304  -43
2.00093020  0.227507  4.088983  0.5  287   26
2.00096326  0.231315  4.227008  5.8  299  -50
2.00096019  0.230781  4.207538  7.4   14  -52
2.00099789  0.233840  4.319824  2.5   63   81
2.00102908  0.232416  4.267372  6.3   70   62
2.00106415  0.232453  4.268706  3.8  216   58
2.00106739  0.230926  4.212810  1.4   17   51
2.00110788  0.228087  4.109869  1.4   87   57
2.00111092  0.231038  4.216913  0.0  263   55
2.00111840  0.230899  4.211817  0.0  264   45
2.00112648  0.234235  4.334398  2.6  340  -20
2.00115741  0.236198  4.407357  0.9   81   54
2.00119303  0.239144  4.517998  0.2  180   31
2.00121426  0.238542  4.495294  1.7   79  -21
2.00124290  0.232832  4.282658  0.9  171  -14
2.00124441  0.235909  4.396589  2.8  168  -17
2.00126878  0.237262  4.447164  6.4  354  -35
2.00127986  0.237211  4.445270  0.1  286   30
2.00132670  0.235999  4.399936  0.1   73   58
2.00132968  0.236401  4.414967  0.1   45  120
2.00137099  0.222135  3.898160  0.1   54   82
2.00137075  0.222833  3.922705  0.1   61   82
2.00143967  0.233410  4.303950  0.7  293   42
2.00144134  0.231505  4.233964  0.1  293   42
2.00144410  0.232944  4.286752  0.6  293   45
2.00147083  0.235639  4.386526  0.0  151  -30
2.00150617  0.236654  4.424406  3.2  292  -45
2.00152020  0.233974  4.324768  1.1  287  -67
2.00152448  0.234530  4.345355  2.4  193  -52
2.00157022  0.232629  4.275189  0.0  108   14
2.00156296  0.232044  4.253718  0.1  284    7
2.00163718  0.228465  4.123504  6.3  120   53
2.00163751  0.227987  4.106268  6.4  288   52
2.00163743  0.230263  4.188667  7.3   75   64
2.00164488  0.232704  4.277941  4.8  163   33
2.00170808  0.240271  4.560670  6.4  157   -9
2.00171577  0.238037  4.476280  2.5  303  -46
2.00172568  0.236199  4.407417  0.2  305  -56
2.00172132  0.235978  4.399154  0.5  107  -51
2.00178940  0.233986  4.325190  1.1  271   17
2.00178074  0.235777  4.391663  0.0  353  -13
2.00182000  0.228749  4.133761  2.0  289   39
2.00184711  0.231820  4.245498  0.6   37  -43
2.00185401  0.231488  4.233358  0.0  112   58
2.00192096  0.233384  4.302966  4.2  261 -113
2.00191921  0.230387  4.193170  0.1   84  -59
2.00191726  0.232518  4.271100  1.2   72  -65
2.00195569  0.235596  4.384923  2.5   21  -43
2.00196065  0.233373  4.302555  3.3   19  -49
2.00195948  0.233995  4.325526  2.6  201  -60
2.00201486  0.231736  4.242423  1.5   46  -66
2.00201150  0.232624  4.274996  1.2  206  -64
2.00205167  0.228989  4.142457  0.5  291  -46
2.00207123  0.229608  4.164855  0.6   65   48
2.00209488  0.229912  4.175905  3.9  122  -19
2.00211287  0.230644  4.202520  0.0  309  -39
2.00211196  0.231262  4.225088  0.0  115  -47
2.00217873  0.232493  4.270197  0.0  259  -46
2.00218286  0.227776  4.098678  0.1  255  -29
2.00220406  0.229063  4.145126  2.5   11   72
2.00222205  0.227779  4.098776  0.0  294  -57
2.00222169  0.223762  3.955498  0.3  288  -53
2.00227007  0.233694  4.314431  0.4  109   37
2.00226961  0.233037  4.290199  0.0  117   39
2.00232545  0.235786  4.392000  1.4   95   -6
2.00234210  0.228574  4.127439  0.0   45    3
2.00234476  0.228822  4.136393  1.0   43    6
2.00234457  0.222922  3.925844  1.6  218  -10
2.00237652  0.232595  4.273934  0.5  293   64
2.00239188  0.234244  4.334749  0.8   13   50
2.00241528  0.236678  4.425286  1.0  305   -0
2.00246784  0.232078  4.254973  0.0  344  -38
2.00247055  0.224313  3.974996  0.0  192  -66
2.00247409  0.230704  4.204735  2.9   87  -76
2.00252509  0.232324  4.263978  0.0  285  -55
2.00253024  0.231424  4.231019  0.2  300  -55
2.00257265  0.235141  4.368021  0.4  276   41
2.00260416  0.229279  4.152951  0.2  272  -28
2.00258900  0.235226  4.371165  0.0  187   32
2.00264049  0.230220  4.187103  0.0  294   42
2.00265596  0.226972  4.069770  0.0  323   14
2.00265831  0.236649  4.424206  0.0  343  -11
2.00265873  0.234055  4.327757  1.6  160  -21
2.00272554  0.235165  4.368913  0.0    9  -23
2.00272682  0.234376  4.339628  0.0  188  -36
2.00276345  0.235356  4.376004  0.2   94   11
2.00278921  0.227461  4.087355  0.0   47  -71
2.00279396  0.225766  4.026661  0.2   56  -59
2.00279908  0.232582  4.273465  1.5   72  -54
2.00279953  0.231845  4.246418  0.0  276  -65
2.00285075  0.233439  4.305020  0.0   96  -30
2.00287761  0.222231  3.901529  0.5  300   57
2.00288687  0.231670  4.239993  4.1  281   63
2.00292103  0.236826  4.430845  0.0  289   67
2.00295780  0.238994  4.512329  0.0   98   27
2.00297294  0.239727  4.540066  1.8    3   36
2.00299692  0.233709  4.314979  0.5  276   44
2.00300257  0.236151  4.405627  0.9  268   52
2.00302255  0.234961  4.361344  0.1  298   48
2.00306008  0.232110  4.256118  0.1  180   32
2.00307102  0.228660  4.130551  0.1  168   49
2.00312186  0.230711  4.204962  0.5  114   51
2.00310596  0.227337  4.082899  0.0  199  -62
2.00312874  0.230739  4.205999  0.0  278   53
2.00316311  0.231708  4.241416  3.0   65   19
2.00319653  0.227936  4.104446  1.8  214   29
2.00320287  0.228970  4.141755  2.3   28   42
2.00320815  0.224737  3.990036  4.1   25   47
2.00320533  0.230445  4.195293  1.5  340   96
2.00327740  0.226934  4.068432  1.1  153  -77
2.00328433  0.229211  4.150471  0.0  289  -45
2.00328961  0.227303  4.081673  0.1  103  -53
2.00332737  0.234300  4.336810  0.2  185  -67
2.00335118  0.233386  4.303053  0.0  305  -64
2.00336883  0.230692  4.204277  0.1  178  -67
2.00342042  0.235990  4.399614  1.1  108   60
2.00342107  0.235802  4.392587  3.7  305   60
2.00342268  0.234299  4.336779  2.4  290   60
2.00344951  0.236380  4.414148  0.0  260   25
2.00346341  0.240164  4.556627  0.3  256   59
2.00351015  0.231870  4.247342  0.0  202   63
2.00351117  0.231557  4.235861  0.7   59   72
2.00354087  0.233805  4.318529  0.3  296   50
2.00354718  0.236241  4.408972  0.5  292   51
2.00360404  0.236099  4.403681  0.9  289  -42
2.00359676  0.231757  4.243180  0.7  296   76
2.00361458  0.234318  4.337506  0.2  194  -63
2.00361749  0.238277  4.485311  0.4  288  -31
2.00365544  0.246471  4.799081  1.9  313  -69
2.00369080  0.242121  4.631200  2.9  305   47
2.00372404  0.239401  4.527705  5.0   67   44
2.00373862  0.240218  4.558652  0.4  309  -53
2.00377971  0.232650  4.275966  2.2   32  -62
2.00377962  0.229771  4.170787  0.4   12  -55
2.00378042  0.224461  3.980226  0.0  215  -78
2.00382855  0.235984  4.399392  1.7  359  -54
2.00383421  0.233930  4.323145  2.0  199  -71
2.00383290  0.233256  4.298253  2.3   58   53
2.00390944  0.236739  4.427569  0.6  129   29
2.00391390  0.234437  4.341914  1.9  166  -68
2.00391646  0.230275  4.189113  0.4  189  -66
2.00394896  0.233358  4.302025  0.0  305  -42
2.00399266  0.234164  4.331803  1.0   56  -58
2.00399442  0.233649  4.312764  0.0   60  -51
2.00401680  0.234175  4.332197  1.2   75  -10
2.00404126  0.235180  4.369473  1.1  184  -18
2.00403651  0.230615  4.201477  0.1   78   47
2.00405064  0.236007  4.400259  0.9   50    9
2.00410857  0.241901  4.622758  1.1   49  -56
2.00412424  0.238965  4.511223  0.1   20   29
2.00414541  0.240208  4.558292  2.9   87    4
2.00417516  0.229793  4.171593  0.0  281  -44
2.00418970  0.236324  4.412082  2.9  192   52
2.00422586  0.237658  4.462008  2.6  282   40
2.00423356  0.239653  4.537242  3.0  289   27
2.00422621  0.238575  4.496525  2.2  284   40
2.00427383  0.237331  4.449753  1.1  201   40
2.00427632  0.236670  4.425000  0.5  266   54
2.00435552  0.236878  4.432776  1.5  191  -28
2.00431441  0.239428  4.528725  2.4   84   50
2.00436376  0.233739  4.316098  0.9  199  -22
2.00436507  0.233478  4.306450  0.5  198  -22
2.00437330  0.237095  4.440901  0.0  199  -17
2.00443384  0.235946  4.397987  0.4  283   62
2.00443450  0.235317  4.374541  0.3  268   63
2.00446139  0.237047  4.439114  1.1  296  -52
2.00446005  0.238302  4.486236  1.2   72  -74
2.00449983  0.237594  4.459629  0.5   22    9
2.00455222  0.231761  4.243332  3.7  294  -46
2.00455697  0.230320  4.190740  2.5  290  -46
2.00455453  0.229427  4.158320  3.0   99  -53
2.00459033  0.234550  4.346098  0.7  201  -60
2.00461061  0.237310  4.448961  0.0   97   11
2.00462497  0.237866  4.469829  1.4  210  -35
2.00467030  0.232879  4.284384  0.0  206   62
2.00466966  0.230215  4.186909  0.5   51   78
2.00469837  0.233198  4.296107  1.1  185   82
2.00473027  0.237091  4.440774  0.0  292   46
2.00473535  0.233089  4.292111  2.7  299   38
2.00474267  0.239761  4.541324  3.2  190   40
2.00479168  0.240370  4.564448  0.0  185  -56
2.00480892  0.236785  4.429316  1.2   90  -50
2.00483483  0.237226  4.445815  0.0  277   16
2.00483813  0.232648  4.275883  0.1  275   21
2.00486712  0.237139  4.442558  5.2   19   30
2.00492746  0.240258  4.560175  0.0  131   33
2.00492510  0.230157  4.184811  3.7  186   21
2.00493061  0.235262  4.372492  3.0  186   10
2.00493040  0.232992  4.288520  3.0    1   24
2.00499157  0.233832  4.319511  0.0  272   26
2.00499055  0.232434  4.268031  0.2  271   26
2.00499635  0.234377  4.339685  3.4  161   25
2.00505815  0.231866  4.247178  0.2   27  -53
2.00506507  0.228425  4.122075  6.1  166   11
2.00506520  0.229250  4.151883  5.7  347   26
2.00512174  0.219063  3.791106  0.0  322   40
2.00512389  0.218142  3.759285  0.0  156   25
2.00512331  0.217397  3.733655  1.0  156   29
2.00518673  0.235283  4.373289  0.1    8  -12
2.00519234  0.233391  4.303221  2.9  161   26
2.00521803  0.232270  4.261995  0.4   45   11
2.00525759  0.221651  3.881205  4.7    4   13
2.00525898  0.221164  3.864167  0.0  188    2
2.00525929  0.218905  3.785640  4.2  187    4
2.00527922  0.227806  4.099762  1.0  261   34
2.00533096  0.225334  4.011256  2.2    9  -58
2.00533080  0.227089  4.073968  3.2  192  -63
2.00533272  0.224648  3.986884  3.2    7  -58
2.00538569  0.223116  3.932663  3.9    8  -39
2.00538859  0.226055  4.036982  2.6  196  -59
2.00539703  0.231983  4.251457  5.1  300   71
2.00544356  0.227873  4.102158  0.0  311    0
2.00546928  0.228881  4.138525  2.4  174  -38
2.00547303  0.231797  4.244670  0.5  108  -56
2.00551085  0.232624  4.274986  1.1  311  -64
2.00555569  0.232881  4.284453  0.2  293   48
2.00554964  0.235910  4.396621  0.1  300   47
2.00558012  0.231503  4.233887  0.0  205    6
2.00561009  0.232372  4.265736  0.2  120  154
2.00563097  0.222606  3.914724  2.1   49  -64
2.00563279  0.222972  3.927611  3.2  277  -66
2.00565534  0.226506  4.053104  5.1   71  -21
2.00569693  0.226611  4.056865  0.8  342  -49
2.00569282  0.222983  3.928001  0.0  317  -41
2.00569368  0.221129  3.862956  0.2  314  -45
2.00577138  0.229956  4.177508  2.3  325  -47
2.00576736  0.237106  4.441319  1.0  306  -54
2.00576703  0.235479  4.380576  0.0  329  -54
2.00580965  0.235505  4.381555  0.0  192   79
2.00583595  0.239883  4.545973  0.0   86  -32
2.00587489  0.234041  4.327232  3.4  311  147
2.00587447  0.235198  4.370132  0.4  288   35
2.00587608  0.234615  4.348500  2.0  293   39
2.00591499  0.236388  4.414475  0.4  287   42
2.00593985  0.237712  4.464041  0.1  106  -39
2.00593715  0.238609  4.497806  0.8  111  -54
2.00599738  0.235996  4.399817  3.5  315   59
2.00599669  0.239317  4.524528  3.0  300   58
2.00599723  0.236032  4.401182  0.0  317  118
2.00606265  0.234821  4.356116  3.8  186   30
2.00607156  0.230251  4.188215  3.0  175   -5
2.00607577  0.233408  4.303866  4.8  174  -13
2.00612926  0.225052  4.001224  0.8  290   52
2.00612981  0.223499  3.946182  0.0  288   51
2.00613338  0.232020  4.252841  2.2   80   67
2.00618716  0.235295  4.373720  0.3  286  -60
2.00619926  0.231989  4.251703  0.0  305  119
2.00619948  0.232223  4.260263  0.0  269   66
2.00624551  0.237218  4.445521  0.0  182   36
2.00626844  0.236001  4.400020  0.0  157  -15
2.00626712  0.235828  4.393566  5.3  345  -11
2.00631741  0.237138  4.442510  0.1  159  -39
2.00634433  0.235016  4.363364  1.8  187   81
2.00635168  0.231976  4.251233  0.0  293   72
2.00635111  0.232749  4.279589  1.2  275   78
2.00639318  0.233786  4.317824  1.0   55  -61
2.00640597  0.231059  4.217673  1.9  186  -12
2.00643688  0.231801  4.244815  0.5  191  -55
2.00645521  0.232471  4.269363  0.0  110   39
2.00647532  0.226368  4.048157  0.0   16   69
2.00647437  0.233877  4.321181  0.4  159   67
2.00652984  0.239108  4.516629  0.4  191   61
2.00653797  0.238911  4.509216  0.0   91   32
2.00656051  0.238164  4.481042  0.1  199  -48
2.00659045  0.230412  4.194079  0.0   30   57
2.00659113  0.228271  4.116504  0.0   44   62
2.00662009  0.231902  4.248487  3.6  175  -61
2.00661662  0.229831  4.172957  1.1  300  -54
2.00667218  0.236552  4.420590  0.0  300   -9
2.00666986  0.235002  4.362834  6.6  298  -18
2.00672185  0.236039  4.401441  0.0   15   48
2.00674484  0.233313  4.300376  0.4   45  -73
2.00674670  0.232280  4.262359  0.6  295  -65
2.00675636  0.234839  4.356788  3.1  282   44
2.00680639  0.234508  4.344528  1.0  318   52
2.00681641  0.236584  4.421786  2.1  299  -43
2.00682715  0.232993  4.288566  0.0   13  -12
2.00684804  0.231730  4.242207  1.1  158   58
2.00688579  0.233113  4.292992  0.0   25   84
2.00689925  0.236657  4.424524  1.2  193   48
2.00689256  0.239257  4.522258  3.4  320  144
2.00695755  0.231995  4.251904  0.1  105   52
2.00695819  0.229890  4.175091  0.0  108   52
2.00699151  0.227799  4.099499  2.5  193  -64
2.00699359  0.226130  4.039661  4.0  308  -56
2.00704011  0.234989  4.362364  0.1  180   87
2.00705824  0.230739  4.205994  0.0  192  -94
2.00706187  0.235098  4.366400  0.0  205  -84
2.00712602  0.241398  4.603574  0.0  106   48
2.00712320  0.237910  4.471476  1.1  307   77
2.00715776  0.241039  4.589873  0.7  184  -65
2.00715360  0.242696  4.653219  2.6  178  -53
2.00721733  0.242961  4.663359  3.1  186   15
2.00722629  0.239680  4.538282  5.3  189    7
2.00723004  0.242072  4.629327  5.3  192    5
2.00727077  0.239832  4.544021  0.2  204    6
2.00726610  0.240740  4.578522  0.2   30   18
2.00730917  0.241375  4.602696  0.6   74   34
2.00730872  0.240097  4.554063  0.5   74   34
2.00732535  0.242769  4.656003  2.2   22  -49
2.00737809  0.237592  4.459531  0.3  293   17
2.00739961  0.234954  4.361062  0.0  123   49
2.00740019  0.233612  4.311386  0.2  306   60
2.00740132  0.232828  4.282503  0.0  283   61
2.00740516  0.235525  4.382289  0.6  190   44
2.00746105  0.234526  4.345201  0.4  191   50
2.00746893  0.235007  4.363052  1.8  295   34
2.00751897  0.230734  4.205833  1.1  298   47
2.00752024  0.232617  4.274759  1.3  281   58
2.00755051  0.237571  4.458749  2.5  307   85
2.00757020  0.241504  4.607629  3.7  117   47
2.00759102  0.237041  4.438897  0.3   14    6
2.00761416  0.238786  4.504500  0.6  190  -15
2.00764825  0.232095  4.255564  1.2  308   74
2.00764732  0.232279  4.262326  0.2  283   70
2.00767545  0.233525  4.308166  0.1  289   77
2.00771110  0.228141  4.111818  0.6    8   28
2.00773579  0.225529  4.018206  0.0  315   47
2.00772182  0.228708  4.132264  0.2   41   64
2.00774332  0.236335  4.412481  2.0  302  -36
2.00781427  0.232094  4.255529  2.0    1 -114
2.00783715  0.231345  4.228138  3.0  284    4
2.00783769  0.231222  4.223617  2.5  284    4
2.00784227  0.231537  4.235131  0.1   11    7
2.00788102  0.223309  3.939468  0.7   51  -79
2.00788016  0.221821  3.887173  1.1  212  -77
2.00791864  0.236693  4.425845  0.8  299  -44
2.00795215  0.240532  4.570585  0.0   65  -53
2.00796744  0.231960  4.250637  0.1  189   50
2.00796661  0.234520  4.344975  5.7   98  -34
2.00796527  0.234626  4.348887  4.4  281 -149
2.00803037  0.232629  4.275196  0.0  256  -14
2.00803243  0.232199  4.259400  2.6   40   19
2.00806975  0.232607  4.274391  0.9  167  -17
2.00808459  0.228960  4.141391  0.0   72    9
2.00811503  0.228464  4.123469  0.8  194   47
2.00811402  0.229559  4.163076  0.4  192   47
2.00816332  0.223939  3.961742  1.5  199   48
2.00816385  0.225180  4.005788  1.4  192   45
2.00819582  0.230560  4.199468  1.8  284   51
2.00819907  0.232778  4.280647  3.3  295   58
2.00823881  0.230693  4.204326  2.7  295   42
2.00827550  0.227034  4.072020  0.0  204   46
2.00827616  0.228763  4.134258  0.5   64   67
2.00828638  0.231044  4.217123  0.6  180   27
2.00831514  0.231370  4.229026  0.8  208  -43
2.00833551  0.231585  4.236899  0.0   20  -18
2.00838102  0.233528  4.308305  0.0   52  -71
2.00838606  0.227704  4.096083  0.8  288  -58
2.00842446  0.226599  4.056416  2.6  193  -59
2.00842810  0.227067  4.073191  3.3  183  -65
2.00842534  0.226115  4.039127  3.3  206  -70
2.00848098  0.223350  3.940931  0.2  292   67
2.00848211  0.222883  3.924461  0.5  275   66
2.00853379  0.232225  4.260333  1.9   66   51
2.00853351  0.231029  4.216564  0.0  293   62
2.00855807  0.229172  4.149050  0.7  310   -4
2.00855849  0.223463  3.944933  0.2  128  -12
2.00863370  0.224630  3.986235  0.7  175  -72
2.00863435  0.225488  4.016730  1.0  172  -71
2.00863314  0.225983  4.034407  0.0  201  -69
2.00867871  0.217525  3.738068  0.1  197  -44
2.00867945  0.216557  3.704865  0.1   16  -34
2.00868769  0.227537  4.090069  1.4  194  -56
2.00873469  0.232596  4.273987  0.3  177   11
2.00874420  0.231272  4.225470  1.9  296  -44
2.00879290  0.218035  3.755588  2.0  125   58
2.00879079  0.220269  3.832960  1.5   66   69
2.00880981  0.235003  4.362891  0.5  103  -33
2.00886716  0.232050  4.253939  2.3  192  -12
2.00886654  0.228644  4.129964  0.0  192  -15
2.00886677  0.231611  4.237840  2.0   12    1
2.00893083  0.235783  4.391888  0.9  284  -22
2.00893295  0.232025  4.253013  0.2  101  -33
2.00893248  0.232984  4.288239  0.7  103  -26
2.00896274  0.234693  4.351396  0.0   54  -49
2.00900168  0.228101  4.110357  0.4  277  -66
2.00900174  0.228017  4.107346  0.6   78  -69
2.00900667  0.230981  4.214827  3.9  200  -43
2.00904004  0.232363  4.265410  0.0   59   61
2.00911094  0.233413  4.304059  1.2   55  -53
2.00909954  0.230494  4.197085  0.0  307  -47
2.00911588  0.226840  4.065065  0.0  318  -73
2.00911699  0.228328  4.118566  0.0  319  -80
2.00916107  0.236121  4.404492  0.0   12   -7
2.00918299  0.235705  4.388990  0.7  105   30
2.00919034  0.237593  4.459603  0.1  317  -54
2.00923949  0.241723  4.615960  0.3   52   82
2.00927416  0.232481  4.269748  0.6  181  -45
2.00929888  0.228898  4.139138  0.4  301   36
2.00930385  0.228787  4.135149  1.3  126   39
2.00929822  0.227064  4.073072  0.2  297   32
2.00930051  0.232746  4.279471  0.0    7   56
2.00935165  0.229985  4.178558  0.0  169   66
2.00936770  0.231675  4.240194  0.3  156   63
2.00941027  0.235622  4.385911  0.8   90   58
2.00941542  0.229297  4.153585  0.2  341   64
2.00941952  0.236069  4.402540  0.0  285   53
2.00947350  0.236859  4.432061  3.3  329   59
2.00947004  0.236623  4.423260  3.8  287  108
2.00949964  0.235586  4.384577  0.2   35   42
2.00951415  0.229057  4.144890  0.1  195  -77
2.00955918  0.224898  3.995738  0.0  147  -56
2.00956315  0.227726  4.096860  0.0  304  -46
2.00956340  0.228529  4.125823  1.5  304  -46
2.00959638  0.234128  4.330450  0.0   76  -76
2.00963935  0.236240  4.408935  0.2  192  -19
2.00964261  0.235582  4.384427  0.5   88  -69
2.00968515  0.229861  4.174041  1.1  202   40
2.00968501  0.229151  4.148301  0.4  202   42
2.00972910  0.228896  4.139066  0.6   56   62
2.00972978  0.228138  4.111712  0.6   49   58
2.00976750  0.229860  4.174023  5.2  320  -32
2.00976542  0.232157  4.257860  0.0  319  -26
2.00982344  0.222136  3.898217  0.2  336   -4
2.00984961  0.223334  3.940368  0.0  114   50
2.00984963  0.223861  3.958971  0.0  114   50
2.00985001  0.225728  4.025289  0.0  277   54
2.00987884  0.233960  4.324235  2.0  173    8
2.00993279  0.229673  4.167219  0.0  323   83
2.00994970  0.225102  4.003005  0.0  310  -45
2.00994952  0.223773  3.955874  1.5  311  -44
2.00996055  0.224582  3.984521  0.2  264  -30
2.01000461  0.230252  4.188257  0.3  355  -36
2.01004309  0.231586  4.236941  1.1  162   35
2.01004529  0.226790  4.063271  0.5  304   50
2.01004410  0.229412  4.157777  0.0  291   60
2.01008735  0.229769  4.170716  2.0   38  -48
2.01010652  0.233583  4.310327  3.3   30   -7
2.01011358  0.231496  4.233653  3.3   36  -16
2.01014924  0.234099  4.329387  1.7   61  -72
2.01015404  0.236770  4.428732  1.1  236 -108
2.01019421  0.237361  4.450890  0.7  295  -62
2.01022394  0.236112  4.404176  0.3   44  -24
2.01023158  0.236111  4.404129  2.0  306  -42
2.01023833  0.234299  4.336768  0.8  104  -49
2.01026812  0.238775  4.504069  0.0  324  -44
2.01029882  0.242481  4.644969  0.0  307  -44
2.01034605  0.238983  4.511907  0.9   78   63
2.01035504  0.236677  4.425253  0.5  127   68
2.01035524  0.242074  4.629372  1.5   34   60
2.01038911  0.231925  4.249355  0.4   44   49
2.01039014  0.230973  4.214550  0.4   41   54
2.01043376  0.238445  4.491643  1.3  182  -23
2.01044230  0.234861  4.357610  0.7    9   33
2.01049592  0.235063  4.365112  0.8  198   55
2.01050863  0.230281  4.189314  0.2   19   53
2.01052431  0.229177  4.149242  0.2  199   66
2.01051969  0.230878  4.211079  1.2  330   58
2.01055922  0.230565  4.199639  0.1    4   37
2.01058035  0.229577  4.163754  0.0  225  -51
2.01059351  0.232652  4.276024  2.8   24  -49
2.01060777  0.233829  4.319393  2.2  289   62
2.01063801  0.237122  4.441936  3.3  299   31
2.01065958  0.235691  4.388454  0.7  201  -25
2.01069640  0.235494  4.381121  1.6  194   20
2.01075123  0.225678  4.023504  0.0   10   56
2.01075622  0.229434  4.158561  0.0  347   61
2.01075699  0.222919  3.925735  0.1  187  -70
2.01075977  0.222864  3.923792  0.2  289  -45
2.01079500  0.230047  4.180799  0.7   65  -48
2.01079499  0.230013  4.179586  0.3   65  -51
2.01083609  0.234398  4.340437  1.2  186  -56
2.01088430  0.234979  4.362010  0.4  191   20
2.01088311  0.231705  4.241277  0.6  296   31
2.01090121  0.234824  4.356224  0.1  286   74
2.01092807  0.235255  4.372239  3.3   59  -38
2.01095826  0.232551  4.272335  3.7   86   48
2.01097465  0.230224  4.187248  2.5  101   41
2.01098863  0.228113  4.110793  2.0  273   58
2.01099074  0.226105  4.038770  0.6  104   54
2.01103225  0.236215  4.408018  1.3  177  -22
2.01107357  0.229625  4.165466  4.0   84   52
2.01107253  0.229600  4.164561  2.7  246   54
2.01108696  0.228495  4.124593  5.2  198   60
2.01108748  0.229709  4.168518  4.7  197   60
2.01114914  0.232842  4.283020  0.2  185    2
2.01115962  0.234890  4.358710  1.2  183  -21
2.01121151  0.230599  4.200904  7.9  172    5
2.01121413  0.229575  4.163665  8.3  171   12
2.01121686  0.229192  4.149796  9.0  168    8
2.01124994  0.233704  4.314800  0.1  300   52
2.01126767  0.235965  4.398666  0.9  164  -21
2.01129636  0.238912  4.509231  2.9  300   70
2.01133576  0.226949  4.068944  6.4    7    3
2.01134023  0.224255  3.972949  6.3  186  -14
2.01137597  0.223273  3.938200  0.1   76   80
2.01137933  0.225279  4.009308  0.2  207   74
2.01137624  0.224752  3.990548  0.2   56   82
2.01139056  0.234704  4.351779  0.6  169   52
2.01148201  0.214718  3.642191  7.9   98  -44
2.01148515  0.213432  3.598714  7.5  290  -41
2.01148405  0.213868  3.613428  7.7  294  -41
2.01149013  0.219230  3.796898  6.8  289  -33
2.01152397  0.233580  4.310219  0.8  101  -63
2.01153035  0.235102  4.366568  0.6  137   65
2.01157729  0.236863  4.432237  0.2  192   34
2.01160755  0.232568  4.272924  0.8  275    4
2.01160720  0.229450  4.159132  0.1  274    5
2.01165900  0.228277  4.116710  0.1  325   62
2.01164224  0.232445  4.268406  2.4   31  -42
2.01165900  0.230590  4.200557  0.0  304   68
2.01171775  0.229618  4.165241  5.2  322    7
2.01171823  0.228430  4.122235  3.5  320   10
2.01171856  0.228868  4.138075  3.7  318   13
2.01174215  0.233354  4.301889  0.0  277    8
2.01180117  0.233132  4.293695  0.2   49  -62
2.01183889  0.228000  4.106732  3.0   94   58
2.01184388  0.219592  3.809428  5.2   48   53
2.01184493  0.219409  3.803074  5.5   44   57
2.01188450  0.224982  3.998725  7.0  306   47
2.01191865  0.224189  3.970609  4.2  140   60
2.01191705  0.223717  3.953890  3.5   48   85
2.01191669  0.223521  3.946974  3.8  156   69
2.01197352  0.231698  4.241049  0.2   25  -34
2.01197351  0.230289  4.189609  0.2  208  -55
2.01199572  0.236623  4.423234  0.5   47    7
2.01202232  0.237994  4.474665  0.4  291  -60
2.01204729  0.234194  4.332895  3.4  145   21
2.01206682  0.229634  4.165812  0.3  286  -46
2.01210396  0.228155  4.112317  3.6  224  -64
2.01210810  0.227254  4.079895  3.4  193  -69
2.01214121  0.225481  4.016492  0.1   96   73
2.01214372  0.226827  4.064593  0.0   50   79
2.01217596  0.229794  4.171634  6.9  150  -29
2.01221482  0.223333  3.940348  1.9  303   61
2.01222529  0.218059  3.756412  0.6  188   53
2.01223453  0.223020  3.929302  0.9  352   49
2.01225564  0.226769  4.062493  0.1   46  -34
2.01228765  0.224813  3.992726  0.0  201  -10
2.01231230  0.218962  3.787594  0.0  293  -55
2.01231173  0.225472  4.016158  0.8  112  -51
2.01232516  0.223017  3.929191  0.1  330  -53
2.01238342  0.231070  4.218088  0.2  168  -51
2.01239089  0.231925  4.249350  0.2    4  -32
2.01241424  0.228139  4.111751  0.3  300  -45
2.01241404  0.226378  4.048531  0.0   91  -39
2.01246425  0.236121  4.404509  0.8  195  -24
2.01248146  0.218986  3.788434  0.0  177  -78
2.01248235  0.224594  3.984970  0.1   14  -56
2.01250156  0.231567  4.236247  0.5  296  -52
2.01253645  0.236245  4.409130  1.0  296   71
2.01257853  0.236641  4.423908  0.8  176  -10
2.01259035  0.234638  4.349359  1.4  360  -16
2.01260391  0.236482  4.417963  0.6  189  -29
2.01263813  0.232850  4.283318  0.3  187   38
2.01268317  0.228681  4.131293  1.0  269   20
2.01268956  0.216278  3.695327  0.7  268   38
2.01269257  0.210307  3.494083  0.2  262   42
2.01270959  0.214027  3.618802  0.3   85   58
2.01272114  0.218574  3.774178  0.1  292   68
2.01273600  0.221725  3.883810  0.1  157   54
2.01278706  0.222425  3.908361  0.3  327   64
2.01280341  0.219185  3.795328  0.3   39  -28
2.01286384  0.217068  3.722379  3.1  345  -25
2.01286927  0.214619  3.638859  3.0  165  -42
2.01286952  0.214646  3.639776  3.0  166  -39
2.01286784  0.216874  3.715721  3.0  348  -28
2.01292252  0.225056  4.001377  0.3  348  -14
2.01293988  0.219337  3.800599  1.1  328  -20
2.01295899  0.220377  3.836725  1.1  317  -70
2.01296280  0.226096  4.038426  0.3   48   81
2.01299293  0.230866  4.210620  1.8  197    8
2.01301371  0.231743  4.242688  0.0   58  -27
2.01304663  0.223818  3.957471  0.1  287  -66
2.01304644  0.220353  3.835877  0.2   87  -75
2.01306032  0.227874  4.102197  1.3  329  -49
2.01310385  0.229976  4.178210  2.6  301   61
2.01311798  0.228136  4.111638  2.0  302   17
2.01312130  0.232254  4.261421  5.6  318   -4
2.01318664  0.229113  4.146935  1.3   20    7
2.01318595  0.229236  4.151400  1.6  199   -3
2.01321704  0.228175  4.113059  0.6   95    6
2.01322856  0.233719  4.315337  0.4   97    6
2.01325671  0.232101  4.255786  0.0  295  -65
2.01326245  0.231396  4.229997  0.1   79  -56
2.01331875  0.231802  4.244841  1.0    8  -37
2.01332210  0.214899  3.648347  0.5  186  -52
2.01332600  0.210087  3.486782  0.0  192  -56
2.01337241  0.226267  4.044559  0.1   94   68
2.01333878  0.222913  3.925525  0.6  129  -58
2.01339535  0.232110  4.256137  0.1  296  -47
2.01341871  0.232821  4.282249  0.8  186  -38
2.01344771  0.231190  4.222461  1.3  321  -41
2.01346046  0.231105  4.219335  0.2  176   60
2.01349226  0.235945  4.397933  1.4    2   34
2.01354344  0.221223  3.866246  2.7  301   39
2.01354813  0.220905  3.855122  0.5  160   59
2.01354811  0.220541  3.842417  0.4  161   61
2.01354788  0.217953  3.752771  0.0  159   63
2.01355578  0.226847  4.065316  0.5  246   40
2.01363390  0.229066  4.145231  1.2  154  -62
2.01364461  0.225862  4.030095  0.0   93  -34
2.01367322  0.226745  4.061635  3.6   70   11
2.01366802  0.226472  4.051862  3.4   73    2
2.01369168  0.225782  4.027211  3.4  108  -15
2.01372695  0.231614  4.237965  4.4  300   45
2.01379110  0.229674  4.167255  1.0  203  -35
2.01378284  0.232481  4.269740  0.2   68   87
2.01379186  0.229234  4.151315  0.6   21  -24
2.01382402  0.226354  4.047641  0.4   41  -64
2.01382720  0.227300  4.081552  1.5   55  -55
2.01387609  0.226409  4.049629  0.2   24  -49
2.01387489  0.224606  3.985395  0.1  206  -58
2.01388819  0.228479  4.124001  0.0   64  -59
2.01394749  0.229931  4.176601  2.8  313  -28
2.01394216  0.230924  4.212754  1.3  307  -48
2.01394767  0.229640  4.166028  2.2  317  -43
2.01400421  0.226124  4.039422  0.0  277   50
2.01400184  0.228681  4.131305  2.7  287   49
2.01400113  0.228348  4.119295  2.2  291   54
2.01406567  0.234015  4.326267  0.3   95   27
2.01406764  0.233887  4.321532  0.0  280   61
2.01410578  0.234145  4.331083  0.4   25  -62
2.01411326  0.233186  4.295683  0.1  200  -76
2.01414919  0.228871  4.138178  0.1  257  -63
2.01418502  0.226431  4.050416  2.2  356   53
2.01418165  0.227712  4.096355  3.1  179   35
2.01419820  0.226528  4.053891  0.9  194   63
2.01419775  0.227784  4.098976  0.8   11   73
2.01422011  0.231943  4.250005  0.4  109   34
2.01427421  0.232473  4.269439  3.8  294  -40
2.01427201  0.233802  4.318395  3.8  314  -53
2.01433802  0.233383  4.302929  0.1  286  -66
2.01437347  0.226554  4.054824  1.3  113   41
2.01437366  0.226993  4.070552  1.5  112   40
2.01438733  0.223708  3.953564  2.0   64   82
2.01438863  0.225558  4.019231  2.7   31   79
2.01438502  0.224749  3.990445  0.1   93   36
2.01441763  0.232756  4.279840  0.5  306  137
2.01444950  0.233462  4.305843  0.9  290   57
2.01449451  0.223837  3.958146  0.5   98   57
2.01451423  0.219738  3.814505  0.0   20   33
2.01451579  0.220193  3.830326  0.1   17   32
2.01455942  0.222877  3.924263  3.5  298   40
2.01455931  0.223716  3.953862  4.1  270   49
2.01457068  0.224087  3.966979  3.3  154   41
2.01463575  0.223697  3.953171  0.8  194   25
2.01463550  0.222701  3.918058  0.4  193   27
2.01464562  0.222472  3.910001  1.1   19  -13
2.01470120  0.223002  3.928665  0.4  334  -27
2.01472104  0.216713  3.710202  0.2  152  -60
2.01472400  0.217024  3.720859  0.6  305  -54
2.01472448  0.213231  3.591926  0.4  125  -54
2.01476150  0.224951  3.997650  0.1    8    2
2.01477438  0.228862  4.137864  0.0    6  -28
2.01480640  0.230460  4.195850  0.0  286   59
2.01482387  0.236538  4.420055  0.2  273   30
2.01482938  0.236125  4.404648  0.5   15   62
2.01488817  0.229800  4.171823  0.9  119  -36
2.01489028  0.226220  4.042863  0.1  207  -68
2.01489227  0.228428  4.122181  0.7   91  -44
2.01495079  0.237550  4.457954  0.3  160  -67
2.01495347  0.233753  4.316607  0.1  276  -13
2.01497271  0.234687  4.351173  0.1   59  -65
2.01497020  0.234724  4.352521  2.1  186  -37
2.01503863  0.230747  4.206292  0.7  328   81
2.01503770  0.230102  4.182791  2.5  298   81
2.01508453  0.236957  4.435732  2.5  188  -39
2.01507788  0.229944  4.177076  0.1  321  -47
2.01512671  0.227347  4.083247  0.0  288   97
2.01513401  0.230724  4.205439  0.0  315   60
2.01515744  0.231562  4.236049  0.0   37   77
2.01515769  0.230154  4.184681  0.0   38   77
2.01521437  0.229316  4.154285  0.0    1   16
2.01522392  0.223488  3.945787  1.0  301   66
2.01522478  0.222935  3.926287  0.6  299   65
2.01525822  0.228989  4.142434  0.2   76   63
2.01528933  0.231376  4.229260  0.2  210   47
2.01529740  0.231122  4.219980  4.4  350  -25
2.01534590  0.228411  4.121568  1.5   50   55
2.01535256  0.228277  4.116734  4.0  200   21
2.01540849  0.223831  3.957911  0.0   60  -83
2.01540894  0.225205  4.006678  0.4  328  -70
2.01540801  0.223104  3.932247  0.0   81  -72
2.01544966  0.236073  4.402716  0.2  246  -47
2.01548242  0.232335  4.264385  3.5  181  -34
2.01548405  0.228400  4.121162  1.2  177  -33
2.01548405  0.228366  4.119914  1.2  177  -33
2.01552714  0.229706  4.168431  0.0  103  -69
2.01554055  0.231862  4.247021  0.0  190   96
2.01556712  0.234313  4.337306  0.1  193   53
2.01558023  0.232579  4.273354  0.0  177   16
2.01561949  0.226716  4.060600  0.0  102   40
2.01562217  0.227251  4.079805  0.0  102   42
2.01566640  0.226039  4.036389  0.0   93   52
2.01567183  0.226564  4.055167  0.2  176   27
2.01566458  0.230004  4.179248  0.2  269   56
2.01571715  0.229981  4.178400  0.0   59  -83
2.01573918  0.232182  4.258786  0.2  186   54
2.01575610  0.220780  3.850754  0.0    4   47
2.01576997  0.227456  4.087157  1.0  290   -8
2.01582365  0.220626  3.845403  0.1  119   59
2.01582481  0.217617  3.741210  0.0  103   91
2.01582163  0.220795  3.851267  0.1  359   86
2.01583747  0.230354  4.191983  0.9  166   61
2.01590119  0.229852  4.173733  0.0  194  -46
2.01591531  0.226500  4.052862  0.1   55  -71
2.01591668  0.226690  4.059684  0.0  289  -67
2.01595475  0.229575  4.163658  0.2  185   58
2.01598608  0.230004  4.179258  0.0  309   77
2.01599896  0.231814  4.245278  0.0  158  -69
2.01601052  0.234301  4.336852  0.7  291  -13
2.01604781  0.229268  4.152547  0.4   70   87
2.01605015  0.230749  4.206353  0.0   44   85
2.01608827  0.237097  4.440987  0.0  310  -64
2.01610034  0.234291  4.336485  0.6  188    4
2.01613102  0.228279  4.116795  0.0  309  -66
2.01616124  0.232944  4.286759  0.3  348  -28
2.01615960  0.234244  4.334733  0.1  327  -49
2.01622283  0.231020  4.216259  2.2  327   15
2.01622749  0.218803  3.782113  0.0  352  -76
2.01622570  0.222595  3.914340  0.0  200  -87
2.01622650  0.224165  3.969737  0.1  236  -88
2.01629523  0.228028  4.107760  2.2  155  -78
2.01629762  0.225649  4.022478  0.8    8  -57
2.01631251  0.230833  4.209413  0.1  201  -12
2.01635810  0.237617  4.460485  1.6  191   43
2.01636965  0.231286  4.225975  0.0   37   80
2.01637221  0.233135  4.293795  1.1  356   45
2.01642060  0.232711  4.278204  0.2  179   46
2.01643533  0.229021  4.143592  0.1   11   24
2.01645937  0.231799  4.244745  0.2    9   49
2.01649223  0.219838  3.817981  1.4  201   31
2.01649705  0.218541  3.773060  1.3  192   40
2.01649980  0.218247  3.762893  1.4   28   45
2.01649937  0.221267  3.867756  1.9  194   28
2.01656364  0.231718  4.241758  0.8  342   10
2.01657107  0.232358  4.265239  0.4  162   -3
2.01660102  0.232314  4.263600  7.1  106    8
2.01660096  0.232484  4.269854  7.1  107    8
2.01664527  0.225320  4.010760  0.0  311  -60
2.01665932  0.225932  4.032581  0.0  318  -63
2.01671650  0.223635  3.950987  0.0  278   68
2.01671856  0.234222  4.333935  0.3  188   80
2.01671751  0.225677  4.023479  0.1  260   71
2.01676208  0.227418  4.085800  3.8  346  -20
2.01676941  0.222329  3.904972  0.1  204  -59
2.01676800  0.230793  4.207970  0.0  311  -82
2.01682314  0.225535  4.018421  0.1  190   14
2.01683962  0.233279  4.299091  0.0  296  -63
2.01686338  0.228393  4.120918  0.7  183  -55
2.01687543  0.230641  4.202428  0.9   74  -75
2.01692602  0.233233  4.297413  3.1  110   24
2.01693936  0.227214  4.078486  0.1  180  -17
2.01695110  0.231512  4.234215  2.6   11  -19
2.01698204  0.231824  4.245638  0.4  186   66
2.01699320  0.231921  4.249204  1.2   31   43
2.01699434  0.228274  4.116625  0.8  194   40
2.01706061  0.233286  4.299354  3.0  303  -33
2.01706821  0.231476  4.232927  1.1   18  -64
2.01708419  0.231269  4.225347  2.6  279  -47
2.01713862  0.219501  3.806291  0.3  343    8
2.01713917  0.218044  3.755924  0.1  163   -4
2.01712870  0.224828  3.993271  1.6  162   -4
2.01719061  0.237325  4.449516  0.9   49  -91
2.01718958  0.236290  4.410819  1.1  162  -58
2.01720414  0.234301  4.336846  1.0  281   52
2.01725221  0.238712  4.501705  4.4  194   22
2.01726613  0.232184  4.258859  1.2  186   64
2.01726829  0.230115  4.183279  0.0  359   44
2.01727172  0.228496  4.124633  3.3  172   37
2.01732747  0.224997  3.999280  1.5  335   -1
2.01732857  0.225758  4.026363  1.0  332   -0
2.01733204  0.224240  3.972392  0.1  149  -17
2.01739141  0.225936  4.032735  0.2  193  111
2.01739603  0.226820  4.064336  0.1  266   69
2.01739484  0.228323  4.118384  1.0  119   61
2.01746238  0.225775  4.026976  0.1  172  -29
2.01746327  0.230646  4.202606  1.2  182  -22
2.01747256  0.226700  4.060029  0.2  312  -63
2.01753579  0.230215  4.186912  1.0  165  -55
2.01752253  0.232257  4.261536  1.2   19   29
2.01754278  0.231309  4.226820  2.7  308  -58
2.01759311  0.231040  4.216962  0.1  282  -40
2.01759575  0.233132  4.293709  0.2  109  -44
2.01760899  0.231885  4.247884  0.2  221  -66
2.01765141  0.233296  4.299751  1.0   50  -25
2.01766517  0.237143  4.442714  1.0   23  -13
2.01771548  0.228677  4.131158  1.0  294   50
2.01771556  0.224015  3.964434  0.4  118   50
2.01771707  0.223729  3.954317  0.0  277   54
2.01771723  0.228496  4.124631  0.0  274   58
2.01775954  0.237105  4.441285  0.1  192  -10
2.01779656  0.235556  4.383431  0.3    1  -44
2.01782839  0.236957  4.435724  0.2    0  -21
2.01783961  0.236266  4.409898  0.8   61  -55
2.01787708  0.231508  4.234074  4.2  174  -52
2.01787750  0.231576  4.236555  3.7  174  -51
2.01790773  0.228172  4.112943  7.6  118  -40
2.01790749  0.227979  4.105995  7.8  118  -39
2.01796066  0.231768  4.243581  0.4  296   39
2.01796901  0.234035  4.327007  1.5   52   55
2.01797166  0.230993  4.215249  0.2  292   43
2.01801042  0.234634  4.349209  0.0   37   40
2.01803096  0.233604  4.311079  0.5  281   82
2.01805385  0.235627  4.386088  0.2   47   73
2.01808932  0.235380  4.376897  1.7  175   29
2.01811465  0.225413  4.014076  0.2  145  -57
2.01811767  0.223870  3.959306  0.4  150  -64
2.01811406  0.229656  4.166601  0.3  224  -80
2.01815844  0.230839  4.209634  0.0    3   84
2.01819797  0.232595  4.273945  0.0   53   75
2.01823122  0.220031  3.824687  0.0  156  -68
2.01823385  0.220204  3.830682  0.0  169  -69
2.01823254  0.219866  3.818933  0.0  186  -68
2.01828155  0.230505  4.197457  0.2  182   87
2.01828306  0.231268  4.225315  0.0    6   -9
2.01835132  0.230599  4.200890  0.9  221   61
2.01834711  0.228763  4.134281  0.1   53   73
2.01835016  0.227311  4.081968  1.2   17   62
2.01839843  0.225075  4.002028  0.4    4   17
2.01841141  0.220773  3.850508  0.6    8  -16
2.01842427  0.218081  3.757191  0.2  186  -59
2.01842516  0.227968  4.105572  0.1  319  -65
2.01844990  0.235182  4.369544  0.0  201  -31
2.01848169  0.230346  4.191666  0.1   25   21
2.01853514  0.218853  3.783838  0.6   25  -75
2.01853751  0.219815  3.817167  0.1  174  -94
2.01853688  0.219492  3.805972  0.7  325  -79
2.01854248  0.225174  4.005557  1.4  216  -66
2.01860297  0.224530  3.982682  0.1  286   29
2.01860393  0.226656  4.058475  0.5  285   32
2.01864197  0.231829  4.245843  0.3  288   51
2.01867375  0.235932  4.397461  1.2   77   -3
2.01868382  0.231630  4.238527  0.2   79   12
2.01868710  0.231106  4.219404  0.0  257   18
2.01874158  0.227448  4.086862  0.0   15   71
2.01874012  0.224847  3.993927  2.8   14   67
2.01874352  0.225845  4.029480  3.5   13   65
2.01880262  0.228740  4.133426  0.1   94   32
2.01881806  0.221778  3.885663  0.3  193   46
2.01882051  0.224270  3.973450  0.0  191   42
2.01886636  0.226594  4.056246  0.2  300   68
2.01886212  0.220669  3.846884  0.0  288  119
2.01892030  0.226897  4.067089  0.1  274  -13
2.01893187  0.226010  4.035370  0.1  260    0
2.01895040  0.221497  3.875817  0.2  268   55
2.01896924  0.226781  4.062929  0.1   64  -55
2.01896654  0.229087  4.145986  0.0  121  -83
2.01900050  0.237050  4.439212  0.5   27   11
2.01901568  0.231751  4.242987  0.1   22   11
2.01905264  0.227750  4.097718  0.2  311  -60
2.01909217  0.224968  3.998227  0.0  271 -112
2.01909556  0.226314  4.046227  0.0  313  -66
2.01910017  0.226694  4.059822  0.0  312  -67
2.01913875  0.229340  4.155147  0.5   13  -34
2.01918388  0.231064  4.217854  0.8   81   74
2.01919062  0.228327  4.118523  0.9   82   73
2.01919026  0.229137  4.147808  2.7   23   62
2.01922476  0.236289  4.410762  4.9  188  -30
2.01922472  0.236803  4.429985  0.0  188  -30
2.01929128  0.225276  4.009179  0.3  299   57
2.01929214  0.222066  3.895767  0.0  288   64
2.01933645  0.223434  3.943883  0.0  280   52
2.01933831  0.226593  4.056196  0.3   45   69
2.01933782  0.223800  3.956814  0.1   63   58
2.01936436  0.231407  4.230390  0.7  164   46
2.01941485  0.231874  4.247478  0.3  105  -14
2.01943349  0.231082  4.218529  2.3  359  -26
2.01943397  0.230732  4.205759  1.7  181  -40
2.01947082  0.231152  4.221062  0.0  170  -48
2.01948311  0.230791  4.207904  1.0  122  -37
2.01950445  0.236827  4.430893  0.0  349  -33
2.01952521  0.232563  4.272773  0.2   89  -56
2.01956453  0.231860  4.246977  0.0  288  -61
2.01956420  0.230620  4.201673  0.3   72  -57
2.01958605  0.227922  4.103914  0.0  289   53
2.01961277  0.228020  4.107469  1.0  204  -48
2.01961605  0.233857  4.320451  2.2  231  -70
2.01967161  0.234632  4.349131  1.4   44   60
2.01967810  0.237894  4.470881  1.6  165   76
2.01970405  0.238576  4.496551  3.7  308   41
2.01973831  0.234553  4.346189  0.1  285  -61
2.01975803  0.229986  4.178609  0.8  273   51
2.01978136  0.226367  4.048113  0.1   61  -67
2.01978371  0.219722  3.813926  0.1  313  -59
2.01981530  0.232877  4.284322  2.2  331  -50
2.01986604  0.232701  4.277842  0.5  124   36
2.01986853  0.231322  4.227291  0.4  112   39
2.01990416  0.231214  4.223334  1.3  281  -41
2.01990797  0.225763  4.026556  2.4  298  -36
2.01990668  0.225683  4.023682  1.8  289  -43
2.01992393  0.233547  4.308986  0.0  290   55
2.01997915  0.235509  4.381703  0.0   42   51
2.01999544  0.237435  4.453637  0.7  191   70
2.02004067  0.220149  3.828766  5.3  298    1
2.02004627  0.226039  4.036387  1.0  295    1
2.02004668  0.219880  3.819416  5.6  294    3
2.02004915  0.228009  4.107046  6.0  293    2
2.02012182  0.223197  3.935543  1.3  280   65
2.02013084  0.222246  3.902054  1.3  271   49
2.02012604  0.223612  3.950180  1.7  288   61
2.02014271  0.225343  4.011591  0.1  198   70
2.02018520  0.221096  3.861806  0.1   69   58
2.02022235  0.229495  4.160774  0.1  278   56
2.02024618  0.230178  4.185587  0.1  285   44
2.02025163  0.231809  4.245116  2.6    9   31
2.02026517  0.229319  4.154388  0.0   70   18
2.02028733  0.230397  4.193521  0.1   49    9
2.02032312  0.229137  4.147791  0.6  181   43
2.02032429  0.228579  4.127615  0.6  177   40
2.02038443  0.227181  4.077291  1.8  174  -53
2.02039371  0.224767  3.991098  0.2   40  -60
2.02040357  0.224333  3.975710  1.1   35  -52
2.02040194  0.225999  4.034975  0.8  220  -73
2.02044647  0.224675  3.987839  0.3  289   52
2.02045232  0.221629  3.880431  0.1  151   23
2.02048889  0.226335  4.046963  0.0  297   58
2.02049099  0.233699  4.314587  0.0  259   74
2.02054694  0.228724  4.132842  1.9  158  -55
2.02054623  0.229351  4.155561  0.3  189  -62
2.02059417  0.225823  4.028698  0.4  144  -55
2.02059510  0.225909  4.031740  0.3   50  -44
2.02063764  0.228210  4.114289  0.8  257 -118
2.02063761  0.225608  4.021004  0.1   52  -67
2.02067592  0.227623  4.093161  0.2   97  -52
2.02067876  0.226518  4.053521  0.6  295  -42
2.02072393  0.215569  3.671139  0.3  298  -45
2.02072307  0.215406  3.665568  2.6   92  -52
2.02073534  0.220624  3.845309  0.4   95  -80
2.02077187  0.230470  4.196185  0.2  179  -52
2.02079341  0.229479  4.160195  0.3   11  -17
2.02080082  0.235359  4.376126  0.9  202  -39
2.02085998  0.237591  4.459510  0.3  106   37
2.02086969  0.235191  4.369874  3.1  121   36
2.02087173  0.234370  4.339432  2.8  291   49
2.02091952  0.231898  4.248347  1.3   76   63
2.02092050  0.231196  4.222676  0.5   54   56
2.02096014  0.226979  4.070026  0.2  208   59
2.02096199  0.229242  4.151588  1.1   55   70
2.02100444  0.228728  4.132994  0.0  304   43
2.02100422  0.222242  3.901921  0.1  284   55
2.02104999  0.226038  4.036364  1.9  309   55
2.02104956  0.225659  4.022835  1.6  306   53
2.02106794  0.230095  4.182559  0.7   77  -70
2.02110140  0.228102  4.110402  0.9  202  -59
2.02110151  0.227832  4.100681  0.7  204  -58
2.02113481  0.226149  4.040310  0.0  302   29
2.02118093  0.227251  4.079789  0.7  200   55
2.02118067  0.225338  4.011386  0.0  277   66
2.02119725  0.224466  3.980405  0.2  105  -66
2.02124234  0.231448  4.231904  1.3   96  -43
2.02124293  0.229120  4.147173  2.4  103  -45
2.02127788  0.235072  4.365454  2.5  299  -48
2.02132293  0.228205  4.114138  0.4  247  -90
2.02132510  0.226752  4.061887  0.0  275  -68
2.02132423  0.224016  3.964466  0.0   56  -54
2.02136532  0.226291  4.045417  0.0  104  -42
2.02136360  0.230312  4.190448  0.9  288  -42
2.02136655  0.228362  4.119799  0.9  295  -42
2.02141474  0.239345  4.525584  1.3  104  -50
2.02147109  0.235440  4.379135  0.0  304   75
2.02147231  0.232814  4.281974  0.4   59   82
2.02147508  0.228808  4.135879  0.0   64   64
2.02151985  0.234329  4.337897  0.6  277   47
2.02151988  0.237176  4.443926  1.3  280   49
2.02155901  0.234380  4.339795  0.0  296   37
2.02159274  0.235486  4.380845  2.8  288   46
2.02160138  0.236529  4.419714  0.0  291   55
2.02160150  0.236231  4.408587  1.6  287   53
2.02165421  0.224336  3.975806  0.7   64   68
2.02165356  0.226781  4.062934  2.0   35   75
2.02168734  0.222205  3.900645  1.5   64   70
2.02169026  0.223951  3.962181  2.6   52   63
2.02173193  0.224498  3.981536  0.1  284   36
2.02173274  0.225809  4.028197  0.6  286   46
2.02176110  0.232779  4.280716  2.6  319  -32
2.02181911  0.223863  3.959069  2.5  345   29
2.02181741  0.225132  4.004076  1.9  344   43
2.02186367  0.221204  3.865568  0.0  291   42
2.02186904  0.218659  3.777146  0.1  121   35
2.02186776  0.218530  3.772677  0.1  122   57
2.02192355  0.223842  3.958298  3.1   98  -51
2.02192303  0.222262  3.902619  3.7  110  -49
2.02192398  0.222230  3.901503  3.8  111  -48
2.02196773  0.227070  4.073296  1.0   54  -45
2.02199110  0.228984  4.142259  1.9  170   64
2.02200867  0.231383  4.229521  0.6  189  -58
2.02209385  0.222920  3.925763  1.4  274 -113
2.02205693  0.225185  4.005939  0.0  109  -55
2.02209889  0.217928  3.751917  0.1   87  -52
2.02209421  0.221698  3.882862  1.0  310  -57
2.02214238  0.219361  3.801421  1.4  286  -63
2.02214156  0.219626  3.810602  1.4  290  -58
2.02214327  0.221595  3.879241  1.4   98  -46
2.02217746  0.226175  4.041249  1.3  113  -47
2.02222007  0.232745  4.279435  1.5  161  -55
2.02222234  0.234703  4.351739  0.0  200  -56
2.02226163  0.234941  4.360590  2.4  279  -56
2.02225956  0.234697  4.351548  1.5  205  -58
2.02230453  0.231919  4.249141  0.2  294   71
2.02230805  0.237778  4.466517  2.4  282   62
2.02233382  0.236959  4.435805  3.1  306   32
2.02236288  0.240686  4.576456  0.1  129   19
2.02242960  0.207660  3.406690  0.1   87   46
2.02242575  0.202490  3.239178  0.0  279   49
2.02242751  0.206668  3.374221  0.1  103   50
2.02242505  0.201100  3.194851  0.0  279   48
2.02246355  0.231743  4.242666  1.5   61   56
2.02250362  0.220546  3.842607  0.2   78   87
2.02250111  0.220951  3.856725  0.0  170   77
2.02250338  0.221639  3.880786  0.1   82   74
2.02255644  0.226466  4.051669  0.7   16   16
2.02256496  0.226381  4.048609  0.1  201  -12
2.02259581  0.224373  3.977107  1.5   65  -39
2.02260875  0.226750  4.061814  2.1  257  -49
2.02261562  0.228112  4.110769  0.0  105  -53
2.02269862  0.213992  3.617602  2.7  310  -27
2.02269801  0.213694  3.607530  0.0  124  -35
2.02269907  0.213483  3.600411  2.6  123  -34
2.02270166  0.213739  3.609070  3.4  313  -25
2.02277476  0.225540  4.018587  0.1  154  -72
2.02277408  0.224265  3.973299  0.0  357  -63
2.02277451  0.229328  4.154709  0.5  108  -68
2.02283360  0.234568  4.346753  2.7  316   48
2.02283033  0.232989  4.288409  2.6  155   37
2.02284690  0.232974  4.287871  2.9  162   17
2.02290799  0.226655  4.058441  0.2  226   70
2.02290810  0.222690  3.917676  0.0  258  108
2.02289975  0.225148  4.004636  0.1  110   34
2.02296288  0.236799  4.429818  2.0  112   44
2.02299192  0.227659  4.094448  1.3  357  -35
2.02301779  0.224274  3.973602  2.3  291   75
2.02301574  0.223218  3.936264  2.0  283   60
2.02301705  0.224655  3.987114  0.0  285   62
2.02302968  0.226431  4.050409  2.5  126  -21
2.02308026  0.224755  3.990653  0.7  192   44
2.02310449  0.231364  4.228808  0.0   81   48
2.02312332  0.229110  4.146811  0.0  289  -55
2.02314415  0.230717  4.205205  1.0  339   60
2.02319314  0.227031  4.071887  0.2  284   39
2.02319226  0.229167  4.148885  0.3  289   46
2.02320257  0.231890  4.248079  0.1  269   53
2.02324007  0.225328  4.011043  0.1   86   52
2.02323983  0.228241  4.115439  0.0   45   82
2.02327660  0.223112  3.932537  0.5  286   41
2.02328128  0.228706  4.132205  0.0  278   45
2.02332173  0.222691  3.917724  0.8  271   44
2.02336436  0.221379  3.871676  2.4   84   62
2.02336166  0.221668  3.881796  1.8  275   53
2.02339848  0.226190  4.041804  3.4   19   21
2.02339890  0.226082  4.037917  3.0   19   20
2.02340010  0.226371  4.048273  3.4   20   23
2.02346124  0.229709  4.168523  4.0  274   50
2.02346183  0.227935  4.104402  3.5  275   52
2.02351534  0.217434  3.734937  0.0  279  -53
2.02351392  0.220272  3.833067  0.5   83  -49
2.02355405  0.220244  3.832072  0.6  299  -63
2.02355408  0.220115  3.827586  0.7  186  -51
2.02359488  0.218052  3.756199  1.1  306   23
2.02359813  0.219555  3.808155  0.7  301   23
2.02359734  0.225153  4.004825  0.0  293   21
2.02366020  0.217592  3.740366  0.3   86   89
2.02365951  0.214270  3.627017  0.0   60   83
2.02369879  0.234001  4.325756  1.2  161   39
2.02373277  0.224271  3.973498  0.7  146  -65
2.02373651  0.220425  3.838382  0.0  308  -44
2.02377032  0.216344  3.697584  0.1  197  -56
2.02377082  0.218882  3.784825  0.3  197  -58
2.02378419  0.232794  4.281267  0.7   88  -19
2.02379034  0.236880  4.432856  0.0  279  -11
2.02384390  0.221869  3.888833  0.0  301  -78
2.02384738  0.225271  4.009005  0.3  115  -62
2.02392485  0.230259  4.188520  0.2  316    1
2.02392328  0.235111  4.366882  1.5   16  -22
2.02392756  0.225905  4.031612  0.0  320   -4
2.02396047  0.235693  4.388556  0.0  294  -70
2.02396034  0.234502  4.344312  0.0  315  -66
2.02401322  0.229254  4.152047  0.0  216   54
2.02400751  0.234811  4.355745  0.0  103   58
2.02404877  0.239535  4.532789  0.8   53   58
2.02405973  0.237774  4.466371  0.1  202   10
2.02408688  0.227518  4.089377  0.0   77   64
2.02412097  0.236166  4.406190  0.0  287  -60
2.02412320  0.230318  4.190647  2.5  298  -65
2.02414374  0.228956  4.141249  0.0  301   33
2.02417536  0.225399  4.013555  0.3   76   85
2.02418784  0.229240  4.151514  1.7  188   34
2.02424500  0.229454  4.159266  2.0  342  -71
2.02424899  0.221483  3.875326  0.1  182  -49
2.02424572  0.222343  3.905493  0.5   50  -54
2.02428240  0.222087  3.896473  0.0  108  -40
2.02430454  0.226864  4.065906  2.3  296   80
2.02434692  0.229263  4.152368  0.9  272  -64
2.02435367  0.226920  4.067908  0.0  276  -55
2.02436585  0.231489  4.233399  0.2  298  -62
2.02438482  0.232854  4.283443  0.6  192  -57
2.02441682  0.226624  4.057300  0.7  180  -54
2.02444950  0.229066  4.145245  0.4  193  -48
2.02444957  0.229435  4.158578  0.4  193  -48
2.02448204  0.230607  4.201204  0.0  336  -74
2.02452087  0.233687  4.314166  2.4  277  -59
2.02453801  0.230090  4.182380  0.0   17  -12
2.02454095  0.232654  4.276086  0.1  195  -32
2.02455063  0.235540  4.382836  2.7  298  -31
2.02460150  0.233094  4.292288  3.3  185  -41
2.02459657  0.230891  4.211542  0.0  262   75
2.02464785  0.228863  4.137870  1.1  260   45
2.02465249  0.226013  4.035460  0.5   72   58
2.02465691  0.226621  4.057213  0.4  171   58
2.02469405  0.228735  4.133242  2.8  316   66
2.02472470  0.220193  3.830315  0.1  204   -6
2.02475947  0.222783  3.920944  1.8   42    6
2.02476604  0.218022  3.755153  0.0   76  -75
2.02477268  0.223236  3.936928  3.1   54   15
2.02478171  0.224272  3.973543  5.0  241    6
2.02477789  0.224660  3.987299  5.2  234    4
2.02486119  0.237030  4.438490  1.1   17  -12
2.02489422  0.231640  4.238923  2.7   54   -3
2.02489698  0.229173  4.149109  1.3   63   14
2.02490442  0.229435  4.158603  1.1   60   16
2.02490384  0.227728  4.096932  2.5  100  -76
2.02493552  0.234968  4.361578  2.3  143  -66
2.02497322  0.236014  4.400513  0.2  156  -19
2.02498859  0.230372  4.192616  0.1  300  -51
2.02502707  0.227076  4.073508  0.0   59  -55
2.02503262  0.226851  4.065432  0.0  301  -77
2.02506970  0.237297  4.448492  2.1  171  -41
2.02509850  0.225934  4.032654  0.1  311  -58
2.02509830  0.226447  4.050967  0.3  313  -57
2.02514243  0.234440  4.342009  0.2   53  -65
2.02513763  0.241296  4.599688  0.8  313  -59
2.02517441  0.228529  4.125797  0.2  182   62
2.02517410  0.227672  4.094920  0.7   21   65
2.02523727  0.228513  4.125220  0.0  303   86
2.02523655  0.225423  4.014413  0.0  181   66
2.02529840  0.219172  3.794870  0.1  300   37
2.02529911  0.221567  3.878267  0.8  303   30
2.02529841  0.219045  3.790480  0.1  301   35
2.02530301  0.228690  4.131645  1.3  300   21
2.02535013  0.234720  4.352397  0.0   37  -67
2.02538195  0.227396  4.085024  0.6  206  -41
2.02538212  0.226888  4.066768  0.5  208  -43
2.02543187  0.229054  4.144792  6.4  310   23
2.02543725  0.229997  4.178994  5.4  307   20
2.02546649  0.227761  4.098142  1.2  192    9
2.02547422  0.223644  3.951327  0.1   11   11
2.02549153  0.233171  4.295117  0.3   47   69
2.02551532  0.223631  3.950860  0.0  319  -62
2.02551876  0.226793  4.063370  0.7  126  -68
2.02555565  0.236030  4.401112  0.0  190  -71
2.02560617  0.212555  3.569197  0.0  201   22
2.02561260  0.215728  3.676546  0.0  202   18
2.02561024  0.218534  3.772828  0.2  198   28
2.02564833  0.225753  4.026194  0.7  194   59
2.02570397  0.229291  4.153387  3.1  333 -104
2.02572610  0.222264  3.902697  0.4  195   30
2.02572720  0.220848  3.853133  0.2   15   38
2.02573426  0.224571  3.984132  0.2  193   12
2.02576954  0.223839  3.958209  0.1  199   30
2.02577192  0.220176  3.829734  0.0  198   25
2.02580106  0.234921  4.359855  0.1  304  -59
2.02583323  0.227232  4.079128  0.2  292  -51
2.02587685  0.228691  4.131664  0.4   31  -68
2.02587664  0.226794  4.063396  0.5  304  -55
2.02588664  0.228002  4.106825  0.2  200  -76
2.02591076  0.231494  4.233573  2.8  294   50
2.02591442  0.233438  4.304962  2.7   29   61
2.02596221  0.235666  4.387548  0.2  188  -50
2.02597097  0.231868  4.247242  0.2  195  -49
2.02602568  0.232317  4.263717  0.6  214   58
2.02602921  0.231736  4.242427  0.1  184  -82
2.02603399  0.237043  4.438977  1.4   98   57
2.02609263  0.231019  4.216225  0.0  154  -81
2.02609309  0.225384  4.013046  0.0  298  -52
2.02609657  0.226157  4.040622  0.0  307  -53
2.02613144  0.227589  4.091944  0.1  286   38
2.02616888  0.224137  3.968761  0.7  319   51
2.02616440  0.227164  4.076680  0.0  297   55
2.02621157  0.235652  4.387034  2.0  317   50
2.02625388  0.229255  4.152078  0.3  292  -31
2.02628897  0.225795  4.027697  0.0  280   11
2.02628975  0.224074  3.966521  4.2  279   12
2.02628699  0.223676  3.952440  2.7  277   11
2.02629102  0.225784  4.027302  4.6  103    9
2.02632625  0.226319  4.046412  4.4  211  -41
2.02632527  0.227515  4.089269  4.8  211  -45
2.02639816  0.221479  3.875168  4.8  209   37
2.02640023  0.221622  3.880202  5.5   32   43
2.02643894  0.215641  3.673568  1.1   63   72
2.02644408  0.217113  3.723916  0.7  212   69
2.02645016  0.222237  3.901752  0.6  308  -48
2.02653342  0.224293  3.974290  3.5  264   56
2.02648041  0.228615  4.128934  3.5  324  -50
2.02651351  0.220710  3.848311  0.2  296   36
2.02656540  0.222332  3.905102  4.8  190   55
2.02656283  0.222056  3.895398  2.9  112   56
2.02660079  0.218289  3.764352  0.8  157   -6
2.02660284  0.224120  3.968163  1.0   61    1
2.02660488  0.218836  3.783234  1.2  337    4
2.02664556  0.222143  3.898456  0.7   28   57
2.02669622  0.212935  3.581951  2.7  250  -66
2.02670590  0.213393  3.597391  3.2   53  -53
2.02671147  0.215512  3.669205  2.5   60  -50
2.02674003  0.220595  3.844320  0.3   66  -12
2.02679163  0.222423  3.908272  2.0  298  -46
2.02679419  0.221039  3.859811  2.2  110  -50
2.02679396  0.221048  3.860108  2.5  295  -38
2.02684422  0.228428  4.122165  1.9  193  -43
2.02683176  0.225770  4.026810  2.5   91  -42
2.02691969  0.231775  4.243865  2.2  257  -54
2.02691329  0.236945  4.435279  2.3   59  -57
2.02691949  0.229082  4.145816  0.8  204  -65
2.02696085  0.229608  4.164872  0.6   52   30
2.02698246  0.224598  3.985085  0.5  183   36
2.02698338  0.224171  3.969951  0.3    2   50
2.02699546  0.232922  4.285968  0.1  183   57
2.02704739  0.232513  4.270913  0.2  187  -23
2.02706019  0.228519  4.125444  0.3  184  -17
2.02706109  0.225780  4.027166  0.0  183  -16
2.02708999  0.231392  4.229853  0.5   32  -13
2.02711877  0.228647  4.130084  0.1  186  -45
2.02716798  0.227317  4.082172  1.5  109    8
2.02717109  0.228706  4.132196  1.8  284   15
2.02717301  0.228281  4.116878  6.0  101   15
2.02718047  0.230085  4.182177  1.3  287   34
2.02724206  0.233936  4.323367  0.6   24  -36
2.02725677  0.224674  3.987804  0.1  189  -44
2.02726356  0.226453  4.051181  0.1    7  -36
2.02727396  0.234534  4.345500  1.6  210  -74
2.02729626  0.231767  4.243559  2.3  303  -50
2.02734495  0.238699  4.501203  2.3  304   50
2.02735416  0.234004  4.325868  2.6  290   32
2.02739837  0.228633  4.129577  0.3   75  -49
2.02739527  0.231593  4.237196  1.4  294  -74
2.02741829  0.238434  4.491225  2.0  297  -41
2.02743128  0.242543  4.647354  3.1   72   -9
2.02749193  0.234954  4.361073  1.3  131   21
2.02750693  0.233996  4.325581  7.1  192  -20
2.02752337  0.234492  4.343925  4.4   47  -41
2.02754877  0.232192  4.259142  0.1  312   63
2.02755165  0.232384  4.266190  0.0  201   30
2.02759544  0.237037  4.438740  1.3  208   65
2.02760126  0.231059  4.217685  0.4  186   54
2.02763581  0.235978  4.399167  2.7  280  -51
2.02763619  0.234330  4.337926  1.9  284  -47
2.02764259  0.234473  4.343244  4.8  336  -32
2.02768411  0.236250  4.409312  0.1  259   36
2.02769647  0.237822  4.468188  0.5  314  -22
2.02774175  0.228140  4.111792  0.4  300  -66
2.02774331  0.226675  4.059135  1.1  118  -69
2.02774729  0.228438  4.122545  0.9  333  -62
2.02780724  0.232773  4.280486  1.0  195   45
2.02781123  0.232191  4.259097  0.0   15   52
2.02782933  0.235327  4.374922  0.1  188   16
2.02788733  0.233798  4.318277  0.4  178  -42
2.02788827  0.233744  4.316272  0.2  358  -31
2.02794032  0.236123  4.404561  2.3  313  129
2.02795416  0.224329  3.975569  0.4  342   58
2.02794774  0.226518  4.053513  1.1   24   42
2.02796399  0.231268  4.225298  2.2  201   -4
2.02800515  0.232574  4.273161  2.1  191   11
2.02800155  0.231631  4.238582  1.5   39   38
2.02806181  0.230142  4.184270  0.1  316   32
2.02808849  0.232494  4.270206  0.7   14    1
2.02808969  0.232686  4.277282  1.7    2  -34
2.02809579  0.229442  4.158837  0.1   89  -67
2.02814100  0.228660  4.130546  0.3  304  -55
2.02815105  0.225880  4.030704  0.3  174    1
2.02815701  0.223959  3.962446  0.0  179  -15
2.02817255  0.228448  4.122877  0.1  183  -30
2.02822005  0.232369  4.265643  1.4  166  -40
2.02822110  0.230641  4.202408  1.1  355  -54
2.02824705  0.236790  4.429498  1.2  218  -45
2.02829337  0.234113  4.329886  0.3  300  -42
2.02829465  0.229821  4.172605  0.2  315  -33
2.02829610  0.235062  4.365089  0.1   91  -59
2.02837229  0.237037  4.438744  0.5  270  -16
2.02838942  0.232997  4.288736  2.7   46  -42
2.02839236  0.228888  4.138803  1.0   39  -52
2.02840251  0.233912  4.322455  1.4   48  -68
2.02842572  0.230400  4.193653  0.0   84  -56
2.02842931  0.231684  4.240503  0.1  211  -55
2.02845769  0.241789  4.618480  3.6  297   42
2.02851108  0.236055  4.402022  1.8   61  -67
2.02851557  0.234796  4.355203  2.3  179  -72
2.02852056  0.236123  4.404588  0.0  254   -3
2.02859380  0.235391  4.377289  2.4   62   74
2.02859282  0.234987  4.362297  2.7  185   58
2.02859608  0.235017  4.363424  2.8   36   73
2.02864363  0.238524  4.494596  1.7   27   -6
2.02865366  0.237822  4.468172  0.7  301   74
2.02865796  0.235948  4.398033  0.0  176   46
2.02870708  0.235074  4.365519  0.0  298   45
2.02871228  0.233420  4.304317  0.0  295   50
2.02872702  0.235849  4.394372  0.0   15   18
2.02878525  0.230627  4.201912  3.1  322   39
2.02879336  0.228844  4.137179  5.6  190   18
2.02879104  0.228596  4.128238  4.1   10   39
2.02884391  0.227415  4.085694  4.6  192   52
2.02885172  0.227993  4.106482  1.8  178   50
2.02886361  0.229472  4.159941  3.1  307  -59
2.02892449  0.228988  4.142423  2.4  123   27
2.02892455  0.228849  4.137387  2.5  123   27
2.02892321  0.229028  4.143847  1.4  120   25
2.02892958  0.227209  4.078293  6.3  134  -39
2.02900357  0.229358  4.155798  0.1  289   58
2.02898858  0.226340  4.047156  1.0  121  -13
2.02902149  0.237035  4.438670  2.0  155  -33
2.02904270  0.228688  4.131541  0.1   33   56
2.02906467  0.231501  4.233822  2.1  320  -19
2.02906972  0.233873  4.321029  2.4  108  -37
2.02912176  0.221475  3.875035  3.8  157  -34
2.02912406  0.221148  3.863591  3.8  335  -26
2.02912081  0.223324  3.940008  5.9  329  -29
2.02917408  0.229637  4.165937  0.0  163   28
2.02919287  0.231996  4.251940  1.0  184  -65
2.02920063  0.233520  4.307979  3.3   48  -43
2.02924899  0.232392  4.266469  1.3  194  -54
2.02927020  0.228732  4.133134  0.0  175  -59
2.02928084  0.234027  4.326735  0.3  189  -59
2.02930808  0.232558  4.272562  0.1  282  -41
2.02932362  0.233283  4.299255  0.0   88  -29
2.02936999  0.233693  4.314392  0.9  292  -35
2.02939119  0.230306  4.190210  0.2   77   23
2.02939834  0.227961  4.105344  0.0   80   21
2.02944254  0.226734  4.061273  1.2  184  -33
2.02944547  0.227800  4.099539  0.0  187  -31
2.02944571  0.226537  4.054202  1.7  189  -26
2.02944618  0.225612  4.021175  2.4  189  -23
2.02951266  0.229190  4.149730  0.1  172   13
2.02951769  0.232701  4.277838  0.0  165   11
2.02957738  0.224304  3.974682  1.3   27  -18
2.02958402  0.223299  3.939140  0.4   28  -20
2.02958828  0.227550  4.090554  0.5  211  -25
2.02962091  0.222919  3.925749  0.0  204   34
2.02963839  0.227538  4.090125  0.0  202   17
2.02964453  0.231765  4.243492  0.3  196   31
2.02970957  0.225828  4.028872  0.1   73  -10
2.02971172  0.231272  4.225465  0.0  175  -26
2.02972042  0.225265  4.008802  0.3   68    1
2.02975152  0.234591  4.347614  0.0    4  -47
2.02977061  0.237838  4.468787  0.1  300  -18
2.02978885  0.236987  4.436861  2.1  282   37
2.02983696  0.224509  3.981930  0.1  106  -38
2.02983728  0.226075  4.037665  0.6  113  -30
2.02982450  0.228163  4.112594  0.0    1   65
2.02988820  0.228778  4.134810  0.1  301   64
2.02988530  0.233888  4.321592  0.6  299   54
2.02995079  0.230235  4.187635  2.2  301   43
2.02995066  0.231354  4.228446  0.1  120   26
2.02997591  0.232448  4.268525  0.8  300  -80
2.02997829  0.232232  4.260588  0.1  302  -70
2.03000619  0.231837  4.246111  0.2  185   31
2.03003882  0.232816  4.282052  1.3  193  -27
2.03006331  0.235456  4.379714  4.3  190  -64
2.03009109  0.230566  4.199709  1.6  306   75
2.03013169  0.229921  4.176215  0.6  195   42
2.03010872  0.228978  4.142042  0.0  197  -52
2.03015871  0.223091  3.931798  4.9  156  -23
2.03015470  0.221365  3.871203  5.0  165  -23
2.03020662  0.218856  3.783933  0.0  129   36
2.03020661  0.215679  3.674884  0.0  300   43
2.03020102  0.221157  3.863924  0.0  269   69
2.03026040  0.216027  3.686737  0.0  275   74
2.03026517  0.221801  3.886463  0.3  288   53
2.03028160  0.226654  4.058396  0.5  291   46
2.03034468  0.221278  3.868137  6.0  339    6
2.03034530  0.221580  3.878715  3.8  338   13
2.03034460  0.221232  3.866533  6.3  339    6
2.03038999  0.226178  4.041354  0.3  309   46
2.03040019  0.227615  4.092864  0.2  284   47
2.03044937  0.222674  3.917104  3.0  185   62
2.03045702  0.218498  3.771584  0.8  174   61
2.03047875  0.213610  3.604698  0.0  242  131
2.03048158  0.215541  3.670165  0.2   24   53
2.03052593  0.217386  3.733283  0.1   64   56
2.03054273  0.220795  3.851301  1.4  180  -68
2.03054422  0.220589  3.844116  0.7  196  -79
2.03056496  0.226303  4.045838  1.7  271   55
2.03059845  0.221848  3.888113  0.3   32  -12
2.03060848  0.224528  3.982598  0.1   36  -22
2.03065458  0.228548  4.126506  0.0  292   51
2.03065493  0.229015  4.143389  0.0  293   51
2.03069926  0.229160  4.148641  2.9  291   69
2.03072044  0.225026  4.000298  1.2   59  -47
2.03072643  0.222966  3.927378  0.3   31  -55
2.03071966  0.218517  3.772219  0.2  110  -41
2.03079365  0.231421  4.230893  0.4  300  -41
2.03079454  0.227891  4.102809  0.0  299  -40
2.03085027  0.234416  4.341117  2.4  284  -59
2.03085092  0.230413  4.194115  1.0  105   54
2.03085336  0.232373  4.265764  1.3  101  -57
2.03090174  0.224877  3.995009  0.0  308   32
2.03092263  0.229790  4.171473  0.3  357   44
2.03092168  0.229898  4.175404  0.6  173   30
2.03098445  0.233997  4.325598  1.0   83   46
2.03099561  0.223410  3.943049  0.0  193   71
2.03099552  0.224326  3.975445  0.0  185   70
2.03105121  0.218890  3.785107  0.0  311   20
2.03105086  0.215381  3.664720  0.1  322   36
2.03106228  0.226123  4.039382  1.8  353   -2
2.03109244  0.212560  3.569358  0.1   58   67
2.03113162  0.222751  3.919812  0.1  155   20
2.03112777  0.216148  3.690882  0.0  166   61
2.03117667  0.217928  3.751910  0.2  359   30
2.03118301  0.217571  3.739619  0.0  167   -6
2.03119954  0.217145  3.724994  0.0  171   -3
2.03123850  0.221689  3.882529  0.0  214   31
2.03125153  0.219192  3.795551  0.0  208   29
2.03124877  0.218233  3.762412  0.0   32   42
2.03131117  0.201271  3.200294  0.5  324   62
2.03131215  0.198132  3.101247  0.1  175   56
2.03131163  0.196543  3.051703  0.0  170   57
2.03137166  0.210542  3.501902  0.8  266   60
2.03137426  0.208820  3.444870  0.1  103   81
2.03138186  0.202361  3.235043  0.0  170   48
2.03138796  0.211753  3.542311  0.1  351   19
2.03145770  0.213756  3.609639  0.1  359  -42
2.03145672  0.216828  3.714122  0.0  305  -35
2.03151188  0.216427  3.700405  0.0  333    0
2.03151930  0.210420  3.497840  0.0  162  -42
2.03153227  0.219477  3.805450  0.0   84  -47
2.03158120  0.213204  3.591037  0.2  171  -66
2.03158102  0.209518  3.467935  0.0  288  -61
2.03158094  0.207127  3.389219  0.0  105  -59
2.03158672  0.221656  3.881365  0.9  100  -46
2.03163622  0.222747  3.919687  0.2  200  -68
2.03165076  0.225240  4.007905  0.1  190  -26
2.03166606  0.227404  4.085303  0.0  312  -57
2.03172320  0.222191  3.900142  1.9  298   44
2.03172281  0.220749  3.849669  0.2  282   48
2.03174067  0.224470  3.980548  3.6  171  -55
2.03174485  0.224173  3.970040  0.8  215  -65
2.03179461  0.226988  4.070356  0.0  197  -51
2.03179503  0.225183  4.005873  0.1  201  -53
2.03185019  0.225043  4.000894  0.0  179   -3
2.03186791  0.221187  3.864966  0.1   69  -67
2.03186963  0.216666  3.708594  1.4   92  -45
2.03187351  0.219403  3.802862  1.9  290  -40
2.03194594  0.220941  3.856394  0.2  182   59
2.03194789  0.220823  3.852276  0.2  186   57
2.03194815  0.218503  3.771742  0.1  169   53
2.03199302  0.222941  3.926495  0.0  300   68
2.03199308  0.220461  3.839645  0.0  265   68
2.03202744  0.226630  4.057547  0.1  298   32
2.03203393  0.222424  3.908309  0.1  271   61
2.03209063  0.230397  4.193545  0.0  177  -53
2.03209373  0.224966  3.998161  0.2  170   33
2.03212440  0.229780  4.171097  0.0  297  -76
2.03216487  0.218184  3.760734  0.8  315   75
2.03215900  0.215355  3.663846  0.0  172   51
2.03216225  0.213826  3.611987  0.3  347   62
2.03222485  0.226027  4.035951  2.2  288  -90
2.03222886  0.224776  3.991399  0.0  313  -56
2.03226520  0.230234  4.187621  0.8   63  -59
2.03227120  0.222267  3.902813  0.3  302  -44
2.03228988  0.227852  4.101414  0.3  295  -20
2.03229751  0.228756  4.133999  2.8  350   33
2.03235168  0.225471  4.016130  0.0  299   37
2.03235420  0.224259  3.973072  0.1   31   48
2.03235932  0.225800  4.027879  0.1   25   48
2.03242665  0.215847  3.680608  0.0    0  -13
2.03242590  0.214791  3.644667  0.0  179  -23
2.03244293  0.225095  4.002769  0.0  320  -82
2.03250765  0.229042  4.144361  1.4  267  -64
2.03249862  0.229141  4.147955  0.1  181   -1
2.03249444  0.224372  3.977078  0.3  158   27
2.03253402  0.231406  4.230335  0.0  313  -36
2.03256864  0.226910  4.067549  0.0  157    4
2.03256984  0.228800  4.135591  0.2  116  -23
2.03262322  0.227079  4.073617  1.0  175  -15
2.03264050  0.225107  4.003165  0.4  291  -75
2.03264198  0.218716  3.779094  0.5  152  -65
2.03264121  0.218782  3.781385  0.2  325  -56
2.03268760  0.225886  4.030923  0.0  305   59
2.03272989  0.216720  3.710436  0.1  209   54
2.03273026  0.220483  3.840423  0.6   29   61
2.03276859  0.224040  3.965329  0.1  303  -52
2.03276916  0.224206  3.971184  0.0  291 -121
2.03278278  0.227271  4.080529  0.3   44   74
2.03283249  0.216269  3.695021  0.0  168  -59
2.03286582  0.218476  3.770820  1.9   12   52
2.03286631  0.220689  3.847580  2.3  187   47
2.03287646  0.222417  3.908082  2.5  261   62
2.03290797  0.223936  3.961644  0.3  198  -29
2.03292294  0.229926  4.176399  0.6   68  -62
2.03299264  0.224086  3.966954  1.0   76   67
2.03299136  0.223485  3.945707  1.2  261   52
2.03299777  0.224785  3.991730  3.4   61   74
2.03306115  0.226377  4.048493  2.8  181  -42
2.03305833  0.220886  3.854445  1.2  176  -39
2.03306264  0.214477  3.634016  0.6  187  -51
2.03306338  0.213500  3.601007  0.1    6  -39
2.03313316  0.225503  4.017292  0.1  185  -51
2.03314785  0.216241  3.694042  0.0  212   69
2.03314872  0.215888  3.682018  0.1   63   82
2.03319225  0.222479  3.910258  0.1  285  -56
2.03320778  0.221451  3.874211  0.2  193   58
2.03320765  0.220223  3.831354  0.0   30   83
2.03326609  0.226027  4.035980  8.4  178  -35
2.03328560  0.221807  3.886679  1.8   87   49
2.03327735  0.225286  4.009535  0.1  140   30
2.03332972  0.230516  4.197877  0.2   75   57
2.03333752  0.223320  3.939865  0.4  174   28
2.03338609  0.219349  3.801016  0.0   67   55
2.03339778  0.219970  3.822564  0.0  176   -2
2.03339837  0.219990  3.823248  0.0  355   17
2.03340775  0.221116  3.862500  0.0  175   -2
2.03345708  0.219446  3.804370  0.0  299   24
2.03347502  0.216183  3.692055  0.0  153   -8
2.03347400  0.217924  3.751771  0.0  156  -12
2.03352187  0.218980  3.788213  0.0  312   52
2.03351927  0.218613  3.775529  0.0  301   54
2.03356565  0.212373  3.563072  0.0  203   55
2.03356975  0.214976  3.650952  0.0  196   52
2.03356846  0.212632  3.571769  0.0   15   59
2.03361115  0.218216  3.761831  0.0  306  -66
2.03361126  0.218820  3.782682  0.2  108  -75
2.03366143  0.219747  3.814803  0.4  343  -26
2.03366449  0.221630  3.880478  1.7  344  -36
2.03372144  0.225474  4.016234  1.2  297   51
2.03372241  0.225212  4.006931  0.3  155   40
2.03372466  0.230996  4.215377  1.2  177    3
2.03380254  0.228011  4.107150  2.6   21  -31
2.03379085  0.221171  3.864403  0.2  346   22
2.03382997  0.220245  3.832133  0.4   93   83
2.03383115  0.220759  3.850039  0.0   60   77
2.03385555  0.224535  3.982845  1.3  173   -3
2.03385629  0.225830  4.028953  2.3  355    7
2.03392721  0.217580  3.739952  2.6  123  -63
2.03392543  0.217587  3.740176  1.6  326  -56
2.03394325  0.218453  3.770021  5.6  112  -36
2.03398044  0.219258  3.797864  0.0  179  -54
2.03399854  0.215718  3.676206  0.0  252  -65
2.03400699  0.220714  3.848452  0.0  301  -80
2.03402725  0.229379  4.156556  0.1   85   58
2.03406747  0.230589  4.200523  0.0    4   17
2.03406950  0.223078  3.931339  0.0  181  -74
2.03407322  0.227424  4.086013  0.0  211  -24
2.03412751  0.231924  4.249309  0.3  182  -65
2.03413287  0.231945  4.250092  0.3   63  -76
2.03420224  0.226072  4.037572  2.5  181  -14
2.03420440  0.226642  4.057974  0.0  188   -9
2.03420653  0.225380  4.012885  2.0  187  -13
2.03420588  0.226944  4.068796  0.0    5   -2
2.03424718  0.231320  4.227216  0.1  309  -53
2.03429692  0.235879  4.395483  0.0   88   59
2.03435135  0.220520  3.841688  0.0   71    4
2.03434203  0.227607  4.092576  0.6  210   58
2.03435154  0.224195  3.970817  0.0   70    3
2.03437260  0.219640  3.811087  0.0  299   68
2.03437060  0.222997  3.928491  0.3  273   67
2.03436822  0.223118  3.932745  0.7  240   54
2.03442254  0.231037  4.216856  0.8   27   32
2.03444647  0.230143  4.184285  0.5   90  -62
2.03447580  0.232884  4.284577  3.2  298   54
2.03448450  0.232868  4.283968  0.3  217  -73
2.03452380  0.235334  4.375174  0.3   61  -42
2.03455606  0.227472  4.087722  0.3  286   27
2.03455481  0.225035  4.000602  0.0  289   26
2.03455691  0.226187  4.041696  0.2  286   25
2.03461677  0.231494  4.233553  0.1   10   -8
2.03462633  0.235514  4.381866  0.6  200  -37
2.03469808  0.236842  4.431434  1.1   88   57
2.03469462  0.223083  3.931516  0.0  171  -60
2.03469608  0.225487  4.016710  0.1  173  -64
2.03469463  0.232951  4.287017  0.0  113  -37
2.03469277  0.229205  4.150256  1.9  117  -38
2.03476480  0.229791  4.171522  0.5  159   38
2.03477108  0.234189  4.332709  2.9  166   44
2.03482911  0.235420  4.378394  0.2   10   17
2.03483937  0.232914  4.285672  2.6  178  -54
2.03484171  0.234163  4.331758  2.8  359  -20
2.03489491  0.234886  4.358545  0.8  197   27
2.03490433  0.232419  4.267464  0.9    7   13
2.03490677  0.231760  4.243296  0.4    5   13
2.03491066  0.234127  4.330413  0.5  187    6
2.03496135  0.229784  4.171252  2.2  191  -57
2.03495950  0.230646  4.202598  1.8   17  -48
2.03503038  0.235319  4.374625  1.4   12    3
2.03504414  0.230965  4.214247  0.0  161  -38
2.03504525  0.226769  4.062500  0.1  168  -37
2.03509540  0.224371  3.977063  5.1  296   43
2.03509505  0.224085  3.966907  5.2  301   38
2.03509654  0.224107  3.967678  5.3  312   38
2.03513184  0.231622  4.238267  2.1  100   54
2.03517234  0.235860  4.394769  0.0   69  -54
2.03517931  0.233337  4.301239  0.4  344  -97
2.03524390  0.229749  4.169983  0.4  161  -52
2.03523951  0.231013  4.216001  1.5  349  -16
2.03525185  0.231464  4.232473  0.0   83   69
2.03524443  0.233285  4.299317  1.8  180  -44
2.03532381  0.228148  4.112073  0.1  187   34
2.03532697  0.224068  3.966314  0.0   49   57
2.03536024  0.226735  4.061281  1.2  110  126
2.03536061  0.226206  4.042372  0.3  109   53
2.03539731  0.230244  4.187986  0.0  287   46
2.03539724  0.229610  4.164949  3.4  280   51
2.03540830  0.231038  4.216912  4.3   59  -81
2.03547024  0.228976  4.141960  0.6  194    5
2.03547216  0.228201  4.113992  0.5  191    3
2.03547235  0.228726  4.132933  1.2  190    3
2.03552507  0.228777  4.134780  0.4  281  -29
2.03554738  0.224130  3.968505  2.1  268  -50
2.03554810  0.223276  3.938333  0.0   69  -45
2.03559000  0.221757  3.884934  0.1  356  -42
2.03559527  0.222779  3.920824  0.2  355  -42
2.03562338  0.228452  4.123051  1.5  276   25
2.03562309  0.228695  4.131813  2.1  274   26
2.03567305  0.230920  4.212612  3.1  302  -36
2.03567331  0.227794  4.099326  0.0  110  -34
2.03573691  0.230181  4.185672  2.3  196   51
2.03574061  0.219448  3.804420  0.0  275   61
2.03574121  0.220759  3.850023  0.0  295   64
2.03574207  0.224543  3.983131  1.0  328   50
2.03581527  0.232788  4.281026  4.0   46  -69
2.03581383  0.229140  4.147914  0.0  157   20
2.03586337  0.227842  4.101053  2.4   20  -34
2.03587706  0.228225  4.114861  4.2  358   -1
2.03587759  0.228424  4.122009  0.0  358   -2
2.03594730  0.219496  3.806115  5.9  132   28
2.03594639  0.217801  3.747549  5.1  305   36
2.03594621  0.217634  3.741803  5.1  306   36
2.03595083  0.223509  3.946551  0.2  176   29
2.03601068  0.224375  3.977198  0.0  351   -4
2.03602586  0.225575  4.019859  0.0  276  -48
2.03604718  0.226997  4.070668  0.1  287   42
2.03608571  0.223584  3.949212  0.8  190    5
2.03608684  0.224002  3.963973  0.4  190    8
2.03608515  0.223559  3.948325  0.0   11   21
2.03615040  0.227530  4.089820  2.8  162    8
2.03615064  0.227611  4.092744  3.3  344   16
2.03615065  0.229361  4.155914  0.1  347   36
2.03621842  0.225698  4.024226  1.9  192  -54
2.03622358  0.226080  4.037862  1.9  183  -57
2.03622543  0.225690  4.023927  1.5  194  -59
2.03627660  0.233618  4.311607  0.0  277   49
2.03627672  0.230970  4.214418  0.3  276   38
2.03632865  0.225521  4.017931  1.1   47  -62
2.03633288  0.224417  3.978687  0.2  310  -82
2.03633064  0.224867  3.994641  0.6  186  -61
2.03633118  0.223898  3.960298  0.2  293  -80
2.03642573  0.229397  4.157205  1.7    1  -42
2.03642844  0.223980  3.963190  0.9  175  -70
2.03642958  0.224752  3.990572  1.6   13  -50
2.03646938  0.230346  4.191683  1.9   92    8
2.03647335  0.231824  4.245664  0.5  279   -3
2.03647920  0.232704  4.277930  0.5  280   -3
2.03656281  0.239821  4.543633  4.1   86  -59
2.03656758  0.235487  4.380871  2.7   79  -41
2.03656943  0.235734  4.390070  1.2  276  -34
2.03661406  0.232143  4.257356  4.4  254  -21
2.03661927  0.232103  4.255864  0.0  258  -19
2.03662011  0.232212  4.259886  3.6  259  -18
2.03666235  0.230998  4.215444  0.1  182  -52
2.03666763  0.234541  4.345749  1.2  195  -49
2.03671760  0.235528  4.382418  0.6  288  -39
2.03672304  0.237899  4.471095  0.8   14  -34
2.03673904  0.238201  4.482451  0.5  310  -57
2.03678475  0.230309  4.190326  0.8  163    0
2.03678354  0.230625  4.201850  0.9  163    2
2.03682998  0.231032  4.216685  1.4   75   44
2.03683413  0.227830  4.100614  0.1   71   44
2.03691013  0.233635  4.312246  3.0  203   51
2.03689631  0.225556  4.019164  0.1  174   56
2.03689848  0.230617  4.201557  0.0  173   54
2.03690047  0.224568  3.984032  0.1  359   68
2.03697942  0.223621  3.950515  0.0  309   18
2.03698175  0.223264  3.937889  4.0  310   21
2.03698260  0.225076  4.002086  0.0  130   13
2.03698264  0.225162  4.005150  3.5  311   19
2.03705667  0.230096  4.182594  0.0  107   13
2.03705903  0.226689  4.059646  0.0  105   12
2.03709146  0.228768  4.134445  0.0  296  -51
2.03709155  0.228308  4.117838  3.7  295  -51
2.03709437  0.233157  4.294600  0.3  156   36
2.03714581  0.236070  4.402611  0.0  302  -39
2.03717804  0.234937  4.360446  3.0  167  -65
2.03720955  0.237580  4.459107  3.9  206   45
2.03724241  0.234907  4.359324  2.0  198   26
2.03723735  0.232823  4.282335  0.0  297   32
2.03724533  0.235245  4.371895  1.8   35   60
2.03730171  0.231884  4.247830  0.8  173   33
2.03731170  0.225533  4.018341  0.0  179   28
2.03733068  0.230441  4.195134  0.9  346   17
2.03734266  0.236432  4.416124  0.6  284   44
2.03736848  0.225170  4.005415  0.0  287   20
2.03736843  0.225913  4.031901  0.0  287   19
2.03740696  0.226689  4.059633  0.1   19   72
2.03744077  0.226225  4.043059  0.1  190   10
2.03744326  0.225378  4.012825  0.1   12   21
2.03749491  0.230827  4.209225  1.2  176  -70
2.03751836  0.225304  4.010173  0.9  275  -39
2.03751827  0.226623  4.057289  1.1  275  -37
2.03757269  0.226622  4.057253  0.4  353  -40
2.03758038  0.225545  4.018781  2.1  309  -35
2.03758880  0.223666  3.952104  2.4  305  -38
2.03759200  0.221399  3.872398  2.8  106  -48
2.03758943  0.225179  4.005732  2.7  110  -42
2.03764281  0.234768  4.354179  0.9   62  -43
2.03769833  0.230543  4.198868  0.1  290   56
2.03769727  0.235526  4.382324  0.0  297   64
2.03771561  0.232743  4.279383  0.5  297   59
2.03774805  0.233146  4.294220  0.1  297   36
2.03774788  0.234752  4.353562  0.4  294   39
2.03783398  0.233677  4.313791  2.7   73   29
2.03783296  0.234390  4.340165  4.3  317   53
2.03783291  0.236492  4.418357  0.0   74   31
2.03784215  0.238661  4.499754  2.6   98    8
2.03786435  0.238908  4.509094  0.3   54  -57
2.03791602  0.237709  4.463950  0.4  194   23
2.03792070  0.236391  4.414579  0.3  186   25
2.03795180  0.230107  4.182981  0.1   80   56
2.03796438  0.236332  4.412362  1.6   90   24
2.03798324  0.238636  4.498806  3.7  349  -15
2.03803815  0.237434  4.453629  0.0  192   39
2.03804109  0.234653  4.349900  2.0  195   22
2.03809621  0.222345  3.905547  0.5  124   48
2.03809684  0.222257  3.902442  0.6  126   49
2.03809746  0.222714  3.918531  0.4  291   51
2.03809648  0.223154  3.934004  0.2  294   51
2.03812744  0.240667  4.575717  4.6   23  -44
2.03816094  0.227536  4.090023  0.0  165   86
2.03816815  0.240625  4.574129  3.3  267   -5
2.03819713  0.237711  4.464003  1.0  356   51
2.03824224  0.225572  4.019746  0.0   48  -74
2.03824136  0.228133  4.111541  0.0  299  -58
2.03827843  0.223859  3.958902  0.9  161   54
2.03829640  0.228671  4.130953  0.1  182   16
2.03829320  0.227320  4.082287  0.0    3   29
2.03836682  0.232985  4.288261  3.4  340   49
2.03838267  0.228762  4.134232  0.0  272  -15
2.03838320  0.229079  4.145702  0.3  271  -17
2.03839806  0.229631  4.165689  2.3   52   22
2.03843943  0.225239  4.007872  0.0  187  -48
2.03844783  0.222437  3.908782  0.0  176  -76
2.03849316  0.233152  4.294420  0.5  212   54
2.03849802  0.235140  4.367993  3.0   55   54
2.03851807  0.232408  4.267063  1.8  294   27
2.03851834  0.228174  4.113008  5.0  274    4
2.03854846  0.232971  4.287758  0.2  197  -73
2.03858841  0.230581  4.200238  0.1   71   94
2.03859461  0.229108  4.146737  0.2  167   31
2.03865058  0.221477  3.875097  4.0  167  -66
2.03865371  0.219649  3.811399  2.9  179  -67
2.03865510  0.224559  3.983726  0.0   91  -63
2.03871186  0.224571  3.984155  0.4  186   24
2.03871993  0.223744  3.954860  0.1  193   23
2.03872141  0.224132  3.968570  0.6   14   31
2.03877736  0.226947  4.068875  2.7  178  -90
2.03878163  0.226285  4.045202  2.9  319  -86
2.03879176  0.227908  4.103405  4.4  282  -61
2.03883220  0.230135  4.184008  4.2  172    3
2.03885589  0.230316  4.190592  3.4  180    3
2.03887271  0.229114  4.146973  0.6   66  -64
2.03890441  0.223268  3.938036  0.0  213   39
2.03893373  0.223852  3.958660  3.6  276  -54
2.03893743  0.224719  3.989384  2.6  271  -59
2.03893639  0.224023  3.964712  3.0  271  -61
2.03897967  0.229723  4.169055  0.1  298  -42
2.03899999  0.230776  4.207349  0.6  108  -47
2.03904194  0.227545  4.090365  1.5  301  -34
2.03904323  0.228334  4.118762  0.0  107  -38
2.03908317  0.217944  3.752467  0.0  194   16
2.03908434  0.218124  3.758663  0.1  189   15
2.03911470  0.220088  3.826662  0.0  162   67
2.03912277  0.227650  4.094142  0.7   14   69
2.03916861  0.224696  3.988566  0.1  307   63
2.03917208  0.230403  4.193742  0.0  305   64
2.03921298  0.231161  4.221394  4.7  291   10
2.03926199  0.228071  4.109307  2.0  357  -46
2.03926187  0.229393  4.157055  0.1  182  -59
2.03926769  0.227544  4.090333  1.9  178  -57
2.03929453  0.230416  4.194232  0.3  186  -42
2.03933993  0.236647  4.424134  1.1  199   39
2.03933761  0.233853  4.320308  0.1   45   67
2.03936104  0.232043  4.253676  0.3  308  -40
2.03938869  0.236933  4.434842  0.8  184  -39
2.03940799  0.229437  4.158678  0.8  339  -66
2.03941613  0.234066  4.328169  0.1  287   74
2.03942674  0.232522  4.271256  0.2  302   -4
2.03947833  0.225575  4.019839  0.0  185   68
2.03947827  0.229600  4.164590  0.0  186   67
2.03953689  0.228933  4.140399  0.0  211   63
2.03954019  0.223634  3.950958  0.0  188   69
2.03954565  0.228529  4.125804  0.1  338   56
2.03959480  0.236626  4.423360  0.4  183  -65
2.03961806  0.233662  4.313230  0.0    2  -12
2.03962668  0.228682  4.131358  0.0  189  -77
2.03965681  0.225038  4.000715  0.0  176  -75
2.03967277  0.227761  4.098141  0.2   61   54
2.03968528  0.237067  4.439878  0.0  318  -58
2.03970581  0.230293  4.189738  0.0   25   95
2.03975304  0.220446  3.839118  0.0  285  -46
2.03975257  0.221182  3.864807  0.2  314  -57
2.03975911  0.224476  3.980782  1.0  281  -26
2.03981728  0.224979  3.998611  0.1  181  -55
2.03981953  0.227572  4.091330  0.5  192  -62
2.03982868  0.228217  4.114560  0.3  212  -67
2.03988631  0.223972  3.962912  0.0   53  -75
2.03990493  0.231498  4.233713  0.0  319   82
2.03988801  0.229997  4.178999  0.0   73  -76
2.03994452  0.231223  4.223655  3.7  322   57
2.03996941  0.228797  4.135490  0.0  302  -64
2.03997149  0.227895  4.102971  0.0  300  -72
2.04001519  0.234776  4.354479  4.1  283    8
2.04004596  0.221567  3.878247  1.0  193  -45
2.04004770  0.221614  3.879909  0.0   16  -37
2.04005002  0.220333  3.835197  0.9  198  -51
2.04010065  0.235550  4.383233  0.0   91   11
2.04011568  0.227580  4.091634  0.0  355  -56
2.04011660  0.226867  4.066015  0.0  172  -68
2.04014709  0.232417  4.267405  0.1  334  -71
2.04021611  0.233404  4.303713  2.4  164  -57
2.04022461  0.231007  4.215781  0.3  348   89
2.04022808  0.232770  4.280381  2.1  199   51
2.04023356  0.230845  4.209855  1.2  190   46
2.04027947  0.236167  4.406223  0.0  317  -63
2.04034280  0.234630  4.349035  0.0   27   53
2.04034055  0.235042  4.364324  1.0  276   30
2.04034021  0.227870  4.102065  0.0   70   57
2.04038553  0.227960  4.105292  0.0  294   61
2.04038855  0.222633  3.915683  0.1  290   58
2.04039351  0.224509  3.981946  0.0  272   85
2.04043121  0.225942  4.032932  0.2  358   30
2.04046064  0.223614  3.950265  0.1  195   41
2.04047097  0.226616  4.057019  2.4   97    3
2.04049007  0.224346  3.976160  2.0  288   63
2.04051378  0.226308  4.046009  0.0  297   58
2.04051191  0.227469  4.087638  0.0  239   76
2.04055717  0.228376  4.120305  0.0  306   46
2.04059313  0.226174  4.041229  5.1  327   54
2.04061230  0.216229  3.693650  0.0   25  -51
2.04061427  0.220503  3.841095  0.0  207  -61
2.04063228  0.226899  4.067186  2.0  105  -44
2.04067244  0.224558  3.983682  0.9  176  -62
2.04067321  0.224763  3.990964  0.6  200  -72
2.04070713  0.232281  4.262389  0.8   79  -59
2.04075199  0.226906  4.067410  0.3   95  -60
2.04075568  0.228257  4.116010  0.2  300  -62
2.04079135  0.220027  3.824529  4.5   91  -41
2.04079260  0.218844  3.783517  1.9   88  -46
2.04083497  0.218312  3.765157  2.2  302  -69
2.04083536  0.217028  3.720978  3.4  324  -66
2.04083456  0.218742  3.779980  1.8  306  -67
2.04088483  0.227915  4.103675  0.2   38   35
2.04088806  0.237647  4.461617  0.0   92  -65
2.04094789  0.241345  4.601553  0.1  305   76
2.04099066  0.230986  4.215000  1.5  309  -72
2.04099144  0.228601  4.128402  0.6  301  -72
2.04099652  0.228405  4.121357  2.1  206  -45
2.04102564  0.227428  4.086141  0.6   57  -54
2.04106362  0.224808  3.992547  0.0  166  -38
2.04108182  0.236721  4.426898  0.0  188   60
2.04108378  0.233779  4.317554  0.1  190   54
2.04110430  0.242868  4.659808  2.7  293   55
2.04114822  0.231619  4.238145  0.2  185   55
2.04115432  0.229254  4.152041  0.0  186   48
2.04119812  0.235349  4.375756  0.7  289   15
2.04121326  0.226575  4.055562  0.0   73   61
2.04120953  0.231578  4.236645  0.0  302   42
2.04125275  0.233514  4.307777  0.1  305  137
2.04125521  0.233518  4.307922  1.7  303   46
2.04129794  0.233622  4.311774  0.8   44  -69
2.04132332  0.226724  4.060902  0.1  307  -40
2.04132329  0.226275  4.044816  0.0  119  -44
2.04132368  0.227565  4.091066  0.0  117  -44
2.04139447  0.231921  4.249207  0.1  192   28
2.04139366  0.232988  4.288393  0.0  194   25
2.04141649  0.240052  4.552371  0.0  165  -69
2.04144587  0.225959  4.033553  0.0   27  -29
2.04145238  0.224627  3.986129  0.1   84  -58
2.04149117  0.220259  3.832600  0.0  298  -40
2.04153042  0.231688  4.240665  0.4  181  -64
2.04153412  0.232208  4.259715  0.1  301  -52
2.04153295  0.233125  4.293435  0.0  320  -68
2.04158126  0.233533  4.308471  0.5  194  -51
2.04158888  0.235223  4.371059  0.2   57  -47
2.04162867  0.236189  4.407026  0.8  286  -58
2.04166528  0.232353  4.265044  0.5   14  -73
2.04167355  0.231603  4.237555  2.3  179   61
2.04167052  0.229267  4.152494  0.2  274  -58
2.04172482  0.231685  4.240540  0.3  282   16
2.04172918  0.227834  4.100764  0.0  100   24
2.04178083  0.226010  4.035358  1.0   78   42
2.04178269  0.223920  3.961063  0.0   75   49
2.04178981  0.224905  3.996016  0.0   43   54
2.04182888  0.225230  4.007563  0.6  285   50
2.04188044  0.225895  4.031246  1.7  209    1
2.04187919  0.226191  4.041831  0.0  208    0
2.04187763  0.224984  3.998823  0.1   26   68
2.04188613  0.226509  4.053183  1.0   26   14
2.04195194  0.220763  3.850177  0.3  285   58
2.04195991  0.222460  3.909589  0.3  282   39
2.04195124  0.221659  3.881485  0.8  282   58
2.04200471  0.216580  3.705641  0.0  289   60
2.04200586  0.217729  3.745069  0.0  275   61
2.04204396  0.223607  3.950011  0.1  290   44
2.04208977  0.228907  4.139466  0.0  332   84
2.04210482  0.222649  3.916231  0.1  164  -85
2.04210395  0.221799  3.886374  0.0   76  -73
2.04215244  0.223741  3.954726  0.0  303  -34
2.04214936  0.216248  3.694281  0.2  204  -48
2.04215098  0.222276  3.903107  0.9  116  -41
2.04219228  0.233927  4.323043  1.0  109  -39
2.04223032  0.233765  4.317038  0.6  197   58
2.04224332  0.226939  4.068586  0.1  298  -55
2.04224510  0.227073  4.073409  0.1  317  -61
2.04229424  0.226117  4.039165  0.0  105  -36
2.04230620  0.226846  4.065261  4.8  114    8
2.04233125  0.231283  4.225852  0.3   74  -54
2.04237526  0.224324  3.975382  0.4  280  -73
2.04237263  0.221172  3.864449  0.1   55  -66
2.04241282  0.221886  3.889456  0.1  297   61
2.04241192  0.223007  3.928847  0.6  261   65
2.04244523  0.229721  4.168953  1.3  170  -69
2.04248434  0.224844  3.993820  1.4  135   48
2.04248393  0.225064  4.001636  1.9  137   52
2.04252647  0.225992  4.034715  0.0   65   52
2.04252856  0.227243  4.079523  1.3   49   51
2.04256282  0.225462  4.015816  0.6  187   20
2.04258069  0.224514  3.982110  3.9  190  -56
2.04256505  0.223953  3.962253  0.1  280   62
2.04263298  0.230080  4.182022  3.4  162  -62
2.04266103  0.228857  4.137655  0.5  194   49
2.04266384  0.226887  4.066732  0.1  185   40
2.04267997  0.222665  3.916790  0.0  296  -53
2.04271752  0.223300  3.939154  0.0   73  -37
2.04271822  0.223967  3.962734  0.2  310  -36
2.04274405  0.222041  3.894875  0.3  277   47
2.04278777  0.216756  3.711676  0.8  278   64
2.04278802  0.219072  3.791401  0.1   55  114
2.04279002  0.226170  4.041076  0.1  202   68
2.04286966  0.231343  4.228056  0.4  351   56
2.04286460  0.227184  4.077399  0.1   32   59
2.04289241  0.232546  4.272136  0.3  281   44
2.04293128  0.233313  4.300373  3.9  175  -29
2.04294205  0.227315  4.082108  0.2  281  -70
2.04294025  0.218703  3.778664  0.0  205  -51
2.04298486  0.227525  4.089653  1.9  321  -37
2.04301901  0.222141  3.898391  0.2   38  -50
2.04301734  0.227624  4.093192  0.0  199  -72
2.04306290  0.232808  4.281759  0.1  287  -30
2.04306457  0.222153  3.898805  0.1  191  -50
2.04306875  0.222070  3.895884  0.1  217  -58
2.04311367  0.233254  4.298186  0.5   48  -45
2.04314832  0.220490  3.840659  3.3  306   58
2.04314863  0.221316  3.869470  0.0  306   58
2.04315078  0.221829  3.887456  3.5  302   56
2.04322326  0.239290  4.523534  0.7   94   73
2.04324427  0.221347  3.870568  1.4  257  -69
2.04324492  0.221903  3.890041  0.0   46  -68
2.04328122  0.227010  4.071157  0.0  190   -9
2.04328129  0.227720  4.096660  0.0    9    4
2.04328971  0.229873  4.174498  4.8  189  -10
2.04335233  0.223507  3.946477  0.6    1   54
2.04335333  0.223696  3.953147  1.6  185   46
2.04335385  0.224362  3.976739  0.7   25   63
2.04341823  0.225726  4.025223  0.0  188  -32
2.04341669  0.225820  4.028572  7.2  183  -32
2.04344849  0.230132  4.183912  0.2   48   58
2.04344820  0.230838  4.209624  0.0   30   51
2.04349147  0.228915  4.139752  0.6  183   51
2.04349654  0.231160  4.221349  1.3  266   66
2.04352461  0.231968  4.250932  1.7  292  -47
2.04358217  0.222868  3.923955  0.0   72   70
2.04358351  0.223392  3.942422  0.2  282   60
2.04358356  0.217598  3.740558  0.0  269   55
2.04363085  0.226792  4.063341  0.0  183  -46
2.04363520  0.222158  3.898968  0.4  196  -53
2.04363955  0.222322  3.904723  0.9  198  -51
2.04369029  0.232497  4.270345  0.0  277  -72
2.04372755  0.231596  4.237284  0.1   45  -59
2.04372715  0.233101  4.292554  0.0  348  -75
2.04377222  0.228425  4.122056  2.9  125  -24
2.04377296  0.227920  4.103850  2.9  126  -23
2.04377380  0.228537  4.126116  2.9  131  -21
2.04381466  0.232747  4.279505  0.0   63  -49
2.04385823  0.234665  4.350359  0.9   47  -71
2.04385928  0.227036  4.072084  0.1   98  -44
2.04386331  0.226206  4.042350  0.4  110  -43
2.04391078  0.234081  4.328705  0.6  301  -42
2.04394830  0.238427  4.490960  0.4  176  -51
2.04395306  0.235710  4.389178  0.1  101  -46
2.04397955  0.239014  4.513094  0.0   73  -65
2.04399724  0.231646  4.239118  0.1   91  -38
2.04399958  0.235209  4.370530  0.2  284  -34
2.04406100  0.236059  4.402177  0.5  263   43
2.04406365  0.236790  4.429475  0.6   67   52
2.04410354  0.232400  4.266775  0.0  281   42
2.04410564  0.233296  4.299732  0.4  303   43
2.04414496  0.217864  3.749700  0.8  109   60
2.04414492  0.212860  3.579440  0.4  288   57
2.04418561  0.219194  3.795652  0.3  355   53
2.04418589  0.216358  3.698055  0.0  351   57
2.04423956  0.227736  4.097246  0.1  195   18
2.04424367  0.225751  4.026102  0.1  196    9
2.04426798  0.235341  4.375460  1.7  155   23
2.04431383  0.225787  4.027413  1.9  289   60
2.04431247  0.223500  3.946234  0.7  172   71
2.04433374  0.219270  3.798272  0.0  190    6
2.04437223  0.216072  3.688280  3.8  273   54
2.04437204  0.215992  3.685558  5.0  271   56
2.04442215  0.217016  3.720592  0.3  314  -41
2.04442577  0.215793  3.678751  0.1  301 -134
2.04442219  0.217222  3.727659  0.3  314  -41
2.04442499  0.219058  3.790931  0.1  300  -30
2.04447393  0.228562  4.126991  1.4  109  -32
2.04452834  0.221665  3.881699  0.8  277  -64
2.04456685  0.215163  3.657331  0.4  283  -58
2.04456700  0.224159  3.969520  1.4  103  -63
2.04456770  0.217656  3.742552  0.6   69  -67
2.04460847  0.223300  3.939167  0.0   93  -50
2.04461025  0.219355  3.801224  0.4  292  -51
2.04465004  0.223280  3.938467  0.6   54  -57
2.04461136  0.220744  3.849521  3.1  104  -47
2.04472281  0.226459  4.051405  2.9  122   47
2.04472560  0.225319  4.010730  0.8  180  -65
2.04473055  0.223943  3.961891  0.7  297  -54
2.04472880  0.222966  3.927382  0.4   95  -57
2.04478835  0.233659  4.313129  0.0  353   -4
2.04479574  0.225196  4.006356  0.0  166  -18
2.04479307  0.224901  3.995848  0.0  350   -3
2.04484395  0.225747  4.025992  1.7  142   39
2.04484252  0.225157  4.004959  1.0  322   49
2.04491397  0.231878  4.247632  2.7  351   46
2.04491642  0.231528  4.234819  2.8  175   28
2.04491682  0.231346  4.228172  2.3  176   27
2.04499052  0.231479  4.233033  0.0  150  -32
2.04499495  0.228066  4.109130  0.1  278  -27
2.04499506  0.227502  4.088805  0.0  284  -33
2.04500703  0.233694  4.314433  1.3  277   -8
2.04506092  0.230821  4.208988  0.0   41  -36
2.04506974  0.227236  4.079268  0.5   40   66
2.04507487  0.229583  4.163958  0.9   24   61
2.04511078  0.228854  4.137551  0.8  299   58
2.04515459  0.228870  4.138147  0.0  213   63
2.04514131  0.230046  4.180756  0.2  347  -66
2.04518358  0.230749  4.206357  5.9  317  -17
2.04518662  0.230561  4.199508  1.6  180  -56
2.04524062  0.234297  4.336702  2.3   31  -58
2.04526200  0.230580  4.200207  1.1  276  -55
2.04526395  0.229432  4.158486  0.0  301  -44
2.04530772  0.222057  3.895424  0.2   46  -62
2.04531003  0.220970  3.857407  0.1  310  -51
2.04534286  0.219868  3.819009  1.0   13  -40
2.04534789  0.226339  4.047126  0.0   45  -48
2.04538885  0.233647  4.312696  0.4   87  -44
2.04538126  0.236198  4.407359  0.2   63  -57
2.04542273  0.229962  4.177717  0.3   55   58
2.04544435  0.239731  4.540216  0.1  205   13
2.04549790  0.224434  3.979283  0.0  287   65
2.04549681  0.222583  3.913928  0.0  307   65
2.04550483  0.225367  4.012432  0.0  168   58
2.04550435  0.227826  4.100462  0.1  343   61
2.04557651  0.223862  3.959012  3.3  277   50
2.04557546  0.221693  3.882660  3.6  109   35
2.04557520  0.221701  3.882953  3.5  289  146
2.04565165  0.230031  4.180221  0.5   15  -11
2.04564560  0.226324  4.046576  0.1  193  -22
2.04568586  0.221852  3.888259  0.5  279   52
2.04569333  0.224434  3.979292  0.0  352   59
2.04569837  0.222099  3.896904  1.3  347   41
2.04571474  0.230890  4.211495  2.3    0   27
2.04577225  0.220925  3.855804  0.0  339   42
2.04577323  0.220874  3.854023  0.2  162   31
2.04579074  0.230707  4.204839  2.3  289  -47
2.04584027  0.221152  3.863764  1.9  176  -64
2.04584003  0.219858  3.818653  1.0  173  -69
2.04586334  0.227811  4.099927  3.4  289  -22
2.04590161  0.226162  4.040779  6.0  304   22
2.04592170  0.229817  4.172461  0.4    2  -48
2.04595286  0.226396  4.049151  2.0  292   62
2.04594861  0.226983  4.070167  1.0  169   56
2.04599891  0.224992  3.999084  0.2   89  122
2.04601140  0.220413  3.837971  0.0  270   56
2.04601137  0.224054  3.965827  0.0  265   10
2.04604932  0.229023  4.143681  0.4    3   37
2.04608006  0.222665  3.916814  0.0  320   56
2.04609376  0.225742  4.025798  1.9  176   27
2.04614073  0.219795  3.816482  0.0  293   -6
2.04614508  0.217573  3.739698  2.3   61  -59
2.04614101  0.219377  3.801962  2.2  294   -9
2.04613773  0.219567  3.808551  2.3  108  -19
2.04621478  0.229969  4.177963  3.3  299   -7
2.04622367  0.228130  4.111433  2.0  120   -7
2.04628289  0.227986  4.106223  2.2  355    2
2.04628232  0.228667  4.130802  2.9  355   10
2.04629224  0.232428  4.267786  2.7  174  -22
2.04635223  0.230188  4.185917  1.1  381   64
2.04635601  0.223786  3.956330  1.1  105   52
2.04635682  0.223624  3.950593  0.1  106   52
2.04636836  0.229246  4.151744  0.3  203  -67
2.04642498  0.208210  3.424772  0.2  158   45
2.04642548  0.212447  3.565568  0.0  159   51
2.04642677  0.212735  3.575224  0.0  160   50
2.04648593  0.230532  4.198458  0.0  302   -2
2.04649419  0.224229  3.972017  4.4  158   -7
2.04649383  0.224535  3.982867  3.5  160   -4
2.04656175  0.211205  3.524006  0.0   16   27
2.04656489  0.209087  3.453677  0.1  195   15
2.04656096  0.210129  3.488193  0.3  206   17
2.04662686  0.210418  3.497796  0.0  175  -51
2.04669997  0.213883  3.613937  0.9  241  -49
2.04669333  0.214076  3.620451  0.1  208 -114
2.04669842  0.211041  3.518522  1.2  184  -50
2.04669199  0.211198  3.523749  0.3  186  -69
2.04669504  0.213735  3.608931  1.0  177  -32
2.04675757  0.229385  4.156768  0.0  132  -67
2.04676850  0.223254  3.937550  0.0  173  -13
2.04676488  0.231031  4.216659  0.0    3  -17
2.04683306  0.229515  4.161500  1.9  165   11
2.04683711  0.227409  4.085480  1.7  342   15
2.04689236  0.219611  3.810106  0.0   84   31
2.04690043  0.216867  3.715467  2.7  185   29
2.04690370  0.213721  3.608455  1.3  181   27
2.04690353  0.214208  3.624932  0.0  180   27
2.04691035  0.224414  3.978576  1.7   61   38
2.04699389  0.226360  4.047862  2.0  293  -25
2.04699520  0.224660  3.987309  1.1  106  -27
2.04703701  0.212717  3.574647  0.1   30   -8
2.04703684  0.214514  3.635282  0.3   28   -9
2.04704390  0.216592  3.706049  0.0  173  -25
2.04707501  0.227889  4.102749  0.0  181  -74
2.04710339  0.234453  4.342491  0.0  352    7
2.04713294  0.232919  4.285847  0.0   61   94
2.04717783  0.224507  3.981873  1.5  295  -38
2.04717010  0.225232  4.007626  0.0  355  -49
2.04717943  0.224509  3.981952  2.5  295  -37
2.04717615  0.228162  4.112577  0.0  197  -75
2.04725369  0.229481  4.160269  1.5  295   -9
2.04727689  0.218387  3.767731  1.7  304   28
2.04730227  0.220863  3.853660  4.5  168    3
2.04727777  0.218728  3.779515  2.4  304   28
2.04730206  0.220460  3.839601  4.4  168    5
2.04734054  0.225424  4.014458  0.0  284   25
2.04734676  0.227608  4.092617  1.3  283   37
2.04740612  0.222239  3.901810  1.3  166   32
2.04740491  0.221492  3.875645  0.0  344   45
2.04746234  0.219534  3.807432  2.7  342   61
2.04746565  0.221371  3.871392  3.4  185   47
2.04748631  0.218696  3.778392  4.0  173  -25
2.04748723  0.219005  3.789080  4.1  172  -25
2.04748521  0.221463  3.874629  0.0  104  -87
2.04754637  0.223021  3.929317  0.0  355   -4
2.04755969  0.222322  3.904732  0.0  354  -12
2.04761042  0.226542  4.054390  0.0  346   14
2.04762557  0.224000  3.963905  0.0  170  -47
2.04761644  0.226122  4.039366  0.0  174   -1
2.04767742  0.226028  4.036003  1.0  357  -12
2.04768415  0.224841  3.993724  1.0  182  -34
2.04768753  0.226058  4.037073  0.0  189  -43
2.04773299  0.224485  3.981075  0.0   54   88
2.04774318  0.224637  3.986487  0.1   13    2
2.04774827  0.229597  4.164450  0.2  190   15
2.04780836  0.224131  3.968543  0.1   11  -56
2.04780958  0.226057  4.037030  0.3    3  -56
2.04781199  0.218610  3.775435  0.0  215  -74
2.04788748  0.223793  3.956596  0.6  197  -21
2.04788811  0.224195  3.970810  0.8  197  -21
2.04793579  0.216456  3.701394  0.0  207   51
2.04794446  0.211091  3.520182  0.0  200   49
2.04794410  0.208804  3.444333  0.0  199   48
2.04794627  0.215407  3.665620  0.2   14   61
2.04801491  0.229714  4.168707  2.4  350   17
2.04803527  0.219642  3.811182  1.1  150  -34
2.04803762  0.222158  3.898967  0.0  319  -38
2.04804100  0.217730  3.745090  0.9  324  -23
2.04807860  0.220329  3.835039  0.0  176   42
2.04814830  0.221832  3.887553  1.4  121   44
2.04814705  0.218124  3.758667  0.9  114   26
2.04814456  0.219825  3.817512  1.3  292   32
2.04814965  0.218980  3.788218  0.4  291   39
2.04821352  0.218527  3.772573  0.7  189   -6
2.04821372  0.216997  3.719920  0.1  190   -6
2.04825891  0.214091  3.620946  0.0  109   89
2.04826084  0.210586  3.503377  0.3    4   82
2.04825909  0.211154  3.522285  0.0  337   82
2.04829475  0.212378  3.563246  0.3  312  -51
2.04834968  0.218150  3.759556  0.6  158  -47
2.04834670  0.215749  3.677263  0.0  337  -34
2.04834543  0.217250  3.728618  0.1  336  -33
2.04841750  0.225408  4.013901  1.3  180    3
2.04842821  0.224015  3.964437  0.7  269  -41
2.04841617  0.223509  3.946534  1.3    2   14
2.04846970  0.228404  4.121305  0.4  346    9
2.04847086  0.226709  4.060370  1.4  174   -6
2.04847176  0.227440  4.086597  0.3  166   -4
2.04854852  0.227878  4.102360  0.9  180  -25
2.04854142  0.227811  4.099934  2.7  337  -10
2.04860899  0.227637  4.093664  1.6  347    6
2.04861479  0.227583  4.091719  0.4  283  -59
2.04861516  0.226048  4.036725  0.2  288  -56
2.04868103  0.227205  4.078156  0.2  165  -42
2.04868084  0.227161  4.076560  0.1  348  -23
2.04867177  0.227721  4.096707  0.1  191  -47
2.04867365  0.229956  4.177500  0.0  200  -51
2.04873991  0.231432  4.231303  2.2  199    0
2.04873929  0.229450  4.159121  1.3  200   -2
2.04879949  0.228690  4.131646  0.5  216   54
2.04880012  0.228086  4.109852  0.7  167  -19
2.04879919  0.228548  4.126508  3.1  238   44
2.04887006  0.227019  4.071468  0.0  251  -90
2.04886976  0.224914  3.996307  0.0  188  -85
2.04889400  0.226519  4.053553  0.0  315  -80
2.04893401  0.225311  4.010438  0.2  198   23
2.04894080  0.225322  4.010817  2.1  198   -1
2.04894721  0.224856  3.994260  1.6  202   -9
2.04894730  0.224249  3.972724  0.9  202   -9
2.04901107  0.221220  3.866130  0.0  171   23
2.04901033  0.221376  3.871584  0.3  165   29
2.04907272  0.219754  3.815045  0.6  183  -32
2.04906872  0.219124  3.793194  0.4  178  -31
2.04907040  0.219067  3.791230  1.0  188  -20
2.04914042  0.206424  3.366256  0.4  349   51
2.04913770  0.208802  3.444270  0.2    2   56
2.04913732  0.205602  3.339518  0.0    2   56
2.04920472  0.220836  3.852721  3.6   95   58
2.04920713  0.218456  3.770114  6.0  113   49
2.04920627  0.218388  3.767756  6.0  282   51
2.04927162  0.216204  3.692783  1.7  214   27
2.04927077  0.216027  3.686729  2.4   36   37
2.04927175  0.215678  3.674847  4.6   18   13
2.04927166  0.215659  3.674191  4.8   18   13
2.04934794  0.221490  3.875581  3.9  160    2
2.04934582  0.221841  3.887873  4.4  339   16
2.04940385  0.227690  4.095573  0.4  180    1
2.04941125  0.218486  3.771149  0.2  358  -15
2.04941316  0.217543  3.738667  0.0  175  -27
2.04943007  0.233823  4.319190  1.3  310  -50
2.04948821  0.229999  4.179055  0.1  161  -40
2.04948847  0.231111  4.219566  0.1  340    2
2.04949106  0.235377  4.376792  3.4   96  -44
2.04954177  0.228330  4.118634  6.0   53  -46
2.04954377  0.228490  4.124390  5.7  251  -56
2.04957594  0.232977  4.287971  1.2  193   34
2.04960208  0.236680  4.425366  0.0  302   58
2.04964820  0.231458  4.232244  5.6   79   65
2.04964618  0.233301  4.299935  0.8  258   42
2.04966874  0.228688  4.131554  1.0  300  -45
2.04971101  0.228912  4.139665  1.6  323   -6
2.04971783  0.228083  4.109720  2.2  321  -10
2.04977043  0.222369  3.906394  2.4  304   12
2.04977003  0.220846  3.853072  0.2  311   57
2.04977047  0.222459  3.909557  2.3  303   12
2.04979309  0.230693  4.204327  0.8  302   41
2.04985324  0.228213  4.114411  0.5  339   45
2.04980011  0.231190  4.222439  2.9  120  -17
2.04985356  0.227850  4.101350  0.4  345   40
2.04992081  0.226168  4.040998  0.4  163  -25
2.04991995  0.226425  4.050199  0.8  172  -28
2.04992728  0.229326  4.154658  0.0  189  -29
2.04998644  0.223891  3.960065  2.9   12   41
2.04999015  0.222114  3.897424  1.7  198   16
2.04999991  0.219924  3.820947  0.2  195   17
2.05000095  0.221619  3.880077  0.8  195   10
2.05005174  0.228346  4.119222  0.1  170  -75
2.05004918  0.224208  3.971252  0.1  177   57
2.05012632  0.219932  3.821245  0.9  197  -13
2.05012176  0.215548  3.670427  0.0   17    4
2.05012910  0.212851  3.579128  0.0   20    3
2.05012893  0.214323  3.628828  0.1  199  -12
2.05019644  0.233131  4.293657  0.1  352   -6
2.05019730  0.235169  4.369048  0.3  192   18
2.05026152  0.227769  4.098421  1.3  136  -83
2.05027166  0.222024  3.894273  0.0  160  -62
2.05027559  0.223732  3.954436  0.4  292  -95
2.05027560  0.224424  3.978934  0.7  113  -83
2.05033956  0.220757  3.849975  0.1  329   47
2.05033360  0.223832  3.957972  0.1  193   59
2.05033517  0.226410  4.049646  0.6  176   53
2.05039411  0.228606  4.128593  0.8   96   49
2.05039903  0.230763  4.206885  0.5  306  -48
2.05045355  0.222628  3.915492  0.0   76   57
2.05046651  0.216554  3.704767  0.0  176    5
2.05046630  0.215490  3.668455  0.0  176    5
2.05046568  0.215531  3.669844  0.0  176    9
2.05053353  0.218580  3.774416  0.2  181   32
2.05053096  0.219089  3.792010  1.7  350   47
2.05054931  0.222962  3.927242  0.0  117  -33
2.05061039  0.216529  3.703902  0.0  354  -37
2.05063001  0.215815  3.679497  1.3  333   60
2.05063224  0.217067  3.722337  1.9  185   55
2.05064770  0.215642  3.673624  0.0  181   14
2.05064770  0.213958  3.616478  0.0    1   27
2.05071414  0.218625  3.775961  0.5  150  -58
2.05071214  0.212702  3.574116  0.0  357  -31
2.05078291  0.223535  3.947481  0.0  155  -17
2.05078199  0.222628  3.915510  0.2  153  -23
2.05078065  0.227157  4.076428  3.6    6    7
2.05084541  0.220103  3.827167  0.0  317   -1
2.05083776  0.225435  4.014849  1.1  189   51
2.05084551  0.224327  3.975482  0.1  310  -20
2.05091976  0.224652  3.987017  0.5   91   57
2.05090619  0.217227  3.727829  0.0  298   29
2.05091959  0.224204  3.971140  0.7  303   66
2.05091638  0.219522  3.807016  0.1  336   59
2.05098440  0.223418  3.943333  0.1  178  -24
2.05098538  0.222367  3.906315  0.0  176  -24
2.05098233  0.224626  3.986082  0.1  355   -1
2.05106030  0.226270  4.044649  3.9  163  -18
2.05106105  0.229475  4.160026  4.0  166  -18
2.05106205  0.227080  4.073659  3.1  170  -18
2.05112371  0.218637  3.776380  0.1  302  -62
2.05112391  0.219507  3.806468  0.1  159  -56
2.05112265  0.217185  3.726373  0.0   91  -58
2.05119064  0.229344  4.155311  4.0  203   10
2.05120266  0.221306  3.869134  0.1  164  -67
2.05120184  0.221059  3.860501  0.0  316  -74
2.05125694  0.222978  3.927831  0.1  343   45
2.05125750  0.225597  4.020630  1.9  187  -67
2.05126640  0.227615  4.092878  4.0  186   33
2.05133026  0.226111  4.038955  0.0   12   -5
2.05133166  0.224320  3.975246  3.0  189  -16
2.05133290  0.224804  3.992393  2.6  189  -16
2.05139657  0.223849  3.958569  0.8  178   11
2.05139501  0.223871  3.959355  0.4  180   12
2.05139662  0.221841  3.887861  0.2  176   11
2.05147052  0.223540  3.947654  0.2   11  -48
2.05146617  0.221414  3.872902  0.1  181  -48
2.05149741  0.220735  3.849188  0.3   78  106
2.05149767  0.217527  3.738114  0.0  303   69
2.05150086  0.221983  3.892856  3.1   19   58
2.05154108  0.226290  4.045374  0.4  190  -27
2.05154196  0.227338  4.082922  0.6  190  -25
2.05161336  0.224833  3.993444  3.3  181   42
2.05163357  0.223332  3.940297  0.0  310   81
2.05163405  0.219737  3.814464  0.1   94   76
2.05168185  0.222408  3.907775  3.6   89   52
2.05168159  0.221381  3.871771  4.9  289   59
2.05168089  0.222939  3.926447  4.3  271   58
2.05172257  0.232065  4.254482  3.1  305   -0
2.05176429  0.220771  3.850439  4.0  311   47
2.05176484  0.220657  3.846473  5.0  308   45
2.05178473  0.224879  3.995083  0.8  329  -49
2.05182231  0.230247  4.188072  0.3  155  -50
2.05183260  0.231593  4.237181  1.1  157    5
2.05187870  0.221821  3.887150  4.5  125  -43
2.05191590  0.220999  3.858389  0.1  273  -59
2.05191726  0.220609  3.844807  0.5  136  -50
2.05191604  0.219607  3.809948  0.8  299 -127
2.05195792  0.226074  4.037655  3.8  310  -37
2.05195859  0.225306  4.010270  3.6  311  -36
2.05200184  0.236631  4.423562  3.6  286  -55
2.05204360  0.222988  3.928162  0.3  177  -49
2.05204566  0.223889  3.959988  1.3  176  -56
2.05204664  0.235175  4.369266  3.5  294  -77
2.05210605  0.235320  4.374679  1.9  187  -48
2.05210785  0.232372  4.265727  1.5  311  -43
2.05212484  0.233947  4.323757  2.4  195  -57
2.05214021  0.231422  4.230921  3.1  312  -19
2.05218070  0.230458  4.195765  0.0  323   11
2.05217639  0.231734  4.242362  1.1  186  -21
2.05225278  0.226115  4.039094  6.0  200   43
2.05224964  0.223547  3.947896  0.0  176   -6
2.05225816  0.216279  3.695339  0.0  201  -74
2.05230123  0.226483  4.052286  0.4  187   34
2.05230895  0.227063  4.073054  0.3    1   40
2.05234942  0.222557  3.912983  0.0  190   61
2.05237118  0.219730  3.814233  0.1  189   14
2.05237617  0.218338  3.766034  0.0  190   14
2.05242037  0.217269  3.729264  0.1   44   57
2.05242054  0.217557  3.739151  0.5   44   57
2.05242513  0.218714  3.779013  0.4  208  120
2.05245647  0.231189  4.222438  0.8    6   21
2.05251328  0.220946  3.856560  1.7   17  -16
2.05252313  0.212329  3.561607  0.1  207  -20
2.05251979  0.210980  3.516508  0.2   28   -6
2.05256554  0.228254  4.115883  0.9  187   39
2.05256783  0.227293  4.081319  0.4  179   37
2.05260538  0.228292  4.117252  0.1  276   50
2.05264342  0.227642  4.093860  0.5  107   43
2.05264897  0.227342  4.083083  1.9   27  -40
2.05267614  0.225351  4.011857  0.2   46  -53
2.05266746  0.223168  3.934521  0.7   38  -51
2.05271828  0.228523  4.125587  0.7  159  -69
2.05272611  0.228083  4.109709  0.1  357   -7
2.05276904  0.221933  3.891085  0.1  293  -38
2.05276730  0.227390  4.084773  0.1   96  -63
2.05284659  0.225851  4.029673  0.4    0   12
2.05284942  0.223491  3.945893  0.1  359    6
2.05284605  0.227498  4.088688  0.2   61  -47
2.05290584  0.225371  4.012584  0.0   80   84
2.05290571  0.223653  3.951634  0.5  198   67
2.05290874  0.225689  4.023913  1.4  191   47
2.05290746  0.223518  3.946868  0.6  173   63
2.05298990  0.224040  3.965312  0.1  281   41
2.05299351  0.223392  3.942429  0.1  274   42
2.05299412  0.226095  4.038389  2.7  275   54
2.05303845  0.227200  4.077984  0.9  295   24
2.05304684  0.229912  4.175905  0.7  283   23
2.05306768  0.231607  4.237691  0.5  112  -38
2.05306722  0.230522  4.198083  0.1  113  -36
2.05313677  0.235244  4.371841  0.0  312   37
2.05314073  0.234733  4.352866  3.5  302   40
2.05317895  0.226751  4.061857  0.1  286  -55
2.05318184  0.226998  4.070702  0.0   82  -56
2.05318828  0.224027  3.964872  0.1   70  -37
2.05322400  0.229835  4.173090  0.3  195   47
2.05327321  0.219565  3.808477  0.1  104   52
2.05327121  0.222796  3.921395  0.5  262   53
2.05331128  0.220157  3.829057  1.5  286   51
2.05331129  0.220145  3.828639  1.4  285   52
2.05335256  0.222835  3.922771  0.6   68   43
2.05335485  0.217253  3.728694  0.0   54   45
2.05339976  0.227465  4.087490  0.0  105   80
2.05341978  0.219656  3.811665  2.6  286  -63
2.05342528  0.220670  3.846925  4.2  317  -53
2.05348363  0.213654  3.606198  1.0  283   33
2.05348194  0.213159  3.589520  0.6  102  147
2.05348129  0.216837  3.714431  0.0  107   26
2.05355011  0.219665  3.811974  0.2  271  -46
2.05355347  0.215262  3.660690  0.0  291  -46
2.05355659  0.216107  3.689481  0.0   89  -62
2.05358904  0.217844  3.749040  0.7  298  -45
2.05359471  0.219871  3.819109  0.0  106  -32
2.05364416  0.232321  4.263872  0.0  188   17
2.05369745  0.225564  4.019442  0.1  293  -63
2.05369682  0.223979  3.963162  0.3  266  -65
2.05369806  0.226126  4.039489  0.8   65  -60
2.05372360  0.231884  4.247839  3.4  167    3
2.05376551  0.231282  4.225820  2.7  175  -24
2.05377730  0.231701  4.241141  4.8  175  -54
2.05378524  0.231164  4.221496  4.6  353  -29
2.05382148  0.232898  4.285074  1.7  297  -65
2.05383895  0.235071  4.365401  4.2  174  -56
2.05385105  0.231973  4.251089  0.3  279   49
2.05389328  0.233150  4.294355  0.5   63   60
2.05393473  0.232705  4.277972  0.4  126   70
2.05393166  0.219396  3.802617  0.2   58   52
2.05393818  0.223069  3.931040  0.2   32   51
2.05397118  0.226816  4.064201  0.0   65   61
2.05401521  0.229884  4.174880  0.1   43   63
2.05401823  0.230519  4.197974  0.5  188   50
2.05401815  0.232920  4.285886  0.4  288   49
2.05407973  0.229672  4.167174  1.7  319   16
2.05408636  0.228333  4.118757  0.0  312   -4
2.05412020  0.232866  4.283895  1.2   32  -44
2.05415363  0.227538  4.090101  0.1  126   15
2.05415948  0.228467  4.123561  0.0  310  -29
2.05415252  0.225620  4.021448  0.0  126   21
2.05420761  0.226315  4.046276  1.1  322   43
2.05427001  0.229172  4.149049  0.6  123   58
2.05427133  0.227901  4.103156  0.7  126   57
2.05428882  0.219308  3.799592  0.0  317  -27
2.05427982  0.226419  4.049968  0.0  309  -34
2.05429197  0.217345  3.731872  0.0  314  -25
2.05435150  0.216466  3.701758  3.1  298   32
2.05435138  0.216146  3.690825  2.5  298   33
2.05435280  0.217274  3.729426  0.0  297   29
2.05439809  0.224852  3.994104  0.3   94  -58
2.05443865  0.221442  3.873888  0.0  108  -48
2.05443868  0.222068  3.895837  0.0  108  -49
2.05449368  0.219711  3.813564  0.0  297 -155
2.05449700  0.218049  3.756089  0.0  108  -28
2.05450034  0.219886  3.819645  0.6  114  -38
2.05455311  0.219842  3.818113  0.2   99  120
2.05455090  0.220894  3.854755  0.5  274   58
2.05459673  0.234437  4.341896  0.5   58   64
2.05462238  0.229437  4.158663  3.4    1  -25
2.05463362  0.228286  4.117048  1.9  169  -42
2.05464179  0.223000  3.928597  1.4  168  -54
2.05468568  0.218906  3.785655  3.5  311   40
2.05468418  0.220439  3.838877  0.9  301   35
2.05469609  0.225324  4.010899  0.0  297  -69
2.05473065  0.230292  4.189731  0.0   28   51
2.05476919  0.233703  4.314747  2.1  203  -46
2.05477459  0.231369  4.228990  1.7  198  -52
2.05481587  0.232323  4.263948  1.0  113    6
2.05481957  0.228021  4.107481  0.5  279   56
2.05482042  0.225188  4.006062  0.1  295  131
2.05484916  0.229909  4.175783  0.0   40   39
2.05488370  0.235732  4.389984  0.9  118  -30
2.05492064  0.237067  4.439858  3.1  315  -18
2.05496799  0.225516  4.017755  1.2  284 -128
2.05496943  0.223740  3.954696  0.8  276  -56
2.05497084  0.227987  4.106250  0.0   85  -56
2.05501482  0.227601  4.092366  0.2  311  -40
2.05501538  0.228222  4.114752  0.1  313  -36
2.05506123  0.227334  4.082786  0.1  168   46
2.05506232  0.228829  4.136656  0.6  174   47
2.05510504  0.235563  4.383693  0.0  301  -63
2.05510671  0.232937  4.286519  0.0  302  -63
2.05513315  0.233365  4.302291  1.5  196   -9
2.05514573  0.235026  4.363722  1.9   96  -49
2.05516794  0.233958  4.324164  1.8   36   66
2.05521560  0.238869  4.507607  0.0  302  -35
2.05526713  0.232369  4.265619  4.1    9  -50
2.05527311  0.227910  4.103502  0.7  298  -38
2.05527238  0.231243  4.224381  0.0  298  -49
2.05527279  0.227969  4.105609  1.7   85  -54
2.05527240  0.227786  4.099036  1.9  298  -48
2.05534074  0.229842  4.173359  0.0  178   47
2.05534261  0.232345  4.264742  0.2  179   46
2.05541112  0.225954  4.033354  2.9  308   25
2.05541583  0.226266  4.044500  2.7  306   39
2.05541833  0.222899  3.925039  1.2  147   25
2.05541840  0.224496  3.981481  1.6  318   32
2.05548206  0.233169  4.295044  0.7  191   32
2.05552300  0.230746  4.206259  0.6  289   40
2.05552758  0.231375  4.229232  0.7   96   47
2.05552783  0.228789  4.135222  0.1  266   41
2.05557436  0.228858  4.137705  2.5    5  -15
2.05558235  0.229020  4.143581  0.0   10  -40
2.05558515  0.235834  4.393810  0.7  289  -34
2.05563803  0.234065  4.328136  0.1  309  -56
2.05568789  0.224705  3.988879  0.3  150  -60
2.05568865  0.224178  3.970189  0.3  351  -34
2.05568731  0.225492  4.016898  0.1  329  -52
2.05572051  0.234031  4.326867  0.5  109  -67
2.05576170  0.235653  4.387052  0.2   52  -58
2.05576313  0.235470  4.380238  0.1   63  -58
2.05580615  0.240552  4.571372  1.7   54  -51
2.05584305  0.238756  4.503356  2.5   72  -42
2.05584727  0.235612  4.385524  2.0   71  -45
2.05584824  0.234503  4.344327  1.3   84  -48
2.05588145  0.231453  4.232078  0.0   49   66
2.05591205  0.234460  4.342763  0.0  208   86
2.05584859  0.236394  4.414695  1.9  287  -51
2.05596018  0.236181  4.406740  0.0  298   42
2.05600212  0.234028  4.326776  0.1  130   53
2.05600137  0.233533  4.308474  0.0   52   72
2.05603880  0.234653  4.349901  0.3   40  -45
2.05603968  0.237841  4.468898  0.7   46  -45
2.05607842  0.235950  4.398112  0.0   54  -57
2.05608150  0.234771  4.354291  2.4   66  -50
2.05611874  0.235036  4.364128  0.1  282  -48
2.05615596  0.233366  4.302310  0.7  159  -94
2.05615753  0.225389  4.013213  0.0  176  -89
2.05617683  0.236823  4.430724  1.2  201  -41
2.05620084  0.233622  4.311774  0.4  313  -56
2.05623537  0.232975  4.287913  0.7  294   51
2.05624048  0.233203  4.296296  1.1  193  -55
2.05628382  0.230330  4.191105  0.0  274   47
2.05628470  0.227765  4.098277  2.3  280   49
2.05632628  0.235170  4.369093  0.3  274   72
2.05633001  0.236498  4.418585  0.2   67   98
2.05634240  0.236076  4.402817  1.4  294   45
2.05642210  0.227103  4.074502  2.4  288   38
2.05642594  0.229284  4.153109  3.4  187   26
2.05642222  0.226131  4.039682  1.3  288   39
2.05646780  0.224806  3.992492  0.0  127   53
2.05646725  0.224296  3.974402  3.3  293   61
2.05647342  0.231255  4.224828  2.9  206   54
2.05652679  0.233524  4.308126  0.2  195  -47
2.05652336  0.225420  4.014322  0.1  120  -30
2.05655290  0.238109  4.478976  4.0  260    2
2.05658931  0.236942  4.435173  0.1  167  -80
2.05661332  0.235766  4.391279  1.7  283  -50
2.05661990  0.234370  4.339407  0.0  305  -62
2.05666180  0.233909  4.322367  2.2  285  -53
2.05665983  0.223947  3.962032  0.0  131  -42
2.05670572  0.227537  4.090073  0.0   98   64
2.05670576  0.230846  4.209898  0.3  289   68
2.05674558  0.238672  4.500194  2.5  297  -50
2.05675116  0.235608  4.385398  3.0  299  -32
2.05679849  0.243976  4.702437  0.5  302   44
2.05682301  0.240924  4.585489  0.2  286  -15
2.05682323  0.232850  4.283302  0.0  195   28
2.05686279  0.234155  4.331472  1.2  282  -70
2.05689805  0.232196  4.259288  0.9  103  -53
2.05689870  0.229586  4.164080  0.0  299  -47
2.05690079  0.233147  4.294253  0.6  114  -51
2.05694128  0.237851  4.469277  0.2  185  -49
2.05697372  0.235310  4.374289  0.2  311   26
2.05697997  0.232209  4.259761  0.9  288   54
2.05698805  0.230936  4.213180  0.1  211  -18
2.05705538  0.238097  4.478529  0.2  299   55
2.05706189  0.234546  4.345953  0.1   61   61
2.05706665  0.235071  4.365413  0.4   53   61
2.05712210  0.232410  4.267140  0.0  286   27
2.05712508  0.222558  3.913016  0.1  120   30
2.05713740  0.221828  3.887416  0.0  160   73
2.05717235  0.229024  4.143693  0.2  185   39
2.05718027  0.235926  4.397218  0.8  168   36
2.05721075  0.237150  4.442953  0.2  296  -40
2.05725187  0.230355  4.192019  0.0  329  -49
2.05725120  0.226817  4.064233  1.6   84  -54
2.05726694  0.228632  4.129539  3.0  300    2
2.05727208  0.229113  4.146946  0.2  108  -12
2.05731929  0.232457  4.268855  0.0  313  -76
2.05736774  0.234778  4.354525  0.1  304  -53
2.05736452  0.230512  4.197718  0.1   68  -57
2.05741001  0.229789  4.171449  3.3  166  -58
2.05740770  0.230749  4.206374  0.0  105  -51
2.05741553  0.231163  4.221458  0.6   88  -50
2.05746639  0.234332  4.338005  1.1   18   65
2.05746546  0.234490  4.343850  1.6   17   65
2.05754438  0.230751  4.206421  0.0   23  -36
2.05755161  0.229133  4.147653  3.3   21  -57
2.05754693  0.231339  4.227916  0.0  192  -63
2.05755198  0.227823  4.100367  3.4  203  -69
2.05762181  0.236583  4.421732  1.6  323  116
2.05762654  0.233929  4.323089  0.8  294   65
2.05762670  0.235702  4.388879  0.7  278   66
2.05767169  0.238577  4.496589  4.4  176   26
2.05771007  0.238000  4.474889  1.2  353  -56
2.05771148  0.231647  4.239156  0.2  282  -52
2.05771014  0.230535  4.198566  0.1  283  -52
2.05775099  0.232688  4.277339  0.0   45  -69
2.05777771  0.236944  4.435258  0.2   76  -30
2.05780747  0.236089  4.403299  2.0  173   15
2.05782404  0.235778  4.391724  2.0  290  -37
2.05782300  0.232801  4.281507  0.0  315  -48
2.05785889  0.240510  4.569747  2.1   80    2
2.05792530  0.243360  4.678714  2.8   53   68
2.05793659  0.230393  4.193399  0.0  316   15
2.05793917  0.231845  4.246434  0.5  313   15
2.05795835  0.230435  4.194906  1.9    8  -32
2.05796150  0.235443  4.379232  0.0  317  -60
2.05796972  0.237086  4.440562  4.4  123  -45
2.05801511  0.236484  4.418063  0.7  191  -60
2.05805899  0.232525  4.271362  6.8    5   37
2.05805856  0.234314  4.337340  6.9  184   20
2.05808482  0.232135  4.257044  0.1  305  -56
2.05812187  0.234393  4.340262  5.8  313   26
2.05812166  0.237884  4.470499  4.6  188   56
2.05818663  0.236499  4.418626  4.9  291  142
2.05818796  0.240085  4.553640  0.9  108   31
2.05820791  0.236716  4.426723  0.6  185   20
2.05820827  0.236508  4.418939  0.3  184   22
2.05828213  0.241940  4.624275  0.9  173  -43
2.05829278  0.241552  4.609429  0.2  200   41
2.05828665  0.239476  4.530534  2.0  193  -51
2.05834026  0.239308  4.524184  0.0  205   51
2.05834220  0.234312  4.337253  0.0  200   61
2.05835647  0.235966  4.398727  3.8  304  -11
2.05835697  0.235088  4.366037  4.1  303 -166
2.05841210  0.239106  4.516560  1.9  294   30
2.05842874  0.233473  4.306276  0.1  298   47
2.05846221  0.234659  4.350105  4.3  287 -121
2.05847286  0.238143  4.480266  1.1  350   40
2.05851389  0.238772  4.503968  0.3  278  -65
2.05855293  0.236923  4.434483  1.5  307   45
2.05855759  0.235411  4.378048  0.0  151  -22
2.05855705  0.236064  4.402385  0.0  328  -14
2.05860060  0.231254  4.224804  0.1  183  -15
2.05861291  0.232807  4.281730  0.6    5   -3
2.05864702  0.234373  4.339523  0.3   23   14
2.05866358  0.239275  4.522950  0.8   25   24
2.05868227  0.237338  4.450002  0.7   44   41
2.05873266  0.232070  4.254661  0.0  109   32
2.05873854  0.231610  4.237823  0.0  111   31
2.05873280  0.231361  4.228723  1.8  287   64
2.05877749  0.231930  4.249534  0.1  315   51
2.05878101  0.235462  4.379930  1.2  296   67
2.05882982  0.234535  4.345523  0.5  302   59
2.05884585  0.231240  4.224286  0.3  190  -53
2.05884933  0.234038  4.327115  1.5  203  -54
2.05888021  0.236274  4.410209  0.0  142   44
2.05888862  0.234731  4.352792  2.0  161   66
2.05892449  0.238123  4.479492  0.9    1  -42
2.05898061  0.238430  4.491071  0.0  169  -31
2.05897880  0.237606  4.460062  2.8  351  -15
2.05897973  0.239400  4.527664  3.3  218  -45
2.05901940  0.238457  4.492090  3.0   38   40
2.05908637  0.233359  4.302068  0.3  283   64
2.05908684  0.233478  4.306441  0.0  285   58
2.05908718  0.227312  4.082001  0.2  172   42
2.05908970  0.226732  4.061176  0.2  169   41
2.05915447  0.236776  4.428960  0.3  187   63
2.05915432  0.236293  4.410913  0.2  186   60
2.05915534  0.236017  4.400629  0.0   35   82
2.05920452  0.239196  4.519958  1.8  308   12
2.05922486  0.237627  4.460847  0.5  291   40
2.05925783  0.236709  4.426445  1.1  290  -56
2.05927040  0.235829  4.393625  0.0  282   -8
2.05926787  0.237302  4.448664  3.1  280  -14
2.05932336  0.231357  4.228546  0.3   48  -50
2.05933743  0.231048  4.217285  3.7  323  -44
2.05933809  0.231354  4.228433  2.7  321  -45
2.05940919  0.224081  3.966775 10.4  317    2
2.05940120  0.229003  4.142940  7.0  312    2
2.05940603  0.224266  3.973339 10.8  316    2
2.05940911  0.226536  4.054181  9.3  316    5
2.05947107  0.233480  4.306526  0.0  300  -66
2.05947327  0.237309  4.448929  0.2   90  -57
2.05951960  0.235227  4.371210  0.1  174  -54
2.05954023  0.235983  4.399340  0.1  284   -7
2.05952867  0.240897  4.584462  0.2  205  -55
2.05955336  0.241471  4.606366  1.2  190   14
2.05962879  0.237275  4.447642  3.2  298   28
2.05962863  0.237848  4.469163  3.0  298   27
2.05963025  0.236242  4.409022  0.1  169   21
2.05968177  0.233230  4.297288  0.1  289   53
2.05968233  0.234643  4.349515  0.3  289   53
2.05975507  0.231709  4.241423  1.2  117   39
2.05975538  0.228848  4.137357  2.5  189   40
2.05975869  0.227583  4.091713  0.9  355   47
2.05975854  0.227059  4.072912  1.2  176   35
2.05980922  0.232003  4.252203  0.2  288   62
2.05984049  0.232484  4.269863  1.6  188  -40
2.05984286  0.231203  4.222935  1.4  196  -39
2.05989189  0.222853  3.923410  0.3   18   44
2.05989250  0.224899  3.995787  1.1   19   43
2.05992253  0.231215  4.223384  2.2  201   42
2.05994426  0.232988  4.288403  1.3  298   29
2.05996998  0.233029  4.289898  3.7  191  -69
2.05997681  0.233691  4.314306  3.5  212  -47
2.06001441  0.234481  4.343526  4.0   18  -38
2.06003009  0.233681  4.313945  0.9   18   45
2.06006955  0.229711  4.168608  4.0  209   60
2.06007422  0.226303  4.045821  3.5  195   60
2.06007806  0.226082  4.037944  2.8   24   66
2.06012784  0.234425  4.341467  2.1  198   -9
2.06017350  0.225482  4.016536  2.8  308  -55
2.06017387  0.225129  4.003958  1.8  306  -57
2.06017528  0.225501  4.017191  2.6  110  -63
2.06022066  0.235535  4.382674  4.1  287  -27
2.06022809  0.237323  4.449440  3.0   97  -25
2.06025825  0.239783  4.542181  1.8   14    5
2.06028955  0.238424  4.490838  0.2   14   14
2.06032595  0.231665  4.239822  1.3   16  -34
2.06033474  0.232157  4.257860  2.6   21  -34
2.06035966  0.230742  4.206118  2.2   21  -67
2.06037244  0.232082  4.255093  1.9  197  -42
2.06037885  0.231650  4.239258  0.3   13  -34
2.06039412  0.234725  4.352575  0.9  106  -45
2.06043475  0.235401  4.377686  0.7  271   34
2.06046947  0.235369  4.376470  2.9   63  -53
2.06047763  0.236323  4.412034  2.3  299  -63
2.06051533  0.237782  4.466684  0.2  169   33
2.06055657  0.231352  4.228389  0.1  306   33
2.06055950  0.229869  4.174327  0.0   63   45
2.06060458  0.227183  4.077361  0.5   72   40
2.06060145  0.224724  3.989557  0.0  299  121
2.06060163  0.228626  4.129325  1.0  272   61
2.06063325  0.238644  4.499111  1.4  180   31
2.06067276  0.234811  4.355754  0.2   64   36
2.06068209  0.235333  4.375137  1.1   46   43
2.06074271  0.230628  4.201958  4.0   20   64
2.06075362  0.227567  4.091144  3.4  187   29
2.06075400  0.228240  4.115387  3.9  187   29
2.06075677  0.228165  4.112672  3.2  190   16
2.06082588  0.216891  3.716283  0.6  281   43
2.06082738  0.217207  3.727134  0.3  109   40
2.06082630  0.216561  3.704978  0.4  280   43
2.06087388  0.224706  3.988934  3.1  298   51
2.06087631  0.226717  4.060631  2.0  292   54
2.06090366  0.231722  4.241906  2.6   80  -29
2.06095887  0.217963  3.753131  0.0  162   18
2.06096064  0.218075  3.756975  0.0  160   19
2.06095970  0.217989  3.754017  0.0  161   19
2.06102702  0.225349  4.011777  3.2  178  -50
2.06102668  0.225079  4.002195  3.1  177  -50
2.06103079  0.225812  4.028287  3.2  180  -49
2.06108872  0.228242  4.115459  0.7  354   14
2.06111072  0.221256  3.867371  0.0  281  -72
2.06110938  0.223240  3.937068  0.2   65  -63
2.06115088  0.223759  3.955392  0.2  355  -31
2.06115842  0.225492  4.016891  0.8  185  -47
2.06117883  0.230955  4.213882  1.6  323  -57
2.06123679  0.233264  4.298573  0.1  160  -54
2.06124522  0.232426  4.267739  0.0   80  -47
2.06124078  0.232751  4.279654  1.6  188  -32
2.06130767  0.234302  4.336889  1.1  278  -28
2.06131323  0.234201  4.333177  2.1  276  -28
2.06131432  0.235205  4.370394  2.1   87  -25
2.06131220  0.234700  4.351649  1.4  277  -23
2.06136958  0.240268  4.560586  0.0  184   -4
2.06140531  0.237474  4.455123  1.1   91  -50
2.06140555  0.236959  4.435820  1.2   93  -50
2.06145497  0.231310  4.226850  0.2  283   54
2.06145655  0.234721  4.352414  0.0  107   65
2.06149455  0.234601  4.347983  1.2  271   49
2.06150439  0.237731  4.464759  1.7  305   73
2.06154461  0.234136  4.330764  1.3  194   42
2.06154504  0.233405  4.303748  1.1  188   38
2.06155260  0.231708  4.241402  0.2  159   26
2.06162120  0.227185  4.077423  0.4  178   60
2.06162097  0.229222  4.150877  0.5  178   53
2.06168801  0.219673  3.812244  3.3  134   45
2.06168637  0.220796  3.851319  1.8  117   55
2.06168795  0.219665  3.811950  3.7  293   55
2.06169027  0.220079  3.826350  1.2   95  122
2.06174343  0.225881  4.030762  6.7   14   31
2.06174327  0.225786  4.027369  6.3  193   20
2.06178349  0.230997  4.215395  1.2  264   43
2.06182871  0.215978  3.685071  4.9  320  -12
2.06182940  0.215630  3.673203  5.0  316  -13
2.06183007  0.215722  3.676343  4.7  316  -14
2.06189661  0.215493  3.668528  1.2  330   54
2.06188917  0.218362  3.766887  1.1  276   30
2.06188863  0.218994  3.788697  0.6  275   30
2.06196926  0.218499  3.771596  0.3  173   -5
2.06197020  0.217351  3.732092  1.1  175   -5
2.06197062  0.217452  3.735558  0.6  174   -5
2.06203320  0.223643  3.951293  3.7  146   -2
2.06202994  0.221563  3.878137  2.7  150    9
2.06202870  0.226385  4.048753  1.1  265   42
2.06209545  0.220236  3.831824  0.4  173   -1
2.06209591  0.218363  3.766919  0.2  174    0
2.06210908  0.220574  3.843567  3.0  194  -24
2.06215970  0.214604  3.638349  0.2  188   39
2.06216682  0.206099  3.355654  0.0  198   29
2.06216864  0.206650  3.373626  0.0  194   26
2.06224083  0.203467  3.270493  1.0  149  -49
2.06224113  0.203339  3.266406  0.6  149  -50
2.06224406  0.202933  3.253363  0.6  194  -74
2.06231333  0.202007  3.223729  0.4  166  -62
2.06231274  0.202620  3.243335  0.1  165  -61
2.06231294  0.205653  3.341164  0.8    9  -41
2.06231708  0.210476  3.499711  0.2  216  -46
2.06236707  0.220877  3.854155  3.3  106  -42
2.06236956  0.220990  3.858092  3.1  111  -30
2.06244001  0.225386  4.013126  1.5  333  -24
2.06248010  0.226278  4.044946  4.0  273   27
2.06248613  0.222184  3.899898  3.0  213   50
2.06248825  0.220119  3.827724  0.0   65   70
2.06248932  0.220481  3.840344  3.6   47   70
2.06248836  0.219735  3.814403  3.0   66   71
2.06260316  0.223184  3.935060  4.7   96   48
2.06260362  0.223128  3.933095  4.2  256   44
2.06260374  0.223211  3.936043  4.4  256   43
2.06260599  0.222499  3.910975  2.5   79   48
2.06264216  0.229021  4.143606  2.9  295  -73
2.06260630  0.222116  3.897507  4.3   81   47
2.06264879  0.228681  4.131323  2.6  329  -59
2.06273622  0.229710  4.168574  2.5   78  -37
2.06272842  0.230131  4.183876  2.0  274  -44
2.06275594  0.225272  4.009047  3.0   47  -43
2.06276258  0.225598  4.020659  3.7   70  -41
2.06276532  0.226419  4.049997  3.8   80  -42
2.06284040  0.235774  4.391567  4.0  205   43
2.06288216  0.222864  3.923787  1.9  262  -64
2.06288016  0.224391  3.977770  1.2  282  -80
2.06288248  0.223530  3.947280  1.9  279  -64
2.06290313  0.219216  3.796381  0.0  162   17
2.06295678  0.228732  4.133131  3.0  134   30
2.06295932  0.225287  4.009569  0.2    3   37
2.06301904  0.208851  3.445886  5.0  280   57
2.06302309  0.204934  3.317854  4.3  103   56
2.06302829  0.203842  3.282572  3.0   14   53
2.06302861  0.203627  3.275650  2.5    4   53
2.06302819  0.204745  3.311718  2.8    1   55
2.06303400  0.215991  3.685504  1.4  333   40
2.06311552  0.219606  3.809910  1.7  175  -77
2.06317158  0.216760  3.711802  1.5   10   -9
2.06317182  0.218175  3.760437  2.6  190  -18
2.06317167  0.217077  3.722666  2.2   10   -8
2.06317613  0.218699  3.778523  2.1  194  -26
2.06323594  0.229636  4.165881  2.4  180   21
2.06323647  0.228694  4.131787  3.1  179   18
2.06330263  0.229064  4.145158  3.0  166  -50
2.06330853  0.224347  3.976180  2.7    3  -28
2.06330848  0.224107  3.967698  2.4    3  -27
2.06336723  0.209362  3.462769  6.6  166   24
2.06336713  0.209309  3.461003  6.9  165   23
2.06336716  0.209327  3.461595  6.6  166   23
2.06336770  0.209401  3.464037  6.2  171   23
2.06344477  0.213332  3.595333  0.0  157   32
2.06344601  0.212209  3.557570  0.0  159   33
2.06349252  0.225925  4.032310  1.2   49   23
2.06351702  0.218650  3.776825  2.4  294  -67
2.06351614  0.217954  3.752798  0.1  322  -77
2.06351825  0.221124  3.862762  3.0  327  -52
2.06359886  0.218815  3.782503  5.2  262  -30
2.06358889  0.220736  3.849217  5.5   66  -45
2.06363346  0.217158  3.725460  5.3  282  -54
2.06363491  0.217130  3.724496  4.9   61  -48
2.06363848  0.216269  3.694994  5.2   79  -54
2.06361301  0.220152  3.828875  4.6  273  -11
2.06371888  0.229721  4.168973  0.9   85  -41
2.06371964  0.226705  4.060217  0.3  182  -26
2.06373672  0.227652  4.094207  0.1  193  -27
2.06377763  0.226352  4.047600  0.6   97   37
2.06378252  0.227823  4.100367  0.8  266   42
2.06382620  0.222708  3.918305  1.5  302   68
2.06382817  0.223549  3.947945  0.0  302   61
2.06384573  0.225726  4.025210  0.6  180   23
2.06391274  0.202419  3.236901  0.4  205   48
2.06391244  0.199097  3.131516  0.0   31   58
2.06390832  0.202139  3.227948  0.6   43   67
2.06392864  0.214385  3.630925  1.3   42   46
2.06397032  0.221732  3.884058  0.1   66   49
2.06403022  0.220729  3.848994  0.3  239   25
2.06403549  0.219051  3.790668  0.0   14   10
2.06404982  0.215960  3.684457  1.1   48   -7
2.06404620  0.211746  3.542086  0.2  211  -12
2.06408352  0.215134  3.656336  0.9   90   29
2.06408317  0.218989  3.788538  1.2  269   30
2.06417689  0.224009  3.964228  3.4  272   36
2.06418759  0.221573  3.878488  3.7   78   51
2.06418296  0.221745  3.884484  3.9   70   31
2.06419350  0.221913  3.890389  3.3   91   52
2.06421153  0.222044  3.894983  0.2  306  -44
2.06425538  0.222748  3.919711  0.0  286  -56
2.06424700  0.221605  3.879580  0.1  158   32
2.06433408  0.223173  3.934691  1.2  185   31
2.06433793  0.221988  3.893022  2.7  184   22
2.06434159  0.221726  3.883818  2.2  179   17
2.06437291  0.217099  3.723441  0.3  303   -5
2.06438429  0.217348  3.731984  1.0  119   -5
2.06443210  0.213758  3.609705  0.1  328   34
2.06443663  0.212635  3.571870  1.6  306   48
2.06444557  0.214809  3.645277  2.9  181   49
2.06444694  0.215954  3.684269  4.5  187   21
2.06452648  0.202522  3.240202  0.2   51  -66
2.06452698  0.203561  3.273538  0.8   73  -57
2.06452439  0.200715  3.182648  0.0  220  -52
2.06452760  0.208688  3.440506  0.4  239  -86
2.06460141  0.212272  3.559704  0.0   39  -35
2.06459661  0.214944  3.649867  0.2  194  -36
2.06459640  0.210284  3.493333  0.1  204  -37
2.06466014  0.218853  3.783846  0.1  108  -25
2.06464219  0.221600  3.879418  3.0  168   41
2.06472678  0.210863  3.512589  0.0  173  -43
2.06472698  0.210081  3.486595  0.0  173  -43
2.06472805  0.209165  3.456260  0.0  181  -42
2.06478207  0.216733  3.710869  0.4  354   13
2.06478228  0.217983  3.753813  0.3  175    1
2.06479044  0.222967  3.927445  1.4  176    2
2.06486250  0.214470  3.633785  2.7   37  -37
2.06486330  0.214013  3.618339  2.8  223  -49
2.06492783  0.216046  3.687383  3.7  175  -50
2.06492789  0.215772  3.678058  4.1  357  -39
2.06492765  0.216469  3.701844  3.5  176  -51
2.06492983  0.219638  3.811024  0.0   13  -34
2.06496221  0.224585  3.984650  0.1   47   72
2.06500760  0.231617  4.238074  0.4   72   63
2.06503305  0.229253  4.152007  0.2   57  -66
2.06503454  0.229918  4.176106  0.3   79  -63
2.06506953  0.225048  4.001073  0.2  290  -47
2.06516049  0.223434  3.943880  0.0  111  -40
2.06510889  0.223484  3.945671  0.0  300  -60
2.06511055  0.225045  4.000989  0.2  325  -63
2.06515888  0.222186  3.899979  0.0  293  -49
2.06519804  0.233750  4.316503  0.9   71  -47
2.06516938  0.229282  4.153058  0.0  277   -5
2.06523731  0.234853  4.357334  0.7  315   45
2.06524416  0.235801  4.392550  0.6  296   49
2.06530946  0.216753  3.711566  3.4  243   59
2.06531312  0.211862  3.545947  0.7  197   40
2.06531459  0.211136  3.521695  0.0   15   51
2.06530965  0.211857  3.545792  0.0  286   48
2.06537526  0.219543  3.807732  0.3  306   45
2.06537804  0.224049  3.965629  1.3  266   62
2.06537807  0.221368  3.871294  0.0  280   34
2.06545163  0.213221  3.591606  0.6  175   -1
2.06545262  0.213460  3.599650  0.1  184    1
2.06545212  0.213995  3.617732  1.0  176   -1
2.06551290  0.210680  3.506497  0.0  344   26
2.06551207  0.210060  3.485906  1.0  347   33
2.06551258  0.207976  3.417052  0.1  167   23
2.06558907  0.208231  3.425460  0.0  162  -12
2.06558930  0.207731  3.409014  0.0  341   -9
2.06565218  0.208181  3.423809  0.0  351   25
2.06566011  0.206147  3.357240  0.1  168   -8
2.06565914  0.206563  3.370783  0.2  170  -10
2.06565831  0.207157  3.390216  0.2  170  -10
2.06572822  0.209474  3.466484  0.0   12  -58
2.06572550  0.208922  3.448228  0.1  176  -76
2.06579266  0.213588  3.603961  1.7  190   -9
2.06573011  0.212540  3.568680  0.1  308  -47
2.06579258  0.213096  3.587383  1.6  190   -9
2.06579400  0.212700  3.574072  1.4  191  -13
2.06579342  0.213754  3.609579  1.9  192  -12
2.06585305  0.222052  3.895264  2.3  355   42
2.06585971  0.223513  3.946694  2.0  177   24
2.06593593  0.212993  3.583899  2.7  302  -46
2.06594048  0.209114  3.454556  5.4   64  -57
2.06594011  0.207391  3.397882  2.3   91  -47
2.06600247  0.211234  3.524963  0.0  174  -32
2.06600142  0.211446  3.532037  0.0  169  -29
2.06600497  0.209650  3.472309  0.0  175  -32
2.06605987  0.231209  4.223132  1.6  148  -46
2.06605339  0.231677  4.240258  0.8  186  -64
2.06609069  0.230979  4.214747  2.6  295  -51
2.06609840  0.232655  4.276127  1.8  312  -57
2.06613773  0.228913  4.139691  0.1  358  -32
2.06613512  0.233804  4.318464  0.1   78  -54
2.06620969  0.237132  4.442312  4.2  352  -26
2.06621912  0.236085  4.403160  3.6   42  -58
2.06621858  0.235473  4.380359  2.8  170  -69
2.06625669  0.235527  4.382354  0.0  281   68
2.06625952  0.237046  4.439080  0.4  171   73
2.06625923  0.238033  4.476127  0.0  110   65
2.06632178  0.236367  4.413671  1.4  353   18
2.06632468  0.237064  4.439761  1.4  171   32
2.06639176  0.224589  3.984779  0.4  213   63
2.06638936  0.223310  3.939513  0.4  191   41
2.06639208  0.222289  3.903596  0.1  189   41
2.06644298  0.237339  4.450056  0.8  117   34
2.06645896  0.235345  4.375578  0.0   75   61
2.06647796  0.233664  4.313296  0.1  190   56
2.06651607  0.225770  4.026781  0.0  359   33
2.06652767  0.222710  3.918393  1.9  174    3
2.06652898  0.220226  3.831451  0.1  174    3
2.06653159  0.224659  3.987263  0.0  174    1
2.06659355  0.229765  4.170581  0.0  352   31
2.06660359  0.235358  4.376077  1.2  167   39
2.06666148  0.225574  4.019820  0.1  320   23
2.06666738  0.221968  3.892318  0.8  187   -3
2.06673118  0.220507  3.841245  2.0  307   77
2.06673377  0.213342  3.595672  2.4  159   29
2.06672897  0.211948  3.548819  2.8  334   42
2.06673079  0.213134  3.588664  2.6  159   29
2.06673541  0.214708  3.641858  1.8  155   28
2.06681495  0.216175  3.691786  1.0  270  -57
2.06680911  0.216140  3.690617  0.1  167  -51
2.06681500  0.216894  3.716409  1.0   94  -53
2.06686594  0.222268  3.902842  0.9  320   -6
2.06686897  0.222482  3.910358  0.3  319   -7
2.06686854  0.219575  3.808856  0.0  319   -5
2.06693681  0.226533  4.054065  0.0  161   14
2.06693887  0.232488  4.269989  1.9  179   30
2.06701915  0.219364  3.801528  1.6  275 -106
2.06700819  0.221121  3.862667  2.6  353  -46
2.06701725  0.215689  3.675229  0.9  173  -56
2.06702260  0.217345  3.731865  0.3  323  -77
2.06707799  0.230676  4.203690  1.0  157  -40
2.06708548  0.234702  4.351714  0.0    5   -6
2.06708184  0.234138  4.330822  1.8  304  -39
2.06713681  0.232290  4.262732  0.0  269   55
2.06715483  0.234221  4.333915  0.2  269   60
2.06719217  0.229200  4.150089  0.0  305   85
2.06722319  0.231084  4.218584  0.1  149  -54
2.06722244  0.230813  4.208683  2.3  124  -48
2.06722261  0.232187  4.258941  3.2  123  -38
2.06728900  0.227580  4.091617  0.2  212   64
2.06728771  0.227826  4.100474  0.3   46   58
2.06732813  0.231149  4.220962  0.1  317   22
2.06732067  0.234712  4.352093  0.0   36   48
2.06737526  0.235320  4.374660  0.5  302  -91
2.06736587  0.234201  4.333156  2.8  202  -78
2.06740321  0.235220  4.370934  3.4   60   30
2.06744151  0.227190  4.077612  0.1   61  -72
2.06744287  0.227116  4.074939  0.1   79  -67
2.06746963  0.230326  4.190972  0.2  191   -9
2.06751501  0.233119  4.293203  0.0  194    8
2.06751810  0.228960  4.141401  0.1   18   26
2.06751851  0.230847  4.209922  0.0  197   11
2.06753745  0.233065  4.291215  0.0   45   34
2.06757699  0.235914  4.396794  2.2  336 -120
2.06758164  0.235252  4.372122  0.8  178  -51
2.06762996  0.236772  4.428826  0.0  197   50
2.06767374  0.237990  4.474512  5.2  347   37
2.06767625  0.235060  4.364986  0.9  270  -66
2.06774203  0.226788  4.063181  0.1  137   38
2.06773691  0.223774  3.955924  0.0  196   19
2.06774427  0.224398  3.977991  0.0  191   10
2.06780846  0.208799  3.444160  0.4   71   60
2.06780833  0.203679  3.277321  1.9  123   49
2.06781284  0.203932  3.285484  1.2  172   42
2.06781241  0.203207  3.262150  0.7  171   42
2.06787060  0.223291  3.938841  0.0  159   51
2.06788988  0.222539  3.912362  0.0  170   -3
2.06794457  0.213269  3.593222  1.8  185    1
2.06794228  0.211149  3.522123  0.0    7   16
2.06794336  0.209451  3.465705  0.5    6   18
2.06794562  0.211319  3.527811  0.0    6   17
2.06796597  0.228750  4.133810  2.0   98  -58
2.06801820  0.229672  4.167182  0.2  326    8
2.06807842  0.215953  3.684220  0.0  358    8
2.06807841  0.213686  3.607276  3.2  358    6
2.06807852  0.216001  3.685849  0.0  358    7
2.06808605  0.219428  3.803760  0.0  177  -13
2.06814513  0.225638  4.022101  1.8  172  -52
2.06815015  0.226225  4.043053  0.0  303  -56
2.06820938  0.225688  4.023872  0.1    5  -32
2.06821010  0.225119  4.003612  0.1    7  -40
2.06821437  0.223803  3.956940  0.0   20  -40
2.06822048  0.223496  3.946084  0.4  216  -52
2.06827899  0.230788  4.207771  0.0  187   47
2.06828358  0.228337  4.118879  0.0   20   35
2.06835404  0.230730  4.205658  0.3  110  -42
2.06835238  0.227398  4.085080  0.0  111  -45
2.06839941  0.231803  4.244884  1.4  291   -1
2.06838328  0.230971  4.214456  3.6  193  -65
2.06838791  0.230927  4.212840  4.2  311  -57
2.06841254  0.227928  4.104129  0.0  170   -2
2.06844320  0.233459  4.305763  0.1  309  -49
2.06847731  0.238272  4.485122  0.4   55  -61
2.06850839  0.230875  4.210959  0.0  267  -49
2.06855780  0.227899  4.103095  1.3  136  -44
2.06855391  0.227739  4.097326  0.0  252  -23
2.06855653  0.227299  4.081532  2.3  313  -48
2.06862237  0.230155  4.184729  0.0  273  -33
2.06861717  0.229198  4.149990  0.2   83  -30
2.06862965  0.236114  4.404219  0.7   90   21
2.06862345  0.234797  4.355242  0.1  273   29
2.06868959  0.234153  4.331390  3.8  305   64
2.06870058  0.233394  4.303340  3.1  190   49
2.06869511  0.231599  4.237420  3.4  189   67
2.06874963  0.227851  4.101386  0.6  266   42
2.06877194  0.233823  4.319186  2.3  171   29
2.06879219  0.232000  4.252091  0.0  250    9
2.06881082  0.231410  4.230481  0.6   47   52
2.06886923  0.211117  3.521054  1.4  121   20
2.06887171  0.210470  3.499518  0.0  139   39
2.06887029  0.210395  3.497023  0.0  138   36
2.06887202  0.208460  3.433004  0.0  138   33
2.06893189  0.216745  3.711303  0.1   53   34
2.06897326  0.216259  3.694673  3.9  231  -61
2.06896875  0.210911  3.514209  3.1  206  -46
2.06897457  0.215861  3.681079  3.9  246  -65
2.06903277  0.228995  4.142660  1.1  284  -52
2.06907199  0.223296  3.939040  3.5  307   40
2.06907100  0.225098  4.002857  1.5   65   80
2.06909734  0.224632  3.986304  0.2  165  -21
2.06909721  0.224538  3.982967  0.0  168  -18
2.06914996  0.224326  3.975439  1.0  261   34
2.06915667  0.223638  3.951119  1.0  252   38
2.06921466  0.223721  3.954036  3.7  311   16
2.06921465  0.223577  3.948935  3.8  311   16
2.06922859  0.224037  3.965204  0.0  326  -13
2.06922358  0.228777  4.134772  1.6  283  -56
2.06930965  0.223849  3.958564  4.0   30  -23
2.06930780  0.221774  3.885516  2.7  199  -32
2.06930805  0.222265  3.902741  0.0  198  -33
2.06932433  0.224589  3.984760  0.0  217  -61
2.06934144  0.229055  4.144818  0.4   24   60
2.06942012  0.229002  4.142923  1.4  344  -33
2.06944466  0.226611  4.056858  2.8  259 -112
2.06944310  0.224288  3.974095  1.0  292  -33
2.06944827  0.223925  3.961263  1.4   54  -58
2.06944134  0.227120  4.075083  0.0  295  -49
2.06950273  0.228613  4.128850  2.4  180  -51
2.06950450  0.229874  4.174535  0.9  100  -50
2.06958702  0.231886  4.247921  8.8  303    2
2.06958308  0.232741  4.279304  3.5  290   39
2.06959449  0.231990  4.251719  2.9   99   41
2.06959318  0.232842  4.283004  2.6   35   60
2.06962986  0.234311  4.337231  0.6  303  -63
2.06963546  0.235045  4.364441  0.1  311  -67
2.06970045  0.227011  4.071192  0.4  187  -15
2.06973148  0.223985  3.963386  1.4   94   37
2.06973885  0.223146  3.933727  0.0   94   37
2.06974335  0.222479  3.910249  0.0  253   36
2.06977541  0.230445  4.195297  2.2  283  -53
2.06978257  0.229475  4.160042  2.0  283  -38
2.06983326  0.231769  4.243621  2.7  282   55
2.06987457  0.221895  3.889766  0.0   66   50
2.06987358  0.218651  3.776840  7.1   53   28
2.06987594  0.223110  3.932458  5.1   59  132
2.06987542  0.220885  3.854415  5.5  250  130
2.06990471  0.223986  3.963413  6.5   91  -31
2.06996824  0.231887  4.247941  4.7  138  -29
2.06998789  0.230757  4.206672  2.0  299  -59
2.07002578  0.227158  4.076460  8.0  344   11
2.07003382  0.223557  3.948238  0.0  268  -49
2.07003161  0.222814  3.922046  0.7   77  -50
2.07004370  0.226371  4.048250  0.0   87  -44
2.07009410  0.235557  4.383478  2.4  353    8
2.07012954  0.230600  4.200920  2.9  281  126
2.07016415  0.230215  4.186905  3.7  125   -4
2.07016251  0.229343  4.155242  0.0   48  -52
2.07022957  0.226317  4.046314  0.3  199   49
2.07023156  0.227305  4.081726  1.4  205   57
2.07023191  0.229738  4.169588  1.7  199   50
2.07023387  0.228748  4.133722  3.0  159   48
2.07022806  0.231905  4.248599  1.1  245   47
2.07031244  0.226993  4.070530  0.4  190   21
2.07031319  0.226457  4.051345  0.3  190   21
2.07038223  0.225669  4.023201  1.6    9    8
2.07038139  0.225843  4.029403  1.5  188   -1
2.07037378  0.225583  4.020117  0.8   14   20
2.07038104  0.225562  4.019380  1.2  189    1
2.07042643  0.228049  4.108493  2.9  300   23
2.07045669  0.229944  4.177073  0.2  343  -12
2.07051948  0.218295  3.764581  0.3  181  -69
2.07051489  0.218923  3.786242  1.4  209  -47
2.07051779  0.216811  3.713561  0.0   27  -59
2.07057072  0.224021  3.964630  2.5  280  -42
2.07057160  0.222980  3.927888  1.9   89  -47
2.07056876  0.222881  3.924393  1.5  299  -57
2.07059061  0.236266  4.409910  2.9  184  -40
2.07065806  0.232444  4.268397  0.2  308   42
2.07065752  0.233008  4.289128  0.4  307   42
2.07069424  0.232406  4.266987  3.9  296  -45
2.07073382  0.229316  4.154291  5.1   23  -30
2.07072735  0.230965  4.214234  5.0  201  -38
2.07073318  0.229026  4.143793  5.7   15  -39
2.07078551  0.234122  4.330251  4.5  264   51
2.07078600  0.233520  4.308007  4.6  102   51
2.07083686  0.235186  4.369668  1.4  193   37
2.07083433  0.232022  4.252891  2.1   24   51
2.07087517  0.235198  4.370120  0.1  163  -26
2.07089386  0.238060  4.477143  1.6   95   27
2.07090658  0.236781  4.429139  2.6  291   65
2.07094412  0.235344  4.375547  0.5   79  -36
2.07096760  0.229654  4.166534  0.2  179   38
2.07097544  0.238321  4.486973  0.5  286   39
2.07102143  0.233949  4.323821  0.7   74   59
2.07102373  0.232460  4.268967  0.1   36   64
2.07106296  0.233136  4.293827  5.3  299  -61
2.07106426  0.230823  4.209068  4.6   82  -63
2.07110488  0.234646  4.349627  1.0   10  -63
2.07111068  0.236268  4.409996  4.8  268   27
2.07117539  0.230028  4.180128  0.5  280  -74
2.07117978  0.225965  4.033760  0.1   56  -73
2.07118226  0.224240  3.972401  0.4   99  -71
2.07118362  0.224229  3.972009  0.1  111  -70
2.07124791  0.235763  4.391143  4.3  194   35
2.07124240  0.231420  4.230866  2.1  121   58
2.07126329  0.240006  4.550623  0.7   35   56
2.07130400  0.237322  4.449402  0.6  174   33
2.07133756  0.238199  4.482379  2.9  283   -4
2.07134833  0.236734  4.427412  0.4   43   34
2.07140098  0.235111  4.366895  2.0  292  -60
2.07139933  0.235661  4.387358  0.5  194  -65
2.07146191  0.228714  4.132495  1.7  352   34
2.07145656  0.226958  4.069272  0.6  191   38
2.07148972  0.218982  3.788296  0.1   96   32
2.07149364  0.219326  3.800197  0.0  269   39
2.07149632  0.221757  3.884918  0.2  266   47
2.07149788  0.226527  4.053858  0.1   81   62
2.07154311  0.227869  4.102023  0.1  282   66
2.07160400  0.229989  4.178715  5.5  272   22
2.07161528  0.226448  4.051029  3.9  274   53
2.07161555  0.225686  4.023808  3.9  259   51
2.07161649  0.225332  4.011174  3.0  109   58
2.07165405  0.230873  4.210903  2.8   98  -66
2.07173861  0.228790  4.135234  1.3   89   57
2.07174084  0.229258  4.152172  1.2   77   58
2.07174213  0.230045  4.180734  1.7   76   62
2.07173743  0.231680  4.240387  2.2  132  -36
2.07177793  0.231884  4.247847  1.0  278  -52
2.07177698  0.233871  4.320942  3.1  182   46
2.07185200  0.236198  4.407354  4.0  168  -25
2.07184527  0.236427  4.415938  3.6  170  -21
2.07189858  0.222407  3.907723  2.6  273  -52
2.07189834  0.221387  3.871970  2.6   86  -42
2.07189721  0.223059  3.930686  2.8  281  -62
2.07192966  0.230714  4.205071  1.8  327  -53
2.07198447  0.230989  4.215133  0.1  271  -28
2.07201002  0.232004  4.252233  1.4  282  -37
2.07201126  0.228126  4.111280  0.1   99  -47
2.07204597  0.227968  4.105568  0.7  104  -49
2.07204603  0.228744  4.133568  1.6  309  -47
2.07206403  0.229064  4.145158  0.0  291  -17
2.07208930  0.236088  4.403263  0.0  286   70
2.07214062  0.231843  4.246327  0.9  114  -17
2.07214653  0.232242  4.260984  0.7  299  -13
2.07214936  0.232572  4.273095  1.1  297  -12
2.07219272  0.239504  4.531618  1.3  171    9
2.07223334  0.239570  4.534127  0.8  338  -25
2.07227204  0.238516  4.494312  1.8  195   56
2.07228166  0.236389  4.414517  0.0  170   54
2.07228322  0.233568  4.309760  2.2    7   65
2.07232446  0.226204  4.042305  1.8  291   87
2.07232444  0.225968  4.033851  1.4  274   93
2.07234257  0.239176  4.519193  1.6   14   -8
2.07237351  0.239991  4.550058  0.4   48   54
2.07241881  0.236069  4.402555  4.8  312   -2
2.07243291  0.236493  4.418384  4.2  310   47
2.07246370  0.235376  4.376749  0.2   70  -20
2.07248343  0.233077  4.291649  0.0  284  -52
2.07251469  0.235221  4.370973  1.2  189   32
2.07252359  0.231742  4.242654  0.5  100   28
2.07256330  0.225570  4.019673  2.6   62   69
2.07256409  0.224945  3.997410  0.4   86   62
2.07260423  0.234897  4.358961  3.7  210   56
2.07260964  0.229802  4.171921  1.3  218   58
2.07266232  0.230040  4.180555  2.9   90   55
2.07265779  0.230490  4.196938  3.1   95   41
2.07266398  0.230947  4.213594  1.9  285   24
2.07271719  0.232074  4.254824  0.8  282  -53
2.07272172  0.230794  4.208018  1.4   92  -67
2.07276347  0.231792  4.244480  3.9   94    8
2.07278211  0.229279  4.152935  1.4  315   51
2.07279386  0.229266  4.152472  2.1   55   48
2.07280963  0.225338  4.011387  0.2  295  -36
2.07285747  0.228980  4.142127  0.2  201   50
2.07283428  0.232928  4.286167  2.4   29   29
2.07287276  0.233131  4.293647  0.0  259   99
2.07292985  0.235937  4.397625  1.1  270    8
2.07295588  0.228944  4.140806  1.9  356  -58
2.07295843  0.228099  4.110290  2.4   52  -47
2.07295760  0.225864  4.030132  1.4  318  -59
2.07298175  0.232902  4.285234  0.4  274  -23
2.07301766  0.234349  4.338621  0.0   59  -19
2.07303273  0.236798  4.429808  0.1   66  -30
2.07307812  0.231428  4.231168  2.9  293  -50
2.07307774  0.230892  4.211573  2.9  308  -54
2.07312995  0.229199  4.150027  0.1  293  -23
2.07312943  0.228175  4.113033  0.1  293  -25
2.07312780  0.229318  4.154350  0.1  106  -28
2.07320926  0.225500  4.017164  2.4  112   -3
2.07321111  0.225114  4.003445  2.9  291    2
2.07324116  0.222480  3.910307  0.0   63   51
2.07323864  0.222310  3.904309  0.8  278   43
2.07327148  0.235244  4.371843  4.5  285   49
2.07328049  0.235380  4.376900  0.7  201  -52
2.07335556  0.228978  4.142036  0.9   43  -36
2.07336681  0.223828  3.957808  3.2  214   64
2.07336679  0.224482  3.980976  3.1  212   66
2.07336791  0.226114  4.039060  4.2    8   70
2.07340874  0.236023  4.400853  3.1  295   37
2.07343126  0.234528  4.345256  0.1  183  -53
2.07344126  0.239212  4.520561  2.8  318  -51
2.07351450  0.226222  4.042945  0.0  274  -69
2.07352033  0.227450  4.086943  0.6  288  -72
2.07351677  0.227218  4.078631  0.4   61  -65
2.07351926  0.232584  4.273518  0.0   74  -67
2.07356008  0.237220  4.445596  4.1  320  -13
2.07362538  0.234727  4.352650  3.9  324   34
2.07363481  0.225588  4.020308  0.1  258  -76
2.07364590  0.228108  4.110620  0.3  295  -71
2.07364714  0.228811  4.136006  0.2  291  -69
2.07369047  0.229174  4.149138  1.2   91  -43
2.07369252  0.230540  4.198742  0.0  299  -50
2.07373840  0.228875  4.138309  0.6  308   44
2.07373879  0.226164  4.040864  0.0  140   36
2.07376912  0.231253  4.224757  0.5  300   58
2.07376854  0.233065  4.291242  3.7   93  -56
2.07379124  0.235191  4.369883  4.1   55   -4
2.07385483  0.235824  4.393420  3.6   35   -7
2.07387872  0.234797  4.355257  3.0   49    6
2.07388779  0.232708  4.278091  1.5   46   11
2.07391718  0.228626  4.129326  2.9  190   19
2.07392278  0.228803  4.135704  2.8  187   20
2.07392541  0.232883  4.284519  1.2  305  -17
2.07399889  0.230795  4.208042  0.2  104   44
2.07399713  0.232704  4.277925  0.7   56   69
2.07403732  0.226556  4.054870  0.8   49   63
2.07403987  0.225077  4.002127  0.5   37   58
2.07407413  0.232541  4.271947  1.5  193   -2
2.07406878  0.231892  4.248144  3.0  124  -13
2.07410149  0.236383  4.414292  1.1  200   13
2.07417360  0.234503  4.344355  1.5  302   45
2.07418075  0.232986  4.288314  2.9  300   45
2.07418302  0.232330  4.264193  3.2  301   33
2.07422854  0.230637  4.202266  6.7  299   43
2.07423284  0.231215  4.223378  5.4  293   46
2.07423481  0.233250  4.298043  4.8  117   38
2.07427874  0.234788  4.354915  0.7  303  126
2.07429039  0.236566  4.421126  2.9   63    2
2.07433849  0.235453  4.379621  1.0  180  -64
2.07433613  0.235384  4.377044  3.8    2  -45
2.07437197  0.235119  4.367208  1.7  178  -63
2.07438846  0.239244  4.521775  0.0  206  -84
2.07442549  0.229400  4.157322  0.1  307  -48
2.07443219  0.229822  4.172621  0.5  278  -59
2.07447416  0.233889  4.321605  2.4  296  -55
2.07447518  0.229730  4.169308  1.5   98  -45
2.07450482  0.230906  4.212073  0.0  188   32
2.07450046  0.236882  4.432930  3.1  188   26
2.07456138  0.240909  4.584925  0.0   66  -51
2.07459344  0.237593  4.459601  3.5  305   51
2.07460389  0.235914  4.396771  1.0   80   47
2.07462743  0.232847  4.283192  1.7   49   16
2.07463916  0.234271  4.335756  1.4  205   -7
2.07466070  0.237926  4.472078  0.2  208  -18
2.07471768  0.232868  4.283955  1.3  207   63
2.07471673  0.230677  4.203729  4.9  302   51
2.07477800  0.224628  3.986169  2.1   96   30
2.07477442  0.225402  4.013675  2.7  271   26
2.07478283  0.224512  3.982034  0.7   24   36
2.07478969  0.228175  4.113045  2.6   18   46
2.07478833  0.224514  3.982132  1.4  199   24
2.07486981  0.230611  4.201325  2.5  169  -42
2.07486942  0.230753  4.206497  2.6  170  -38
2.07492517  0.230228  4.187385  2.5  174   -8
2.07492519  0.230267  4.188823  2.6  174   -7
2.07492574  0.230696  4.204429  0.0  175   -7
2.07497226  0.234413  4.341012  1.8  191   13
2.07499265  0.229770  4.170746  1.1  300   43
2.07500678  0.232791  4.281137  4.5  300  -47
2.07502830  0.234568  4.346766  2.2   23  -22
2.07506445  0.233262  4.298483  2.8  279  -61
2.07506597  0.235482  4.380690  4.0  290  -58
2.07510920  0.235948  4.398050  5.8  284   67
2.07515474  0.225355  4.012012  3.6  178  -17
2.07515287  0.224887  3.995363  2.8  182  -16
2.07515273  0.223824  3.957684  2.9  181  -16
2.07519567  0.222047  3.895076  1.2  159  -69
2.07523704  0.231993  4.251837  5.1  299 -116
2.07523584  0.231171  4.221759  1.0  338  -61
2.07528521  0.227237  4.079295  0.4  193  -54
2.07528527  0.228391  4.120841  0.9  193  -59
2.07532783  0.230641  4.202422  3.3   99  -21
2.07532242  0.231018  4.216163  3.6   97  -23
2.07535753  0.233231  4.297325  4.6  282  -10
2.07535787  0.232506  4.270648  5.2  280  -17
2.07537343  0.234833  4.356583  4.4  269   10
2.07542786  0.235630  4.386207  3.4  305  -52
2.07546260  0.234660  4.350165  0.6  181  -58
2.07550731  0.234075  4.328481  2.9   99   61
2.07550420  0.233662  4.313254  1.4  104   56
2.07552433  0.232483  4.269802  1.1   46  -20
2.07554237  0.225684  4.023718  0.0  306   48
2.07558680  0.216218  3.693254  0.1  286   63
2.07558627  0.217406  3.733958  0.4  290   63
2.07558847  0.229822  4.172646  0.0  155   40
2.07562975  0.232510  4.270805  0.5  288   58
2.07565806  0.229708  4.168511  0.2   51  -13
2.07567653  0.229679  4.167435  1.0   19  -42
2.07571654  0.229745  4.169841  0.8    8    7
2.07572254  0.227467  4.087570  0.2    0   12
2.07573486  0.231063  4.217814  0.2    2   -6
2.07578847  0.222684  3.917474  0.2  124  -58
2.07578829  0.221162  3.864086  0.0  309  -46
2.07578581  0.221828  3.887392  0.2  301  -46
2.07586941  0.237550  4.457954  1.8  150  -51
2.07587172  0.233059  4.290985  0.1   55  -54
2.07587301  0.234647  4.349695  4.4  319  -49
2.07590657  0.239846  4.544576  0.1   50   47
2.07594416  0.238510  4.494074  4.6  311  -47
2.07594414  0.238907  4.509063  4.2  304  -45
2.07600735  0.240562  4.571747  0.2  304   38
2.07602392  0.237315  4.449155  2.8  301  -51
2.07602208  0.237946  4.472844  2.6  290  -48
2.07605901  0.239174  4.519138  1.2  290    9
2.07607558  0.234426  4.341491  0.1  296   15
2.07610116  0.230381  4.192948  0.3   31  -55
2.07610482  0.232165  4.258137  0.4  180  -65
2.07614449  0.233618  4.311611  3.9  169  -39
2.07616771  0.236991  4.437011  1.8    3  -36
2.07618153  0.238409  4.490276  0.5  207  -68
2.07620950  0.233252  4.298128  0.1   54   53
2.07621531  0.234486  4.343702  0.1   32   43
2.07622272  0.240054  4.552446  0.7  291  -42
2.07625985  0.240510  4.569760  1.2   36   62
2.07629824  0.237516  4.456708  1.8  299   52
2.07634428  0.232277  4.262260  5.1  309   61
2.07634401  0.231614  4.237968  4.0  309   58
2.07634505  0.232121  4.256515  0.3  189   43
2.07638506  0.241086  4.591664  1.5   52   65
2.07645038  0.236912  4.434070  0.6  137   35
2.07644388  0.236893  4.433330  0.4  186   32
2.07648923  0.226716  4.060594  2.6  271   45
2.07649338  0.226156  4.040588  2.4  259   45
2.07649440  0.225871  4.030405  2.4  252   40
2.07649593  0.228206  4.114165  3.3  143   46
2.07657624  0.217008  3.720322  1.2  196   26
2.07657653  0.217211  3.727253  1.2  195   25
2.07658038  0.217736  3.745300  1.6  194   22
2.07661865  0.235421  4.378407  2.7  274   33
2.07666295  0.225583  4.020138  4.0  314  -44
2.07665883  0.228720  4.132698  4.0   56  -47
2.07666331  0.225286  4.009566  3.3  310  -42
2.07672064  0.225303  4.010146  3.5  359   14
2.07674110  0.227782  4.098896  0.1  308    3
2.07677533  0.223129  3.933121  1.7  274  -82
2.07677810  0.225005  3.999545  3.2  188  -76
2.07677673  0.225969  4.033887  4.5  170  -69
2.07686953  0.225571  4.019692  6.5  318   -1
2.07686979  0.225144  4.004491  6.3  317   -2
2.07688251  0.227180  4.077235  3.0  305  -23
2.07692870  0.218660  3.777157  0.4  316   14
2.07692664  0.220131  3.828144  4.0  129    5
2.07692876  0.218776  3.781178  1.3  316   14
2.07693489  0.230359  4.192161  6.5  182   -2
2.07698922  0.233867  4.320812  3.5  314   53
2.07702260  0.233121  4.293297  7.6  299   47
2.07702267  0.231508  4.234080  8.3  299   48
2.07707647  0.221458  3.874460  0.1  169  -20
2.07707319  0.222105  3.897128  0.5  354   -7
2.07708191  0.228030  4.107808  2.4  299  -43
2.07714645  0.233204  4.296332  5.6  293    0
2.07714506  0.232745  4.279466  6.0  293    6
2.07714681  0.232977  4.287985  5.7  293   -1
2.07721031  0.233937  4.323397  0.3  182   16
2.07720414  0.233083  4.291899  0.1   40   76
2.07721103  0.236285  4.410616  0.2    2   27
2.07726604  0.238116  4.479251  0.9  295   58
2.07726458  0.236628  4.423435  0.1  292   62
2.07729815  0.236395  4.414731  4.5  340  -12
2.07733290  0.232913  4.285639  1.5  318    5
2.07734829  0.235736  4.390156  6.6  156    0
2.07738920  0.241239  4.597485  2.2  297   56
2.07740994  0.236909  4.433960  0.1  302  -70
2.07745361  0.231626  4.238409  3.6  201   23
2.07745757  0.232312  4.263550  2.8  198   16
2.07748465  0.231030  4.216602  2.1  196  -33
2.07747941  0.230105  4.182908  0.2  214   21
2.07749637  0.231777  4.243933  3.3  195  -56
2.07754839  0.241669  4.613911  0.4  193   55
2.07759813  0.229467  4.159737  0.1  131   17
2.07760310  0.228027  4.107725  0.1   10  -12
2.07760787  0.229216  4.150656  0.6  187  -17
2.07766497  0.229577  4.163733  1.2  268   60
2.07766470  0.226099  4.038556  1.2  111   42
2.07766101  0.226958  4.069288  1.7  291   43
2.07773526  0.224443  3.979613  4.9  296  -50
2.07773638  0.225385  4.013056  4.6   94  -58
2.07773788  0.223605  3.949927  4.6  303  -47
2.07781121  0.222745  3.919600  0.1   21  -17
2.07781194  0.223296  3.939026  0.1  199  -38
2.07781302  0.222467  3.909840  0.1  198  -38
2.07781836  0.222540  3.912409  0.1  201  -36
2.07782156  0.224065  3.966201  0.1   22  -25
2.07788689  0.234351  4.338716  0.1   21    6
2.07788856  0.233681  4.313928  0.7  200   -6
2.07793803  0.235087  4.366000  2.5  291  -61
2.07794134  0.235155  4.368541  0.3   67  -61
2.07796712  0.234109  4.329761  3.1  115  -30
2.07802025  0.229803  4.171961  0.5   79   62
2.07802464  0.226095  4.038385  0.1   65   65
2.07802753  0.227526  4.089687  1.6    6    9
2.07808816  0.221099  3.861899  0.3  332   39
2.07809835  0.213766  3.609968  2.7  171   -5
2.07809836  0.213819  3.611751  2.9  171   -5
2.07809801  0.215972  3.684872  2.1  172   -5
2.07816640  0.222907  3.925304  4.1  335    0
2.07816833  0.223886  3.959862  2.5  175   -8
2.07823271  0.227078  4.073585  0.7  142  -10
2.07823172  0.226202  4.042204  0.2  323    2
2.07825791  0.233738  4.316039  2.5  142   21
2.07830111  0.232079  4.255010  3.2  337   13
2.07831047  0.230590  4.200573  0.1  288  -44
2.07831318  0.230543  4.198870  0.8   96  -31
2.07831316  0.231273  4.225480  0.8   94  -29
2.07837010  0.228957  4.141287  0.1   59   44
2.07837952  0.234231  4.334262  0.0   79  -70
2.07846664  0.229635  4.165854  2.0  304   26
2.07844189  0.236682  4.425434  2.4  309   13
2.07847015  0.227410  4.085495  1.4  133   17
2.07852702  0.229733  4.169396  5.2  134   27
2.07853002  0.219726  3.814096  2.2  181   45
2.07852716  0.217909  3.751264  1.5  191   50
2.07853647  0.219677  3.812373  0.7  201   46
2.07853601  0.217997  3.754305  1.0  200   50
2.07861487  0.220777  3.850640  0.1  309  -10
2.07861378  0.224253  3.972861  2.9  306  -24
2.07867415  0.225681  4.023613  0.2  189  -10
2.07867300  0.220294  3.833814  1.5  297   -4
2.07867966  0.223738  3.954635  0.1  189   -9
2.07868022  0.223731  3.954387  0.1  189  -10
2.07869725  0.231038  4.216902  0.0   76   -4
2.07874678  0.236941  4.435158  1.6   39   67
2.07880057  0.219237  3.797109  0.1    9  -32
2.07881016  0.217667  3.742921  0.3  193  -50
2.07881198  0.217537  3.738482  0.3   10  -45
2.07881885  0.224758  3.990784  2.8  191  -66
2.07890102  0.234122  4.330250  2.0   16    4
2.07890160  0.235764  4.391174  2.5  195   -3
2.07891008  0.233632  4.312136  0.2  174   39
2.07896683  0.228586  4.127856  0.7  124   47
2.07896559  0.228852  4.137504  0.1  164   56
2.07896610  0.230040  4.180537  0.1  168   63
2.07904145  0.234892  4.358753  3.6  194   -4
2.07904626  0.233064  4.291204  5.3  190    2
2.07904648  0.233162  4.294779  5.3  191    2
2.07910234  0.229129  4.147505  2.0  201   17
2.07910793  0.229107  4.146720  3.3  186   23
2.07910309  0.227878  4.102341  2.1   25   26
2.07917736  0.226304  4.045855  0.0    4  -29
2.07917787  0.227175  4.077083  0.0    3  -30
2.07919569  0.236328  4.412229  1.4  181  -64
2.07924291  0.229393  4.157057  2.1  192    3
2.07924766  0.228458  4.123261  1.9  187   10
2.07925036  0.231098  4.219108  0.0  357   24
2.07925273  0.231675  4.240182  0.0  177   15
2.07932536  0.232041  4.253596  3.6  142   20
2.07934134  0.231443  4.231719  1.7   63   78
2.07939677  0.225460  4.015733  5.2  136    5
2.07939808  0.223497  3.946133  6.3  135    4
2.07939788  0.224482  3.980992  6.2  135    4
2.07940487  0.226019  4.035665  3.5  154  -18
2.07947892  0.232308  4.263379  1.7   97    3
2.07950527  0.214523  3.635599  3.9  288   36
2.07951539  0.216218  3.693279  4.6  333   36
2.07951471  0.214254  3.626474  3.6  331   38
2.07951233  0.214047  3.619483  2.8  354   67
2.07955460  0.228911  4.139621  0.3  304  -62
2.07959869  0.229058  4.144956  2.8  186  -50
2.07959996  0.228716  4.132583  2.9  186  -47
2.07964963  0.224354  3.976447  0.2  196   -1
2.07965662  0.216794  3.712969  0.1  185   -7
2.07966461  0.222863  3.923782  1.7  191  -21
2.07967997  0.231919  4.249117  0.5  293  -38
2.07972859  0.228671  4.130950  1.7  300  -50
2.07979251  0.221779  3.885692  0.9    6  -36
2.07979448  0.221647  3.881070  2.8  182  -63
2.07979384  0.223615  3.950280  3.4  184  -56
2.07979530  0.220733  3.849112  2.2  183  -65
2.07985463  0.228825  4.136500  1.0  168  -16
2.07985316  0.233759  4.316808  0.2  171   43
2.07986280  0.228991  4.142511  0.7  167  -27
2.07991887  0.225370  4.012531  0.0  159  -46
2.07991531  0.227420  4.085858  0.1  340  -28
2.07999289  0.229318  4.154367  1.7  217   31
2.07999779  0.226351  4.047557  0.8   45   55
2.07999858  0.225920  4.032159  1.5  218   39
2.08001050  0.237247  4.446606  2.8  165   64
2.08004929  0.239675  4.538080  1.1  163   18
2.08010743  0.238509  4.494051  1.3   90   26
2.08011694  0.227868  4.101979  0.3  208    1
2.08011995  0.222522  3.911759  0.1   26    7
2.08013232  0.225641  4.022192  0.1  198   -2
2.08013207  0.227341  4.083029  0.3  201   -4
2.08019782  0.237544  4.457738  0.1  153  -29
2.08020114  0.239236  4.521484  1.1  191   16
2.08025139  0.229104  4.146590  4.8  339   29
2.08025497  0.228028  4.107732  5.1  349   17
2.08026221  0.230633  4.202138  2.9    1   14
2.08027625  0.232626  4.275064  1.1  272  -83
2.08034032  0.225002  3.999433  2.6  126   46
2.08033967  0.226751  4.061852  2.7  284   58
2.08040506  0.229352  4.155602  3.9  174   12
2.08040510  0.229304  4.153829  4.1  174   11
2.08040490  0.229454  4.159284  4.4  174    9
2.08045650  0.235720  4.389548  0.0  200   48
2.08046785  0.231233  4.224034  0.0  269   54
2.08046908  0.230530  4.198371  0.1  272   56
2.08051904  0.230072  4.181715  1.8  292   41
2.08052486  0.227641  4.093802  2.4  101   48
2.08053998  0.229754  4.170155  3.1  167   17
2.08060530  0.222507  3.911249  0.7  355    9
2.08061016  0.221739  3.884303  0.1  174    5
2.08060747  0.221953  3.891774  0.5  356   10
2.08062163  0.223494  3.946016  3.2  329  -24
2.08065784  0.227708  4.096241  2.1  298   13
2.08068938  0.227798  4.099448  1.6  189  -47
2.08069434  0.226108  4.038851  0.7  201  -58
2.08071749  0.232969  4.287697  1.2  298   75
2.08076157  0.236432  4.416114  0.6  158  -23
2.08081144  0.223832  3.957962  1.8  319  -26
2.08081180  0.226002  4.035071  2.3  319  -28
2.08081467  0.225087  4.002466  2.7  298  -46
2.08088037  0.233123  4.293375  0.1  251  -59
2.08088008  0.234197  4.333009  2.0  298  -31
2.08087936  0.232299  4.263072  0.0  198  -52
2.08092788  0.237372  4.451285  0.0   95  -37
2.08094459  0.237613  4.460350  1.6  288   91
2.08098174  0.234044  4.327342  1.3  308   42
2.08099057  0.234297  4.336703  1.6  264   62
2.08106527  0.233337  4.301231  3.0  121   50
2.08106492  0.230059  4.181262  0.6  192   39
2.08106231  0.228821  4.136350  0.3   12   56
2.08107189  0.233459  4.305762  0.6   20   43
2.08112625  0.235036  4.364127  0.6  324   43
2.08112300  0.233079  4.291755  1.3  156   27
2.08115318  0.231613  4.237939  0.9  180  -69
2.08115733  0.234732  4.352842  3.6  322  -45
2.08120913  0.233980  4.324991  0.5  168   16
2.08123145  0.235242  4.371765  1.4  178  -72
2.08127929  0.236825  4.430819  1.4  302  -57
2.08128040  0.221516  3.876485  0.0  333   48
2.08127914  0.221933  3.891083  0.0  156   36
2.08134896  0.229672  4.167182  0.6   10   14
2.08135328  0.222323  3.904772  2.2  173  -21
2.08135298  0.222603  3.914606  0.1  183   -7
2.08141418  0.210857  3.512395  2.5   55   54
2.08141393  0.212576  3.569903  1.8   51   50
2.08141681  0.209090  3.453787  2.7   38   51
2.08149800  0.208106  3.421356  2.3  175  -32
2.08149560  0.212405  3.564143  2.8  171  -22
2.08149538  0.211904  3.547349  3.1  172  -23
2.08149809  0.212044  3.552033  2.7  175  -29
2.08155705  0.215794  3.678781  0.0  173    4
2.08156063  0.212401  3.564021  0.0  353   -1
2.08162895  0.207701  3.408029  1.9  176   -3
2.08162989  0.208583  3.437052  1.9  176   -5
2.08163212  0.207219  3.392228  1.6  177   -4
2.08169107  0.221180  3.864735  1.0  347  -17
2.08169920  0.219075  3.791523  0.0  173  -18
2.08169733  0.217721  3.744806  0.5  356   -4
2.08169881  0.218190  3.760927  0.3  354   -6
2.08176710  0.232681  4.277096  0.6    0  -15
2.08177124  0.226626  4.057380  2.6  315  -42
2.08184799  0.221714  3.883410  0.7  129   29
2.08183655  0.223303  3.939268  1.3  345   -5
2.08184429  0.216821  3.713909  0.1  150   42
2.08184681  0.215684  3.675064  0.2  149   46
2.08186326  0.236082  4.403043  2.2  334  -44
2.08192275  0.235846  4.394240  0.0  166   31
2.08192438  0.237071  4.439999  0.6  166   28
2.08200000  0.225367  4.012448  1.4  316  -15
2.08200329  0.223042  3.930064  0.2  312   -7
2.08200024  0.221668  3.881817  0.2  131  -19
2.08200087  0.228670  4.130910  2.4  319  -22
2.08200063  0.222622  3.915292  0.1  311  -10
2.08205379  0.229753  4.170113  2.0  141  -27
2.08210208  0.233582  4.310283  0.0  213  -29
2.08212809  0.234243  4.334720  1.4  198  -52
2.08213237  0.233169  4.295059  1.5  207  -52
2.08212463  0.234846  4.357064  1.9  261  -53
2.08221282  0.233429  4.304626  0.0  191   58
2.08221953  0.234245  4.334797  0.2   42   41
2.08222796  0.234627  4.348942  0.1  273   51
2.08228771  0.228141  4.111830  0.2  274   32
2.08230336  0.227526  4.089670  0.1   16   47
2.08229993  0.225501  4.017212  1.1   22   62
2.08231021  0.223534  3.947443  0.0  190   26
2.08238270  0.234244  4.334759  0.8  128  -54
2.08238399  0.232271  4.262025  0.7  184  -71
2.08244353  0.220506  3.841192  0.2   17   -2
2.08245106  0.220712  3.848374  0.8  199  -17
2.08245096  0.221336  3.870166  0.9  199  -16
2.08245080  0.223094  3.931888  0.9  199  -17
2.08249168  0.237460  4.454577  3.8  324  -35
2.08249959  0.238654  4.499515  0.2  306   19
2.08258451  0.233874  4.321055  1.8  256  -63
2.08258117  0.227570  4.091247  1.0  197  -45
2.08258074  0.227774  4.098611  0.9  196  -46
2.08258271  0.228750  4.133790  0.5   18  -31
2.08264080  0.226509  4.053199  0.3  168   61
2.08264955  0.230871  4.210798  1.8  302  -49
2.08265357  0.234391  4.340201  2.2   67  -34
2.08271524  0.236120  4.404451  0.4  295   63
2.08271486  0.235316  4.374529  0.1  291   63
2.08272636  0.237307  4.448848  5.7  319  -38
2.08280176  0.238351  4.488084  2.1  186   17
2.08280462  0.237836  4.468717  2.2  190   15
2.08280473  0.237781  4.466635  2.0  189   15
2.08287396  0.232136  4.257071  3.7  157  -30
2.08287499  0.231988  4.251671  3.7  156  -30
2.08287543  0.234060  4.327953  1.2  189  -62
2.08292292  0.233734  4.315887  0.2  287  -60
2.08292224  0.240290  4.561404  1.1  178   30
2.08295452  0.233932  4.323194  0.1   11  -25
2.08298376  0.233431  4.304731  0.5  282   46
2.08300427  0.231017  4.216128  2.6  152   19
2.08301096  0.231516  4.234389  0.7  150   17
2.08308050  0.230668  4.203401  5.0  328   19
2.08308149  0.233362  4.302150  5.2  146   22
2.08309358  0.238941  4.510317  0.1  183   51
2.08314361  0.231176  4.221936  3.4  134  -31
2.08316479  0.228156  4.112343  0.9  117   41
2.08316515  0.228153  4.112257  0.1  293   58
2.08319832  0.227615  4.092864  0.1  170   15
2.08319769  0.227490  4.088387  0.1  353   32
2.08323944  0.234691  4.351308  1.2  290   21
2.08325753  0.231999  4.252045  2.5  352   49
2.08327588  0.232528  4.271486  0.1  191  -80
2.08333043  0.231073  4.218190  0.0  167  -24
2.08335351  0.231213  4.223312  0.0  120   44
2.08334070  0.223391  3.942364  0.4    1  -23
2.08339267  0.224994  3.999153  0.1  323   72
2.08338727  0.225044  4.000926  0.3   45   70
2.08339333  0.226177  4.041333  0.0  285   68
2.08345669  0.235027  4.363764  0.4    2  -29
2.08346544  0.233556  4.309335  1.1  180  -45
2.08346566  0.235090  4.366108  1.5   78  -74
2.08353837  0.227510  4.089108  1.6  354  -54
2.08354677  0.221315  3.869455  1.2   35  -60
2.08355048  0.222509  3.911320  3.3  111  -62
2.08355471  0.223715  3.953836  2.9  113  -61
2.08360169  0.233284  4.299295  0.8   58  -39
2.08360183  0.236846  4.431579  0.2  152    6
2.08367665  0.227279  4.080806  0.6  190   -3
2.08368058  0.227841  4.101014  1.8  198    3
2.08368323  0.227896  4.102987  1.0  193   -4
2.08374841  0.234650  4.349790  0.5  158  -59
2.08374572  0.234373  4.339526  2.2  177  -63
2.08379293  0.239472  4.530410  0.5  158  -85
2.08379420  0.233863  4.320657  0.5   54  -60
2.08381662  0.226479  4.052115  1.4   25  -31
2.08381801  0.225531  4.018282  0.5  210  -42
2.08388106  0.233112  4.292946  3.9   14   33
2.08388153  0.232696  4.277633  4.1  190   13
2.08388779  0.232755  4.279813  4.2  188   12
2.08388528  0.233927  4.323027  3.8    6   28
2.08394464  0.237167  4.443619  0.1   50   69
2.08401775  0.225060  4.001523  0.3  349   44
2.08401889  0.224445  3.979667  0.4  176   27
2.08402088  0.225923  4.032260  1.2  177   19
2.08401644  0.223985  3.963373  0.6   11   37
2.08408049  0.233229  4.297256  0.0  293   35
2.08408673  0.227258  4.080038  1.0  338   37
2.08415291  0.238464  4.492344  4.4   24    7
2.08416623  0.229350  4.155499  3.3   17  -35
2.08416703  0.226836  4.064898  3.1   15  -31
2.08416640  0.228968  4.141693  3.1   16  -32
2.08417174  0.227672  4.094926  5.3  214  -51
2.08422762  0.234573  4.346951  3.0  171   12
2.08424161  0.234225  4.334048  0.3  201  -35
2.08429487  0.228327  4.118521  0.1  358  -25
2.08429597  0.228633  4.129556  0.5  358  -33
2.08431719  0.232422  4.267582  4.8  318  -39
2.08431658  0.231164  4.221501  4.9  317  -40
2.08437089  0.237487  4.455600  3.4  171   -5
2.08438370  0.235857  4.394655  0.0  185   29
2.08443770  0.237968  4.473659  3.0  307 -129
2.08443755  0.235471  4.380295  1.8  303  -37
2.08444124  0.235266  4.372662  1.1  297  -44
2.08449721  0.243050  4.666810  4.4   11   -1
2.08451196  0.241388  4.603168  2.1  186  -21
2.08454000  0.236837  4.431260  0.0   34  -71
2.08458256  0.237900  4.471125  0.9  359  -16
2.08458412  0.235183  4.369565  0.4  178  -33
2.08459192  0.234985  4.362235  0.6  188  -39
2.08463053  0.240158  4.556407  1.9  189    9
2.08464220  0.240463  4.567991  2.9  181  -43
2.08464910  0.237835  4.468672  2.0   11  -33
2.08472379  0.235215  4.370768  0.1  239   -5
2.08472057  0.233378  4.302741  0.1   49  -22
2.08472088  0.233714  4.315163  0.1   50  -25
2.08476171  0.231638  4.238826  1.9  192   18
2.08476142  0.233680  4.313912  1.7  192   15
2.08483825  0.238720  4.502007  3.7   12  -15
2.08484128  0.237956  4.473209  0.0  194  -36
2.08490714  0.236869  4.432444  2.9  299  -54
2.08490178  0.234084  4.328813  0.0  192   -9
2.08489438  0.233831  4.319463  3.9   14    7
2.08490066  0.233742  4.316202  4.6   14    7
2.08495534  0.226674  4.059116  0.1  355   67
2.08495881  0.228800  4.135618  1.6  336   42
2.08499807  0.233625  4.311867  1.0  182   72
2.08500312  0.235139  4.367937  0.0  172   76
2.08504509  0.238386  4.489397  2.1  173   44
2.08504511  0.235260  4.372439  0.9  250   71
2.08509042  0.235047  4.364517  0.1   18   55
2.08511336  0.232231  4.260585  0.4  190   22
2.08511753  0.232661  4.276374  0.5  177   16
2.08511609  0.233303  4.299977  0.6  179   22
2.08519643  0.235348  4.375691  0.9  174  -67
2.08519638  0.234974  4.361808  1.3  307  -60
2.08524318  0.226235  4.043384  0.1   30  -48
2.08524863  0.226513  4.053356  2.8  353   43
2.08524825  0.226495  4.052699  2.8  353   43
2.08532338  0.225418  4.014235  1.5  117  -46
2.08532195  0.221572  3.878447  2.0  313  -45
2.08532225  0.221576  3.878590  2.0  313  -45
2.08532452  0.223869  3.959268  3.0  127  -50
2.08540252  0.229532  4.162120  0.1  317  -12
2.08539679  0.230220  4.187104  0.2  318  -27
2.08545013  0.238178  4.481559  2.1  306   48
2.08545620  0.237295  4.448408  0.7  130   56
2.08545357  0.239465  4.530133  2.4  295   50
2.08551263  0.237765  4.466035  0.0   75   38
2.08553295  0.233342  4.301446  3.5  177  -27
2.08557842  0.233830  4.319440  1.6  296   52
2.08553096  0.232124  4.256644  0.8  193  -56
2.08563530  0.229200  4.150073  1.1  116   44
2.08563464  0.230324  4.190881  0.7  279   49
2.08563446  0.230171  4.185314  1.1  279   49
2.08563910  0.232570  4.273011  1.4  281   58
2.08570733  0.236856  4.431946  0.9    8   24
2.08571142  0.235336  4.375253  0.5  184   27
2.08573779  0.234202  4.333210  0.5  307  -63
2.08573734  0.232301  4.263121  0.2  126  -67
2.08578263  0.236521  4.419416  0.0  342    7
2.08578846  0.236682  4.425463  0.2   12   -2
2.08584903  0.238465  4.492367  0.0  357   11
2.08584130  0.240537  4.570783  0.1  174    6
2.08589382  0.241881  4.622009  0.1  118   42
2.08592369  0.228963  4.141505  1.7  297 -120
2.08592414  0.230543  4.198857  0.5  298  -55
2.08592188  0.230534  4.198524  0.0  296  -54
2.08598849  0.236297  4.411063  0.2  186   12
2.08599975  0.227570  4.091274  0.1  187   14
2.08600243  0.228064  4.109048  0.1    9   24
2.08600436  0.228653  4.130285  0.4  189   11
2.08606357  0.237519  4.456810  2.0  190   50
2.08606898  0.237289  4.448179  0.9  145   58
2.08614343  0.226337  4.047054  4.6  195  -20
2.08614643  0.224865  3.994586  4.0  197  -23
2.08614687  0.225693  4.024056  4.0   15   -9
2.08619467  0.238184  4.481810  2.8  194   -3
2.08619537  0.238208  4.482719  3.0   16   10
2.08621571  0.234563  4.346569  0.1   18   45
2.08622338  0.235106  4.366716  0.3  176   45
2.08629683  0.238708  4.501552  1.6  122   41
2.08628872  0.238032  4.476079  5.2   14  -12
2.08629564  0.239385  4.527116  5.6  194  -22
2.08636340  0.222833  3.922707  0.0  299   40
2.08636390  0.222450  3.909222  0.0  300   39
2.08636403  0.225193  4.006229  1.2  301   40
2.08640672  0.230755  4.206599  2.4   57  -32
2.08642574  0.229090  4.146083  0.2  266   46
2.08647385  0.234316  4.337407  0.1  253   36
2.08649297  0.228981  4.142165  3.9   27   22
2.08649240  0.229223  4.150894  3.9   26   22
2.08649076  0.229967  4.177909  4.3   26   31
2.08655523  0.229156  4.148495  3.2  186   35
2.08655971  0.227436  4.086450  3.3    1   38
2.08658382  0.232339  4.264543  0.0   87  -51
2.08665037  0.227710  4.096305  0.6  271  -58
2.08665082  0.227992  4.106465  0.7  269  -55
2.08665590  0.223774  3.955921  0.0  303  -57
2.08666601  0.233868  4.320837  0.6   83  -29
2.08670963  0.237957  4.473277  2.0   98  -46
2.08672187  0.233068  4.291349  0.4  305    3
2.08671810  0.235968  4.398787  1.6  297    0
2.08677590  0.239886  4.546060  2.4  294  -55
2.08681951  0.240007  4.550684  0.5  191  -27
2.08682270  0.239023  4.513413  0.9  294  -54
2.08682569  0.241945  4.624448  0.9    4  -22
2.08688202  0.241866  4.621452  0.0  302  -54
2.08689276  0.237799  4.467311  0.1   82  -48
2.08694913  0.235596  4.384931  0.5  314   -3
2.08694887  0.236384  4.414305  1.3  289  -19
2.08694719  0.236606  4.422627  0.7  103  -23
2.08695228  0.237043  4.438949  1.6  290  -20
2.08704807  0.236731  4.427280  0.2   99   32
2.08705493  0.231686  4.240577  0.0  264   38
2.08708457  0.233263  4.298532  1.1  129  -42
2.08705762  0.233165  4.294923  0.1  272   37
2.08709259  0.235323  4.374792  0.1  121  -23
2.08713873  0.229959  4.177603  0.0  310   45
2.08715036  0.228194  4.113733  0.5  309   41
2.08715580  0.233062  4.291131  0.4  303   53
2.08719233  0.232608  4.274394  0.4  220   -7
2.08722296  0.231336  4.227777  0.0  296   67
2.08722352  0.232025  4.253003  1.0  298   64
2.08730000  0.232539  4.271873  3.7  356  -69
2.08731359  0.223900  3.960364  0.0  150  -63
2.08731113  0.223898  3.960288  3.4  172  -53
2.08730978  0.226369  4.048185  5.8  315  -60
2.08737838  0.238053  4.476885  0.0  197   -3
2.08737578  0.233562  4.309557  1.8  313  -52
2.08741486  0.232339  4.264543  0.5  306   39
2.08741904  0.227736  4.097237  0.0  313  -53
2.08744417  0.229096  4.146304  0.2  193   46
2.08747061  0.232378  4.265965  3.0  303  -24
2.08746937  0.231491  4.233452  2.1  302  -20
2.08752625  0.234148  4.331199  0.1  177   74
2.08756188  0.228913  4.139683  1.6   62   19
2.08757046  0.230300  4.190027  2.1   55   31
2.08758533  0.228986  4.142324  2.2  176   19
2.08758549  0.231363  4.228761  2.2  180   20
2.08764259  0.234946  4.360785  0.2  264   61
2.08767178  0.234869  4.357923  4.0   16  -48
2.08768510  0.231629  4.238515  0.6  280  -24
2.08768676  0.230815  4.208763  0.3   89  -24
2.08773835  0.230924  4.212743  3.7  190  -45
2.08773927  0.229091  4.146119  5.5   10  -38
2.08775227  0.228131  4.111470  0.1   75  -15
2.08780086  0.234381  4.339832  0.4  304  -65
2.08779930  0.240640  4.574706  0.0   77  -66
2.08785192  0.235488  4.380927  3.2  308  -35
2.08785224  0.235083  4.365851  3.3  309  -34
2.08791656  0.244299  4.714888  1.3  194   -5
2.08793795  0.241827  4.619925  1.6   11   -8
2.08792752  0.238026  4.475861  1.5  186   79
2.08797511  0.240060  4.552672  2.2  198   54
2.08801405  0.236531  4.419817  0.3  279  -39
2.08801053  0.238525  4.494657  0.1  290  -56
2.08802249  0.238686  4.500719  0.0  262   23
2.08808627  0.235113  4.366971  0.2  281  -59
2.08808250  0.234007  4.325980  1.3    5  -56
2.08808796  0.230604  4.201087  0.0   96  -62
2.08815144  0.244488  4.722191  0.5  290  -45
2.08814634  0.242330  4.639176  0.0   99    9
2.08817438  0.240989  4.587998  4.0  191   40
2.08820198  0.235118  4.367156  1.5  189   47
2.08820319  0.234748  4.353435  0.4   25   56
2.08820526  0.236624  4.423296  0.7    6   55
2.08825174  0.240627  4.574188  0.0  273   59
2.08826896  0.240665  4.575635  4.1  313  -44
2.08830513  0.242995  4.664669  0.0  299   49
2.08829634  0.241806  4.619132  0.9  188   63
2.08836379  0.240297  4.561677  0.7  297  -50
2.08836872  0.237291  4.448248  0.8   19  -41
2.08840349  0.238600  4.497483  0.5  306   46
2.08845332  0.235849  4.394347  0.0   76   12
2.08845888  0.236066  4.402438  0.1   82   19
2.08847383  0.227321  4.082297  0.1   81   35
2.08849080  0.229930  4.176556  0.7   44   62
2.08852161  0.232657  4.276202  0.0  107   49
2.08852219  0.230379  4.192873  0.5  271   60
2.08859083  0.235128  4.367543  0.0   32  -71
2.08859746  0.231138  4.220542  0.2   49  -68
2.08859715  0.229808  4.172110  0.6   88  -62
2.08864649  0.233055  4.290843  0.4   31  -42
2.08864435  0.235793  4.392268  1.9  207  -54
2.08868199  0.240785  4.580231  1.2  302  -54
2.08868373  0.241623  4.612167  1.6  107  -58
2.08873479  0.237288  4.448124  0.3  158  -63
2.08873678  0.237873  4.470117  1.8  312  -47
2.08877754  0.238628  4.498531  0.1   72  -41
2.08878149  0.238429  4.491013  0.5   86  -49
2.08884232  0.240739  4.578455  2.5  184   11
2.08884253  0.241433  4.604905  1.8  185   12
2.08884258  0.240543  4.571021  2.6  185   12
2.08889706  0.241384  4.603034  3.6  263   17
2.08892195  0.237291  4.448239  1.3  292   53
2.08892342  0.236905  4.433808  1.2  285   52
2.08898291  0.241575  4.610329  1.8  117    9
2.08898403  0.240292  4.561486  1.9  246   10
2.08899963  0.238634  4.498748  0.4   10  -14
2.08903327  0.240664  4.575620  1.8  199  -14
2.08905303  0.240381  4.564858  1.8   63  -45
2.08907534  0.236041  4.401501  3.0  174  -54
2.08909678  0.236498  4.418576  0.0  317  -33
2.08909771  0.235453  4.379595  3.2  320  -47
2.08912082  0.242173  4.633172  3.8  282  -27
2.08916857  0.240749  4.578854  0.4   59  -75
2.08919982  0.240892  4.584289  0.0   61  -22
2.08921787  0.240734  4.578266  0.2   65   -6
2.08922058  0.240885  4.584031  0.8   66   -4
2.08925035  0.244499  4.722597  2.8  127   -9
2.08927258  0.246303  4.792541  1.2  284   51
2.08933070  0.239819  4.543528  1.0   60   30
2.08933050  0.239281  4.523161  0.5   60   31
2.08933528  0.237166  4.443572  0.7  287   37
2.08940353  0.237938  4.472547  0.2  289   41
2.08940407  0.238330  4.487302  0.3  289   40
2.08940762  0.237416  4.452933  0.1  285   21
2.08945593  0.242403  4.641985  3.5   15  -14
2.08947565  0.236928  4.434640  2.9  305   11
2.08949205  0.240914  4.585118  0.9  193  -17
2.08952110  0.238417  4.490554  3.3   21   27
2.08952435  0.237637  4.461221  2.6   26   34
2.08957693  0.236235  4.408737  0.0  308   90
2.08958536  0.232009  4.252425  0.7  192   41
2.08960236  0.232416  4.267356  0.4  181   59
2.08961000  0.234613  4.348401  1.6   52   35
2.08964602  0.237647  4.461604  0.0   58   38
2.08968956  0.236833  4.431111  0.0  263    4
2.08972549  0.232695  4.277595  0.0  196   -2
2.08972437  0.231851  4.246638  1.9  193   -7
2.08973511  0.234984  4.362183  2.0  194   -2
2.08977613  0.235818  4.393213  0.1   15   56
2.08980038  0.236011  4.400381  0.2   80   98
2.08980187  0.233558  4.309385  0.5  341   52
2.08986773  0.236809  4.430189  0.0  205  -32
2.08988125  0.239017  4.513183  1.4  198  -28
2.08987716  0.237804  4.467497  1.2  211  -23
2.08992415  0.238412  4.490401  0.1   85  -46
2.08992522  0.238403  4.490061  0.1   83  -46
2.08996071  0.239218  4.520797  0.0   75  -41
2.08997795  0.241674  4.614089  0.2  103  -18
2.08999755  0.239328  4.524941  0.0   69   42
2.09001311  0.241262  4.598367  1.0  203  -53
2.09005267  0.242804  4.657336  0.1   11  -42
2.09008929  0.243575  4.686961  1.5  118  -31
2.09008925  0.243046  4.666648  1.2  118  -31
2.09014809  0.236399  4.414887  0.0  313   -4
2.09014568  0.232865  4.283853  5.7  311   24
2.09017237  0.235003  4.362870  2.2  179   56
2.09017278  0.236185  4.406874  1.9  182   55
2.09023142  0.235807  4.392775  1.1  281   59
2.09023026  0.235379  4.376851  1.5  287   62
2.09025454  0.238080  4.477891  0.6   70   48
2.09029945  0.240032  4.551603  0.0  295  -28
2.09029912  0.240084  4.553578  2.4  113  -37
2.09034166  0.243015  4.665449  1.0  188   51
2.09038498  0.234101  4.329466  0.7  273   -6
2.09038300  0.235655  4.387120  0.0   93   -8
2.09038454  0.233456  4.305639  1.4   92   -8
2.09043706  0.236451  4.416802  2.5  289  -39
2.09043844  0.238089  4.478205  3.0  287  -37
2.09045164  0.238698  4.501171  2.8   12  -57
2.09049195  0.234242  4.334674  0.8   39   45
2.09052563  0.235267  4.372681  4.1   85   47
2.09052752  0.237010  4.437723  3.2  257   46
2.09052928  0.239735  4.540370  4.4  285   35
2.09059214  0.238899  4.508734  2.5  181   73
2.09063163  0.235254  4.372228  0.0  195   24
2.09063890  0.233824  4.319215  1.6  193    9
2.09067962  0.233410  4.303922  3.3  190   42
2.09067975  0.233965  4.324419  3.4  191   40
2.09068805  0.234045  4.327399  0.7   40   45
2.09073089  0.239935  4.547925  1.1  187  -74
2.09075595  0.237306  4.448812  0.2  281   46
2.09080307  0.234659  4.350139  0.0   26   22
2.09084059  0.227068  4.073213  0.0  368   53
2.09083479  0.223644  3.951310  1.3   25   56
2.09083531  0.224148  3.969129  0.9   31   65
2.09084274  0.227916  4.103723  1.4   25   53
2.09090319  0.233585  4.310398  0.6   85   49
2.09090592  0.229056  4.144883  0.5  160   50
2.09094227  0.227467  4.087542  4.7  298   57
2.09094682  0.229117  4.147089  0.0  290   59
2.09099230  0.237687  4.463132  3.9  284  -23
2.09101804  0.237904  4.471282  0.0  297  -53
2.09105191  0.233055  4.290846  3.6  301   19
2.09105315  0.231588  4.237025  1.1  124   13
2.09109022  0.234406  4.340736  0.4  282   27
2.09110916  0.230039  4.180531  1.4  251  -81
2.09113844  0.229735  4.169460  2.9  304   49
2.09114082  0.228485  4.124224  3.1  296   46
2.09117131  0.231946  4.250111  3.2   47   62
2.09117801  0.232612  4.274550  3.5   31   57
2.09120782  0.236513  4.419143  3.4  114  -43
2.09120349  0.236503  4.418764  2.9  216  -56
2.09128597  0.228398  4.121090  0.0   70   -6
2.09128800  0.224380  3.977372  2.0  255   -9
2.09133876  0.227235  4.079231  0.0  359 -123
2.09133735  0.226843  4.065171  0.1  184  -58
2.09134398  0.229666  4.166960  0.0  200  -68
2.09139226  0.231231  4.223949  2.2  291  -43
2.09139538  0.233583  4.310332  1.8  101  -45
2.09143444  0.228666  4.130753  4.1    8  -29
2.09144452  0.228293  4.117293  2.2    2  -50
2.09145496  0.229858  4.173925  0.6   11  -50
2.09146746  0.240152  4.556151  0.0   92  -46
2.09152224  0.237947  4.472876  3.3   74  -30
2.09152470  0.236836  4.431225  1.9   74  -23
2.09155629  0.238030  4.476023  0.2  294  -24
2.09157853  0.233545  4.308935  0.0  307  -18
2.09158430  0.236544  4.420293  0.4  255   17
2.09163656  0.239758  4.541239  2.1  307  -19
2.09166458  0.237903  4.471219  0.0  196   23
2.09169063  0.238381  4.489210  0.1  242   24
2.09170068  0.239681  4.538303  0.2   68   20
2.09172447  0.241085  4.591624  3.9   27   31
2.09172790  0.240656  4.575301  2.8  198   17
2.09178529  0.235034  4.364032  0.0  302    4
2.09180073  0.231113  4.219633  0.9   58    3
2.09181265  0.235405  4.377813  1.2   59    5
2.09183949  0.238336  4.487505  2.2   43   41
2.09185619  0.237667  4.462349  2.1   28  -15
2.09192247  0.237647  4.461625  0.5  174  -38
2.09194185  0.232042  4.253622  1.7  303  -47
2.09193783  0.232617  4.274726  1.4  303  -46
2.09194140  0.232949  4.286959  0.0  304  -47
2.09198940  0.239122  4.517169  7.5  312   21
2.09200047  0.241038  4.589863  4.3  290   43
2.09200775  0.242119  4.631089  1.6   71   32
2.09207949  0.225683  4.023696  2.2  109   55
2.09208044  0.226121  4.039337  2.4  276   59
2.09208012  0.226196  4.042015  2.4  276   59
2.09210202  0.232494  4.270240  0.1   43   56
2.09222167  0.228243  4.115486  0.0   64   23
2.09220389  0.228555  4.126746  0.6  299   20
2.09220791  0.223429  3.943738  0.4  289    3
2.09221771  0.224136  3.968720  0.0  283   11
2.09224641  0.225359  4.012146  0.0   95   33
2.09225791  0.233005  4.289007  2.1  301   67
2.09226920  0.233543  4.308837  1.3  157   57
2.09229107  0.236281  4.410487  3.2    8   37
2.09236379  0.218811  3.782394  3.1  268  -64
2.09236425  0.218690  3.778196  3.8   56  -48
2.09236439  0.218678  3.777786  3.8   55  -49
2.09237226  0.221597  3.879329  3.4   71  -49
2.09243803  0.231077  4.218324  0.9  175  -33
2.09243832  0.230244  4.187975  0.9  177  -32
2.09243854  0.230862  4.210493  0.7  178  -31
2.09249934  0.238201  4.482423  0.5  103  -26
2.09250368  0.237525  4.457033  1.8  290  -20
2.09250232  0.239431  4.528855  1.5  106  -24
2.09260795  0.239188  4.519649  0.0  287   49
2.09260338  0.236436  4.416246  1.4   55   65
2.09260408  0.236464  4.417300  1.6   44   71
2.09264721  0.238386  4.489397  4.4  307   50
2.09265422  0.236225  4.408378  3.3  290   51
2.09270420  0.239561  4.533774  4.6  323   17
2.09272067  0.236587  4.421898  1.7  300  -60
2.09272155  0.237412  4.452784  2.1  312  -60
2.09276793  0.235498  4.381283  0.0   54  -50
2.09277769  0.236101  4.403750  1.6   78  -51
2.09279295  0.234652  4.349858  1.0  265  -42
2.09280017  0.235481  4.380667  1.3   88  -32
2.09280192  0.234668  4.350448  1.2  285  -55
2.09287939  0.235361  4.376207  1.1  310   73
2.09287970  0.234243  4.334709  3.4  279   61
2.09291083  0.240239  4.559463  3.1   54   40
2.09294346  0.234921  4.359829  2.4  192  -62
2.09294509  0.235967  4.398744  3.1  191  -60
2.09298575  0.236777  4.429019  2.4  188  -78
2.09299874  0.233788  4.317884  5.3  309  -53
2.09303169  0.231585  4.236898  1.1  310  -42
2.09303236  0.231355  4.228486  0.9  310  -39
2.09307945  0.232945  4.286806  3.5  305  -18
2.09308374  0.233899  4.322003  4.1  104  -35
2.09308208  0.232545  4.272096  3.6  116  -25
2.09315815  0.229510  4.161329  3.6   76   51
2.09316803  0.232816  4.282061  3.9   90   49
2.09317089  0.232452  4.268688  2.2   13   58
2.09324458  0.229170  4.149002  0.2   17  -12
2.09324378  0.225848  4.029572  0.0  202   -4
2.09326311  0.227363  4.083831  1.0  206  -20
2.09330057  0.227434  4.086379  2.7  202    8
2.09330296  0.226710  4.060411  3.8  197   16
2.09330441  0.226510  4.053235  3.4   19   22
2.09339771  0.234926  4.360017  0.2  341  -31
2.09340013  0.236676  4.425241  1.7  106   32
2.09342076  0.231387  4.229649  2.8   43  -18
2.09343286  0.234726  4.352619  2.3  237  -28
2.09342610  0.233059  4.291003  0.0   48  -21
2.09347772  0.237167  4.443588  0.1  274  -31
2.09350816  0.235735  4.390094  0.7    8  -40
2.09354282  0.237523  4.456960  0.0  345    8
2.09354444  0.238128  4.479708  1.1  347   11
2.09354703  0.239015  4.513119  0.3   96    6
2.09361014  0.238424  4.490821  2.0  318   26
2.09361217  0.234478  4.343397  0.4  149   17
2.09363330  0.238031  4.476055  0.0  183  -54
2.09367638  0.239093  4.516063  0.0  172   -1
2.09368582  0.238358  4.488367  0.0  353   -3
2.09368539  0.240043  4.552025  0.0  357  -21
2.09376120  0.236878  4.432773  0.6  294  -35
2.09375740  0.235772  4.391500  0.9  119  -25
2.09376282  0.241492  4.607152  0.0  298  -64
2.09381995  0.237337  4.449964  0.1   70  -30
2.09383847  0.237936  4.472469  0.0  329   33
2.09382657  0.238063  4.477251  0.0  314  -41
2.09387594  0.236516  4.419239  0.4   58   52
2.09391752  0.236169  4.406283  0.0  150  -17
2.09397899  0.228596  4.128240  0.9  103   10
2.09397956  0.227134  4.075597  1.0  280   12
2.09398067  0.226978  4.070010  0.7  281   14
2.09397948  0.227089  4.073978  0.7  281   12
2.09398726  0.235177  4.369345  0.7   13   66
2.09405418  0.235840  4.394008  1.3  280  -57
2.09405384  0.234538  4.345643  0.3  281  -57
2.09412624  0.233927  4.323014  3.8  285   26
2.09412283  0.233821  4.319113  0.1  160  -71
2.09412423  0.232730  4.278908  0.1  186  -66
2.09413397  0.232266  4.261845  0.2  229  -60
2.09414476  0.234864  4.357722  3.8  271   46
2.09421624  0.231380  4.229411  0.9   72   69
2.09421460  0.232440  4.268255  0.0  284   71
2.09426785  0.232192  4.259146  2.7  293   63
2.09426952  0.230548  4.199050  1.6  270   67
2.09426955  0.234935  4.360361  2.0  159   55
2.09432307  0.239111  4.516762  0.3  163  -60
2.09434662  0.239980  4.549642  1.5   66   47
2.09438005  0.239828  4.543865  1.6   47  -73
2.09441722  0.230089  4.182351  0.0    9   21
2.09441709  0.230010  4.179462  7.8    8   20
2.09441886  0.231340  4.227941  3.1   28   55
2.09441845  0.231440  4.231599  6.8  191    8
2.09449557  0.232543  4.272029  0.3   28   67
2.09450279  0.232075  4.254829  3.5  299   56
2.09456936  0.220645  3.846036  1.1  176  -14
2.09457173  0.220392  3.837243  1.2  176  -15
2.09457281  0.220266  3.832861  0.7  356   -7
2.09457517  0.220382  3.836879  0.6  175  -23
2.09463145  0.229039  4.144238  2.1  179   27
2.09463911  0.229525  4.161863  2.1  178   24
2.09471978  0.221523  3.876710  1.1  330   28
2.09471760  0.220149  3.828785  2.3  332   16
2.09471407  0.219188  3.795414  0.5  159    2
2.09472069  0.220438  3.838826  1.9  152   18
2.09477432  0.225498  4.017107  0.9  167   16
2.09478279  0.222797  3.921458  0.3  170   17
2.09485537  0.222138  3.898287  3.3  354   42
2.09485507  0.221966  3.892247  3.1  353   42
2.09485689  0.221956  3.891904  3.2  353   40
2.09485642  0.221772  3.885432  3.2  353   41
2.09485500  0.221864  3.888656  0.0  355   45
2.09493309  0.226336  4.047008  6.3  288  -48
2.09493690  0.227828  4.100554  6.7  285  -54
2.09499356  0.229505  4.161117  7.5  279   63
2.09499643  0.229638  4.165956  7.8  280   66
2.09501750  0.228622  4.129180  2.5   65  -43
2.09499689  0.230461  4.195856  4.5  330   70
2.09507393  0.218537  3.772898  4.2  118  -31
2.09507651  0.220322  3.834793  0.0  125  -30
2.09507416  0.219193  3.795600  4.9  306  -23
2.09514973  0.229729  4.169245  1.6    1  -27
2.09515718  0.228837  4.136944  0.1  176  -49
2.09515280  0.231727  4.242108  2.5  197  -42
2.09521669  0.231163  4.221473  2.0  348  -23
2.09522313  0.233354  4.301872  0.1  278   54
2.09528545  0.230803  4.208337  1.3  333  -45
2.09528728  0.231269  4.225331  2.3  290  -57
2.09528977  0.230219  4.187049  2.4   90  -63
2.09528902  0.230098  4.182662  2.3  110  -57
2.09537337  0.236876  4.432698  2.4   57   79
2.09537513  0.233800  4.318329  1.2   67   52
2.09537419  0.233682  4.313968  1.7  254  123
2.09542877  0.234257  4.335227  2.5   14   -8
2.09543144  0.237349  4.450411  4.7  197  -16
2.09549192  0.239987  4.549897  3.6   85  145
2.09549937  0.239261  4.522432  0.0  302   45
2.09551328  0.237934  4.472382  0.0  308   49
2.09551522  0.237315  4.449145  3.1  251   42
2.09557383  0.238541  4.495232  2.1  276   -4
2.09560359  0.235756  4.390897  1.0  203   13
2.09564924  0.222497  3.910889  0.0  109   26
2.09564921  0.223104  3.932249  0.0  109   26
2.09565113  0.222209  3.900781  0.4  276   37
2.09565447  0.227777  4.098722  0.0  267   38
2.09565203  0.228308  4.117835  0.3  278   26
2.09572855  0.231714  4.241604  1.1  351   50
2.09578749  0.227902  4.103204  3.3   22   22
2.09579903  0.221423  3.873219  1.1  202   -6
2.09579899  0.222877  3.924275  0.0  203   -4
2.09580136  0.222367  3.906307  0.8  206   -6
2.09580681  0.224342  3.976035  1.2  205  -12
2.09587459  0.231345  4.228131  8.1  323   -4
2.09590901  0.222086  3.896468  0.6   66   55
2.09591840  0.225416  4.014170  4.6  351   47
2.09592219  0.225444  4.015183  5.1  346   34
2.09593652  0.227126  4.075314  0.1   45  -26
2.09599003  0.231999  4.252056  0.2  348   21
2.09602204  0.224644  3.986732  7.4  313   -2
2.09602237  0.224897  3.995720  8.1  313   -1
2.09607696  0.217790  3.747155  2.5  273   44
2.09607882  0.217256  3.728827  2.7  268   49
2.09608287  0.217197  3.726783  3.2  266   51
2.09608646  0.215975  3.684979  3.1  269   64
2.09617162  0.231097  4.219064  0.2  104   31
2.09618899  0.222579  3.913787  0.0  210  -59
2.09618923  0.222359  3.906039  0.0  208  -61
2.09619552  0.219498  3.806164  2.0   33  -40
2.09622032  0.224941  3.997288  1.5  101  -26
2.09624258  0.230925  4.212794  7.4  188   -6
2.09625865  0.235027  4.363782  0.0   62  -26
2.09633703  0.230072  4.181712  0.5  266   61
2.09633935  0.227647  4.094014  0.3  107   64
2.09637026  0.212038  3.551854  2.2   79  -53
2.09636969  0.211372  3.529584  0.3   81  -51
2.09636966  0.211122  3.521225  0.4   81  -51
2.09649519  0.231243  4.224402  4.9   76 -118
2.09645871  0.226614  4.056953  0.1  257   58
2.09650586  0.228946  4.140894  5.0  278  -29
2.09650444  0.228532  4.125911  0.0  275  -52
2.09650377  0.226151  4.040393  4.3   70  -49
2.09650616  0.227738  4.097320  4.2  277  -44
2.09656535  0.232831  4.282609  0.5  278  -60
2.09660132  0.231717  4.241713  2.4   12   24
2.09660804  0.227108  4.074666  1.6   90  -50
2.09662884  0.227685  4.095381  0.0  284  -15
2.09664241  0.227309  4.081879  2.2  289   -6
2.09665904  0.227338  4.082908  0.4  319  -33
2.09666749  0.226125  4.039461  0.0  191  -10
2.09675727  0.221556  3.877883  8.4  320   32
2.09676137  0.222320  3.904653  7.6  319   38
2.09675961  0.223169  3.934535  5.7  319   50
2.09676042  0.222418  3.908108  7.5  145   27
2.09682231  0.231407  4.230372  0.2  291    8
2.09682208  0.233559  4.309436  0.7  290    6
2.09683308  0.235361  4.376197  1.0  284    8
2.09692011  0.226889  4.066803  0.9  281   17
2.09692367  0.226100  4.038567  1.1  104   20
2.09692463  0.231306  4.226703  0.0  291   42
2.09694895  0.228440  4.122601  0.0  280   47
2.09698768  0.230561  4.199510  4.9  304   41
2.09701188  0.228958  4.141311  3.6  189  -16
2.09699030  0.230549  4.199085  4.5  308   37
2.09705980  0.230487  4.196814  1.6  201   21
2.09706614  0.230761  4.206797  1.0  193   38
2.09712602  0.226073  4.037603  0.0  187   33
2.09712511  0.226110  4.038927  4.4  180   19
2.09712592  0.226338  4.047067  4.5  183   21
2.09719939  0.224223  3.971805  2.8  309   28
2.09720131  0.220779  3.850738  1.0  164   -1
2.09720280  0.220011  3.823973  0.6  344   11
2.09720373  0.220433  3.838653  0.5  343   12
2.09720779  0.221174  3.864524  4.5  136  -13
2.09727760  0.226781  4.062929  0.0   30   68
2.09733831  0.226233  4.043334  1.4  278   24
2.09734864  0.210832  3.511551  0.0  320    8
2.09734845  0.213167  3.589780  1.1  315    6
2.09734691  0.213100  3.587523  1.0  313    2
2.09742531  0.230138  4.184102  0.6  355  -17
2.09741595  0.229916  4.176056  3.4  289   39
2.09749618  0.220902  3.855012  1.4    6    2
2.09750011  0.218408  3.768468  1.1  176  -14
2.09750012  0.219515  3.806772  1.6  182  -15
2.09749827  0.220528  3.841987  1.9  187   -7
2.09755189  0.230462  4.195891  1.4  294   63
2.09755838  0.230403  4.193770  0.6   35   66
2.09757637  0.233264  4.298542  4.0   11  -39
2.09764521  0.216265  3.694857  1.6   15  -50
2.09764336  0.216164  3.691434  1.7   11  -47
2.09764530  0.216378  3.698735  0.0  202  -65
2.09770910  0.229461  4.159536  0.1  174  -40
2.09772093  0.225480  4.016458  0.3  290  -52
2.09772029  0.224715  3.989265  0.0  309  -45
2.09777476  0.231903  4.248538  2.4  300  -25
2.09777645  0.228440  4.122597  0.0  286  -38
2.09778130  0.230603  4.201058  0.1  281  -27
2.09785750  0.226603  4.056570  0.8   68   29
2.09785666  0.226539  4.054282  0.5   67   29
2.09786131  0.227838  4.100890  1.7  258   54
2.09787619  0.235854  4.394545  5.9  353    7
2.09790204  0.235934  4.397537  3.1  282   58
2.09795913  0.237499  4.456051  3.3  190   21
2.09799875  0.227234  4.079190  0.9  288  -52
2.09802340  0.224398  3.978007  4.2  118   33
2.09802292  0.224346  3.976176  0.0  294   45
2.09802837  0.223580  3.949060  3.3   29   63
2.09809503  0.225333  4.011229  2.6  314   29
2.09809594  0.224098  3.967385  2.7  314   35
2.09809850  0.226840  4.065042  3.4  332   50
2.09814871  0.224938  3.997163  0.9  111   48
2.09814799  0.226287  4.045245  2.4  282   48
2.09816220  0.228691  4.131678  2.3  302   -7
2.09822971  0.226392  4.049014  1.5  184   16
2.09823107  0.225647  4.022422  2.7    4   28
2.09823522  0.225789  4.027463  0.0    2   26
2.09829630  0.227673  4.094969  6.0  355  -24
2.09830187  0.224183  3.970368  5.1  189  -48
2.09831065  0.223516  3.946796  5.1    9  -36
2.09830885  0.224327  3.975487  3.0   59 -110
2.09839225  0.224113  3.967897  1.9  291   45
2.09839156  0.224233  3.972154  1.0  286   47
2.09839584  0.226206  4.042365  2.0   95   53
2.09846086  0.219855  3.818576  3.0  320   53
2.09846025  0.221970  3.892397  1.7  305   69
2.09846448  0.220814  3.851930  2.4  164   37
2.09851996  0.219907  3.820362  3.3  295   -6
2.09852059  0.219992  3.823323  3.3  295   -5
2.09860430  0.219397  3.802684  1.2  353   14
2.09860599  0.219593  3.809452  1.8  357   15
2.09860968  0.219384  3.802222  1.8  178   -4
2.09860938  0.220259  3.832591  1.9  177   -1
2.09868001  0.221829  3.887440  0.7  156  -37
2.09868710  0.218397  3.768099  0.7   94  -56
2.09868936  0.218370  3.767138  0.9   45  -66
2.09874986  0.212590  3.570363  2.4  166  -47
2.09874793  0.207669  3.406972  0.0   25  -50
2.09875040  0.211376  3.529697  0.1  101  -47
2.09874997  0.214724  3.642415  0.9  230  -61
2.09881887  0.233841  4.319865  0.1  287  -29
2.09882460  0.235243  4.371821  0.5   66  -48
2.09886784  0.234356  4.338888  3.5  281  -45
2.09886374  0.233579  4.310174  3.7   81  -70
2.09890740  0.242084  4.629780  3.3  196  -56
2.09886390  0.234370  4.339409  3.9   91  -80
2.09894761  0.242901  4.661082  2.3  151   61
2.09898476  0.236916  4.434188  0.3  135  -48
2.09898686  0.237029  4.438431  0.4  119  -57
2.09903431  0.233830  4.319438  0.1   68  -34
2.09903903  0.236745  4.427797  0.2   69  -30
2.09910425  0.239794  4.542603  0.6  197  -45
2.09912869  0.239813  4.543297  4.3  196   28
2.09911447  0.237390  4.451979  0.1  203  -43
2.09913621  0.240274  4.560785  4.1  197   18
2.09913709  0.240903  4.584717  4.6  197   29
2.09921914  0.235113  4.366965  0.0  278   15
2.09922477  0.241446  4.605381  0.9  273   15
2.09925131  0.234975  4.361832  0.2   81  114
2.09925151  0.237792  4.467044  0.6  281   62
2.09927647  0.239576  4.534326  1.1   72  -74
2.09927475  0.242693  4.653091  1.6  278  -38
2.09936049  0.233515  4.307814  1.0  319   41
2.09936633  0.228406  4.121390  0.4  316   38
2.09936676  0.227153  4.076268  0.2  316   38
2.09936804  0.226169  4.041052  0.1  145   29
2.09942868  0.226730  4.061125  0.7  175   28
2.09943019  0.227474  4.087822  0.5  164   14
2.09949752  0.222487  3.910526  1.0   18   33
2.09950297  0.221528  3.876885  0.5  188   11
2.09950763  0.222389  3.907086  0.9    6   17
2.09951530  0.228152  4.112221  0.2  191   -4
2.09951306  0.224875  3.994937  1.1  179   -0
2.09958754  0.228641  4.129857  0.1  182  -54
2.09964869  0.227735  4.097180  0.2    2  -22
2.09965566  0.224353  3.976402  0.1   11  -35
2.09965997  0.222020  3.894150  0.1   86  -62
2.09965949  0.221889  3.889544  1.0  315  -37
2.09971250  0.233638  4.312342  0.5  291  126
2.09972936  0.233806  4.318563  0.2  302   63
2.09972605  0.235550  4.383215  4.5  313   -2
2.09979903  0.234539  4.345669  6.1  168  -15
2.09979781  0.235410  4.378019  5.6  172  -16
2.09984512  0.232489  4.270029  2.5  198   46
2.09986679  0.226321  4.046459  0.6  165  -30
2.09986976  0.226356  4.047709  0.6  168  -32
2.09991390  0.230085  4.182182  2.5   65   42
2.09993759  0.229414  4.157815  0.5  288  -61
2.09993729  0.228723  4.132824  0.1  270  -64
2.09993768  0.228030  4.107805  0.3  304  -62
2.10000385  0.230513  4.197771  0.3   41  -47
2.10001245  0.228455  4.123145  0.1   59  -49
2.10008774  0.229319  4.154399  5.2  326  -27
2.10001906  0.229938  4.176861  0.4   93  -34
2.10009181  0.230367  4.192440  5.0  138  -42
2.10009492  0.232650  4.275972  4.0  312  -39
2.10011106  0.236102  4.403783  4.3  192  -50
2.10013810  0.236408  4.415220  0.0  306   10
2.10021296  0.235299  4.373892  6.8  314   52
2.10021474  0.234904  4.359220  7.0  301   58
2.10021608  0.235967  4.398771  7.0  304   51
2.10021330  0.237567  4.458608  6.6  156   52
2.10029030  0.230346  4.191684  0.4  174  -63
2.10028991  0.230738  4.205976  1.8  354  -59
2.10028879  0.233667  4.313426  2.7  331  -50
2.10035411  0.239142  4.517909  2.2   22  -31
2.10035339  0.234400  4.340542  0.0  152   31
2.10040982  0.231528  4.234812  0.1   79   58
2.10040986  0.228904  4.139355  0.1  235   61
2.10042831  0.237672  4.462556  0.2  302  -32
2.10041019  0.237994  4.474663  0.0  332   76
2.10049560  0.231956  4.250491  2.4   46   63
2.10049582  0.232000  4.252104  2.6   46   63
2.10052066  0.231320  4.227195  3.0   51   44
2.10053068  0.231564  4.236131  4.4  215   22
2.10052966  0.231480  4.233042  4.1  213   22
2.10060040  0.234341  4.338340  0.4   54   68
2.10062418  0.233600  4.310930  0.4   77  -46
2.10066040  0.221893  3.889674  0.1   72  -51
2.10066198  0.224027  3.964846  0.3   85  -47
2.10069368  0.231879  4.247657  1.7   80  -15
2.10073899  0.228877  4.138374  1.9  353   36
2.10074146  0.229228  4.151079  2.4  177   30
2.10074699  0.230214  4.186867  2.3  353   36
2.10074516  0.230453  4.195585  2.2  352   38
2.10081731  0.223070  3.931049  0.9  309  -17
2.10081693  0.224210  3.971333  0.8  308  -18
2.10088960  0.233099  4.292473  0.8  190    4
2.10089017  0.233105  4.292706  0.6  189    4
2.10089072  0.234338  4.338244  2.1  190    1
2.10094723  0.235299  4.373895  1.3   38  -44
2.10096487  0.228695  4.131800  0.3  196   48
2.10096493  0.230951  4.213719  1.5  332   26
2.10096571  0.229870  4.174392  0.1   21   44
2.10103514  0.228097  4.110242  3.3  350  -21
2.10103523  0.228372  4.120138  3.0  350  -21
2.10109107  0.225410  4.013969  0.7  346   52
2.10110060  0.226117  4.039189  0.2  171   20
2.10110041  0.225675  4.023400  0.7  353   29
2.10109891  0.225717  4.024900  0.5  348   36
2.10118401  0.223177  3.934845  0.9  141  -38
2.10118423  0.221893  3.889688  0.1  142  -40
2.10118536  0.222878  3.924281  0.5  139  -43
2.10125383  0.224464  3.980356  0.2  184  -43
2.10125238  0.221033  3.859591  0.0    7  -36
2.10126065  0.231264  4.225163  0.7  195  -49
2.10125732  0.224292  3.974229  0.1  200  -35
2.10133367  0.229899  4.175436  0.0  291  -65
2.10132867  0.227405  4.085325  0.0   75  -50
2.10138418  0.227738  4.097304  0.2  180  -65
2.10138643  0.228183  4.113349  0.4    7  -59
2.10139556  0.231247  4.224557  2.1   18  -53
2.10145271  0.232001  4.252151  0.6  354  -50
2.10148235  0.234727  4.352637  1.1  291   10
2.10147946  0.235533  4.382588  1.0  288    9
2.10153687  0.235011  4.363166  0.4  344   54
2.10150184  0.231931  4.249563  1.3  239  -60
2.10159267  0.232379  4.265997  0.3   68   36
2.10160298  0.228910  4.139578  1.4  226   41
2.10160782  0.230094  4.182520  1.0  197   24
2.10162942  0.229549  4.162729  4.2   49   43
2.10162931  0.227937  4.104462  3.4   41   42
2.10163853  0.235933  4.397491  3.9  100  -55
2.10176583  0.231789  4.244374  5.2  301   36
2.10176570  0.231792  4.244484  5.1  300   36
2.10177403  0.230377  4.192803  5.9  289   43
2.10179619  0.224687  3.988269  5.0  111   -9
2.10179615  0.224770  3.991203  5.2  111   -8
2.10179149  0.225521  4.017933  5.3  110   -1
2.10185977  0.220115  3.827586  0.8   73   55
2.10185501  0.222023  3.894246  1.2  243   52
2.10187199  0.227411  4.085530  1.2   39   52
2.10191885  0.227277  4.080750  0.1  103   15
2.10192782  0.226732  4.061185  0.3  282   14
2.10194523  0.227630  4.093431  0.9  183  -34
2.10200329  0.226887  4.066741  1.2  123    8
2.10200724  0.227661  4.094540  2.5  160   14
2.10202398  0.231789  4.244366  4.7  186  -31
2.10206406  0.231629  4.238512  4.9    5   52
2.10206474  0.232363  4.265412  5.0    6   52
2.10208399  0.231835  4.246039  1.8  293  -14
2.10215105  0.226819  4.064312  3.4  130  -31
2.10215037  0.227003  4.070893  1.9  315  -11
2.10215898  0.230291  4.189668  3.1  318  -22
2.10220509  0.225239  4.007868  0.4  255  108
2.10220728  0.226333  4.046890  0.6   40   69
2.10220815  0.226878  4.066425  0.2  302   73
2.10222441  0.231141  4.220670  5.5  296  -37
2.10229972  0.232387  4.266288  1.8   48  -39
2.10229956  0.233460  4.305776  1.1   23  -47
2.10234261  0.229707  4.168462  2.2   52   15
2.10236926  0.228576  4.127514  2.3  192  -36
2.10236681  0.226692  4.059737  0.2   19  -15
2.10236695  0.229539  4.162355  1.0  110  -31
2.10244860  0.237555  4.458159  3.4   48   43
2.10245655  0.235189  4.369793  3.3  221    5
2.10251931  0.227256  4.079992  0.3  342  -65
2.10250776  0.226576  4.055611  2.1   93  -28
2.10250784  0.227079  4.073615  2.7   95  -27
2.10256734  0.231129  4.220245  0.6  347  -44
2.10257258  0.228562  4.127018  0.1   21  -22
2.10259098  0.233850  4.320167  0.5  201  -31
2.10260409  0.234591  4.347584  0.3  207  -40
2.10265414  0.232963  4.287462  1.6  260  -33
2.10264782  0.235045  4.364431  1.0  227  -28
2.10270660  0.235619  4.385796  0.9   63  -48
2.10271606  0.233293  4.299618  1.2   50  -54
2.10271722  0.232498  4.270368  2.1   48  -32
2.10277250  0.238752  4.503205  1.8   61  -49
2.10274294  0.238878  4.507950  6.1   72   16
2.10282639  0.233833  4.319544  0.8   92    7
2.10282662  0.233125  4.293448  0.4   91    5
2.10285323  0.235102  4.366570  2.4  170  -33
2.10286898  0.237449  4.454193  1.2   58   31
2.10288596  0.239451  4.529603  1.8   58   36
2.10295483  0.235889  4.395849  0.0  321    7
2.10297911  0.230792  4.207935  0.4   57   35
2.10298047  0.232526  4.271385  2.3   92   25
2.10301212  0.229613  4.165045  2.3  214   66
2.10301305  0.228856  4.137627  2.1   56   67
2.10305836  0.240523  4.570261  0.2  199   62
2.10305756  0.233138  4.293912  0.0   39   42
2.10311122  0.234557  4.346355  1.3  187   62
2.10311296  0.229591  4.164233  2.1  308    6
2.10311412  0.231853  4.246722  3.4  131   -2
2.10312329  0.233788  4.317878  0.7    3   41
2.10312617  0.234085  4.328876  1.0  297    1
2.10317754  0.236997  4.437233  2.1  162   80
2.10326364  0.225991  4.034696  0.5    9    8
2.10326825  0.228844  4.137184  0.9   25  -10
2.10326446  0.226888  4.066772  1.0    8    7
2.10326982  0.231617  4.238060  0.5  285    3
2.10326499  0.233735  4.315924  2.5  107    3
2.10333834  0.238469  4.492518  1.9  348   35
2.10338778  0.228521  4.125538  0.4   53   35
2.10342236  0.225102  4.003019  0.9  236 -123
2.10342573  0.226537  4.054215  2.4   73   50
2.10342675  0.226542  4.054389  2.1   89   35
2.10346604  0.230630  4.202033  0.1   76  -58
2.10352349  0.229352  4.155592  2.5  236  140
2.10353344  0.225682  4.023663  2.7   68   62
2.10353330  0.225500  4.017180  2.2  263  100
2.10353412  0.225162  4.005131  1.9  265  102
2.10358393  0.230355  4.192013  0.8  266  -39
2.10362455  0.227306  4.081776  0.0   21  -26
2.10363019  0.225590  4.020390  0.0   25  -27
2.10363491  0.228109  4.110677  0.1  206  -43
2.10369898  0.227564  4.091049  4.5  184  -36
2.10370077  0.226533  4.054056  3.1  197  -26
2.10371407  0.230340  4.191465  2.1   68  -41
2.10370497  0.228264  4.116259  4.8   10    2
2.10377187  0.235376  4.376749  2.4   19  -64
2.10381802  0.237171  4.443760  2.3  287  -51
2.10383600  0.229676  4.167338  3.2  281  -40
2.10383988  0.231477  4.232951  3.2   96  -29
2.10387242  0.230605  4.201122  4.6  175  -46
2.10387234  0.232361  4.265331  1.4  296  -21
2.10388099  0.231898  4.248364  1.1  102  -31
2.10395561  0.236917  4.434244  0.0   36  -38
2.10396300  0.233501  4.307288  0.2  297  -46
2.10400913  0.228327  4.118532  3.0  107  -33
2.10400867  0.228875  4.138305  3.1  107  -35
2.10400843  0.228300  4.117553  2.4  106  -37
2.10408567  0.240458  4.567787  1.5  293   39
2.10413015  0.232684  4.277199  0.0   29  -11
2.10412958  0.230655  4.202921  0.4   26   -1
2.10414304  0.229394  4.157108  0.6  206  -20
2.10414729  0.230037  4.180452  2.3  209  -52
2.10415100  0.229266  4.152452  2.3  216  -45
2.10416446  0.234928  4.360110  0.0  302   15
2.10427618  0.231928  4.249475  5.5    9   43
2.10428534  0.230515  4.197850  7.3  123   41
2.10428579  0.227386  4.084635  6.6  176   12
2.10428480  0.227084  4.073793  6.5  176   16
2.10428964  0.227882  4.102501  6.1    2   26
2.10429337  0.228710  4.132339  6.3  180    7
2.10437137  0.232258  4.261575  0.2   73   25
2.10440512  0.226198  4.042082  0.1  163   -3
2.10440350  0.226834  4.064828  0.4  162   -3
2.10443915  0.223501  3.946277  0.3  168  -19
2.10444665  0.227644  4.093904  3.2  297   57
2.10445073  0.228819  4.136288  0.6  150   53
2.10454587  0.226143  4.040102  0.0   64    2
2.10456090  0.220878  3.854196  5.7  244   -6
2.10456077  0.222214  3.900930  6.4  244   -6
2.10457054  0.219699  3.813144  5.6   56    2
2.10456757  0.222570  3.913446  6.7  240   -6
2.10458839  0.229160  4.148647  3.3  172   19
2.10465782  0.231077  4.218317  2.5  320  -26
2.10469775  0.227736  4.097240  1.2  135  -66
2.10469905  0.229286  4.153201  2.9  303  -54
2.10469959  0.225197  4.006369  1.2  114  -67
2.10473724  0.227386  4.084635  3.7   15   26
2.10474205  0.227751  4.097775  3.8   12   24
2.10478319  0.226732  4.061171  0.9  168   43
2.10480615  0.231660  4.239639  0.0   65   46
2.10482730  0.235707  4.389058  4.3  203  -40
2.10484302  0.237650  4.461712  0.9  199   49
2.10490126  0.239479  4.530662  0.8  256   11
2.10492662  0.236271  4.410108  4.5  308   63
2.10495018  0.235408  4.377955  0.8  288  -18
2.10495899  0.234462  4.342832  1.7  314   11
2.10499591  0.226022  4.035799  3.6  280  -21
2.10499736  0.227223  4.078783  4.0   93  -23
2.10499972  0.227324  4.082423  4.6   91  -23
2.10503917  0.229634  4.165818  6.5  199   64
2.10511083  0.232329  4.264172  0.7  100   -5
2.10511176  0.229918  4.176115  0.0  101    0
2.10511307  0.231091  4.218837  1.7  278   -1
2.10514116  0.230997  4.215417  0.5   25  -52
2.10511554  0.231568  4.236292  1.6   99   -7
2.10519554  0.233094  4.292279  3.5  291  -54
2.10523448  0.232815  4.282017  0.0   93   -1
2.10525320  0.229275  4.152780  0.0  275   13
2.10527942  0.228840  4.137057  0.5  202   61
2.10527965  0.227523  4.089577  1.6  208   60
2.10528241  0.228682  4.131340  0.0  198   59
2.10535596  0.225786  4.027354  0.0  276   13
2.10536596  0.224706  3.988916  0.2  100   16
2.10539384  0.229877  4.174620  5.3  307   42
2.10537736  0.228327  4.118518  0.6  271   21
2.10541749  0.228307  4.117794  3.8  289   51
2.10548260  0.219581  3.809049  1.2   12   26
2.10548709  0.216503  3.703004  2.6  190   15
2.10549761  0.215460  3.667412  2.0  193   16
2.10550122  0.216971  3.719022  0.0  261   13
2.10551657  0.220595  3.844318  1.3  252   36
2.10556418  0.222485  3.910468  5.7   16  -40
2.10556551  0.222270  3.902917  6.8  198  -50
2.10563898  0.225132  4.004083  4.6   20   31
2.10564714  0.223605  3.949946  0.4  115    1
2.10566597  0.218680  3.777841  0.1  197   49
2.10569609  0.220676  3.847146  3.2   98  -45
2.10569588  0.220629  3.845504  2.9   98  -44
2.10570508  0.220205  3.830735  1.8   96  -36
2.10570099  0.222489  3.910607  2.7  100  -41
2.10577458  0.225382  4.012975  5.9  315  -31
2.10582450  0.221111  3.862329  0.0  268  -52
2.10582649  0.220834  3.852650  5.4   79  -46
2.10582943  0.221783  3.885820  5.5   78  -46
2.10584612  0.223138  3.933437  5.2   98  -37
2.10592773  0.220002  3.823666  1.6  279  -76
2.10592775  0.220311  3.834416  3.5  176  -75
2.10592752  0.221396  3.872283  4.8  169  -68
2.10597147  0.219062  3.791079  1.2   53  -34
2.10599414  0.222632  3.915650  0.7  200  -36
2.10599784  0.221669  3.881833  2.9  202  -37
2.10608583  0.225128  4.003909  4.9  115  -13
2.10608602  0.226343  4.047250  4.7  264  -45
2.10608988  0.221726  3.883848  4.3  298   -7
2.10608989  0.221902  3.890005  4.4  298   -7
2.10610500  0.222467  3.909829  0.0  314 -146
2.10611393  0.228824  4.136491  4.8  183  -61
2.10620712  0.227556  4.090772  0.1  193  -36
2.10622149  0.225703  4.024399  0.2   35  -22
2.10621441  0.226813  4.064073  0.3  205  -45
2.10624158  0.230116  4.183301  1.8   49  -33
2.10627656  0.235498  4.381270  3.8  294  -35
2.10631457  0.232233  4.260653  0.1    2  -67
2.10631742  0.233747  4.316360  0.2   14  -71
2.10631462  0.234868  4.357894  0.2  321  -63
2.10637846  0.236812  4.430296  2.4  190  -33
2.10638484  0.235991  4.399630  0.2  112  -15
2.10639066  0.238139  4.480118  2.1  192  -35
2.10648196  0.239037  4.513938  0.6  313   44
2.10647858  0.240848  4.582599  1.7  121   39
2.10648305  0.239118  4.517001  0.5  310   45
2.10652747  0.237803  4.467484  1.6  319    0
2.10653746  0.238159  4.480862  0.1   87  -18
2.10654463  0.238536  4.495038  2.3  176   -5
2.10660293  0.238630  4.498604  2.5  289   37
2.10661000  0.235521  4.382150  0.3  295   43
2.10664436  0.237301  4.448643  2.1  280   65
2.10664176  0.238218  4.483067  1.9  286   57
2.10667287  0.241251  4.597969  0.7  287  -23
2.10668707  0.238970  4.511435  0.3  181  -30
2.10676267  0.245087  4.745326  0.4  290  -17
2.10676296  0.242290  4.637652  0.2   96  -43
2.10676650  0.242292  4.637746  2.3   49   47
2.10682256  0.236728  4.427172  1.0  121   32
2.10682554  0.230834  4.209476  1.4  290   42
2.10683631  0.231308  4.226783  1.7  121   41
2.10689177  0.236317  4.411821  0.0  121   71
2.10689073  0.238099  4.478617  0.4  298   67
2.10689208  0.234466  4.342958  0.1  276   69
2.10693501  0.242282  4.637353  0.9  313  -60
2.10695143  0.243145  4.670450  0.1  301  -57
2.10698214  0.243960  4.701797  5.6  308    9
2.10703746  0.239779  4.542012  1.6  339  -53
2.10705094  0.237337  4.449973  0.2  321   36
2.10704828  0.237558  4.458273  2.4  192  -51
2.10710927  0.239615  4.535795  2.8  208   36
2.10712281  0.231955  4.250437  0.9  209   46
2.10711921  0.231613  4.237920  0.7   42   57
2.10716179  0.237045  4.439035  0.6   66   69
2.10716631  0.239014  4.513085  1.2   27   64
2.10720560  0.239243  4.521755  1.9  308   45
2.10723456  0.240651  4.575105  1.3   53   11
2.10726706  0.234831  4.356509  0.9   82  -25
2.10728004  0.233458  4.305720  0.2  289  -38
2.10730927  0.229258  4.152191  3.8  298   40
2.10730911  0.228354  4.119486  3.9  297   40
2.10741591  0.232571  4.273055  2.4  290  -42
2.10735005  0.234906  4.359284  2.0  262   50
2.10740034  0.239663  4.537622  0.0   20  -38
2.10741848  0.230088  4.182309  3.3  200  -62
2.10741857  0.231833  4.245970  2.1  100  -38
2.10744817  0.234615  4.348490  7.3   84   16
2.10745403  0.233015  4.289371  6.0  262  160
2.10751607  0.233496  4.307127  0.3   48  -57
2.10751065  0.235314  4.374435  3.1  198   53
2.10756395  0.238979  4.511776  0.0   31  -41
2.10758797  0.233645  4.312613  0.0   98   25
2.10762691  0.230826  4.209173  0.1  237   73
2.10762073  0.233018  4.289507  0.1   91   57
2.10762315  0.235369  4.376479  0.6  281   65
2.10768487  0.239065  4.515027  4.2  310   51
2.10768751  0.238052  4.476832  3.1  154   54
2.10775363  0.234903  4.359178  4.1  146   53
2.10775440  0.232565  4.272841  4.6  310   64
2.10775620  0.230355  4.192015  3.8  306   67
2.10775588  0.235503  4.381486  4.6   11   72
2.10782017  0.238082  4.477945  1.2  178  -22
2.10780842  0.237092  4.440789  2.6   20   58
2.10787162  0.235039  4.364224  0.9   65   65
2.10789414  0.235881  4.395563  2.4    3   23
2.10791513  0.234879  4.358271  2.7  295  -35
2.10791646  0.235199  4.370161  2.1  296  -40
2.10796364  0.232446  4.268451  0.8  351  -15
2.10801862  0.232545  4.272104  0.9  199   -9
2.10802093  0.232905  4.285341  1.1  199   -8
2.10802509  0.232193  4.259159  0.8   18    2
2.10802854  0.232434  4.268016  0.0  196   -9
2.10804074  0.233374  4.302624  3.2  228  -40
2.10809995  0.237437  4.453735  2.2  178  -59
2.10810856  0.238514  4.494224  1.1   14  -52
2.10817106  0.239130  4.517470  1.1  196  -24
2.10817071  0.237175  4.443910  0.3   15  -12
2.10818275  0.236211  4.407872  0.1   15  -20
2.10822884  0.235067  4.365259  1.8  185   33
2.10827608  0.233363  4.302216  1.0  283   11
2.10824077  0.233665  4.313358  0.4  188   36
2.10827705  0.232733  4.279008  0.2  283   13
2.10831056  0.232668  4.276633  0.1    6  -30
2.10832730  0.233866  4.320753  0.1  299  -48
2.10832821  0.235248  4.371976  0.8  298  -51
2.10832671  0.231776  4.243904  0.0  111  -57
2.10841825  0.239741  4.540569  1.7   65   22
2.10843773  0.237132  4.442288  0.9  268  123
2.10849457  0.237854  4.469391  1.9  279  -60
2.10847134  0.237668  4.462388  0.3   50   29
2.10849474  0.237405  4.452536  1.5  277  -59
2.10854940  0.229810  4.172194  5.9  259   21
2.10854950  0.229832  4.173005  6.1  259   21
2.10854695  0.230294  4.189807  6.1   84   21
2.10855908  0.233043  4.290430  4.6   21   71
2.10860790  0.234862  4.357663  5.8  156   53
2.10865707  0.242131  4.631561  3.3   14  -31
2.10868540  0.241488  4.607002  1.0  188   43
2.10869115  0.236781  4.429161  4.3  293   63
2.10874313  0.232877  4.284311  0.9  253  -45
2.10874712  0.231568  4.236292  5.0  360   23
2.10875710  0.230814  4.208745  4.3  356   23
2.10875809  0.233009  4.289159  4.6  177   10
2.10881704  0.241876  4.621801  4.1  168  -39
2.10885422  0.236655  4.424455  0.0  110   57
2.10886037  0.238249  4.484247  4.1  312  -48
2.10889819  0.236171  4.406363  0.0  200   52
2.10889819  0.232592  4.273807  0.0    7   -1
2.10890362  0.235159  4.368683  0.1    5   -4
2.10898395  0.231532  4.234950  1.8   68   46
2.10898148  0.231220  4.223546  0.0   84   45
2.10902954  0.230000  4.179112  4.0  310    5
2.10903371  0.229902  4.175523  4.1  309    8
2.10905744  0.228159  4.112458  4.8  159    4
2.10905771  0.228399  4.121109  5.1  160    3
2.10913392  0.230090  4.182380  2.4  183   53
2.10913365  0.220535  3.842230  0.3  311   29
2.10913967  0.221117  3.862513  0.9  121   14
2.10917494  0.226570  4.055383  0.1  285   10
2.10916561  0.231214  4.223339  0.5  288    4
2.10917963  0.231814  4.245289  0.1   38   26
2.10927697  0.227295  4.081387  5.9  321   17
2.10927629  0.226399  4.049255  5.9  320   16
2.10927849  0.226668  4.058892  4.1  313   15
2.10934009  0.216627  3.707251  5.4  196   41
2.10933665  0.220404  3.837669  5.5  202   40
2.10933826  0.218932  3.786560  5.9   23   56
2.10934132  0.215857  3.680934  5.4  192   39
2.10941259  0.226996  4.070645  0.3  318  -31
2.10943341  0.225886  4.030923  2.9   13  -42
2.10944165  0.225661  4.022922  2.8   68  -51
2.10949458  0.230623  4.201753  0.0  160  -17
2.10944298  0.229140  4.147908  2.7  278  -61
2.10949219  0.228579  4.127626  0.1  165   -4
2.10957392  0.231237  4.224178  4.5   10  -43
2.10956936  0.232566  4.272867  4.6  184  -58
2.10957947  0.233668  4.313464  4.7  200  -52
2.10961358  0.235794  4.392323  5.8  248  -21
2.10964907  0.235320  4.374668  0.7  207   35
2.10965241  0.235154  4.368505  0.9  195   30
2.10971488  0.226809  4.063927  1.1   65   16
2.10970087  0.227500  4.088739  2.0   70  -14
2.10970075  0.230007  4.179356  2.8  250  -17
2.10972718  0.228248  4.115673  0.0  289   55
2.10976715  0.230499  4.197252  2.5  321  -35
2.10980156  0.233961  4.324284  0.1   39  -38
2.10981926  0.236127  4.404720  0.6  193  -32
2.10987226  0.232680  4.277068  0.2  122  -41
2.10987613  0.229601  4.164629  0.0  307    3
2.10987444  0.230753  4.206516  0.3  300  -34
2.10991006  0.234532  4.345429  0.1   29   -9
2.10995406  0.242882  4.660360  0.8  285  -44
2.10996654  0.242873  4.659985  1.7   24    5
2.11001853  0.234471  4.343147  2.3  190   41
2.11001871  0.233105  4.292693  1.9  194   50
2.11001861  0.233326  4.300826  2.0  194   48
2.11008586  0.233160  4.294735  0.1  206   33
2.11008954  0.233690  4.314271  0.4  204   33
2.11009333  0.236184  4.406846  0.6  200   30
2.11015767  0.233830  4.319432  0.1  247   48
2.11016024  0.233110  4.292872  0.0   79   54
2.11018630  0.236120  4.404451  0.0  290  -48
2.11018500  0.233110  4.292870  2.2   81  -55
2.11025689  0.222801  3.921569  0.0  313   49
2.11025876  0.223728  3.954267  4.8  308   51
2.11025620  0.224718  3.989352  4.9  142   41
2.11027073  0.230662  4.203203  1.1  189   30
2.11034182  0.236636  4.423749  3.3   15  -36
2.11032999  0.237308  4.448882  0.0  153   42
2.11040286  0.235043  4.364378  2.5  170    8
2.11040588  0.234183  4.332495  0.0  168  -13
2.11039911  0.233709  4.314978  1.1  289    6
2.11045642  0.235499  4.381328  2.1  316  -24
2.11045846  0.233078  4.291709  1.8  121  -46
2.11048196  0.239772  4.541744  1.3  292   24
2.11054113  0.236560  4.420900  0.5  309   51
2.11055624  0.231409  4.230464  1.4   74  -72
2.11055764  0.231795  4.244591  2.5   90  -64
2.11055908  0.233417  4.304183  1.4  306  -70
2.11062056  0.229847  4.173536  2.9  303  -37
2.11062236  0.230084  4.182159  2.0  300  -41
2.11064629  0.233582  4.310282  0.0   30   33
2.11069781  0.233235  4.297505  1.6  182  -58
2.11069405  0.235800  4.392533  0.3  251   27
2.11069906  0.235454  4.379642  0.1  251   34
2.11077626  0.232439  4.268185  0.7  198   26
2.11080504  0.230014  4.179614  0.1   24   37
2.11080513  0.230016  4.179677  0.1   24   36
2.11082017  0.233956  4.324104  1.7   36   39
2.11082748  0.233122  4.293336  0.7   32   30
2.11086481  0.235613  4.385561  4.8  311  -45
2.11094431  0.231834  4.246003  6.6   84   30
2.11094521  0.228061  4.108933  5.2   87   52
2.11094857  0.227777  4.098694  6.9   76   50
2.11094581  0.226626  4.057379  6.8  253   46
2.11099323  0.226894  4.066972  1.9   20   37
2.11099932  0.223976  3.963042  0.0   32   31
2.11100140  0.225378  4.012836  0.0  207   18
2.11107677  0.235696  4.388655  0.4  167  -68
2.11107758  0.233596  4.310783  0.0  191  -72
2.11112364  0.233216  4.296773  0.0   50  -32
2.11114591  0.231539  4.235217  0.6   70  -12
2.11114596  0.231098  4.219087  0.4   71  -12
2.11116253  0.234922  4.359874  0.4  314   17
2.11120487  0.238785  4.504454  0.1  195  -14
2.11124460  0.232775  4.280534  4.8  162  -71
2.11124860  0.233689  4.314219  4.3   58  -98
2.11129703  0.234606  4.348158  5.9  137  -50
2.11130685  0.234656  4.350012  1.9  311   50
2.11129592  0.235382  4.376968  5.4  301 -132
2.11137936  0.235079  4.365708  2.9  199   24
2.11137695  0.229713  4.168660  0.1  289   57
2.11137737  0.228680  4.131274  0.3  290   59
2.11139907  0.231929  4.249477  2.8  203  -36
2.11143961  0.235440  4.379116  0.5   11  -41
2.11147556  0.233137  4.293894  1.3  300  -62
2.11152196  0.225481  4.016489  1.2    9   12
2.11152155  0.225267  4.008870  0.7    9   13
2.11152302  0.225507  4.017408  1.0    6   14
2.11153256  0.228525  4.125661  2.3    5   -1
2.11159575  0.230129  4.183776  4.6  129  -31
2.11159274  0.230267  4.188803  4.2  127  -42
2.11159250  0.229886  4.174948  4.7  314  -28
2.11167557  0.234917  4.359705  0.8  329   -9
2.11167840  0.233934  4.323286  0.6  149  -19
2.11168272  0.237927  4.472137  0.0  123  -15
2.11173204  0.235546  4.383073  0.5  271  -39
2.11173361  0.234766  4.354107  0.3  283  -41
2.11174907  0.239871  4.545512  1.4   35   49
2.11182295  0.236812  4.430302  1.8  157  -22
2.11183430  0.237268  4.447405  1.4   29  -58
2.11183949  0.238554  4.495715  1.0   16  -34
2.11188548  0.235347  4.375680  4.0  304   21
2.11188438  0.235057  4.364910  3.6  303   21
2.11188472  0.235111  4.366911  3.7  303   20
2.11197691  0.240840  4.582307  3.2   73  -47
2.11196641  0.243169  4.671370  6.0  190  -41
2.11197385  0.242739  4.654861  5.5  196  -39
2.11202793  0.242073  4.629330  4.5    6   20
2.11204456  0.238104  4.478775  0.6  119  -40
2.11207766  0.238592  4.497170  0.0  326   57
2.11207293  0.244062  4.705729  0.8   65   86
2.11211071  0.242788  4.656735  2.4  284  -49
2.11217306  0.240958  4.586812  3.6  188  -43
2.11216643  0.239286  4.523359  3.9  189  -42
2.11217913  0.238228  4.483443  2.0  289  -55
2.11218435  0.238320  4.486905  3.5  310  -46
2.11222605  0.239112  4.516793  0.1  206   54
2.11227040  0.236034  4.401247  0.1  302  -50
2.11226470  0.241712  4.615558  0.6  251  -36
2.11227107  0.237731  4.464769  0.6  312  -47
2.11230680  0.240920  4.585349  1.4  181  -27
2.11233206  0.241279  4.599023  0.9   39   28
2.11236460  0.239080  4.515588  0.1   68   20
2.11241095  0.239227  4.521144  0.6  195   37
2.11239183  0.239333  4.525142  0.0  300 -127
2.11244134  0.246444  4.798033  1.9  297   47
2.11248555  0.232604  4.274258  0.0  203   32
2.11249773  0.234672  4.350621  1.6  197   28
2.11250679  0.234215  4.333663  0.0  190   45
2.11254410  0.236272  4.410123  2.3   20   17
2.11254960  0.237269  4.447412  3.0   13   14
2.11262197  0.228593  4.128123  1.2  315   42
2.11262194  0.229041  4.144326  1.6  304   39
2.11262133  0.229474  4.160012  1.6  302   39
2.11268776  0.227432  4.086294  0.9  210   62
2.11268562  0.227346  4.083211  0.7   56   65
2.11269078  0.226933  4.068393  0.8  104   64
2.11277182  0.226630  4.057522  6.5  301   36
2.11277131  0.226762  4.062262  6.4  299   37
2.11277169  0.226642  4.057945  6.6  300   36
2.11277513  0.227327  4.082540  6.1  292   37
2.11277174  0.227844  4.101106  6.8  128   23
2.11281138  0.229554  4.162907  5.0  180   35
2.11285301  0.233685  4.314088  1.9  138    2
2.11290431  0.233119  4.293213  1.2  145  -49
2.11292441  0.231571  4.236372  0.0  208   55
2.11297852  0.232224  4.260304  2.5  161  -36
2.11297751  0.231555  4.235787  0.7  347  -22
2.11298087  0.232974  4.287869  0.0  167  -39
2.11298806  0.232701  4.277849  6.4  314  162
2.11307054  0.229140  4.147906  4.4   14  -57
2.11307750  0.222910  3.925433  4.8  190  -56
2.11308121  0.224111  3.967845  3.1   31  -51
2.11307896  0.221823  3.887215  3.2  211  -63
2.11310527  0.233826  4.319280  2.0  283  -46
2.11313649  0.234862  4.357640  0.9  210  -50
2.11320951  0.226148  4.040286  0.8   24   -1
2.11321892  0.219758  3.815193  0.3  203  -19
2.11322045  0.219866  3.818955  0.5  202  -17
2.11322365  0.218899  3.785420  0.1  202  -18
2.11322667  0.222935  3.926304  0.5   21   -9
2.11328447  0.237408  4.452628  1.1   72  -50
2.11336071  0.231583  4.236824  0.0   41  -17
2.11336176  0.229988  4.178661  0.0   42  -27
2.11336284  0.228182  4.113295  0.1   76  -67
2.11339620  0.234442  4.342085  0.1  197    5
2.11340353  0.237577  4.458974  0.0  302  -38
2.11341565  0.236146  4.405448  0.0  312  -48
2.11345367  0.240616  4.573799  0.3  192  -37
2.11347950  0.238324  4.487071  0.0  200  -69
2.11354046  0.232305  4.263280  3.8  185   49
2.11354189  0.231750  4.242936  2.8  188   46
2.11354207  0.232569  4.272970  3.0  187   49
2.11354568  0.234169  4.331976  1.4  190   27
2.11361304  0.230963  4.214178  0.1   98   41
2.11362335  0.233856  4.320406  3.5  130   49
2.11362114  0.235746  4.390501  4.5  307   50
2.11368630  0.235273  4.372924  0.0  192   39
2.11369446  0.237588  4.459400  0.4  184   28
2.11369567  0.236605  4.422571  0.1  181    0
2.11374796  0.239830  4.543941  0.3  191   41
2.11376834  0.236218  4.408128  3.2  319   11
2.11376840  0.236099  4.403672  3.1  319   10
2.11383625  0.236378  4.414095  3.0  158  -31
2.11382117  0.236693  4.425864  5.8  331  -35
2.11389998  0.230572  4.199919  0.0  298   13
2.11390469  0.231063  4.217833  0.5  296   14
2.11390964  0.232357  4.265196  0.7  300   22
2.11391443  0.233067  4.291301  0.0  127    0
2.11397807  0.229185  4.149529  2.5  300   48
2.11398344  0.229149  4.148230  0.7   55   57
2.11397825  0.230292  4.189702  2.6  305   44
2.11404759  0.231794  4.244538  2.6  194   35
2.11405205  0.231957  4.250508  2.9  186   18
2.11404995  0.232193  4.259189  0.0  189   28
2.11412971  0.229572  4.163547  0.0  311   -1
2.11412888  0.228762  4.134223  6.4  312   -1
2.11412916  0.229492  4.160644  4.1  312   -1
2.11412991  0.229840  4.173277  5.2  313  -12
2.11413454  0.231641  4.238962  2.9  309  -22
2.11420081  0.238274  4.485190  0.9    7   23
2.11426110  0.235757  4.390922  0.2    1  -21
2.11427292  0.234748  4.353440  2.4  291  -64
2.11426087  0.234228  4.334142  0.2  187  -32
2.11427634  0.237407  4.452590  4.6  307  -16
2.11436125  0.231717  4.241742  3.4  303   48
2.11436615  0.230610  4.201301  0.5  303   55
2.11441869  0.231236  4.224120  2.3   86   79
2.11441958  0.228306  4.117764  1.8  307  106
2.11441920  0.228970  4.141765  2.8  286   69
2.11442207  0.227878  4.102346  0.3  164   47
2.11449911  0.234196  4.332992  3.8  327  -28
2.11450672  0.235320  4.374676  2.4  329  -43
2.11454672  0.232232  4.260595  0.8   48   18
2.11455435  0.232209  4.259771  0.6   46   23
2.11456509  0.230142  4.184250  0.4   40   27
2.11458950  0.236220  4.408207  0.6  197  -32
2.11465162  0.236286  4.410673  2.9  291   53
2.11465003  0.236517  4.419271  2.4  280   54
2.11465303  0.236502  4.418735  1.5  272   57
2.11470259  0.233319  4.300574  1.5   68   -8
2.11472946  0.235919  4.396953  0.1  177   54
2.11472971  0.236561  4.420941  0.0  193  -64
2.11479914  0.238438  4.491371  2.6  185   25
2.11482357  0.224519  3.982299  0.2  273  -63
2.11482348  0.224446  3.979699  0.2  278  -64
2.11482174  0.225536  4.018441  0.0  228  -66
2.11488016  0.230992  4.215216  1.2  165   18
2.11488410  0.228031  4.107859  0.6  339   22
2.11489280  0.234682  4.350976  0.8  289   41
2.11493734  0.233770  4.317227  5.5   43   14
2.11494180  0.233461  4.305810  5.6   41   12
2.11496321  0.240326  4.562784  3.3   22  -38
2.11502647  0.227863  4.101818  4.9   25   67
2.11502902  0.226575  4.055580  4.6  169   44
2.11502849  0.227758  4.098037  0.0  168   44
2.11510552  0.225042  4.000886  0.9  164  -49
2.11510929  0.223653  3.951616  0.2  163  -39
2.11510394  0.229448  4.159062  0.3  303   14
2.11518634  0.228633  4.129563  0.1  170  -50
2.11518487  0.228591  4.128057  0.0  351  -37
2.11518392  0.228736  4.133295  0.1  314  -70
2.11519148  0.232925  4.286055  0.0   84  -54
2.11525624  0.232363  4.265423  2.4  293  -49
2.11525887  0.231978  4.251281  2.6  311  -46
2.11529295  0.235434  4.378894  1.4  309  -76
2.11532988  0.227385  4.084609  8.2  134  -20
2.11532833  0.228153  4.112253  6.0  313  -30
2.11532884  0.225067  4.001745  6.0  313  -32
2.11539327  0.239084  4.515730  1.8  312  -10
2.11541614  0.242071  4.629287  1.9  298   56
2.11543566  0.239928  4.547660  0.3  321  -30
2.11548251  0.236724  4.427032  0.0  344  -19
2.11548868  0.236844  4.431510  0.2   13    1
2.11547570  0.232725  4.278697  0.9  168  -33
2.11554700  0.235304  4.374076  0.1  191   44
2.11554757  0.234918  4.359740  0.1   32   62
2.11556954  0.239854  4.544883  0.1   84  -30
2.11558993  0.238549  4.495547  1.2    6    9
2.11562369  0.237447  4.454124  1.1   15  -29
2.11563760  0.230247  4.188093  0.0  221  -23
2.11569719  0.239501  4.531487  1.9  288  -31
2.11571011  0.234076  4.328543  0.0  271  -29
2.11571301  0.232404  4.266930  0.1  306  -50
2.11575628  0.236512  4.419096  0.2  203  -46
2.11575637  0.238322  4.487004  0.1  214  -70
2.11582595  0.239034  4.513841  1.2  325  -38
2.11578392  0.239977  4.549545  0.9   56  -20
2.11585810  0.238195  4.482220  3.9  341  -48
2.11585588  0.240612  4.573623  2.5  183  -69
2.11585171  0.239860  4.545102  2.3  141  -47
2.11593543  0.238259  4.484614  1.8   27   53
2.11593689  0.238121  4.479442  0.0  199    6
2.11593527  0.237884  4.470510  2.4   20   16
2.11599561  0.241643  4.612919  0.7   53   24
2.11601516  0.235317  4.374550  0.4  217   46
2.11601743  0.236243  4.409041  0.4   41   53
2.11601551  0.237592  4.459541  0.2  295   46
2.11608329  0.240494  4.569141  0.3  297  -43
2.11612424  0.239229  4.521214  0.0   56  -22
2.11614227  0.238623  4.498320  0.8  151  -29
2.11614611  0.241003  4.588523  0.5   75   44
2.11616759  0.242389  4.641452  1.2  194   33
2.11621753  0.241311  4.600252  0.9   68   35
2.11623405  0.245135  4.747214  2.8   52   29
2.11625177  0.236076  4.402807  2.2  305    3
2.11625016  0.233444  4.305178  0.8  126   -5
2.11631639  0.239158  4.518516  0.4  301   38
2.11630158  0.238227  4.483430  1.2  159   28
2.11637939  0.238383  4.489302  0.3  209   52
2.11638064  0.234944  4.360684  1.2  301 -122
2.11638444  0.234134  4.330667  2.9  315 -127
2.11645513  0.233786  4.317831  0.1  303   18
2.11645412  0.234466  4.342961  0.2  303   19
2.11645616  0.236808  4.430159  1.8  357  -19
2.11650118  0.234755  4.353686  0.0  300   43
2.11651446  0.230912  4.212314  0.0  301    5
2.11650358  0.231825  4.245679  0.0  287   43
2.11657520  0.225689  4.023921  1.4  290   56
2.11658095  0.225849  4.029631  0.9  112   51
2.11657744  0.227849  4.101309  1.8  278   60
2.11660377  0.240351  4.563705  1.2    7   16
2.11665933  0.235507  4.381635  1.4  323  -43
2.11667007  0.235190  4.369816  0.7  206  -61
2.11667481  0.236204  4.407594  1.8  211  -69
2.11672985  0.232821  4.282244  0.1   21  -11
2.11673099  0.233934  4.323269  0.0  201  -23
2.11675946  0.238867  4.507535  0.6  315  -20
2.11679477  0.240453  4.567577  0.4  354   18
2.11682429  0.243641  4.689505  0.3  294   55
2.11687058  0.227225  4.078879  0.7  304  -56
2.11687141  0.226932  4.068344  0.5  301  -53
2.11687144  0.226812  4.064069  0.4  301  -54
2.11693545  0.240306  4.562008  0.5  307 -139
2.11694129  0.243272  4.675311  0.1  340  -19
2.11693588  0.240153  4.556186  1.9  317  -44
2.11698565  0.237530  4.457202  0.1  218   -8
2.11698362  0.243920  4.700272  2.5  210   -9
2.11706608  0.234462  4.342816  0.2  308  136
2.11706522  0.233341  4.301387  1.0  296   50
2.11711392  0.236124  4.404611  0.9   24  -46
2.11711709  0.236243  4.409066  1.4   24  -50
2.11711537  0.236404  4.415052  1.4  314  -50
2.11719081  0.239502  4.531518  4.3  310   46
2.11716361  0.239864  4.545234  1.1   95  -52
2.11721029  0.236154  4.405745  2.9  309   19
2.11721040  0.235976  4.399084  2.6  308   15
2.11722139  0.237783  4.466725  0.2  290   -3
2.11726454  0.243984  4.702722  0.1   46  -41
2.11732173  0.238763  4.503616  1.3  115   53
2.11732801  0.233529  4.308325  0.0  254   42
2.11732966  0.232110  4.256128  0.1   85   40
2.11732928  0.231630  4.238554  0.1   87   46
2.11741730  0.229375  4.156415  3.3  339   59
2.11741972  0.228097  4.110235  1.3  189   51
2.11741715  0.228950  4.141025  2.5  188   49
2.11749267  0.227502  4.088810  0.2  285   38
2.11749363  0.228335  4.118798  0.7  271   25
2.11749308  0.227803  4.099633  0.0  283   37
2.11749135  0.228884  4.138626  0.5  127   49
2.11758006  0.234108  4.329731  0.4   13  -15
2.11758184  0.232874  4.284178  0.2  194  -28
2.11763694  0.226202  4.042202  0.0  299   -3
2.11763914  0.227980  4.106032  0.0  299   -2
2.11763673  0.224539  3.983005  2.6  118  -10
2.11763798  0.225243  4.008011  2.8  118   -9
2.11770403  0.233943  4.323608  0.4  341    6
2.11770431  0.232408  4.267063  0.0  341   10
2.11778695  0.233829  4.319421  0.0    5  -28
2.11778517  0.231975  4.251184  0.6    1  -29
2.11779381  0.230174  4.185428  0.9  138  -45
2.11779248  0.232244  4.261051  1.0  181  -49
2.11786225  0.228781  4.134910  0.4  357  -10
2.11786766  0.228769  4.134489  0.0  184  -52
2.11787382  0.230397  4.193542  1.6  174  -23
2.11793062  0.232579  4.273352  2.5   47  -39
2.11792840  0.233513  4.307749  2.5   49  -40
2.11795214  0.232727  4.278803  0.0  278   37
2.11799957  0.229029  4.143881  1.8   70   66
2.11799769  0.229820  4.172556  1.3  273   54
2.11800008  0.229124  4.147317  1.9  234   59
2.11807558  0.241399  4.603610  1.0  321   66
2.11807664  0.240440  4.567107  2.3  298   60
2.11811517  0.242811  4.657605  1.0  187   35
2.11815944  0.233114  4.293031  0.0  306  -54
2.11816390  0.232365  4.265493  1.6  306  -61
2.11816307  0.233118  4.293168  0.5  292  -59
2.11821834  0.232511  4.270832  0.0  305  -44
2.11821957  0.235568  4.383872  0.3  193  -41
2.11820843  0.239120  4.517107  0.3  259 -120
2.11827026  0.239622  4.536081  1.4  194  -45
2.11834984  0.238404  4.490079  0.1  112  113
2.11832063  0.236605  4.422564  0.1   43   59
2.11834676  0.233763  4.316967  0.0  316   65
2.11835546  0.233290  4.299503  0.0   16   70
2.11841738  0.237577  4.458976  1.0  101   27
2.11842487  0.233703  4.314756  0.1   77   30
2.11845219  0.236212  4.407901  0.4   50  -50
2.11845272  0.237422  4.453160  0.6  304  -56
2.11849525  0.230367  4.192463  0.0   38  -51
2.11853024  0.231842  4.246304  0.1  290  -53
2.11852978  0.233213  4.296682  0.1   96  -54
2.11857806  0.236750  4.427994  0.4  287  -39
2.11858426  0.234848  4.357123  0.1   84  -18
2.11861887  0.241647  4.613054  0.2   54   22
2.11862171  0.241066  4.590916  0.3  287   29
2.11867954  0.244492  4.722318  1.4  202   40
2.11870993  0.238318  4.486837  4.8  314   50
2.11871848  0.239466  4.530180  3.3  112   36
2.11871842  0.239407  4.527924  3.0  110   36
2.11877548  0.241539  4.608936  1.7  154  -71
2.11877914  0.239935  4.547920  1.5  191  -55
2.11879024  0.240191  4.557652  2.2   48   78
2.11883491  0.238853  4.507009  2.8   27   44
2.11884098  0.235274  4.372960  1.8   19   41
2.11888599  0.239932  4.547818  1.3  201   51
2.11890623  0.237786  4.466829  1.5  190   23
2.11893686  0.235467  4.380117  2.7  292  -17
2.11894355  0.235852  4.394453  1.1  187   43
2.11898860  0.229361  4.155914  6.6  300   31
2.11898997  0.229294  4.153466  6.6  301   32
2.11898973  0.229202  4.150134  0.0  300   33
2.11898918  0.229944  4.177068  6.6  301   33
2.11907302  0.233608  4.311227  3.8  277   39
2.11909050  0.238057  4.477007  2.7  195   50
2.11913044  0.234415  4.341086  1.1  277   -7
2.11914588  0.231039  4.216934  0.1    9  -15
2.11916396  0.228232  4.115097  0.0    9  -30
2.11918273  0.230350  4.191811  0.7  194  -77
2.11922867  0.230063  4.181402  7.5  318   24
2.11924475  0.230600  4.200928  5.2  137   20
2.11924272  0.230024  4.179957  5.8  312   30
2.11924686  0.231078  4.218352  6.9  320   43
2.11931398  0.235142  4.368052  1.4   14   -8
2.11929515  0.235009  4.363113  3.6  344 -133
2.11935676  0.236532  4.419830  4.1  315  -47
2.11935916  0.236658  4.424563  3.2  313  -48
2.11937219  0.237040  4.438847  3.1  297   19
2.11943363  0.230927  4.212857  0.8   50   85
2.11944364  0.228542  4.126274  5.0  183   52
2.11945605  0.233343  4.301458  0.0  183   14
2.11952546  0.228335  4.118819  2.2    7  -35
2.11952857  0.228546  4.126420  1.9    9  -39
2.11954409  0.227696  4.095778  2.1  203  -80
2.11954400  0.229405  4.157521  1.3  201  -79
2.11954288  0.231880  4.247702  1.4  250  -67
2.11960095  0.233611  4.311363  1.3   30   -5
2.11959979  0.234448  4.342320  0.0   32   -7
2.11969991  0.236754  4.428149  5.7  171  -31
2.11969025  0.238383  4.489281  0.0  295  -33
2.11970296  0.236796  4.429729  6.3  174  -33
2.11974051  0.236389  4.414507  0.0   78  -20
2.11971943  0.236460  4.417156  8.3    1  -21
2.11973994  0.239681  4.538328  0.1  261  -20
2.11983363  0.235409  4.377975  0.1  218   54
2.11983427  0.235158  4.368635  0.0  221   55
2.11983142  0.236906  4.433825  0.8   39   57
2.11988864  0.238428  4.490979  0.9   97   49
2.11988922  0.238474  4.492704  1.5  258   52
2.11995443  0.237685  4.463025  0.2  207   10
2.11996107  0.235304  4.374076  1.0  198   37
2.11996721  0.235946  4.397959  0.5  199   26
2.11998777  0.237558  4.458255  1.8  194  -12
2.11999033  0.237261  4.447119  0.6  196  -19
2.12007257  0.235777  4.391655  1.6  136  -63
2.12007553  0.236089  4.403318  0.9  315  -52
2.12007453  0.235803  4.392656  1.2  319  -52
2.12015754  0.236827  4.430876  0.7  264  -29
2.12015698  0.235926  4.397208  1.0  265  -31
2.12015754  0.235755  4.390869  0.9   75  -27
2.12019500  0.233111  4.292930  0.0  292 -122
2.12019677  0.233676  4.313761  0.9  319  -55
2.12023872  0.237496  4.455948  2.0  107   40
2.12027551  0.238113  4.479116  0.2   48  -41
2.12029414  0.237858  4.469553  0.9  305   68
2.12032182  0.239027  4.513561  3.0  308  -26
2.12032295  0.238645  4.499171  2.5  308  -28
2.12032243  0.240000  4.550405  2.8  112  -33
2.12038611  0.234928  4.360097  0.1  293  -15
2.12039437  0.238783  4.504355  0.9   32   52
2.12044706  0.237734  4.464892  1.6  354  -52
2.12044319  0.238424  4.490817  1.7  302   57
2.12046851  0.238842  4.506591  0.6  180  -72
2.12049133  0.244029  4.704470  1.5  287   56
2.12052906  0.237477  4.455236  0.1   63  -48
2.12052890  0.236553  4.420627  0.5   55  -52
2.12056101  0.235202  4.370281  1.4   19  -41
2.12056701  0.232793  4.281208  3.7  124  -43
2.12062537  0.241736  4.616455  0.5  301   29
2.12064445  0.241007  4.588667  2.3  315  -31
2.12068689  0.237246  4.446568  0.5  189   51
2.12068593  0.236091  4.403385  0.0  185   54
2.12071266  0.243910  4.699874  0.1  170   33
2.12075886  0.240844  4.582476  1.9   95    5
2.12078121  0.237765  4.466041  0.2  181   36
2.12078198  0.237173  4.443833  0.1  180   36
2.12080059  0.238641  4.499027  0.9  105  -33
2.12083813  0.246152  4.786664  0.8  298  -86
2.12086784  0.240108  4.554483  0.7  177  -62
2.12088987  0.239121  4.517137  0.1  195   54
2.12091589  0.238749  4.503070  4.6  243   -3
2.12093079  0.239027  4.513563  0.1   65   14
2.12095858  0.236074  4.402739  0.3  121   43
2.12095596  0.240563  4.571790  0.5  212   35
2.12103849  0.238123  4.479513  2.7  196   -6
2.12103867  0.238452  4.491892  2.6  196   -6
2.12104398  0.237903  4.471238  2.5   16  -10
2.12108322  0.237595  4.459653  0.4  109  -68
2.12110927  0.236808  4.430148  0.0  320   26
2.12111794  0.237558  4.458255  0.9  191   37
2.12115582  0.240566  4.571888  0.1  163  -36
2.12118538  0.233712  4.315090  0.7    9  -24
2.12119077  0.233916  4.322634  0.0   14  -32
2.12119435  0.235117  4.367121  1.8  202  -48
2.12125976  0.240536  4.570731  0.6  139  -72
2.12125640  0.239825  4.543777  1.2  310  -63
2.12130084  0.240422  4.566420  4.6  303   38
2.12133041  0.234710  4.352028  0.0  300  -23
2.12132765  0.235024  4.363656  4.3  298  -27
2.12132985  0.234634  4.349206  4.8  290  -19
2.12139234  0.236944  4.435244  0.1  177   63
2.12139894  0.236980  4.436592  0.1  165   50
2.12140500  0.241254  4.598066  2.4  204  -43
2.12146832  0.243276  4.675467  1.3  288   10
2.12146573  0.241952  4.624713  1.2  195  -14
2.12153987  0.237475  4.455158  0.6  187   19
2.12153812  0.238938  4.510212  0.6    6   34
2.12155126  0.237477  4.455222  2.0    9   19
2.12156994  0.240244  4.559669  2.6    6   19
2.12161467  0.239725  4.539985  1.6  290  -33
2.12161496  0.239510  4.531827  0.9  290  -33
2.12169528  0.238240  4.483909  0.0  239  -60
2.12169416  0.238322  4.486982  0.0   38  -47
2.12169206  0.237582  4.459175  0.9  311  -49
2.12169971  0.237232  4.446028  0.3   46  -43
2.12172219  0.241649  4.613154  5.8  283   48
2.12177806  0.244335  4.716254  2.9   60   22
2.12178461  0.245588  4.764761  3.5   61   15
2.12183017  0.241502  4.607533  1.3  202   31
2.12184402  0.242026  4.627563  0.0  169   -5
2.12188083  0.239291  4.523549  3.2  217   48
2.12189537  0.236475  4.417725  0.0  201   44
2.12190546  0.233239  4.297624  0.3  196   34
2.12197260  0.232752  4.279713  0.0  203   23
2.12198551  0.225920  4.032156  0.0   25   12
2.12199866  0.229948  4.177208  0.0  201   26
2.12199038  0.225475  4.016270  0.0  209   -1
2.12199495  0.228065  4.109085  0.0  209    5
2.12203845  0.233470  4.306157  1.1   24   44
2.12207641  0.241059  4.590645  1.6  298   51
2.12213465  0.226592  4.056174  1.8  213  -55
2.12213655  0.226297  4.045604  2.2   31  -48
2.12216498  0.228685  4.131455  2.9   21  -25
2.12216859  0.229249  4.151856  2.4  200  -37
2.12217532  0.231051  4.217374  3.4  202  -32
2.12224743  0.236344  4.412829  0.6   57   79
2.12224735  0.236892  4.433294  1.0   53   79
2.12225627  0.237289  4.448167  5.0  323  -35
2.12229493  0.238295  4.485975  0.0    6  -51
2.12232245  0.233407  4.303838  0.4  193  -47
2.12232945  0.235045  4.364457  1.1  119  -34
2.12238575  0.222856  3.923528  0.0  189   53
2.12238883  0.223377  3.941902  0.1  349   58
2.12243006  0.239273  4.522871  1.5  299   66
2.12243087  0.240527  4.570390  3.3  301   59
2.12250136  0.239991  4.550060  3.1   37  -60
2.12249477  0.237032  4.438544  6.3  308  -48
2.12249722  0.235768  4.391346  6.6  313  -49
2.12253988  0.237587  4.459373  0.0  299   26
2.12256055  0.241343  4.601482  0.8  173  -12
2.12259416  0.235625  4.386015  2.0  304  -58
2.12260808  0.235577  4.384238  2.7  302  -56
2.12264175  0.235469  4.380209  3.1  312  -47
2.12264401  0.235363  4.376265  1.5  310  -33
2.12268775  0.238938  4.510200  4.0  323  -43
2.12268774  0.238665  4.499922  4.1  323  -43
2.12271752  0.242197  4.634107  0.6  177   67
2.12277641  0.241170  4.594887  3.3   25  -74
2.12277395  0.240876  4.583674  1.2  100  -24
2.12282013  0.240916  4.585201  4.8  194    7
2.12283030  0.242458  4.644070  4.7  194   10
2.12284899  0.241838  4.620359  1.3   58  -36
2.12290727  0.238334  4.487430  1.4  124    3
2.12291234  0.235765  4.391241  2.1  308  -12
2.12293288  0.236603  4.422501  0.0   83  -32
2.12291674  0.237000  4.437362  0.0  123  -22
2.12292893  0.238590  4.497096  1.6   97  -50
2.12299572  0.239250  4.522004  2.9  179   52
2.12300064  0.238265  4.484832  1.9  166   51
2.12304184  0.240073  4.553180  2.5   61  -44
2.12307663  0.237869  4.469943  2.7  189  -15
2.12308054  0.237952  4.473084  1.9    6   -8
2.12311467  0.237159  4.443305  2.6  304  -34
2.12311456  0.238629  4.498575  3.8  320  -46
2.12316098  0.238628  4.498504  3.8  309  -37
2.12316964  0.240750  4.578873  2.2   99  -31
2.12320597  0.239859  4.545044  0.0   19  -20
2.12323480  0.240244  4.559649  2.2   18  -17
2.12326135  0.242534  4.646998  0.0  175   16
2.12330114  0.235935  4.397552  0.0  204   56
2.12329929  0.238083  4.478016  0.1  259   52
2.12333590  0.236846  4.431574  1.4  133   55
2.12333757  0.237525  4.457024  0.0  142   55
2.12334923  0.244316  4.715549  1.4  301  -49
2.12337859  0.242491  4.645336  0.1   88   25
2.12345176  0.244893  4.737822  0.0  284   56
2.12345686  0.240092  4.553892  1.2   10   26
2.12346719  0.238774  4.504019  0.1   63   56
2.12351852  0.240492  4.569087  0.1  311   67
2.12352587  0.240315  4.562369  1.3  301   62
2.12353442  0.240810  4.581181  1.0   32   46
2.12355323  0.239632  4.536451  0.8  112  -45
2.12360499  0.243015  4.665451  2.1  315  -38
2.12362600  0.235219  4.370913  2.1  297 -123
2.12362510  0.234966  4.361512  0.0  313  -47
2.12362644  0.234453  4.342497  2.0  314  -48
2.12370210  0.237641  4.461402  0.0   57  -59
2.12370613  0.236747  4.427892  1.7   77  -48
2.12374928  0.235108  4.366788  0.6  295   26
2.12376617  0.238066  4.477371  1.3  197   50
2.12376574  0.239855  4.544911  1.4   23   53
2.12382566  0.241793  4.618641  2.2  124    1
2.12383064  0.243188  4.672106  0.0  185  -28
2.12387491  0.237961  4.473397  0.7  187  -86
2.12387595  0.237089  4.440671  0.6   98  -77
2.12395177  0.237106  4.441303  1.9  128   21
2.12396118  0.233604  4.311097  0.1  322   26
2.12395655  0.233612  4.311393  0.0  302   35
2.12395945  0.233311  4.300299  0.3  146   15
2.12401777  0.241864  4.621341  1.0  317   53
2.12401945  0.241000  4.588400  0.5  155   49
2.12407240  0.241230  4.597173  2.2  100   22
2.12410227  0.234533  4.345471  5.1  113    6
2.12411128  0.233143  4.294087  3.7  290    5
2.12411018  0.232057  4.254202  5.6  108   18
2.12411227  0.233184  4.295608  5.7  286   17
2.12414708  0.234664  4.350297  3.8  295   43
2.12419131  0.238255  4.484464  0.0   90   13
2.12424243  0.236696  4.425958  1.5  279  -28
2.12423219  0.232174  4.258470  1.1  115  -49
2.12425387  0.234734  4.352907  1.9  303  -50
2.12429619  0.233595  4.310754  1.8  299  -52
2.12429688  0.233803  4.318448  1.5  298  -50
2.12434541  0.235261  4.372479  4.8  293   35
2.12435834  0.238363  4.488537  4.6  296   34
2.12438267  0.238892  4.508472  1.9   98   43
2.12441175  0.240673  4.575937  4.8  180  -50
2.12445707  0.233059  4.291015  0.0  198   58
2.12445400  0.232694  4.277573  0.0  248   44
2.12446199  0.236818  4.430557  4.3   42   57
2.12454999  0.235627  4.386094  2.5  338  -51
2.12455063  0.234025  4.326664  0.8  292  -38
2.12455123  0.234546  4.345929  3.3  308  -45
2.12455621  0.235754  4.390828  1.6  104  -44
2.12460567  0.238238  4.483840  2.1  357    4
2.12464853  0.239285  4.523341  0.0   56   30
2.12465044  0.240976  4.587473  5.8  306  -36
2.12464424  0.242296  4.637878  2.4  362  -52
2.12469999  0.241230  4.597155  0.4  212  -30
2.12473012  0.238073  4.477617  0.1   46   46
2.12475678  0.238831  4.506178  6.0  322  -26
2.12475602  0.239604  4.535413  0.0  323  -24
2.12483782  0.238907  4.509034  2.6  284  -78
2.12483669  0.237879  4.470329  2.0   40  -73
2.12483583  0.238173  4.481388  1.6  180  -81
2.12487569  0.239396  4.527511  0.6  291  -34
2.12488377  0.242146  4.632147  2.7  290    2
2.12490769  0.243418  4.680935  0.8  182  -58
2.12494137  0.238000  4.474884  1.8  101   47
2.12498691  0.239928  4.547688  0.8   94   -6
2.12500966  0.231931  4.249578  0.0  316  -78
2.12501462  0.236163  4.406078  0.0  185  -81
2.12502519  0.236485  4.418075  1.0  311  -27
2.12507105  0.239982  4.549719  0.8  188   36
2.12508961  0.237617  4.460486  3.3  301   49
2.12511716  0.237618  4.460522  1.0    6  -51
2.12511560  0.237643  4.461456  0.0  191  -67
2.12513544  0.244425  4.719734  1.2   47   45
2.12519222  0.239988  4.549941  2.9  300  -48
2.12522214  0.234009  4.326073  0.1   22   44
2.12522223  0.233326  4.300831  0.1   22   44
2.12526898  0.235749  4.390613  2.9  300  -48
2.12527113  0.235277  4.373061  0.0  314  -51
2.12526123  0.240637  4.574583  4.8  185  -15
2.12533718  0.239178  4.519268  2.8  302  -47
2.12534200  0.238745  4.502948  2.3  312  -52
2.12540108  0.235816  4.393143  1.6   72  -58
2.12540085  0.236242  4.409002  2.5  297  -53
2.12542326  0.238797  4.504896  0.0  101  -18
2.12543965  0.235772  4.391494  2.4  278  -31
2.12544231  0.237510  4.456485  2.6   86  -29
2.12544213  0.236533  4.419894  2.0   77  -24
2.12551050  0.242924  4.661962  0.4  284   14
2.12554479  0.244562  4.725035  1.2  195  -64
2.12556797  0.238040  4.476383  0.3    1  -32
2.12558146  0.243043  4.666523  0.2   47   41
2.12558303  0.243704  4.691925  1.7  176  -28
2.12565315  0.238130  4.479764  2.1  132   40
2.12565740  0.236596  4.422228  1.0  109   61
2.12565486  0.238036  4.476245  1.7  132   36
2.12571872  0.238741  4.502765  1.7  307   54
2.12572272  0.241689  4.614677  0.5   29   71
2.12576405  0.240654  4.575229  1.0  167   57
2.12579626  0.239466  4.530180  0.4  310   40
2.12579900  0.237570  4.458707  1.4  290   56
2.12584752  0.231123  4.220017  0.3   68   85
2.12584801  0.231552  4.235674  0.2  192   65
2.12584984  0.231333  4.227687  0.2  115  114
2.12589878  0.242522  4.646521  0.7  195   34
2.12595454  0.233131  4.293663  2.6  289  -35
2.12595592  0.234302  4.336912  2.9   94  -42
2.12595814  0.232162  4.258032  2.8  308  -42
2.12608694  0.220835  3.852685  0.1  279   68
2.12603136  0.234454  4.342516  0.1   56   87
2.12608745  0.220400  3.837517  0.1  279   67
2.12608715  0.220688  3.847562  0.3  112   57
2.12608784  0.220665  3.846766  0.0  279   67
2.12609954  0.235564  4.383744  1.8  194  -13
2.12615829  0.235253  4.372190  0.1  184   28
2.12617276  0.235401  4.377675  1.2  198    4
2.12619742  0.230785  4.207680  0.0  197   26
2.12620842  0.231122  4.219964  1.1  195   17
2.12625568  0.230903  4.211985  3.3  283  -63
2.12625604  0.232374  4.265819  3.6  102  -59
2.12630065  0.235690  4.388438  1.9    1  -49
2.12631279  0.230794  4.208006  2.0   10  -32
2.12633019  0.231587  4.236968  1.5   26  -55
2.12638825  0.229667  4.166998  0.2  171  -52
2.12638208  0.229757  4.170279  0.1  170  -47
2.12639023  0.231304  4.226634  0.0  324  -49
2.12639293  0.232274  4.262136  0.7  128  -46
2.12645913  0.236874  4.432620  0.3    8  -49
2.12647489  0.239200  4.520103  1.5  288   32
2.12653403  0.235495  4.381192  0.0  211  -55
2.12653523  0.239517  4.532089  0.0   38  -59
2.12653992  0.232346  4.264787  0.1   53  -49
2.12658080  0.242332  4.639260  1.0  292  -44
2.12665472  0.243273  4.675352  0.3  276   -0
2.12665761  0.242829  4.658305  1.7  204   22
2.12665113  0.241280  4.599049  2.4  192    7
2.12665118  0.242484  4.645091  2.1  192   -0
2.12669929  0.242633  4.650793  0.3   72  -22
2.12670224  0.242703  4.653456  0.7   71  -26
2.12673867  0.241790  4.618539  0.5  251   34
2.12679563  0.233283  4.299274  2.4   66   49
2.12679709  0.233208  4.296473  0.0   66   53
2.12680247  0.231841  4.246285  1.6   44   55
2.12680849  0.234517  4.344847  2.5   32   60
2.12688811  0.235925  4.397175  1.2  174   27
2.12688666  0.236524  4.419555  2.1  353   36
2.12694294  0.230109  4.183061  2.2  277   13
2.12694606  0.228982  4.142197  1.8  273   17
2.12694758  0.229766  4.170613  2.3  274   15
2.12695929  0.231074  4.218220  0.0   52   49
2.12703280  0.228954  4.141172  7.4  321   36
2.12703365  0.230071  4.181678  0.0  314   34
2.12709839  0.218685  3.778012  0.0    3   50
2.12709796  0.218487  3.771192  5.9  180   38
2.12709669  0.218424  3.769008  0.0  177   44
2.12710003  0.218643  3.776581  0.0  174   44
2.12716256  0.231619  4.238148  0.4   66   57
2.12717509  0.231378  4.229313  0.3  167  -25
2.12723483  0.231392  4.229830  8.4  318   21
2.12723720  0.232140  4.257243  0.0  288   -5
2.12726242  0.231145  4.220824  3.4  104  -30
2.12726821  0.230878  4.211056  3.2  284  -36
2.12732065  0.227898  4.103050  4.3  177  -15
2.12732354  0.227857  4.101573  0.0  356   -1
2.12732609  0.228479  4.124019  0.0  175  -14
2.12738270  0.223701  3.953316  7.1  357  -52
2.12738274  0.223771  3.955794  6.6  358  -49
2.12738374  0.222775  3.920660  6.8  351  -48
2.12747194  0.232046  4.253789  3.0  315  -14
2.12747058  0.229936  4.176780  2.2  313 -159
2.12746900  0.232006  4.252310  2.6  307  -18
2.12753326  0.233060  4.291027  1.8  185   16
2.12754827  0.233572  4.309930  0.0  177  -26
2.12755446  0.235072  4.365465  3.8  187  -37
2.12755349  0.234921  4.359857  3.5  186  -36
2.12762037  0.238771  4.503935  0.2  280 -179
2.12767522  0.236379  4.414122  0.6  285   17
2.12767615  0.236694  4.425901  0.5  286   17
2.12770224  0.233018  4.289483  0.4   51  -42
2.12770837  0.232558  4.272591  0.1  190   58
2.12770747  0.232163  4.258071  0.1   40  -37
2.12777339  0.239616  4.535847  0.7  291  -53
2.12777051  0.239132  4.517557  0.1   67  -47
2.12782236  0.233934  4.323297  0.9  274  -38
2.12782572  0.234153  4.331376  1.6  274  -28
2.12782717  0.232911  4.285540  0.9  277  -24
2.12788269  0.242472  4.644617  0.0  288   54
2.12792926  0.242445  4.643594  1.7  187   24
2.12792966  0.242951  4.662983  2.4  190   28
2.12796478  0.236177  4.406599  0.7   86  -51
2.12796288  0.237890  4.470722  0.0   80  -54
2.12801745  0.237920  4.471859  0.9   98   19
2.12801719  0.236866  4.432339  0.0   98   20
2.12803987  0.240367  4.564320  0.0   66   23
2.12808527  0.238075  4.477680  0.2  123   48
2.12809010  0.240435  4.566912  0.0  198   45
2.12813667  0.239270  4.522768  1.0  313   41
2.12816241  0.236491  4.418297  0.0  307   36
2.12816699  0.233659  4.313143  2.1  303   26
2.12817159  0.233368  4.302396  1.4  335   55
2.12823373  0.234285  4.336259  1.1  352  -12
2.12823927  0.234737  4.353032  1.9  175  -24
2.12821224  0.234340  4.338288  0.7   14   71
2.12829465  0.231811  4.245181  2.4    9   40
2.12831210  0.232323  4.263958  2.0  175   32
2.12830258  0.230854  4.210197  1.4   37   77
2.12838852  0.225899  4.031406  0.0  180  -40
2.12838845  0.227379  4.084395  0.0  180  -39
2.12839123  0.230126  4.183692  0.0   10  -41
2.12840225  0.235889  4.395854  0.0   55  -45
2.12846460  0.227992  4.106435  0.0  174  -16
2.12847302  0.234026  4.326697  0.0  179  -31
2.12851672  0.235906  4.396477  0.5  210   24
2.12853383  0.232244  4.261036  0.0  345   11
2.12857018  0.234315  4.337367  0.6  303   31
2.12859511  0.234633  4.349162  0.6  130   10
2.12865129  0.220581  3.843808  0.5  301   40
2.12864419  0.220909  3.855278  0.6  203   31
2.12865115  0.218382  3.767577  0.1  299   38
2.12865500  0.221414  3.872897  0.0  285   41
2.12864490  0.219223  3.796643  0.4   24   39
2.12876220  0.226106  4.038774  1.3   40  -43
2.12878878  0.220335  3.835265  2.2   49   25
2.12878364  0.222654  3.916396  1.0   51   21
2.12878749  0.220101  3.827104  1.7   45   21
2.12879816  0.222009  3.893738  1.0   62   32
2.12882496  0.228005  4.106916  1.0  210  -44
2.12882925  0.227153  4.076290  0.6  221  -48
2.12892504  0.225622  4.021508  6.5  260   19
2.12895356  0.224186  3.970506  0.0  206   59
2.12895301  0.221769  3.885351  3.7  205   60
2.12895355  0.223435  3.943916  4.1   29   70
2.12895607  0.222312  3.904399  4.4  196   57
2.12899446  0.228753  4.133913  4.2  194   33
2.12907748  0.224525  3.982510  5.1  108   56
2.12908209  0.223334  3.940366  5.2  260   70
2.12909281  0.223422  3.943470  6.9  155   29
2.12910113  0.222914  3.925549  7.2  155   27
2.12909740  0.223465  3.944998  0.0  332   39
2.12911674  0.225911  4.031812  4.4  283  -46
2.12911298  0.225381  4.012919  5.2  105  -64
2.12921795  0.227301  4.081598  4.8  192  -82
2.12924898  0.215157  3.657100  4.0   17  -60
2.12925017  0.215722  3.676328  5.3  190  -64
2.12925111  0.215252  3.660353  0.0  207  -74
2.12926030  0.226813  4.064087  7.3  106  -15
2.12935261  0.230900  4.211884  1.2  302  193
2.12937835  0.221498  3.875854  2.7  292   -7
2.12937990  0.221080  3.861242  2.7  291   -7
2.12938028  0.221148  3.863621  0.0  291   -7
2.12937924  0.221085  3.861425  2.5  291   -7
2.12938090  0.223233  3.936800  0.0  108  -11
2.12943481  0.237735  4.464932  3.5  136  -44
2.12951200  0.233659  4.313122  4.8  276   15
2.12952245  0.233023  4.289673  0.0  306   64
2.12951980  0.233879  4.321249  2.0   38   44
2.12955189  0.237977  4.473997  0.5  201   -9
2.12958190  0.234804  4.355514  0.3  181   36
2.12959353  0.230254  4.188347  0.0  169   38
2.12966018  0.231171  4.221748  4.3  347  -13
2.12966331  0.231259  4.224990  4.3  167  -27
2.12969768  0.229816  4.172427  1.6  187   44
2.12971848  0.230857  4.210311  0.0   13   27
2.12972284  0.227195  4.077802  0.0   14   24
2.12973750  0.228194  4.113745  0.4  194  -15
2.12977273  0.229542  4.162473  0.3  266   53
2.12982318  0.232506  4.270653  0.0  281  -54
2.12984517  0.229613  4.165059  5.1  285  -40
2.12987376  0.229527  4.161920  0.4  354  -34
2.12987869  0.229431  4.158449  0.2  308  -67
2.12985542  0.233526  4.308218  0.0  276  -33
2.12996591  0.225819  4.028554  1.0  195  -53
2.12997073  0.222701  3.918051  0.0  160  -72
2.12997565  0.218841  3.783420  4.2  195  -75
2.12997509  0.217849  3.749199  3.5  211  -41
2.13001169  0.234499  4.344180  0.0  192  -66
2.13004452  0.237420  4.453091  1.1   75  -69
2.13010872  0.225455  4.015573  0.6  180  -28
2.13010880  0.225374  4.012669  1.1  180  -27
2.13012154  0.224933  3.996992  1.9  186  -36
2.13013113  0.227063  4.073041  0.7   14  -12
2.13013660  0.229579  4.163797  3.7  111  -11
2.13012655  0.228398  4.121084  0.0  112  -11
2.13017409  0.237793  4.467100  5.0  310   -8
2.13026468  0.231216  4.223421  1.4  165  -20
2.13026311  0.232383  4.266136  1.8  173  -27
2.13028406  0.233997  4.325598  0.1  195  -29
2.13030245  0.239556  4.533580  0.1  103  -23
2.13033198  0.238623  4.498324  0.3   91  -54
2.13035097  0.240731  4.578159  2.1  180  -65
2.13038795  0.243290  4.675994  0.6  171   40
2.13040976  0.244848  4.736079  3.4   10  -37
2.13042073  0.240641  4.574728  1.1  332  -20
2.13050436  0.234105  4.329594  0.3  266   39
2.13050213  0.235404  4.377798  0.3  122   -2
2.13050301  0.233512  4.307689  0.1  267   43
2.13056422  0.241811  4.619336  0.4  295   75
2.13057132  0.240661  4.575518  0.3   90  -41
2.13057797  0.239144  4.518011  0.2  175   34
2.13065604  0.233797  4.318211  0.9  109   31
2.13065619  0.228869  4.138087  0.7  200   27
2.13065655  0.229573  4.163612  0.2  200   32
2.13066281  0.232457  4.268880  2.2  195   15
2.13071257  0.232508  4.270740  0.0   27   44
2.13073881  0.222537  3.912308  0.0  189   25
2.13073948  0.224591  3.984840  0.2   10   36
2.13074088  0.225079  4.002200  0.2  187   26
2.13080104  0.231650  4.239283  1.9  296   38
2.13080336  0.231093  4.218917  0.5  284   34
2.13087253  0.216399  3.699458  4.9   16   23
2.13087233  0.217451  3.735509  0.0   16   24
2.13087271  0.216527  3.703815  4.9   16   23
2.13087264  0.216475  3.702070  5.0   16   23
2.13096628  0.227848  4.101269  1.7  294  -26
2.13096741  0.227340  4.083005  1.0   88  -38
2.13096575  0.224874  3.994890  0.1   84  -36
2.13102513  0.225558  4.019229  2.0  290   24
2.13103238  0.227759  4.098062  2.7  291   27
2.13108980  0.232723  4.278657  1.3  129   52
2.13109794  0.233018  4.289507  0.9  351   27
2.13110477  0.232581  4.273404  0.0  345   17
2.13110981  0.233309  4.300212  0.7  178   14
2.13116414  0.236457  4.417049  2.1  279   36
2.13118738  0.235019  4.363482  2.7  294  -47
2.13123169  0.232075  4.254862  4.6  189   27
2.13123923  0.230865  4.210598  3.5  186   24
2.13124700  0.230799  4.208197  2.0    5   27
2.13126122  0.229458  4.159424  0.1  189  -35
2.13132919  0.232769  4.280336  1.2  153  -51
2.13132769  0.227376  4.084282  1.5  314  -47
2.13132893  0.227773  4.098565  1.1  310  -48
2.13140299  0.228677  4.131159  0.4  292  -37
2.13140241  0.228496  4.124627  0.6  293  -38
2.13140292  0.228160  4.112484  0.2  295  -40
2.13148222  0.230430  4.194751  2.7  289  -34
2.13147951  0.230919  4.212567  0.1   76  -48
2.13149005  0.231678  4.240295  5.0  310  -42
2.13152396  0.235037  4.364136  3.7  286   -3
2.13154115  0.234715  4.352208  3.0   93  -55
2.13154179  0.232609  4.274434  2.9  110  -43
2.13161061  0.234843  4.356949  0.3  292   -8
2.13161627  0.235820  4.393267  1.0  290   -2
2.13165050  0.234900  4.359079  0.2   44   21
2.13167869  0.230276  4.189151  0.0  284  -72
2.13168562  0.229986  4.178577  0.0  208  -50
2.13169915  0.238443  4.491542  1.6  239  -58
2.13177004  0.238557  4.495833  1.6  192   -8
2.13179877  0.234199  4.333076  2.0  317   37
2.13180184  0.231734  4.242344  0.0  302   34
2.13179824  0.234181  4.332423  2.5  175   24
2.13184440  0.238721  4.502040  0.0  291   48
2.13186621  0.240673  4.575949  0.0  197  -73
2.13193542  0.235845  4.394192  3.7  268  153
2.13194260  0.235733  4.390030  5.0  296   60
2.13194736  0.235937  4.397619  5.5  297   68
2.13194869  0.238505  4.493885  0.0  255   64
2.13199366  0.238066  4.477359  4.8  302   50
2.13201682  0.232114  4.256265  0.0  180   30
2.13201635  0.231151  4.221039  0.5  179   23
2.13206892  0.234189  4.332732  0.0  102   37
2.13207433  0.234858  4.357514  0.7  101   38
2.13211271  0.238077  4.477760  1.3   98   32
2.13213518  0.230851  4.210098  0.1  181   72
2.13217443  0.234378  4.339714  1.9  289   12
2.13219924  0.232153  4.257693  1.8  309   -7
2.13220040  0.232077  4.254919  1.6  310   -7
2.13223276  0.233896  4.321880  5.9   22 -120
2.13225489  0.232641  4.275621  0.0  286  -40
2.13225200  0.231867  4.247211  4.8  286  -37
2.13233132  0.228370  4.120086  0.0  312  -22
2.13235903  0.223446  3.944311  0.9  310   -2
2.13237238  0.217785  3.746989  2.2  113  -25
2.13237253  0.219632  3.810812  0.0  113  -23
2.13236541  0.218912  3.785882  0.7  304  -12
2.13237451  0.217962  3.753081  1.3  300  -19
2.13243130  0.236087  4.403212  0.0   80  -41
2.13251423  0.225896  4.031307  0.1  105    1
2.13251247  0.226124  4.039416  0.3  286    4
2.13252158  0.228166  4.112719  3.1    1  -21
2.13251263  0.226317  4.046336  0.4  286    4
2.13254627  0.230251  4.188222  1.1   18  -42
2.13264760  0.235118  4.367144  2.6  100   10
2.13263822  0.234659  4.350120  2.7  196   60
2.13265392  0.233268  4.298709  7.7  350    7
2.13265329  0.233260  4.298396  7.7  350    7
2.13265284  0.233987  4.325244  7.4  353    8
2.13268396  0.236246  4.409180  1.9   75  -55
2.13278943  0.231055  4.217512  2.6  111   17
2.13279369  0.231698  4.241044  2.7  288   27
2.13279110  0.231258  4.224945  2.9  110   23
2.13280270  0.233573  4.309951  0.0  289   35
2.13282446  0.236724  4.427036  0.3  121   49
2.13284826  0.238776  4.504097  0.2   83  -28
2.13291096  0.237532  4.457294  0.0  312   68
2.13292317  0.229151  4.148304  2.4  291   39
2.13293802  0.229080  4.145739  3.1  129   37
2.13297387  0.229366  4.156087  3.7  219  -26
2.13297754  0.229054  4.144792  4.0  225  -19
2.13297790  0.228731  4.133105  4.2  226  -19
2.13306263  0.233242  4.297756  0.0  308   -3
2.13306891  0.228414  4.121671  0.8   67   52
2.13307713  0.230010  4.179447  3.2   55   50
2.13308173  0.231496  4.233654  4.6  195   24
2.13309295  0.232037  4.253467  3.8   18   50
2.13314216  0.233519  4.307949  1.0  189   49
2.13319299  0.230791  4.207879  2.1  198   58
2.13323927  0.229758  4.170303  2.2  126  -37
2.13321104  0.233200  4.296200  2.7  167   42
2.13323850  0.228257  4.116012  1.3  316  -29
2.13325030  0.229255  4.152070  1.9  300  -26
2.13325563  0.237899  4.471063  2.8  290  -32
2.13331523  0.237252  4.446793  0.0  299   57
2.13336757  0.227995  4.106561  2.7  234  -36
2.13336888  0.228823  4.136429  2.7   51  -24
2.13337637  0.227139  4.075774  0.6  278  -43
2.13337360  0.232986  4.288328  1.7  270   17
2.13345153  0.244002  4.703407  3.3  194   -6
2.13349111  0.235058  4.364914  3.2   29  -43
2.13350561  0.233147  4.294239  4.0   55  -10
2.13349468  0.234725  4.352573  1.7  199  -63
2.13351354  0.233976  4.324840  2.4   42    9
2.13352206  0.236548  4.420451  4.0  116  -19
2.13356191  0.243089  4.668286  0.5  308  -21
2.13360856  0.246883  4.815146  1.9   98  -78
2.13367177  0.234546  4.345919  0.3  305  156
2.13367231  0.233863  4.320646  0.1  290   34
2.13367170  0.232815  4.282033  0.0  294   29
2.13372313  0.234395  4.340350  3.5  254   30
2.13374620  0.235715  4.389363  0.0  299   51
2.13374459  0.232207  4.259670  0.7  245   54
2.13374623  0.232132  4.256923  1.2  271   50
2.13382634  0.235523  4.382228  1.0  293   42
2.13384240  0.229662  4.166840  1.3  192  -42
2.13384231  0.229532  4.162092  1.3  193  -41
2.13384577  0.229969  4.177975  2.4  193  -39
2.13394615  0.219862  3.818797  0.0   66   34
2.13393910  0.223146  3.933752  0.1   65   32
2.13394545  0.221320  3.869607  0.1  243   22
2.13398700  0.227301  4.081592  2.4  128  -22
2.13398684  0.227451  4.086968  2.2  127  -21
2.13406008  0.230395  4.193449  2.6  332   46
2.13406243  0.223354  3.941059  0.9   11   34
2.13409205  0.217760  3.746131  1.5  248   34
2.13409359  0.216368  3.698407  1.2  247   33
2.13409222  0.215756  3.677503  0.2  247   27
2.13412019  0.231110  4.219528  0.0  210  -23
2.13416118  0.230251  4.188234  3.9  313  -48
2.13419931  0.233573  4.309950  5.1   72   48
2.13422617  0.222163  3.899165  0.0   64   36
2.13422635  0.222183  3.899841  4.6   62   34
2.13423256  0.224263  3.973212  0.0   57   36
2.13429214  0.228235  4.115188  0.4  289  -59
2.13429498  0.227196  4.077811  0.8  304  -61
2.13435655  0.218695  3.778386  0.0   93   52
2.13435297  0.223554  3.948125  1.1  273   64
2.13439199  0.223366  3.941512  1.1  258   61
2.13439394  0.222286  3.903466  0.0   99   62
2.13445250  0.231499  4.233753  1.3   62  -47
2.13447565  0.230647  4.202635  4.0   78    0
2.13452681  0.227551  4.090593  2.2  299   -7
2.13453128  0.226760  4.062183  7.8  356   -5
2.13454181  0.225948  4.033165  7.4  170  -28
2.13453365  0.225438  4.014966  2.3  297  -11
2.13454298  0.225872  4.030443  7.1  174  -27
2.13461154  0.231810  4.245135  0.6  197   -4
2.13462962  0.234183  4.332480  1.6  191   14
2.13468334  0.220746  3.849567  0.1  119   52
2.13468202  0.221865  3.888686  0.2  289   54
2.13468327  0.227162  4.076608  0.0  291   52
2.13469375  0.225836  4.029137  1.2  215  -23
2.13477692  0.231766  4.243531  6.5  128   27
2.13478892  0.228066  4.109121  4.0  109   49
2.13483080  0.222520  3.911702  4.0   21   20
2.13482745  0.223562  3.948410  5.2  199   14
2.13483174  0.222759  3.920092  4.5  201   10
2.13484781  0.227559  4.090860  4.6  288  -44
2.13492168  0.232932  4.286321  0.7  280   -7
2.13492241  0.232226  4.260376  0.5  280   -7
2.13497412  0.224449  3.979829  5.8  340  162
2.13497308  0.224497  3.981510  6.2  338   28
2.13497730  0.226045  4.036618  7.1  344   12
2.13498061  0.227788  4.099098  0.7   91  -29
2.13499605  0.230867  4.210679  0.0   94   -8
2.13504759  0.234859  4.357530  0.8  191  -23
2.13512680  0.227260  4.080128  6.1  292   -7
2.13512401  0.226343  4.047243  6.1  291  -12
2.13512444  0.226714  4.060543  6.0  292  -13
2.13512789  0.226380  4.048592  5.3  110  -21
2.13519483  0.240636  4.574567  3.2  292  -17
2.13521793  0.238260  4.484654  1.8   12  -15
2.13522968  0.233817  4.318956  0.3  204  -33
2.13526465  0.234904  4.359200  0.7  193  -53
2.13527748  0.236874  4.432652  1.5  199  -55
2.13531365  0.236137  4.405090  0.6  296   52
2.13532969  0.235132  4.367692  0.0  199  -62
2.13536673  0.230108  4.183017  0.3  269  -73
2.13536761  0.229913  4.175948  0.8   89  -64
2.13536888  0.229742  4.169732  1.0   92  -60
2.13542678  0.229166  4.148861  1.0  212  -49
2.13542905  0.228296  4.117406  0.4  224  -43
2.13543926  0.236015  4.400525  0.0  280  -40
2.13551136  0.244322  4.715776  1.7  300  -57
2.13556665  0.235095  4.366301  6.3  273  -25
2.13556418  0.231734  4.242341  0.0  204  -65
2.13556450  0.229472  4.159950  4.9  199  -69
2.13558702  0.239534  4.532762  4.5  194  -53
2.13561452  0.239851  4.544738  2.0  308  -47
2.13565032  0.235154  4.368513  0.1  173   62
2.13567472  0.236833  4.431084  0.1  272   58
2.13570714  0.241975  4.625587  0.0  126  -40
2.13574466  0.235533  4.382577  0.1  280  -12
2.13575484  0.224751  3.990529  0.0   14   57
2.13575506  0.226363  4.047986  0.3  180   55
2.13576830  0.237776  4.466464  0.0  182    1
2.13583261  0.235817  4.393166  0.8  207   52
2.13584923  0.233523  4.308098  0.6   53  -49
2.13585052  0.233018  4.289507  0.1   97  -43
2.13588217  0.227467  4.087545  0.0  110  -37
2.13591790  0.236231  4.408599  0.0   78   52
2.13591260  0.232698  4.277710  0.1  353  -28
2.13595408  0.241506  4.607682  1.8   57   65
2.13598873  0.242569  4.648342  0.2  308  -48
2.13600660  0.243509  4.684422  0.0  300  -48
2.13605247  0.239436  4.529046  0.2  278    6
2.13608958  0.235593  4.384839  0.1  114   42
2.13606581  0.234526  4.345191  5.4  318  -17
2.13611820  0.239931  4.547801  0.0  311   30
2.13613800  0.236089  4.403287  2.2  153  -12
2.13621055  0.223511  3.946614  0.0  287   63
2.13621377  0.220615  3.844993  0.7   92   68
2.13621276  0.220754  3.849866  0.0  270   65
2.13621705  0.223499  3.946199  0.0  120   66
2.13624755  0.234555  4.346252  0.0  149   38
2.13625017  0.233234  4.297450  2.6  285   61
2.13629923  0.235543  4.382952  1.0  111  -49
2.13634832  0.234046  4.327429  1.3  285   14
2.13635412  0.225554  4.019083  0.0  298  184
2.13638513  0.229157  4.148537  2.4  167  -55
2.13638781  0.227821  4.100282  1.4   86   47
2.13638746  0.229123  4.147283  1.7  259  116
2.13648529  0.231809  4.245106  0.0   71   12
2.13650074  0.230979  4.214744  0.3  116   23
2.13652270  0.226332  4.046855  0.0   64   33
2.13650111  0.225996  4.034872  2.3  319  -38
2.13653024  0.227490  4.088389  0.2   55   39
2.13655927  0.226329  4.046768  0.0   64  -69
2.13656274  0.229616  4.165148  0.0   45  -70
2.13668143  0.223963  3.962599  3.7  210   41
2.13668116  0.226430  4.050380  2.4  108    5
2.13668156  0.225037  4.000681  0.0  210   42
2.13668355  0.224067  3.966268  3.2  213   41
2.13668434  0.225589  4.020342  2.8  287   13
2.13668442  0.226206  4.042346  0.0  289   11
2.13679607  0.232777  4.280625  0.0  215   59
2.13681410  0.225893  4.031187  5.9  355   39
2.13682158  0.221384  3.871861  0.0   57   67
2.13682788  0.221702  3.882976  3.0   40   66
2.13682820  0.222500  3.911010  3.9   29   59
2.13684814  0.235495  4.381157  0.0  297  -16
2.13695782  0.230993  4.215247  3.8  282   19
2.13695762  0.231894  4.248199  0.0  281   19
2.13697156  0.230753  4.206499  4.8  163    3
2.13698655  0.232129  4.256841  0.0  251  -68
2.13699401  0.230582  4.200276  1.0   62  -36
2.13700480  0.233980  4.324970  0.2   73  -34
2.13707481  0.236375  4.413993  0.0  300   36
2.13711954  0.226541  4.054336  0.0  279   41
2.13711932  0.226288  4.045305  2.5  279   41
2.13711990  0.226891  4.066871  2.2  279   41
2.13714092  0.231687  4.240636  3.5  198  -68
2.13718271  0.236102  4.403788  0.1  287  -61
2.13718092  0.241486  4.606923  0.0  325  -72
2.13724709  0.233951  4.323895  0.7   37   12
2.13726678  0.231417  4.230746  0.0   39   -2
2.13726284  0.228061  4.108926  0.0   41    9
2.13728352  0.232040  4.253561  0.0   35   12
2.13733379  0.239815  4.543373  0.6  194   63
2.13733607  0.242081  4.629654  1.0  316  -53
2.13739286  0.238868  4.507577  3.7   30   32
2.13742178  0.232050  4.253920  2.9  281  -23
2.13742769  0.227285  4.081026  0.0  296  -62
2.13742932  0.224196  3.970836  0.2   93  -68
2.13743530  0.230757  4.206638  1.0  329  -71
2.13749110  0.238269  4.484988  0.0  183  -67
2.13755079  0.228093  4.110099  0.3  331   75
2.13757361  0.224582  3.984536  0.5  263  -29
2.13757427  0.225842  4.029374  0.0  262  -32
2.13757178  0.224625  3.986039  0.4   79  -24
2.13758515  0.233331  4.301029  1.8  178  -31
2.13762977  0.235684  4.388193  0.0  309  -53
2.13768430  0.238320  4.486903  2.8   64  -49
2.13768446  0.236271  4.410102  3.5  178  -79
2.13771302  0.236825  4.430802  3.4  168  -47
2.13772742  0.238332  4.487385  2.0  282  -23
2.13778794  0.240687  4.576480  4.4  288   36
2.13780401  0.233016  4.289406  1.7  186   56
2.13780756  0.234925  4.359974  0.0  298   20
2.13781206  0.235048  4.364542  2.5  188   44
2.13787005  0.233305  4.300052  3.1   19  -21
2.13786909  0.232846  4.283176  1.6  204  -32
2.13792321  0.235440  4.379141  1.4   98  -40
2.13792780  0.236316  4.411784  1.2  300  -18
2.13796586  0.231707  4.241360  1.1   63   35
2.13798084  0.230595  4.200768  0.2  287   82
2.13803452  0.233158  4.294645  0.0  100  -48
2.13803290  0.232317  4.263738  1.5  265  -42
2.13805609  0.231502  4.233876  0.0   53   90
2.13806870  0.234085  4.328856  0.0   83  -60
2.13809759  0.231462  4.232409  2.1  200  -55
2.13812789  0.229895  4.175296  0.1  296    8
2.13815144  0.234183  4.332496  1.1  301  -63
2.13816825  0.238322  4.487007  0.3  207  -28
2.13818636  0.237166  4.443564  0.7  207  -98
2.13827198  0.225743  4.025833  2.2  118   57
2.13827006  0.225239  4.007871  2.3  267   62
2.13827226  0.225769  4.026753  2.4  267   49
2.13826762  0.230778  4.207409  0.0  128   65
2.13834192  0.228480  4.124036  0.9  195   36
2.13833731  0.228048  4.108467  0.5  205   36
2.13834647  0.227286  4.081049  1.1  182   37
2.13843216  0.227580  4.091627  2.2  112  -52
2.13843473  0.225774  4.026949  1.8   47  -67
2.13843417  0.223488  3.945805  0.6  219  -85
2.13843571  0.222575  3.913614  0.1  225  -88
2.13850308  0.231423  4.230968  0.0  180  -42
2.13855847  0.225492  4.016884  0.1  108   63
2.13855826  0.224698  3.988661  0.1  249   68
2.13855843  0.223566  3.948574  0.0  260   63
2.13855798  0.226085  4.038023  0.1  276   63
2.13860819  0.237582  4.459175  0.1  208  -29
2.13864063  0.234991  4.362455  1.5   24  -48
2.13866010  0.237012  4.437788  1.5  106   67
2.13870162  0.234665  4.350339  2.3   67  -54
2.13870040  0.235066  4.365239  2.4   72  -50
2.13873371  0.237137  4.442472  3.7  184   -6
2.13874510  0.236058  4.402163  4.3  188  -19
2.13878724  0.240578  4.572363  0.0  161  -37
2.13883201  0.228366  4.119915  0.5   56  -73
2.13883272  0.230346  4.191693  0.4  282  -56
2.13883160  0.229800  4.171835  1.0   79  -67
2.13888206  0.230441  4.195150  0.5   99  -30
2.13888651  0.230050  4.180934  3.9  297  -28
2.13892386  0.233255  4.298216  0.9  273   46
2.13896321  0.238994  4.512342  1.3    5  -30
2.13899230  0.235535  4.382679  1.3   38   41
2.13902011  0.235079  4.365713  2.2  296  -54
2.13902496  0.234597  4.347825  1.0  149   20
2.13903233  0.235861  4.394802  0.7  154   32
2.13907797  0.239041  4.514125  0.0   49    3
2.13911952  0.234088  4.328994  0.0   59   39
2.13913314  0.229817  4.172461  0.5  279   22
2.13914051  0.228086  4.109833  0.5  103   17
2.13919402  0.235981  4.399280  0.1  335  -68
2.13919270  0.240855  4.582866  0.1  180  -82
2.13923075  0.235067  4.365268  0.0   68   19
2.13927269  0.228212  4.114374  0.1   88   48
2.13928422  0.224792  3.991983  0.0   72   52
2.13928407  0.224403  3.978170  0.3   72   54
2.13929449  0.236330  4.412313  1.9  305  -28
2.13934953  0.236467  4.417415  0.2  209   29
2.13941876  0.231492  4.233508  0.0  125   56
2.13942426  0.230608  4.201222  1.3  124   60
2.13942258  0.230762  4.206821  0.0  180   42
2.13942154  0.230804  4.208356  1.9  279   64
2.13950141  0.230815  4.208754  2.4  323   28
2.13950702  0.229742  4.169713  0.4  178   -1
2.13950298  0.228822  4.136417  0.1  359   17
2.13953926  0.234965  4.361482  0.0  287   69
2.13958640  0.220803  3.851578  1.9  231  -57
2.13959037  0.221311  3.869305  2.2   64  -63
2.13959150  0.223836  3.958117  0.9   93  -43
2.13964525  0.232510  4.270829  0.5  174   11
2.13965392  0.230187  4.185890  1.6  170   -7
2.13971960  0.225879  4.030672  0.0  307   18
2.13971957  0.227461  4.087331  0.0  309   19
2.13973607  0.223428  3.943674  2.7   16   16
2.13974145  0.221130  3.862997  0.0   17    9
2.13980512  0.236691  4.425771  1.5  327   47
2.13980408  0.227483  4.088125  0.0  326 -140
2.13981819  0.231808  4.245071  2.4  164   -4
2.13989454  0.228666  4.130765  0.0   93  -57
2.13989676  0.226730  4.061105  1.8   53  -42
2.13988726  0.226966  4.069587  0.0  167  -25
2.13989132  0.227773  4.098565  0.0  331  -17
2.13996407  0.231432  4.231293  0.1  214  -52
2.13996283  0.231406  4.230357  0.0   20  -53
2.14001787  0.235191  4.369883  1.0  104  -22
2.14005263  0.234037  4.327107  0.9  208   26
2.14006932  0.231009  4.215845  0.1  281   44
2.14006931  0.230089  4.182336  0.1  281   44
2.14011998  0.229103  4.146582  0.2  106   -9
2.14012485  0.230729  4.205638  0.0  108  -11
2.14012532  0.230292  4.189734  0.0  107  -11
2.14018763  0.235451  4.379537  0.0  187  -42
2.14019326  0.234614  4.348440  5.8  196  -35
2.14023595  0.233642  4.312490  4.1  181  -46
2.14023407  0.233147  4.294261  4.2    1  -34
2.14027246  0.236352  4.413124  3.8   85  -43
2.14037028  0.233999  4.325669  4.9  276    2
2.14033972  0.240808  4.581090  0.0  271  -23
2.14035189  0.240138  4.555641  3.9  274   -3
2.14038056  0.235133  4.367729  4.4   98    5
2.14041693  0.234798  4.355268  3.2  206   53
2.14042360  0.230085  4.182204  3.3  200   49
2.14042485  0.232140  4.257212  3.7   16   60
2.14050035  0.236031  4.401138  0.0  358   79
2.14050020  0.234271  4.335734  0.0   26   85
2.14056875  0.239660  4.537513  2.5  195  -19
2.14056912  0.237974  4.473916  3.1  190  -17
2.14056915  0.238066  4.477350  3.3  190  -17
2.14058704  0.237236  4.446188  1.7  189  -51
2.14059273  0.238503  4.493792  1.3  190  -50
2.14060106  0.237930  4.472260  0.0  289  -60
2.14071575  0.237898  4.471038  4.9   80  -28
2.14070051  0.238491  4.493370  3.6  293  -79
2.14071442  0.237301  4.448634  3.1  212  -62
2.14072287  0.237051  4.439252  2.9  280  -31
2.14073428  0.239044  4.514226  0.7  101  -35
2.14078337  0.243129  4.669842  0.0  308  -58
2.14082983  0.235423  4.378511  0.0  301   59
2.14084764  0.234722  4.352475  0.0  103   43
2.14083250  0.236248  4.409233  0.7  280   59
2.14084425  0.239893  4.546342  0.8  109  -38
2.14091366  0.240612  4.573627  0.1  300   52
2.14092372  0.239367  4.526435  0.2   33   54
2.14098132  0.237861  4.469661  0.3  344   65
2.14097459  0.237809  4.467699  0.1   50   66
2.14100161  0.237954  4.473150  1.9  307  -55
2.14100718  0.243306  4.676641  4.3  195  -52
2.14102955  0.242070  4.629237  0.2  273   40
2.14109853  0.236678  4.425311  0.7  289  -64
2.14110291  0.236604  4.422524  0.6   53  -69
2.14115419  0.231485  4.233229  0.3  300   21
2.14113652  0.236829  4.430953  0.1  196  -11
2.14117385  0.235190  4.369846  0.1  299  -63
2.14117729  0.237260  4.447098  0.3   75  -66
2.14126456  0.225437  4.014924  0.1  119   16
2.14127062  0.227754  4.097866  0.0  120   14
2.14126767  0.228373  4.120201  0.0  291   18
2.14127381  0.227751  4.097785  0.1  292   18
2.14133320  0.235701  4.388834  0.0  303  -57
2.14130731  0.236293  4.410917  1.2   61    9
2.14139711  0.236779  4.429076  0.0  288   57
2.14140057  0.236562  4.420983  0.0  289   58
2.14142828  0.233608  4.311246  4.9  190   17
2.14143305  0.233665  4.313341  4.9  188   19
2.14146398  0.238183  4.481764  6.1   67   -8
2.14147570  0.238147  4.480417  1.1  310   22
2.14156658  0.225473  4.016211  8.5   66   16
2.14156669  0.225508  4.017455  8.5   66   16
2.14156738  0.228307  4.117815  0.0   63   19
2.14157276  0.228580  4.127656  7.6   65   23
2.14159655  0.232912  4.285598  4.5   45   68
2.14161460  0.238768  4.503801  4.3   20   61
2.14169791  0.226213  4.042614  0.5   81   27
2.14169966  0.226614  4.056964  0.7   77   26
2.14170297  0.226366  4.048071  0.4  252   21
2.14170392  0.226117  4.039179  0.5  253   25
2.14176708  0.242095  4.630180  1.8   61  -64
2.14179659  0.242974  4.663882  0.9  170   60
2.14185953  0.224809  3.992604  4.9   58   13
2.14185906  0.224912  3.996261  4.3   58   11
2.14186542  0.225127  4.003897  3.6   56   16
2.14187488  0.232879  4.284361  0.3  298   -2
2.14189143  0.235476  4.380471  6.6   21  -19
2.14186867  0.230888  4.211450  1.1  236   25
2.14199212  0.233652  4.312874  0.6  283  -36
2.14200944  0.226634  4.057672  1.5  187   13
2.14202850  0.220105  3.827249  0.0  190    3
2.14202907  0.221050  3.860177  0.1  189    2
2.14202835  0.219780  3.815954  0.0  190    3
2.14202939  0.225298  4.009976  0.0    9   17
2.14214222  0.231333  4.227688  0.0  285    7
2.14216422  0.226736  4.061329  3.2  282   12
2.14216385  0.227126  4.075325  0.0  283   11
2.14216321  0.228072  4.109321  0.0  281   13
2.14217303  0.226944  4.068776  4.1  283   12
2.14227604  0.227395  4.084984  4.3  279   17
2.14227883  0.226577  4.055628  4.6  277   17
2.14227854  0.224954  3.997732  4.5  277   16
2.14231542  0.217845  3.749042  4.7  283   55
2.14232505  0.219090  3.792038  5.0  298   50
2.14232719  0.216209  3.692966  5.1  286   53
2.14232934  0.217578  3.739868  4.3  272   59
2.14242573  0.232144  4.257372  3.6   13  -32
2.14242830  0.231942  4.249966  3.8    7  -31
2.14245764  0.231160  4.221363  6.2  189   43
2.14248107  0.220890  3.854612 10.1  183    1
2.14247421  0.225022  4.000160  0.0  360   20
2.14248167  0.221660  3.881508 10.0    3   13
2.14255844  0.222375  3.906586  0.1  209   58
2.14256326  0.224236  3.972277  0.4   39   64
2.14261966  0.228080  4.109613  0.0   56  -53
2.14262129  0.224861  3.994451  4.0  287  -56
2.14262293  0.224881  3.995134  0.0  287  -50
2.14263539  0.225519  4.017830  7.2  202  -23
2.14272154  0.223113  3.932575  1.9  293  -39
2.14272516  0.221644  3.880975  2.4  292  -44
2.14276280  0.222744  3.919584  3.2  287  -15
2.14277089  0.220804  3.851608  2.3  314  -51
2.14278220  0.220567  3.843320  5.2   14  -14
2.14276947  0.222115  3.897454  2.7  103  -21
2.14287264  0.225855  4.029825  1.9  283  -52
2.14287706  0.226599  4.056404  2.9  280  -58
2.14287763  0.225009  3.999689  3.3  283  -47
2.14287801  0.224432  3.979211  3.2   89  -43
2.14291711  0.228675  4.131098  2.2  110  -21
2.14291680  0.228645  4.130017  0.7  298  -17
2.14302635  0.227710  4.096297  0.0  268  -27
2.14302651  0.224425  3.978964  2.7   26  -56
2.14302563  0.225084  4.002354  2.3   38  -49
2.14305975  0.224710  3.989064  0.1  114   -9
2.14306123  0.223770  3.955776  0.0  117  -11
2.14308474  0.231862  4.247035  0.1  286    8
2.14317577  0.238092  4.478330  1.1  179  104
2.14316467  0.237183  4.444202  0.8   79  -34
2.14319867  0.230648  4.202677  0.0   83  -14
2.14320681  0.231397  4.230014  0.2  267  -20
2.14320992  0.233941  4.323560  1.9   77  -19
2.14326480  0.238119  4.479352  1.9  115    5
2.14327793  0.234901  4.359114  1.3  187   38
2.14326438  0.230838  4.209592  3.3  315   14
2.14335508  0.231553  4.235738  3.5   85   -8
2.14335121  0.228916  4.139802  0.3   88  -16
2.14336202  0.231136  4.220497  3.4   87  -12
2.14340406  0.234560  4.346437  0.0  109   43
2.14346031  0.233560  4.309481  0.3  285  -58
2.14346937  0.227465  4.087503  0.1   77   50
2.14346991  0.229125  4.147377  0.8   78   51
2.14346442  0.233126  4.293469  0.6  297 -100
2.14350369  0.230289  4.189614  2.0  125  -35
2.14355985  0.220805  3.851648  0.1  317   44
2.14355942  0.227129  4.075428  1.1  168   57
2.14358180  0.232888  4.284727  0.4  181  -78
2.14364990  0.231816  4.245354  3.7  296  -29
2.14364974  0.229008  4.143141  3.2  316  -35
2.14365000  0.229072  4.145440  3.4  316  -36
2.14371514  0.226367  4.048107  5.3  294  168
2.14371548  0.226130  4.039664  4.9  295    9
2.14371630  0.225881  4.030764  4.7  295    9
2.14371512  0.226800  4.063628  4.9  292   19
2.14380509  0.235003  4.362883  0.0  185  -25
2.14381676  0.231506  4.234011  0.1  193  -30
2.14384195  0.236652  4.424345  0.8  319  -60
2.14382642  0.230556  4.199329  0.1  358  -33
2.14388730  0.235754  4.390801  0.0   50   32
2.14392366  0.235915  4.396809  0.0  158  -61
2.14391533  0.234654  4.349925  0.0   67  -14
2.14397372  0.238373  4.488908  4.0  192  -16
2.14400973  0.235724  4.389683  4.2   18  -15
2.14402097  0.231715  4.241660  1.1  219  -44
2.14402976  0.230029  4.180169  3.9  310  -44
2.14405967  0.238323  4.487026  0.0  290   52
2.14406037  0.243106  4.668944  0.0  280  -24
2.14411423  0.237464  4.454734  1.0  306  -42
2.14416708  0.234828  4.356396  2.7  197   16
2.14416045  0.233403  4.303674  1.4   20   31
2.14418268  0.232728  4.278827  0.4  123    5
2.14420155  0.233385  4.302999  2.7  297   47
2.14421338  0.237775  4.466422  1.8  115    7
2.14428534  0.235047  4.364538  0.8  115    6
2.14428864  0.229838  4.173208  0.0  282    7
2.14429700  0.231576  4.236583  0.3  277    5
2.14435212  0.233097  4.292389  3.6  204   55
2.14434852  0.232422  4.267570  2.9   32   54
2.14435159  0.233483  4.306623  3.7   21   58
2.14442953  0.234982  4.362105  0.0  198   52
2.14444411  0.233588  4.310511  0.0   71   28
2.14444475  0.232619  4.274834  0.0  246   24
2.14448423  0.232320  4.263842  0.0   68   60
2.14451853  0.230659  4.203080  1.5  304  -58
2.14451585  0.230795  4.208029  2.3  108  -58
2.14451791  0.231006  4.215727  2.3  304  -59
2.14458185  0.235747  4.390574  0.0  191   -9
2.14459413  0.235849  4.394360  1.9   19  -15
2.14464196  0.235597  4.384982  0.0  111   -5
2.14465886  0.229363  4.155991  0.0   15   -7
2.14465988  0.227227  4.078923  5.4   16   -6
2.14467136  0.235288  4.373478  0.0   16   -5
2.14473021  0.233447  4.305308  6.9  195    4
2.14473037  0.233520  4.307999  6.9  195    3
2.14479668  0.230416  4.194226  2.0  265  -32
2.14480688  0.226141  4.040025  2.1   68  -27
2.14481007  0.226664  4.058747  0.0   65  -30
2.14480700  0.226543  4.054422  2.6   72  -25
2.14480742  0.229307  4.153946  0.0  265  -20
2.14489128  0.237597  4.459718  2.9   88  -50
2.14495681  0.230766  4.206998  1.0  243  -29
2.14495726  0.228459  4.123282  0.0  203  -36
2.14495874  0.227939  4.104545  0.3  204  -37
2.14496296  0.227606  4.092552  0.6  204  -28
2.14504411  0.238228  4.483443  3.1  351   15
2.14504624  0.237588  4.459389  0.0  171    4
2.14508051  0.233353  4.301836  4.0  353   -1
2.14509849  0.231868  4.247263  2.9   12   -5
2.14512123  0.229332  4.154852  0.0  313   58
2.14512272  0.231047  4.217232  0.1  279   61
2.14516810  0.230076  4.181873  0.4  322   69
2.14519123  0.236896  4.433465  0.0  281  -49
2.14523610  0.233570  4.309843  1.9   69  -29
2.14524492  0.228110  4.110709  0.0   70  -25
2.14524645  0.231181  4.222129  0.9   67  -19
2.14527392  0.233599  4.310897  0.3   78  177
2.14532049  0.230344  4.191608  0.0  166  -68
2.14533810  0.237241  4.446376  0.0  294  -63
2.14536131  0.235200  4.370205  0.7   24  -43
2.14538155  0.231234  4.224069  0.3  187  -58
2.14541061  0.239107  4.516599  0.9   93   -6
2.14543099  0.238751  4.503167  0.1  280   11
2.14546620  0.234391  4.340193  0.2  165  -53
2.14547616  0.239367  4.526413  1.6  324  -46
2.14547133  0.237597  4.459742  1.8  334  -40
2.14551860  0.242198  4.634127  1.0  305   46
2.14556900  0.236843  4.431472  2.8  316   62
2.14557012  0.235752  4.390759  0.7  171   63
2.14559260  0.237294  4.448384  1.2  196   43
2.14563782  0.238802  4.505103  2.2  326   82
2.14564249  0.234378  4.339710  1.6  300   56
2.14567535  0.243902  4.699560  0.5  317   68
2.14570067  0.242370  4.640710  0.9  280   33
2.14571275  0.241098  4.592114  0.1  348   34
2.14575098  0.236508  4.418930  0.0  168   21
2.14577239  0.235445  4.379329  1.7  189   57
2.14579388  0.239307  4.524148  0.5   61   47
2.14583634  0.240221  4.558776  0.1   54  -79
2.14588816  0.229630  4.165652  1.0  290   54
2.14588994  0.232198  4.259364  0.6  308   52
2.14589905  0.235291  4.373568  0.9  174    4
2.14593926  0.235132  4.367661  2.9   19  -23
2.14593500  0.234390  4.340153  0.8   52   57
2.14597031  0.233963  4.324371  0.1  309  -44
2.14600454  0.233997  4.325595  0.0  127   72
2.14604973  0.234805  4.355553  3.7  302   45
2.14604864  0.236415  4.415461  0.0  305   45
2.14608038  0.231486  4.233288  3.0  198   40
2.14610948  0.230547  4.198991  0.9  206   69
2.14611072  0.227670  4.094864  0.2   31   83
2.14618199  0.234570  4.346835  0.0  303   40
2.14618256  0.231779  4.244017  1.1  305   32
2.14621994  0.231738  4.242503  2.9  205   49
2.14622039  0.232014  4.252623  3.1  207   51
2.14623930  0.233179  4.295434  3.4  189   24
2.14622529  0.231639  4.238869  3.5   35   51
2.14626559  0.235145  4.368179  1.6  197  -17
2.14633743  0.227195  4.077778  3.4   54  -32
2.14634724  0.225588  4.020295  3.4   52  -91
2.14634457  0.229544  4.162545  2.6  191  -79
2.14639854  0.230955  4.213889  2.4   79  -43
2.14639696  0.227776  4.098670  0.5   79  -40
2.14640953  0.233126  4.293467  0.0  205  -52
2.14648581  0.230231  4.187508  3.9  200   24
2.14651035  0.228680  4.131255  1.5  296  -52
2.14650959  0.230220  4.187102  2.1   91  -56
2.14651424  0.232828  4.282487  3.2  123   17
2.14654777  0.235899  4.396209  5.0  325  -42
2.14657935  0.234076  4.328540  0.8  343  -19
2.14663020  0.237296  4.448448  2.3   29  -28
2.14664037  0.233601  4.310968  1.0   44   -7
2.14666856  0.234450  4.342373  2.1   58    5
2.14669063  0.225820  4.028568  0.0   67  -33
2.14669701  0.225051  4.001173  0.0   69  -34
2.14671092  0.226069  4.037474  0.0   69  -20
2.14672365  0.225992  4.034726  0.0  281   74
2.14678973  0.232446  4.268470  3.0  300  -51
2.14678994  0.233367  4.302340  3.8  314  -52
2.14680075  0.234285  4.336269  2.9   21  -45
2.14684361  0.238678  4.500407  1.0   57   74
2.14688723  0.236147  4.405451  0.0  160  -80
2.14688829  0.235367  4.376409  0.0  309  -30
2.14693941  0.229649  4.166360  0.2  197   42
2.14694644  0.233019  4.289520  0.2  190   32
2.14694522  0.235082  4.365818  1.0  114  -47
2.14700918  0.229375  4.156415  0.0  183   60
2.14704219  0.232397  4.266666  1.6  306   13
2.14704255  0.232152  4.257654  1.3  304   12
2.14710339  0.232583  4.273476  0.5  314   31
2.14710416  0.233786  4.317819  0.0  114  -11
2.14710677  0.233185  4.295653  1.0  295    2
2.14716041  0.232754  4.279789  0.0  308   69
2.14716391  0.233066  4.291275  1.5  297   59
2.14719232  0.234406  4.340743  1.3  328  -13
2.14719019  0.233205  4.296384  1.0  353   26
2.14726687  0.231221  4.223596  2.3   31  -66
2.14726080  0.230335  4.191274  0.1  291   12
2.14727060  0.230869  4.210730  1.8  225  -77
2.14731294  0.231578  4.236638  2.9   96   -2
2.14735770  0.223696  3.953164  0.1  174  -66
2.14735767  0.223087  3.931653  0.0  175  -69
2.14739781  0.235713  4.389279  0.1  272   53
2.14742859  0.237064  4.439750  1.8  358    6
2.14744985  0.233148  4.294297  0.0   32  -14
2.14746100  0.229243  4.151629  0.0   28  -43
2.14746650  0.235466  4.380100  0.1  300  -43
2.14750955  0.239665  4.537723  4.3  153   -2
2.14757805  0.233811  4.318735  0.0   14  -35
2.14758410  0.232005  4.252292  1.0  320   83
2.14758251  0.232685  4.277248  2.0   14  -36
2.14762268  0.238231  4.483553  0.9  163   25
2.14766370  0.239307  4.524162  0.9   93  -22
2.14767922  0.233334  4.301127  2.5  286   27
2.14768134  0.233897  4.321923  3.4  289   31
2.14772040  0.232728  4.278820  1.9   16  -23
2.14773358  0.233469  4.306124  0.0  311  -23
2.14776507  0.231666  4.239864  0.0   10  -31
2.14781699  0.231782  4.244105  0.6   69  -15
2.14782029  0.232796  4.281340  0.0   69  -23
2.14784184  0.230044  4.180706  0.0  252  -20
2.14784594  0.229500  4.160954  0.0  301  -45
2.14786236  0.233461  4.305803  0.0   74  -11
2.14789128  0.233111  4.292918  2.0  177   55
2.14796368  0.231105  4.219370  2.8    1   15
2.14796765  0.230741  4.206079  3.3  181   -2
2.14800148  0.232210  4.259815  0.8  166  -60
2.14800474  0.231054  4.217478  1.2  185  -71
2.14800475  0.230386  4.193148  0.5  185  -73
2.14805829  0.237805  4.467552  2.0  311  -11
2.14808353  0.233873  4.321021  0.5  144  -68
2.14813212  0.231747  4.242817  3.5  108  -40
2.14813046  0.231950  4.250262  1.8  103  -49
2.14812975  0.231595  4.237257  0.3  106  -50
2.14819752  0.231037  4.216886  8.3  314  -16
2.14819786  0.231236  4.224126  0.0  314  -16
2.14826854  0.228349  4.119330  7.7  304    1
2.14826859  0.228303  4.117661  7.5  304    1
2.14827933  0.229596  4.164439  6.1  120   -3
2.14828408  0.232661  4.276351  6.5  306    3
2.14831438  0.231413  4.230603  1.3  143   55
2.14835774  0.233450  4.305430  2.1  321   50
2.14835697  0.231883  4.247796  0.4  147  -12
2.14840475  0.235037  4.364140  2.3  171  -65
2.14844562  0.226170  4.041068  0.1   68  -51
2.14844545  0.227163  4.076633  0.0  275  -87
2.14849516  0.233728  4.315661  0.0  276  -64
2.14851478  0.234349  4.338622  1.1  176  -44
2.14851426  0.233632  4.312137  0.5    2  -30
2.14851802  0.235413  4.378131  1.7  310 -157
2.14861485  0.234737  4.353029  0.0  370   67
2.14861165  0.237121  4.441868  0.8  201   49
2.14861494  0.233257  4.298283  0.0  186   62
2.14865627  0.238467  4.492469  0.3  302    3
2.14865890  0.238292  4.485850  1.1  306   -1
2.14873388  0.238061  4.477178  0.0  327   25
2.14873189  0.237831  4.468525  2.6  189   20
2.14873165  0.238074  4.477658  2.9  189   20
2.14877822  0.234816  4.355940  0.2  268  -50
2.14878075  0.236428  4.415948  1.5  300  -59
2.14881011  0.236657  4.424522  0.8  301  -48
2.14885663  0.237776  4.466467  0.7  178   53
2.14889232  0.237053  4.439349  0.2  189  -40
2.14890663  0.233891  4.321704  0.6   61  -89
2.14890634  0.233642  4.312501  0.4  308  -94
2.14896626  0.237039  4.438797  1.3  313   -5
2.14896701  0.235988  4.399532  1.3  313   -7
2.14899892  0.239236  4.521465  0.1  306   66
2.14902660  0.235643  4.386668  1.9  185  -66
2.14903078  0.235510  4.381718  1.8  200  -68
2.14909211  0.239480  4.530691  1.2  283   50
2.14905542  0.240077  4.553320  2.7  127  -53
2.14911116  0.242982  4.664182  4.6  315   -5
2.14914111  0.240363  4.564170  1.3  282   78
2.14915150  0.241233  4.597276  1.1   33   47
2.14919273  0.244296  4.714770  1.7   11   18
2.14919974  0.242687  4.652880  2.7  318   -6
2.14925214  0.238832  4.506219  0.1  318   50
2.14928124  0.234197  4.333028  0.0  275 -100
2.14931375  0.229931  4.176580  0.2  144  -73
2.14931752  0.228908  4.139518  0.0   16   53
2.14931687  0.227973  4.105750  0.0   17   55
2.14935887  0.233721  4.315408  0.0   22  -40
2.14937235  0.232632  4.275292  0.0  289   75
2.14940902  0.240719  4.577713  2.6  186    2
2.14943569  0.241986  4.626017  0.2   41   44
2.14942371  0.240966  4.587089  1.9  189  -15
2.14949953  0.243268  4.675165  1.7  206  -61
2.14949861  0.242271  4.636920  2.0  211  -61
2.14954913  0.236706  4.426357  0.2   47  -44
2.14954938  0.239350  4.525789  0.0   50  -39
2.14958016  0.241756  4.617247  4.7  194   28
2.14963063  0.242371  4.640769  2.4   94   53
2.14962696  0.240306  4.562022  1.5  286   55
2.14966771  0.233192  4.295917  0.1  344   14
2.14967166  0.232612  4.274566  0.5  164   -2
2.14969126  0.244611  4.726921  0.0  322  -51
2.14974295  0.235569  4.383945  0.0  296  -40
2.14977953  0.232902  4.285240  1.2  308  122
2.14980603  0.233906  4.322251  5.3  317   15
2.14981294  0.233401  4.303610  8.3  318   12
2.14985253  0.235823  4.393372  2.4   27   55
2.14985447  0.236211  4.407838  0.6  280   20
2.14986936  0.235408  4.377934  2.8  197   27
2.14988680  0.234982  4.362097  1.9   20   29
2.14994235  0.235827  4.393541  1.2  302   35
2.14995878  0.234966  4.361528  0.0  300  -55
2.14997691  0.236054  4.401981  4.4  285   40
2.15000670  0.232369  4.265635  3.1  291  -33
2.15002642  0.234252  4.335029  4.0  348   11
2.15003040  0.233450  4.305417  4.5  161    6
2.15009066  0.233477  4.306404  0.9   93    8
2.15010685  0.233499  4.307231  1.1  102   22
2.15011486  0.232229  4.260486  0.5  280   26
2.15015182  0.234516  4.344834  2.4   28  -41
2.15018802  0.236238  4.408847  3.0  250   -7
2.15019292  0.235268  4.372724  2.7   68   -1
2.15020544  0.238426  4.490891  3.0  249    1
2.15029883  0.229617  4.165189  0.0  233  -26
2.15028356  0.233819  4.319028  5.1  178  -17
2.15029924  0.230749  4.206368  0.1   48  -21
2.15031099  0.234605  4.348103  0.5  238  -28
2.15033696  0.233384  4.302978  5.5  324  -21
2.15036562  0.244920  4.738884  1.0  167  -47
2.15042974  0.236148  4.405509  0.0   61  -48
2.15043154  0.231316  4.227071  0.0   74  -18
2.15043284  0.232605  4.274308  0.0   74  -14
2.15043964  0.233038  4.290237  0.0   76   -9
2.15048550  0.240366  4.564299  0.1   68  -21
2.15054402  0.230424  4.194523  0.1  221   73
2.15055071  0.228509  4.125094  0.1   67   84
2.15055537  0.234729  4.352725  0.3   28   75
2.15059453  0.233412  4.304008  0.1  290   62
2.15059939  0.235336  4.375266  0.0  182   38
2.15065389  0.231527  4.234784  2.4   57   67
2.15065442  0.229487  4.160489  0.8  265   66
2.15069779  0.233076  4.291636  0.5  294  -57
2.15069771  0.234811  4.355766  0.6  102  -59
2.15074604  0.235822  4.393363  0.0  291   46
2.15069773  0.234317  4.337459  0.0  290  -52
2.15081760  0.238130  4.479763  0.3   13  -65
2.15082180  0.233427  4.304575  0.1    8  -34
2.15084103  0.234440  4.341998  0.1  295   51
2.15083939  0.236043  4.401574  1.3  301   49
2.15089035  0.239067  4.515073  0.1  170   64
2.15090085  0.235051  4.364683  3.2  312   26
2.15093195  0.237371  4.451236  1.3  305   50
2.15096868  0.240010  4.550769  0.9   36   42
2.15097295  0.239964  4.549028  3.2  177   -9
2.15101018  0.239248  4.521924  2.8  179  -28
2.15105906  0.235854  4.394529  0.0  143  -70
2.15105893  0.227463  4.087417  1.0  109  -53
2.15106034  0.227418  4.085794  1.5  122  -48
2.15113286  0.235330  4.375028  0.4  185  -17
2.15114472  0.232798  4.281402  0.1  189  -37
2.15119144  0.235077  4.365647  2.4  176   10
2.15119353  0.235406  4.377866  2.2  175   11
2.15119740  0.235931  4.397405  2.0  174    1
2.15120428  0.236152  4.405663  1.8  176  -10
2.15127269  0.232252  4.261327  2.7  305  -21
2.15128135  0.234294  4.336612  0.6   57  -44
2.15129964  0.238631  4.498648  0.2  302  -65
2.15134997  0.237369  4.451195  3.1  185  -15
2.15136410  0.234842  4.356904  0.0  193  -28
2.15136605  0.233694  4.314401  0.0   17  -16
2.15141506  0.238150  4.480514  0.4  206   37
2.15141770  0.238673  4.500215  0.0  295   52
2.15146438  0.240373  4.564562  3.4  256    1
2.15150632  0.238265  4.484836  0.0  205  -50
2.15150433  0.235685  4.388262  2.7  317  -48
2.15153315  0.232286  4.262595  0.1  286   22
2.15156349  0.233135  4.293799  0.0   69   57
2.15157719  0.232328  4.264145  0.0  360  -34
2.15158427  0.230200  4.186383  0.0  318  -20
2.15162426  0.229937  4.176798  2.6  304   18
2.15162584  0.231068  4.218018  2.8  305   19
2.15168337  0.231483  4.233152  2.8  297   52
2.15168666  0.231575  4.236523  1.2  283   55
2.15174931  0.223616  3.950327  0.8  194   34
2.15175989  0.221756  3.884889  0.0  208   47
2.15176283  0.220128  3.828038  1.4   34   59
2.15178455  0.234686  4.351114  0.8  200  -26
2.15182258  0.232809  4.281799  0.1    4   47
2.15187165  0.233170  4.295104  1.0  314  -55
2.15190823  0.229975  4.178208  6.9  298   22
2.15190863  0.226169  4.041047  5.6  120   26
2.15193729  0.228139  4.111756  0.1   92  -56
2.15193512  0.229229  4.151124  0.2   61  -63
2.15198625  0.231204  4.222981  0.2  284  -63
2.15198794  0.232894  4.284926  0.9  105  -61
2.15205726  0.226166  4.040946  1.2  294   39
2.15205401  0.225649  4.022489  0.8  123   32
2.15205989  0.230065  4.181455  0.0  292   44
2.15206072  0.226424  4.050146  0.0  300   32
2.15214116  0.236661  4.424657  4.3  308   56
2.15211809  0.236167  4.406218  0.0  300  -20
2.15215868  0.239254  4.522151  4.8  196  -21
2.15221814  0.231342  4.228010  6.0  202  -37
2.15221906  0.233876  4.321144  4.8   20  -31
2.15222484  0.233363  4.302214  0.0  210  -45
2.15228535  0.237085  4.440532  1.3  199   29
2.15230794  0.234931  4.360206  0.1  297  -64
2.15234863  0.230825  4.209141  2.8  328   67
2.15236574  0.226764  4.062330  0.0  304  -51
2.15235652  0.231602  4.237524  2.1  154   66
2.15237108  0.234143  4.331013  0.7  309  -51
2.15236866  0.227470  4.087671  0.1  102  -41
2.15244347  0.235940  4.397764  0.0  279  -44
2.15249542  0.230637  4.202292  2.1   97   -6
2.15250160  0.229427  4.158289  2.1   96   -3
2.15250516  0.228611  4.128780  2.7   94   -6
2.15250194  0.230149  4.184533  0.0  275   -5
2.15253505  0.242861  4.659542  2.1   15    7
2.15258614  0.240909  4.584938  0.1  294  146
2.15264738  0.235701  4.388824  2.5   96    4
2.15265574  0.233272  4.298848  0.0  289  -31
2.15265674  0.234281  4.336128  0.2  101  -31
2.15269340  0.238428  4.490985  0.2   95   64
2.15272134  0.235553  4.383319  0.4  200   25
2.15273419  0.236523  4.419491  0.3   52   62
2.15279424  0.239169  4.518961  0.0  202  -48
2.15279992  0.238549  4.495534  0.2  203  -54
2.15283780  0.234457  4.342635  0.6  337   64
2.15284027  0.232590  4.273739  0.0  168   33
2.15287873  0.232463  4.269088  0.1   92   54
2.15287850  0.232436  4.268092  0.5  103   49
2.15287828  0.233522  4.308063  0.1  254   50
2.15295297  0.232097  4.255652  4.6   64  -50
2.15295464  0.230297  4.189918  4.3  305  -58
2.15295383  0.231766  4.243535  4.5  250  -62
2.15300589  0.236697  4.426006  0.0  299  -25
2.15304677  0.233567  4.309722  0.5  288  -30
2.15304311  0.233391  4.303233  0.1   93  -37
2.15308251  0.229610  4.164929  0.0  118   -6
2.15311122  0.231114  4.219691  2.4  323  -47
2.15310773  0.232296  4.262939  0.0  323  -56
2.15316448  0.229866  4.174228  1.2  182   64
2.15316441  0.228987  4.142354  0.3  181   65
2.15323817  0.232835  4.282759  0.9  177  -18
2.15324154  0.231795  4.244571  1.3  178  -21
2.15324765  0.231595  4.237270  2.0  174  -26
2.15326627  0.233776  4.317463  6.1   38 -127
2.15326781  0.232390  4.266386  6.3   37  -35
2.15332085  0.237160  4.443327  2.2  321  -16
2.15336885  0.237307  4.448864  0.8  213   58
2.15339175  0.228971  4.141804  0.0  349   -5
2.15342903  0.235538  4.382787  0.1  166  -30
2.15343151  0.236825  4.430792  0.6  349  -15
2.15346781  0.233634  4.312207  0.9  176  -25
2.15346769  0.233998  4.325643  1.0  176  -25
2.15351056  0.236982  4.436673  0.0   59   60
2.15350739  0.237803  4.467476  2.0   77   63
2.15355251  0.244271  4.713797  2.1   31   81
2.15359947  0.245745  4.770870  2.1  324   79
2.15363899  0.243041  4.666434  1.3  266   15
2.15362749  0.237413  4.452823  0.0  319  -52
2.15367530  0.231361  4.228705  0.1  299  -40
2.15367611  0.231051  4.217389  0.1  110  -48
2.15367505  0.231371  4.229074  0.1  109  -48
2.15374048  0.237244  4.446496  0.1  270   54
2.15373874  0.239977  4.549539  1.0  296   51
2.15378434  0.233684  4.314057  0.4  164   20
2.15382078  0.234600  4.347927  1.6  307   38
2.15382191  0.234532  4.345423  1.4  307   37
2.15385127  0.239156  4.518445  3.9   57  -45
2.15388715  0.238214  4.482921  2.0   17   64
2.15389054  0.237508  4.456386  1.5  180   48
2.15396199  0.236160  4.405963  3.3  284   24
2.15392996  0.236345  4.412853  0.8  301  -60
2.15397824  0.233097  4.292397  0.0   18  -32
2.15400510  0.234200  4.333111  0.8   69   75
2.15400279  0.233855  4.320378  0.0  274   41
2.15405405  0.237437  4.453747  0.7   48   65
2.15407630  0.234045  4.327390  0.6  106  -51
2.15409925  0.227105  4.074547  0.6  292   45
2.15410339  0.231317  4.227108  2.6  257   52
2.15414599  0.228213  4.114417  0.7   66   62
2.15415507  0.237175  4.443924  1.2    4   64
2.15419257  0.240320  4.562536  2.7  300   51
2.15421084  0.240227  4.559018  3.0  295   49
2.15424762  0.237611  4.460243  3.2  291   59
2.15427210  0.233175  4.295294  2.9  312  -50
2.15431865  0.231312  4.226901  2.2  108  -60
2.15431811  0.234205  4.333304  1.6   76  -63
2.15431808  0.232347  4.264811  0.0  134   26
2.15436167  0.236519  4.419371  0.1  285  -40
2.15440455  0.232983  4.288197  0.2  203  -26
2.15440545  0.231796  4.244631  0.1  202  -26
2.15446647  0.233029  4.289905  3.4  311   24
2.15447247  0.227332  4.082720  0.4   66   85
2.15447025  0.230062  4.181371  0.2   14   82
2.15452255  0.232688  4.277349  0.2  292  -43
2.15456298  0.231681  4.240416  1.0   46  -47
2.15457157  0.225375  4.012717  0.5  299  -57
2.15457157  0.224217  3.971593  0.0  298  -54
2.15461593  0.231222  4.223633  0.5  354   32
2.15462917  0.232486  4.269917  0.0  300  -34
2.15470161  0.232885  4.284601  0.4  298  -55
2.15471065  0.231265  4.225183  0.0  166  -70
2.15470797  0.231468  4.232629  0.1  190  -66
2.15471162  0.230626  4.201867  0.0  192  -74
2.15478347  0.225284  4.009490  0.0  167  -57
2.15478289  0.226260  4.044293  0.0  186  -67
2.15478628  0.230463  4.195939  0.3  189  -68
2.15483093  0.241707  4.615350  0.1   40   62
2.15486542  0.237006  4.437579  0.7  304   58
2.15486133  0.233508  4.307564  0.0  325  -91
2.15491194  0.239005  4.512757  0.1  186   70
2.15491056  0.240811  4.581217  0.5   18   89
2.15497397  0.240370  4.564440  0.3  185   30
2.15497660  0.240293  4.561503  0.8  356   43
2.15498866  0.241358  4.602027  0.7   20   40
2.15504011  0.243755  4.693897  0.8  111   38
2.15508597  0.234571  4.346861  0.3   46  -55
2.15507899  0.236219  4.408143  0.0  208  -60
2.15512320  0.236698  4.426063  1.9  311   36
2.15513080  0.237207  4.445112  0.0   21   77
2.15516496  0.237146  4.442820  0.7  260   69
2.15517673  0.237530  4.457230  0.7  173  -41
2.15522238  0.240559  4.571640  0.6  165  -64
2.15521828  0.244135  4.708552  2.8   25   39
2.15525141  0.241374  4.602643  0.2  166   -0
2.15529508  0.235014  4.363302  0.4  178  -78
2.15533385  0.230081  4.182045  0.2   34  -83
2.15533438  0.228308  4.117856  1.1  300  -60
2.15533469  0.229144  4.148062  0.4  204  -85
2.15536453  0.233736  4.315953  0.3  175  -16
2.15539601  0.237167  4.443618  0.0  359   43
2.15544465  0.238332  4.487362  0.0  205  -84
2.15547083  0.238453  4.491940  2.6  176   47
2.15550397  0.235047  4.364530  1.2  284  -44
2.15551247  0.229843  4.173379  0.0  302  -41
2.15551898  0.230620  4.201649  0.1  297  -26
2.15552023  0.232852  4.283371  0.6  296  -20
2.15557413  0.235543  4.382943  1.4  157   75
2.15558689  0.240369  4.564412  1.6   84  -71
2.15564993  0.236651  4.424291  0.0  165   33
2.15565175  0.233600  4.310962  0.0  343   36
2.15565162  0.232006  4.252310  0.1  338   39
2.15572433  0.234790  4.354972  1.8  352   -6
2.15572734  0.235757  4.390937  2.0  171  -19
2.15575280  0.239534  4.532737  0.0  296   68
2.15578593  0.239059  4.514790  0.0  174   25
2.15579294  0.235749  4.390625  0.6  351   27
2.15585922  0.238206  4.482630  0.2  298   -7
2.15587196  0.233075  4.291592  2.6  318  -27
2.15586802  0.233367  4.302360  2.8  317  -29
2.15589123  0.232708  4.278087  0.7  299  -13
2.15595725  0.224558  3.983692  0.0  165  -47
2.15595541  0.226703  4.060128  0.6  347  -30
2.15595494  0.231686  4.240595  0.2  312   -9
2.15600671  0.236161  4.406001  0.7   34   58
2.15604057  0.237519  4.456806  0.6   92  -60
2.15603885  0.235937  4.397639  0.4  103  -66
2.15610858  0.228373  4.120185  0.0  256 -108
2.15610988  0.230551  4.199148  0.1  288  -66
2.15611041  0.231797  4.244675  0.0   80  -70
2.15615679  0.237023  4.438215  3.2  103   20
2.15615602  0.232950  4.287005  1.0  275   63
2.15617017  0.233914  4.322528  0.1  315  -37
2.15622955  0.239574  4.534250  0.0  280  -39
2.15623667  0.237623  4.460708  0.1   55  -46
2.15628033  0.242511  4.646103  0.2  291  -47
2.15629535  0.242669  4.652165  0.3  201  -61
2.15633673  0.242117  4.631040  3.3  296   41
2.15636675  0.239237  4.521523  0.7  285 -127
2.15636338  0.236855  4.431934  0.2  217  -58
2.15641254  0.243675  4.690838  0.2  305   67
2.15641451  0.241611  4.611698  0.2  173   68
2.15644650  0.234404  4.340679  0.0  188   71
2.15648539  0.234442  4.342086  0.0  316   86
2.15651547  0.236218  4.408099  0.0  251   35
2.15652732  0.234155  4.331460  0.0  351   34
2.15653428  0.239882  4.545924  0.4  346   29
2.15659064  0.223270  3.938107  0.2  215   57
2.15659384  0.225732  4.025424  0.0   43   65
2.15660082  0.231643  4.239022  0.4   37   44
2.15663536  0.236465  4.417353  0.4   53   71
2.15665391  0.245483  4.760687  1.4   22   56
2.15671954  0.238906  4.509025  1.9  192   44
2.15671832  0.235671  4.387725  0.0  186  -25
2.15674002  0.231585  4.236892  0.1  196   37
2.15675019  0.237602  4.459905  0.9   19   18
2.15681364  0.234383  4.339884  0.2  196   50
2.15681643  0.235080  4.365748  0.4  183   49
2.15683901  0.229443  4.158879  0.1  321  -89
2.15684111  0.227767  4.098362  0.0  255  -99
2.15688189  0.230757  4.206667  0.1  276   57
2.15690681  0.233999  4.325682  0.0  195  -46
2.15696120  0.225995  4.034818  0.3  339   68
2.15696302  0.226828  4.064642  0.8  318   70
2.15696423  0.225587  4.020254  0.0   17   81
2.15699537  0.236151  4.405599  0.8  154   48
2.15703993  0.230164  4.185051  0.1  187   15
2.15703990  0.230974  4.214587  0.2  187   16
2.15708669  0.236927  4.434628  2.6  196  -34
2.15712400  0.239743  4.540651  2.7   61   36
2.15714140  0.238417  4.490568  1.5  299   68
2.15715592  0.237326  4.449554  4.2   94  -30
2.15718874  0.233857  4.320427  0.2   57  -58
2.15723522  0.232763  4.280106  0.9   32  -31
2.15724498  0.232226  4.260378  0.7   23  -42
2.15726892  0.228800  4.135602  0.1  167  -79
2.15728176  0.234619  4.348624  0.6  327  -51
2.15731078  0.226012  4.035431  0.1  207  -77
2.15731975  0.232996  4.288679  0.1   48  -60
2.15735804  0.237347  4.450349  0.4  313  -40
2.15741036  0.235517  4.381996  0.3  342  -34
2.15741856  0.235864  4.394921  0.0  172  -86
2.15743392  0.240818  4.581466  1.5  355   32
2.15745362  0.242346  4.639783  1.8   63  -77
2.15750831  0.239671  4.537949  0.0  332   81
2.15751090  0.237300  4.448596  4.4  324  -38
2.15751098  0.237076  4.440192  3.4  326  -36
2.15757826  0.241446  4.605406  0.0  303   55
2.15757494  0.240542  4.570993  3.2  283   44
2.15763366  0.230799  4.208172  0.2   78   -4
2.15763307  0.232553  4.272400  0.9   78   -3
2.15763840  0.232478  4.269639  0.2  255   -6
2.15769745  0.238335  4.487491  3.4  353  -14
2.15770452  0.239753  4.541034  3.2  170  -21
2.15775784  0.243540  4.685624  1.2  179  -64
2.15778792  0.236460  4.417150  0.0   34  -85
2.15779173  0.236678  4.425292  0.6  169  -77
2.15779845  0.237863  4.469740  1.0   96    5
2.15785451  0.242413  4.642372  2.0  280   16
2.15787553  0.236132  4.404924  0.1  185   16
2.15787668  0.236510  4.419028  0.1   58   54
2.15790671  0.236962  4.435926  1.5    4   22
2.15793291  0.236643  4.424005  0.4  184   27
2.15793988  0.237281  4.447890  0.5    5   41
2.15800632  0.239569  4.534082  3.8  278  -71
2.15800628  0.236465  4.417343  2.3  294 -102
2.15804693  0.234780  4.354601  4.1   60  -64
2.15804745  0.234757  4.353775  2.9   95  -53
2.15811413  0.233762  4.316922  0.7  198   47
2.15811324  0.232940  4.286631  2.9  315   58
2.15811641  0.231751  4.242983  0.9  287   55
2.15816039  0.233674  4.313679  3.2   76    9
2.15816655  0.233498  4.307167  2.2  254   13
2.15819627  0.235596  4.384923  1.5   40   45
2.15822555  0.239990  4.550010  1.2  190  -60
2.15826336  0.233704  4.314790  0.2    7   28
2.15828814  0.235757  4.390912  0.4    6  -14
2.15830651  0.236522  4.419465  0.9  296  -29
2.15834395  0.234869  4.357930  2.0    5  -28
2.15835506  0.235461  4.379914  1.9    2  -34
2.15837634  0.234592  4.347650  0.3  173  -73
2.15837785  0.233981  4.325015  2.8  327  -31
2.15843711  0.241056  4.590519  1.6  187   13
2.15845102  0.240174  4.557006  0.3  171   58
2.15846969  0.238185  4.481838  1.0  198  -31
2.15850523  0.238394  4.489686  2.2  196   28
2.15850761  0.238871  4.507681  1.6   14   42
2.15856218  0.237722  4.464433  0.7  293   63
2.15858318  0.237944  4.472781  4.6  141   -1
2.15861529  0.237408  4.452648  0.1  196    7
2.15863454  0.235223  4.371057  0.0  192   18
2.15863806  0.235105  4.366677  0.4   14   27
2.15867807  0.240017  4.551045  1.3   99  -59
2.15870411  0.236651  4.424300  0.0  197   58
2.15874020  0.234731  4.352804  0.0  282  -50
2.15877077  0.236308  4.411492  1.1  268   10
2.15877617  0.239704  4.539188  1.3  263   12
2.15880147  0.236065  4.402392  0.3  283   50
2.15881139  0.238595  4.497290  1.0   25  -58
2.15887359  0.240196  4.557821  0.9   89  -43
2.15887153  0.237939  4.472585  2.4  319  -55
2.15888247  0.244140  4.708749  1.0   18   -9
2.15893436  0.244120  4.707973  0.0   55  -23
2.15898854  0.241948  4.624576  0.5  106  -56
2.15899105  0.240454  4.567629  0.5  194  -28
2.15900995  0.238384  4.489336  1.3   12   14
2.15904139  0.240120  4.554938  0.4  294   61
2.15907527  0.232696  4.277659  0.0  267   51
2.15907258  0.232505  4.270628  0.0   97   46
2.15910786  0.236911  4.434036  1.0  303  -52
2.15910831  0.237289  4.448168  1.9  302  -52
2.15916638  0.234710  4.351997  1.1  194   51
2.15917199  0.231066  4.217933  0.9  311   50
2.15922854  0.228593  4.128115  2.1  289   42
2.15922918  0.227358  4.083649  1.9  290   41
2.15923653  0.228038  4.108103  2.7  198   43
2.15922753  0.227667  4.094760  1.8  119   31
2.15931080  0.235768  4.391323  5.3  307   10
2.15931594  0.237911  4.471535  5.9  309  177
2.15938347  0.229624  4.165465  5.3  294   22
2.15939035  0.226641  4.057927  5.9  292   14
2.15938939  0.226604  4.056603  5.8  291   11
2.15939139  0.229945  4.177098  1.0  293   11
2.15945229  0.235407  4.377883  0.3  254   12
2.15945285  0.236509  4.418981  0.7  256   19
2.15953156  0.231530  4.234867  3.1  135   13
2.15952832  0.230559  4.199421  2.7  310   23
2.15954193  0.231061  4.217756  1.5  110  -41
2.15954672  0.231237  4.224175  4.1  315  -34
2.15960460  0.229674  4.167244  1.3  175   20
2.15961095  0.233193  4.295957  2.8  355   26
2.15962010  0.234873  4.358053  3.6    7    6
2.15968913  0.231529  4.234851  2.8    4  -56
2.15969339  0.232431  4.267918  2.7  189  -63
2.15969200  0.231972  4.251070  3.1  184  -62
2.15976761  0.234623  4.348804  2.5  182  -27
2.15977716  0.232545  4.272096  0.0  179   51
2.15979339  0.235599  4.385030  0.8  292  -47
2.15981140  0.234862  4.357653  2.2    6   25
2.15982566  0.235328  4.374957  2.1    1   19
2.15982922  0.235588  4.384639  2.1  182    3
2.15990044  0.238811  4.505424  3.2  306  -40
2.15992192  0.236218  4.408101  3.9  317  -25
2.15992168  0.235960  4.398487  3.9  317  -24
2.15998326  0.238389  4.489520  5.1  308   29
2.15998800  0.239555  4.533541  1.7  161   33
2.16001669  0.235836  4.393853  1.2  292   26
2.16002256  0.237025  4.438278  0.8  285   21
2.16008856  0.240999  4.588360  0.1  268  -86
2.16008880  0.238728  4.502302  0.2  307  -59
2.16009037  0.238365  4.488617  0.1  114  -86
2.16015278  0.236542  4.420227  1.0   45  -56
2.16018147  0.238581  4.496735  4.5  124   36
2.16018207  0.239557  4.533627  0.0  303   37
2.16017819  0.237008  4.437636  4.0  131   30
2.16024140  0.243259  4.674839  3.6  312  -47
2.16028469  0.244382  4.718091  4.5    5  -28
2.16029424  0.240799  4.580753  4.3   10  -13
2.16033706  0.237411  4.452744  1.5  285  -41
2.16033996  0.234294  4.336595  0.0  283  -36
2.16034048  0.234631  4.349072  0.1  284  -37
2.16040388  0.232230  4.260547  0.0   99   50
2.16040190  0.233753  4.316605  0.1  276   50
2.16044559  0.242170  4.633050  6.5  111  -60
2.16046561  0.240882  4.583898  2.0   46   21
2.16048099  0.241440  4.605160  2.1   43   32
2.16050405  0.240464  4.567998  4.2  316 -136
2.16055943  0.239379  4.526897  2.8   10   11
2.16056016  0.239211  4.520540  2.9  194   -4
2.16057082  0.239222  4.520950  3.2  189   16
2.16057648  0.242617  4.650193  4.1  178   -3
2.16063909  0.241341  4.601405  0.9  289  -17
2.16064029  0.241311  4.600268  0.8  288  -15
2.16070878  0.240706  4.577229  1.4  292   59
2.16074431  0.238480  4.492948  2.1   43  -45
2.16073638  0.238195  4.482225  3.0  316  -57
2.16075823  0.242038  4.628001  4.8   58  -21
2.16078475  0.235589  4.384664  0.0  182   28
2.16079656  0.234936  4.360412  0.2   32   63
2.16084711  0.239272  4.522818  0.1  179   55
2.16086548  0.236953  4.435582  0.0  210  -15
2.16087418  0.244338  4.716373  0.0   12  -29
2.16092730  0.234878  4.358252  0.7  151  -80
2.16093100  0.232187  4.258957  0.2   98  -69
2.16095666  0.231610  4.237802  0.1  202  -48
2.16096140  0.236329  4.412278  1.7  241  -69
2.16101474  0.239737  4.540441  2.8  305  -57
2.16102053  0.241940  4.624271  3.8  314  -32
2.16109339  0.242331  4.639220  4.3    7   17
2.16112072  0.237312  4.449048  4.9  296   49
2.16111706  0.237349  4.450425  4.9  125   40
2.16112150  0.238294  4.485955  4.1  285   39
2.16117025  0.240826  4.581781  0.1  193  -23
2.16116917  0.241675  4.614129  0.2  192  -24
2.16122234  0.243592  4.687622  1.1  321  -48
2.16123086  0.242242  4.635822  0.8  313  -41
2.16127587  0.241355  4.601921  3.7  103   12
2.16127076  0.241857  4.621071  2.6  315  -32
2.16130737  0.241797  4.618795  0.3   16   -5
2.16132504  0.245596  4.765068  1.9  184    9
2.16139482  0.241390  4.603279  6.1  134  -56
2.16139355  0.239616  4.535865  5.4  310  -40
2.16140937  0.239850  4.544697  3.7  199  -51
2.16141189  0.238469  4.492547  5.3  319  -40
2.16146038  0.241973  4.625506  1.7  340   -4
2.16148423  0.239064  4.514963  0.0    8   50
2.16152668  0.238873  4.507751  0.8  197   48
2.16153156  0.235778  4.391717  0.1  206   49
2.16158240  0.231036  4.216824  0.0  200   54
2.16158513  0.230951  4.213730  0.0  202   49
2.16157976  0.234593  4.347682  0.1   47   78
2.16159087  0.235550  4.383232  2.0  293  -43
2.16164804  0.239113  4.516824  0.5  197  -55
2.16170517  0.230837  4.209570  0.6  281  -67
2.16170695  0.231107  4.219411  0.9   43  -74
2.16170993  0.231437  4.231487  0.2  299  -69
2.16175802  0.242285  4.637459  1.4  295   19
2.16177372  0.237993  4.474630  0.9  292   68
2.16181031  0.236212  4.407894  0.3  301   49
2.16181931  0.239282  4.523204  0.8  294   49
2.16185687  0.242125  4.631350  0.0  299  -56
2.16190161  0.239586  4.534728  0.1   69   25
2.16190131  0.240459  4.567823  1.1  129   42
2.16194613  0.237980  4.474110  0.7  298   57
2.16196315  0.230591  4.200620  0.2  195   69
2.16197530  0.234431  4.341684  1.9  198   21
2.16197588  0.237884  4.470528  2.3    5   49
2.16204259  0.237628  4.460887  2.1   93   18
2.16205970  0.236396  4.414750  1.7  147   14
2.16208115  0.236915  4.434179  1.7  282  131
2.16208319  0.232696  4.277656  0.1  258   39
2.16216483  0.235358  4.376076  0.3  291  -54
2.16216695  0.230563  4.199568  0.3  199   68
2.16217751  0.230475  4.196393  0.0   56   83
2.16222145  0.226571  4.055405  0.4  203   53
2.16221611  0.227521  4.089491  0.9   43   60
2.16225129  0.227487  4.088279  0.8  181   36
2.16225996  0.232774  4.280509  2.6  309   39
2.16235031  0.226598  4.056398  1.9   78  -67
2.16234837  0.226485  4.052349  2.5  268  -66
2.16235133  0.226741  4.061510  2.8   76  -67
2.16236506  0.230005  4.179300  0.0   66  -68
2.16241597  0.226056  4.036998  3.9  300   41
2.16242073  0.228459  4.123287  2.7  294   46
2.16246738  0.221297  3.868803  0.0   77  106
2.16246480  0.221616  3.879996  0.0  285   66
2.16252364  0.233613  4.311428  0.5   48  -60
2.16252347  0.232434  4.268009  0.0   66  -61
2.16252598  0.235596  4.384920  2.1  277  -26
2.16255326  0.238111  4.479044  2.6  333  -39
2.16263413  0.222006  3.893647  0.6  119  -74
2.16263219  0.214131  3.622305  0.1  265  -67
2.16263883  0.216648  3.707965  0.2  286  -65
2.16263847  0.215055  3.653644  0.1  287  -65
2.16272904  0.228008  4.107037  0.1  157  -71
2.16272770  0.228748  4.133709  0.0  299  -60
2.16272772  0.228944  4.140815  0.2  193  -82
2.16277588  0.231004  4.215665  0.9  298  -38
2.16279548  0.236177  4.406600  0.6   36   59
2.16283666  0.236091  4.403396  0.6  287   55
2.16286149  0.235526  4.382315  0.2   92   13
2.16289386  0.233787  4.317846  0.3  158  -73
2.16289359  0.236087  4.403231  0.0   83  -46
2.16299392  0.236421  4.415697  2.5  281   54
2.16297084  0.234784  4.354750  0.4  318   23
2.16300034  0.235313  4.374406  1.0  299  -17
2.16304716  0.223146  3.933739  3.5  278   33
2.16304896  0.223231  3.936727  4.0  110   36
2.16305658  0.220801  3.851487  3.0  114   50
2.16305518  0.222076  3.896117  3.1  281   53
2.16310725  0.232940  4.286623  0.1  193   66
2.16312312  0.233658  4.313093  0.0   99   52
2.16312389  0.233634  4.312196  0.1   94   49
2.16319999  0.232580  4.273380  2.6  299   55
2.16321898  0.232700  4.277780  0.4  176    5
2.16321889  0.231764  4.243443  0.3  176    6
2.16330399  0.227878  4.102346  0.5  105   43
2.16330465  0.225958  4.033500  0.3  275   37
2.16330527  0.226850  4.065413  1.0  274   40
2.16334808  0.233317  4.300519  0.0  192   48
2.16336440  0.229431  4.158451  2.0  302  -23
2.16336660  0.226908  4.067493  0.6  134  -23
2.16343199  0.216168  3.691544  2.7  299   49
2.16343164  0.218610  3.775435  2.8  301   54
2.16343268  0.218056  3.756322  2.6  296  131
2.16343135  0.224507  3.981853  3.5  169   55
2.16347292  0.231640  4.238894  2.6  230  -12
2.16352102  0.233547  4.309007  2.8    2  -32
2.16357494  0.233442  4.305135  0.5  176    5
2.16360336  0.223505  3.946408  0.6   41  -68
2.16360341  0.217596  3.740499  0.0    5  -31
2.16361891  0.222516  3.911568  0.7  279  -43
2.16361523  0.223530  3.947305  2.9  302  -41
2.16368492  0.233312  4.300320  0.2  160  -18
2.16373283  0.237736  4.464943  2.2   36  -51
2.16372912  0.237916  4.471731  4.1    8  -47
2.16372688  0.235959  4.398454  2.7  324 -109
2.16376195  0.236570  4.421259  1.6  304  -20
2.16382630  0.232722  4.278602  0.8  292   34
2.16382440  0.232298  4.263027  0.0  292   34
2.16386332  0.230913  4.212326  0.1  213   63
2.16387439  0.231714  4.241605  0.0  292   63
2.16389257  0.237211  4.445247  0.1   73  -84
2.16395605  0.238525  4.494639  0.2  271   -4
2.16396066  0.234753  4.353602  0.2   88   -3
2.16398632  0.232656  4.276169  2.2  214   74
2.16399818  0.231193  4.222563  0.0  299  -69
2.16404247  0.231746  4.242776  0.0  289  -64
2.16404391  0.226662  4.058669  0.4  211  -63
2.16406722  0.226011  4.035393  0.0   48  -19
2.16410187  0.230886  4.211355  0.2  261   25
2.16412746  0.235366  4.376359  0.0   73   69
2.16414781  0.233390  4.303197  0.1  299  -44
2.16416558  0.241311  4.600238  1.9  284  -37
2.16423379  0.223596  3.949622  1.4  203   43
2.16423467  0.222527  3.911939  0.2   44   58
2.16423481  0.221699  3.882902  0.0   33   59
2.16424941  0.232465  4.269171  0.1  205   -0
2.16431740  0.231333  4.227677  2.2  180  -46
2.16431505  0.232783  4.280832  0.0  181  -33
2.16438228  0.230598  4.200859  0.0  165   20
2.16440991  0.226275  4.044821  0.0  290 -130
2.16441103  0.227198  4.077898  0.3  292  -52
2.16440955  0.226011  4.035397  0.4  114  -53
2.16446594  0.230819  4.208927  2.0  303   49
2.16447131  0.230061  4.181328  3.2  303   53
2.16447145  0.229763  4.170475  2.1  304   53
2.16450323  0.236849  4.431683  0.8  294   63
2.16457004  0.233261  4.298450  0.1  284   -3
2.16459604  0.231771  4.243721  0.0  279  -17
2.16459175  0.230352  4.191897  0.2   64  -49
2.16463224  0.235881  4.395558  0.0   71   11
2.16463513  0.235359  4.376126  3.7   72    9
2.16471448  0.230285  4.189450  0.5  209   38
2.16470862  0.227188  4.077536  0.0   36   45
2.16471925  0.235051  4.364668  1.2  352  -40
2.16477891  0.230854  4.210185  2.5  193  -40
2.16477776  0.231772  4.243748  0.0  358  -20
2.16478736  0.231105  4.219358  2.8    0  -29
2.16479238  0.232119  4.256468  3.7  315  -26
2.16486024  0.228598  4.128312  0.8  357   21
2.16485814  0.229177  4.149261  2.9  124   22
2.16485883  0.229112  4.146889  2.6  126   16
2.16494224  0.231292  4.226169  0.7  172  -10
2.16494272  0.230779  4.207447  0.6  172   -9
2.16496847  0.236382  4.414236  0.1   49   61
2.16501089  0.232768  4.280280  0.3  209   20
2.16503175  0.233645  4.312600  0.7   53  -50
2.16501358  0.234548  4.345999  0.6   30   35
2.16508314  0.236126  4.404697  4.1  339   -5
2.16509209  0.236049  4.401826  1.3  173  -23
2.16512105  0.235986  4.399445  0.6  174   58
2.16518514  0.222561  3.913144  0.5  215   59
2.16518642  0.219459  3.804807  0.0  204   61
2.16518808  0.219228  3.796815  0.8   36   59
2.16518836  0.221970  3.892395  0.0   36   59
2.16523285  0.237022  4.438178  3.8  299  -33
2.16523858  0.237433  4.453577  4.3  306  -32
2.16523326  0.236732  4.427325  4.0  299  -30
2.16534173  0.235442  4.379219  0.0   35  -27
2.16537248  0.235391  4.377298  0.4  184   11
2.16535671  0.234341  4.338336  0.1  197  -41
2.16539133  0.237286  4.448055  0.7  174  -16
2.16544606  0.228279  4.116776  0.0  290   47
2.16544614  0.230367  4.192437  0.4  290   47
2.16544690  0.231718  4.241766  0.8  296   47
2.16550906  0.233529  4.308343  1.2  170   25
2.16556321  0.236887  4.433119  0.7  252    5
2.16556617  0.232807  4.281723  0.1  186   58
2.16556136  0.231735  4.242390  0.0   13   78
2.16559442  0.231855  4.246771  0.1  344   75
2.16565496  0.233452  4.305493  0.0  302   38
2.16566522  0.236400  4.414898  0.9  195   95
2.16566579  0.234649  4.349764  2.6  290   64
2.16568506  0.237544  4.457727  0.4  335 -106
2.16572468  0.234880  4.358324  1.0   11    1
2.16575670  0.231529  4.234864  0.4  276  -75
2.16580007  0.235833  4.393771  0.0  107   51
2.16579801  0.230154  4.184694  0.4   73  -70
2.16580134  0.231597  4.237327  0.4   91  -64
2.16584110  0.241828  4.619968  2.2  276  -45
2.16588186  0.235463  4.379980  0.6  159  -39
2.16588037  0.235944  4.397914  1.5  162  -40
2.16596505  0.236925  4.434528  0.2  125   63
2.16595985  0.236840  4.431380  0.3  306   59
2.16597959  0.235121  4.367275  0.1  106  -56
2.16597987  0.236974  4.436360  0.8  306  -54
2.16603787  0.233388  4.303137  0.0  188   74
2.16603841  0.233957  4.324118  0.0  192   54
2.16611220  0.234537  4.345618  1.3  162    7
2.16611091  0.229089  4.146068  0.0  331   47
2.16611727  0.234326  4.337800  0.2  295   17
2.16614389  0.240501  4.569434  0.2  176   54
2.16618529  0.239912  4.547068  0.4   32   54
2.16621583  0.234546  4.345930  0.6  116   24
2.16622788  0.232304  4.263230  1.0  298   68
2.16626421  0.230951  4.213743  0.4  290   13
2.16627890  0.235854  4.394552  0.5   66  -58
2.16627555  0.229065  4.145193  0.2  291   13
2.16633961  0.236215  4.407989  0.3  193   34
2.16633735  0.236514  4.419185  0.3   11   44
2.16638498  0.234156  4.331507  0.2  175  -56
2.16639494  0.223568  3.948617  0.0  207  -77
2.16642764  0.233330  4.301003  0.7   86   27
2.16644574  0.230439  4.195051  0.0  308  -47
2.16649900  0.223740  3.954710  0.1  292  -39
2.16650023  0.222250  3.902204  0.1  111  -46
2.16654714  0.225637  4.022054  3.0   99   24
2.16654656  0.225876  4.030573  2.5  272   31
2.16655662  0.224332  3.975663  3.8  256   22
2.16655462  0.225552  4.019009  3.4  264   29
2.16668455  0.233949  4.323852  3.9   90   20
2.16667532  0.234315  4.337387  3.7  267   16
2.16670200  0.225896  4.031291  0.0   70   42
2.16670493  0.224264  3.973268  0.2  224   43
2.16670778  0.225902  4.031503  1.7   51   52
2.16674985  0.231031  4.216642  1.5  208   27
2.16677586  0.230246  4.188055  0.1  198   43
2.16682781  0.233012  4.289271  2.3   88   34
2.16683580  0.229864  4.174144  5.9  305   42
2.16687195  0.226895  4.067013  0.7  100  -43
2.16689069  0.223006  3.928809  0.7  197   37
2.16689224  0.221072  3.860955  0.1   21   49
2.16692228  0.232062  4.254355  2.5  189  -11
2.16696753  0.226259  4.044244  1.6  256   60
2.16696905  0.228754  4.133934  2.3  260   63
2.16702232  0.230438  4.195014  3.0  279  -15
2.16702931  0.229863  4.174111  3.3  275 -169
2.16704928  0.230852  4.210111  3.3   95    1
2.16709948  0.229811  4.172233  2.5   32   71
2.16709939  0.227600  4.092354  0.4   43   77
2.16714309  0.224745  3.990319  0.0  293  -35
2.16714090  0.223045  3.930175  0.0  105  -45
2.16717131  0.225358  4.012109  0.1  202  -19
2.16719179  0.226105  4.038766  4.3  311  -43
2.16722427  0.225184  4.005931  0.0   57  -61
2.16727788  0.228372  4.120134  4.2  306  -22
2.16727458  0.228852  4.137478  4.1  300  -23
2.16727458  0.229110  4.146813  5.0  307  -11
2.16730222  0.230371  4.192592  0.6  210  -51
2.16734690  0.232108  4.256042  1.5  307    3
2.16734733  0.232035  4.253380  1.5  307    2
2.16740951  0.237145  4.442783  0.3  176   16
2.16741186  0.235864  4.394907  0.0  172   16
2.16748701  0.238890  4.508403  3.8  298   69
2.16749142  0.233452  4.305502  3.2  187   35
2.16749810  0.232342  4.264651  2.1  188   26
2.16751104  0.235364  4.376292  2.6   11   29
2.16757457  0.234903  4.359168  3.1  182  -50
2.16758813  0.230670  4.203491  4.2   15  -38
2.16758993  0.230442  4.195176  4.3   18  -39
2.16759170  0.230849  4.210000  4.3   18  -38
2.16766372  0.230613  4.201417  0.0  274  -21
2.16766592  0.230878  4.211066  1.0  291  -33
2.16767283  0.232909  4.285492  0.4   28  -31
2.16766665  0.231683  4.240499  0.0   89  -26
2.16772963  0.234252  4.335047  2.3  303  -16
2.16779025  0.233068  4.291335  2.6  189  -74
2.16779119  0.233297  4.299761  3.2  351 -109
2.16780369  0.235921  4.397030  5.6  274  -10
2.16783432  0.240121  4.555001  1.1  193  -44
2.16788417  0.239419  4.528413  0.4   81  -27
2.16791113  0.226652  4.058328  0.3   85  -57
2.16791057  0.228858  4.137693  0.4  280  -53
2.16795246  0.238209  4.482749  0.7  310   53
2.16794623  0.237880  4.470365  0.0    2  -24
2.16800337  0.241247  4.597793  4.1  339  -10
2.16803412  0.236498  4.418574  0.0  183   14
2.16805846  0.233560  4.309483  0.1  316   33
2.16808314  0.234651  4.349834  0.0  288   -2
2.16808796  0.236753  4.428096  0.0  292   -2
2.16813207  0.241605  4.611472  0.7  293   71
2.16816663  0.235244  4.371841  0.3   31  -50
2.16816596  0.233854  4.320337  0.6  210  -60
2.16820867  0.233020  4.289565  1.0    9   55
2.16823129  0.236498  4.418575  0.0    9   48
2.16827094  0.238502  4.493784  0.0  320  -64
2.16826588  0.239504  4.531605  0.6  299  -53
2.16832075  0.228810  4.135985  3.0  119   13
2.16832363  0.229081  4.145766  3.5  117    4
2.16832554  0.228888  4.138803  4.0  115    0
2.16837726  0.229517  4.161550  2.6  126   47
2.16838004  0.233869  4.320878  2.7  274   54
2.16845937  0.227512  4.089170  0.9  215   51
2.16846343  0.227135  4.075638  0.0  210   49
2.16846905  0.226803  4.063723  0.8  209   51
2.16847407  0.231132  4.220347  4.1  163   -1
2.16852957  0.234370  4.339402  3.5  300   58
2.16853251  0.234354  4.338811  3.0  153   43
2.16857900  0.233587  4.310460  0.0  296   45
2.16862496  0.223161  3.934276  6.8  332  -14
2.16862480  0.223046  3.930224  6.9  332  -15
2.16863008  0.223371  3.941663  8.0  151  -27
2.16862529  0.223336  3.940426  6.9  332  -14
2.16869860  0.234767  4.354111  0.0  302  -61
2.16872692  0.234421  4.341309  0.4  293  -52
2.16875844  0.233423  4.304427  3.1  301   61
2.16876063  0.233753  4.316590  2.8  145   53
2.16878265  0.236378  4.414106  2.8  214  -61
2.16880182  0.237463  4.454695  0.5   75  -27
2.16884534  0.240968  4.587163  3.2  313   45
2.16888232  0.231279  4.225691  0.0  277   68
2.16888216  0.233727  4.315650  0.1  295   63
2.16893974  0.236005  4.400157  3.3  277  -61
2.16895831  0.226729  4.061065  0.3   93  -56
2.16895387  0.226731  4.061159  2.3   83  -65
2.16896528  0.233468  4.306094  1.9  206  -47
2.16905428  0.236487  4.418146  2.3  206   52
2.16905276  0.234772  4.354317  1.8  169  -68
2.16908317  0.235499  4.381312  0.8  198  -25
2.16910372  0.229508  4.161230  0.0   30   14
2.16911606  0.228934  4.140453  0.4   28   18
2.16912369  0.233165  4.294904  0.6   24   19
2.16916454  0.235259  4.372409  0.1  129   45
2.16916668  0.238059  4.477106  0.0  195  -51
2.16925027  0.236004  4.400119  3.6  198   50
2.16924994  0.236807  4.430123  3.1  198   50
2.16927067  0.235609  4.385428  5.5  197   15
2.16931941  0.236128  4.404763  0.0   34  -60
2.16933190  0.236306  4.411404  3.1   39  -17
2.16935768  0.234237  4.334486  0.0   16  -56
2.16938800  0.234590  4.347581  0.2   77   74
2.16938798  0.236139  4.405182  0.6   77   74
2.16942819  0.235304  4.374082  1.0  321  -33
2.16942905  0.234973  4.361768  2.3  321  -38
2.16949499  0.237190  4.444469  0.5  296  -39
2.16949721  0.236278  4.410367  0.2  302  -33
2.16953089  0.235359  4.376098  1.5  179   54
2.16957286  0.234338  4.338211  0.2  204   71
2.16957563  0.234667  4.350413  0.9  173   61
2.16957621  0.231259  4.224962  0.0  162   38
2.16960512  0.238799  4.504978  2.4  222  -81
2.16966550  0.243634  4.689231  0.2   27   53
2.16970088  0.230627  4.201923  0.1   27  -59
2.16972641  0.233378  4.302759  2.1  108   -3
2.16973069  0.233028  4.289846  0.0  285    9
2.16972850  0.233107  4.292783  0.0  286    2
2.16974796  0.233018  4.289503  0.6  200  -21
2.16973277  0.233369  4.302431  1.1  291    2
2.16985929  0.234347  4.338573  0.0  152  -52
2.16985676  0.233116  4.293115  0.6   83  -32
2.16988959  0.227163  4.076641  0.7  285  -17
2.16989127  0.226041  4.036456  0.0  284  -13
2.16989499  0.228183  4.113336  0.6  287  -13
2.16994553  0.241046  4.590143  0.0   76  -65
2.17000660  0.241359  4.602082  0.9   35  -79
2.17000557  0.240369  4.564412  0.3  175  -66
2.17004695  0.236359  4.413378  0.1  109   20
2.17005477  0.235664  4.387477  0.0  179  -43
2.17006300  0.238975  4.511600  1.7  284   54
2.17006548  0.240873  4.583559  2.9  266   14
2.17013572  0.243268  4.675152  0.1   47  -38
2.17019248  0.242126  4.631375  4.9  331   21
2.17020517  0.238930  4.509907  5.1  145   -6
2.17022271  0.238681  4.500521  2.8   37   29
2.17023133  0.237335  4.449889  0.1  218   -1
2.17027092  0.231749  4.242904  0.2  240   50
2.17026921  0.233912  4.322477  0.8  196   46
2.17031670  0.237787  4.466862  0.0  316   56
2.17031419  0.236726  4.427105  0.3  281   62
2.17036312  0.240101  4.554226  2.1  195   29
2.17036762  0.237839  4.468827  3.0  313  -39
2.17040293  0.235989  4.399559  3.4    1   52
2.17040229  0.237348  4.450377  3.4   12   53
2.17051066  0.235078  4.365666  0.8  197    5
2.17052219  0.232223  4.260289  1.5  278   21
2.17052229  0.232521  4.271233  2.1  279   21
2.17053428  0.230324  4.190867  1.7  293 -188
2.17054037  0.228653  4.130289  0.2  294   31
2.17056903  0.232058  4.254230  0.0   67  -72
2.17060392  0.241568  4.610067  0.0  287  120
2.17066173  0.233193  4.295921  5.6  280   20
2.17067922  0.230102  4.182824  5.1  120   11
2.17069779  0.228824  4.136456  2.5  304    3
2.17069628  0.229270  4.152604  2.9  305    2
2.17073907  0.234467  4.343007  3.5  302  -57
2.17083343  0.225128  4.003918  1.4   45  -38
2.17080372  0.233199  4.296160  0.1  121   55
2.17083167  0.220599  3.844461  0.0  252  -71
2.17083417  0.224025  3.964794  0.3  248  -60
2.17083561  0.225179  4.005748  0.2  235  -60
2.17084934  0.225435  4.014837  1.2  295   50
2.17087677  0.238046  4.476613  3.1  187   26
2.17094891  0.236070  4.402576  1.8  203   42
2.17097722  0.235150  4.368341  0.0  209   40
2.17099751  0.230179  4.185592  6.1  209   36
2.17101119  0.230393  4.193401  6.2  197   13
2.17101560  0.229988  4.178669  1.3  200  -22
2.17102263  0.234641  4.349466  2.4  187   -8
2.17107151  0.232676  4.276928  0.2   97  -12
2.17112310  0.228144  4.111908  1.6  302  -36
2.17112294  0.227882  4.102478  1.4  302  -37
2.17117253  0.230628  4.201951  0.5  286  -36
2.17117270  0.227445  4.086756  0.2  284  -35
2.17124780  0.233292  4.299578  1.8  233  -73
2.17124950  0.231668  4.239942  0.0  268  -60
2.17125022  0.232106  4.255969  2.0   69  -55
2.17130571  0.232168  4.258263  4.2   51  -34
2.17131081  0.234813  4.355850  0.0  290  -45
2.17131099  0.234033  4.326944  3.0  290  -42
2.17135659  0.232263  4.261735  0.0  163   25
2.17138027  0.237784  4.466761  0.0  284  -14
2.17144077  0.228235  4.115189  0.1  288   -6
2.17144039  0.228284  4.116968  0.6  288   -6
2.17145090  0.229452  4.159223  2.3  293  -13
2.17144033  0.230959  4.214016  0.0  288   -6
2.17152832  0.238741  4.502784  0.0  209  -51
2.17152819  0.237654  4.461857  3.4  207  -50
2.17160646  0.237266  4.447325  3.2   38    2
2.17161921  0.235750  4.390679  0.0  276  -56
2.17162447  0.232070  4.254678  0.0  285  -62
2.17162314  0.228193  4.113688  0.0   74  -61
2.17164183  0.233286  4.299380  2.4   49   42
2.17171780  0.235284  4.373331  0.6  296   67
2.17172266  0.234067  4.328207  0.1   85   53
2.17172904  0.238447  4.491696  0.7  192   -2
2.17177602  0.230217  4.186978  3.2  112   50
2.17177548  0.231744  4.242730  3.3  280   41
2.17180116  0.235255  4.372255  2.9  297   35
2.17185476  0.229994  4.178883  0.0   23   23
2.17185645  0.231682  4.240453  0.1  204   11
2.17185889  0.236934  4.434868  0.6  278   64
2.17192416  0.230137  4.184084  3.6  187   30
2.17192434  0.230067  4.181542  3.3  188   34
2.17196869  0.234288  4.336366  0.0   92  -20
2.17199937  0.225458  4.015659  0.0  270   13
2.17201161  0.229564  4.163262  0.0  269   20
2.17201750  0.228468  4.123597  0.1  266   29
2.17202240  0.232539  4.271874  0.6  254   71
2.17209812  0.230398  4.193584  0.6  202   59
2.17209710  0.232104  4.255925  0.7   42  125
2.17213603  0.231084  4.218577  0.2  191  -60
2.17213599  0.233991  4.325390  0.8  209  -64
2.17218730  0.233266  4.298630  0.0  302   -2
2.17225299  0.231705  4.241289  0.0  358  -12
2.17224602  0.232516  4.271045  0.4   12    6
2.17227447  0.229491  4.160610  0.2  180  -76
2.17227680  0.227357  4.083596  0.1  196  -78
2.17232406  0.229481  4.160270  4.3  319  -30
2.17232995  0.233630  4.312046  0.0  311  -37
2.17234183  0.232100  4.255764  3.2  311  -31
2.17241283  0.226480  4.052167  0.2  302  -14
2.17241612  0.222180  3.899737  0.0  306   -1
2.17242796  0.234135  4.330721  0.0  313  -22
2.17247749  0.228239  4.115349  1.7  304   42
2.17248153  0.230177  4.185523  3.9  304   20
2.17250910  0.237040  4.438859  0.0   65  -40
2.17252642  0.236234  4.408701  1.7  224  -58
2.17257463  0.237077  4.440237  0.0  294 -102
2.17262554  0.233494  4.307045  0.0  286   -6
2.17262599  0.234184  4.332536  3.1  107   -5
2.17262680  0.233361  4.302125  2.6  106   -6
2.17264492  0.235231  4.371349  0.1  309    6
2.17269327  0.241981  4.625844  0.4   17  -45
2.17272909  0.239214  4.520647  0.0   26   32
2.17274232  0.236855  4.431927  1.0  221   70
2.17274822  0.239348  4.525710  2.1   30   65
2.17277901  0.241007  4.588650  2.9  304 -137
2.17279285  0.239779  4.542012  0.7  320  -36
2.17285082  0.238820  4.505782  0.5    1  -47
2.17288994  0.237712  4.464045  4.2  172  -22
2.17289882  0.235520  4.382101  0.0  186   49
2.17292203  0.240251  4.559927  1.9  201   48
2.17294021  0.240152  4.556182  0.0   96  -43
2.17294592  0.241507  4.607736  2.0  282  -43
2.17300370  0.242004  4.626723  0.4  274   31
2.17304327  0.239159  4.518567  2.6  286    7
2.17304955  0.239045  4.514248  1.0  285   12
2.17304808  0.238821  4.505818  0.2   34  -21
2.17308130  0.238139  4.480094  2.7  226  -72
2.17310291  0.236669  4.424974  1.7   98  -30
2.17312996  0.240535  4.570695  0.9  305  -60
2.17318151  0.230267  4.188824  1.6   13  -49
2.17318757  0.227899  4.103088  0.1   24  -46
2.17321905  0.233117  4.293155  1.0  207  -39
2.17322416  0.233184  4.295590  2.3   30  -39
2.17326159  0.238246  4.484144  2.8   54  -54
2.17330289  0.231956  4.250490  1.1  325   63
2.17330292  0.230277  4.189189  0.4   51   87
2.17335127  0.239719  4.539760  3.8  189   34
2.17338668  0.231724  4.241969  0.0  192  -19
2.17338636  0.235715  4.389369  0.8  193  -23
2.17342715  0.233322  4.300707  0.0  305   29
2.17344860  0.233667  4.313411  6.5  304   31
2.17348048  0.235896  4.396123  2.0  172   56
2.17348087  0.235143  4.368104  0.0  287   32
2.17352332  0.234636  4.349280  1.4  360   17
2.17353913  0.233659  4.313127  0.1    4  -10
2.17355445  0.233788  4.317897  1.1  295   62
2.17360733  0.233440  4.305034  0.5   65   62
2.17361046  0.236775  4.428915  1.4   53   63
2.17365546  0.231290  4.226104  3.2  301   59
2.17368803  0.216606  3.706541  0.0  312   54
2.17368961  0.212461  3.566027  0.2  142   52
2.17370541  0.218328  3.765701  0.1  179    9
2.17375700  0.230118  4.183397  0.0   67   87
2.17377742  0.228558  4.126868  3.8  156  -67
2.17377715  0.229329  4.154766  4.1  324  -51
2.17385249  0.225412  4.014026  0.8  157  -16
2.17385475  0.227006  4.071014  3.2  172  -21
2.17386977  0.224656  3.987157  0.3  120  -50
2.17390128  0.229619  4.165281  0.0  306   65
2.17393268  0.227798  4.099448  0.0  352   -8
2.17400157  0.225755  4.026269  0.2  113  -42
2.17400128  0.227028  4.071780  0.0  113  -42
2.17400136  0.225185  4.005939  1.9  311  -35
2.17400217  0.225310  4.010395  1.1  308  -37
2.17406972  0.231878  4.247632  0.1  187   41
2.17407048  0.229959  4.177626  0.0   98  -61
2.17411390  0.229242  4.151593  0.2  289   52
2.17411611  0.228567  4.127202  0.0  283   44
2.17412327  0.232796  4.281329  0.7  281   47
2.17416674  0.231858  4.246875  0.0  110  -46
2.17422405  0.233049  4.290650  0.0   24  -27
2.17423360  0.234289  4.336426  1.5  193  -25
2.17425515  0.235840  4.394038  0.3   19   22
2.17428138  0.236662  4.424685  0.5   57    4
2.17430536  0.236902  4.433667  0.1   60  -35
2.17432804  0.233883  4.321385  0.2   92  -60
2.17432683  0.234562  4.346518  0.0   90  -61
2.17439587  0.229998  4.179016  2.2   71   54
2.17439074  0.232584  4.273517  0.6  261   39
2.17443482  0.233080  4.291770  1.4   76   65
2.17444230  0.233497  4.307145  1.1   62   69
2.17449102  0.235155  4.368550  1.4   51   50
2.17455784  0.235339  4.375376  1.8   72   54
2.17454409  0.231791  4.244424  0.5  256   33
2.17455371  0.231829  4.245839  1.8   65   52
2.17458216  0.230703  4.204685  0.0  151  -92
2.17459505  0.229241  4.151561  0.6   49   69
2.17464124  0.227701  4.095984  0.1    3   43
2.17465129  0.230339  4.191428  0.0  183   28
2.17469886  0.231944  4.250046  2.4  298   34
2.17471543  0.224024  3.964757  2.6  108   16
2.17475154  0.218918  3.786092  0.2  181   45
2.17475160  0.221773  3.885465  0.0  180   43
2.17479130  0.229243  4.151624  0.2  197   35
2.17483901  0.228802  4.135682  0.0  213   55
2.17486665  0.221874  3.889004  1.7   30  -63
2.17486935  0.218720  3.779244  1.2   37  -70
2.17487004  0.219542  3.807692  1.2   44  -64
2.17488942  0.221775  3.885546  2.7   87  -12
2.17489087  0.224258  3.973028  0.0  267  -12
2.17495984  0.220524  3.841834  1.3  159  -67
2.17495953  0.221777  3.885619  1.5  335  -44
2.17501097  0.226254  4.044066  1.7   45  -45
2.17502762  0.227921  4.103873  2.8  160  -38
2.17505750  0.230564  4.199625  3.8  312  -42
2.17509561  0.228937  4.140578  1.7  290   12
2.17512343  0.226512  4.053307  2.3  301   36
2.17517564  0.226721  4.060800  0.0  200  -74
2.17518216  0.226394  4.049088  3.9   34  -62
2.17517713  0.225506  4.017394  4.0  206  -75
2.17524240  0.219837  3.817931  0.8  356   72
2.17524535  0.217707  3.744314  1.5   47   69
2.17524519  0.221426  3.873342  0.0   47   67
2.17529727  0.219375  3.801923  0.2  216   62
2.17529837  0.221204  3.865565  1.1   51   68
2.17534369  0.220246  3.832148  0.0  189  -42
2.17535036  0.219857  3.818641  1.2  196  -46
2.17535253  0.221510  3.876258  0.7  197  -43
2.17542302  0.220571  3.843469  0.2  188  -64
2.17543308  0.220075  3.826217  0.4  101   66
2.17543334  0.222694  3.917803  1.9  129   66
2.17549252  0.229125  4.147363  0.7  304  -33
2.17549099  0.233547  4.309008  0.0  119  -41
2.17555574  0.228871  4.138188  1.4    8 -112
2.17555864  0.227479  4.087999  0.8  182  -75
2.17560607  0.210460  3.499173  0.4   54  -60
2.17560886  0.210402  3.497245  0.7  303  -58
2.17560918  0.212180  3.556617  0.5  306  -58
2.17565621  0.226443  4.050837  0.5  199  -45
2.17566039  0.236450  4.416766  0.0  309  -63
2.17572634  0.229664  4.166904  0.3  193   49
2.17573800  0.228812  4.136038  0.2  299  -57
2.17573816  0.231978  4.251288  1.2  113  -51
2.17573622  0.232380  4.266025  1.3  260  -77
2.17581100  0.234071  4.328336  0.1  319  -29
2.17585894  0.236125  4.404638  0.5  293  -61
2.17586106  0.235995  4.399808  0.2  286  -61
2.17591013  0.231981  4.251398  0.2   78  -64
2.17591134  0.224497  3.981504  0.1  317  -57
2.17591195  0.227155  4.076369  0.3  121  -63
2.17595668  0.237562  4.458428  0.0   81   61
2.17599301  0.240077  4.553303  0.3  292   44
2.17604004  0.234360  4.339038  0.0  308   61
2.17603704  0.230196  4.186239  0.4  290   51
2.17603635  0.234127  4.330403  0.0   92   53
2.17608926  0.235214  4.370729  3.3  301   56
2.17610547  0.234159  4.331602  2.2  310  166
2.17613451  0.242206  4.634454  2.0  298   64
2.17616692  0.223346  3.940801  0.0  283   71
2.17622908  0.230424  4.194520  0.7   74   63
2.17622809  0.227603  4.092458  0.4  281   67
2.17622824  0.227532  4.089889  0.3  287   69
2.17628132  0.226159  4.040666  0.5  318   48
2.17627958  0.229868  4.174313  0.3   60   57
2.17632300  0.224348  3.976224  0.0  307   53
2.17632343  0.227764  4.098236  0.0  140   44
2.17638245  0.229972  4.178072  1.7   71   58
2.17639858  0.227406  4.085368  1.6  176  -78
2.17640291  0.225692  4.024024  0.4  198  -77
2.17644194  0.230786  4.207703  2.0   65  -52
2.17644402  0.232572  4.273080  0.0   69  -52
2.17652863  0.229290  4.153340  4.7  221   36
2.17653504  0.229481  4.160270  5.6  307   53
2.17653851  0.228182  4.113302  0.0   46   48
2.17653980  0.228333  4.118758  5.6  145   45
2.17658856  0.234773  4.354357  0.5  317  -34
2.17663486  0.234428  4.341565  0.5  167  -72
2.17665394  0.232085  4.255227  1.0  166  -48
2.17668437  0.222854  3.923448  0.1   51   45
2.17668912  0.222485  3.910479  0.1   53   45
2.17670317  0.229824  4.172707  0.0   69  -52
2.17675697  0.234510  4.344594  0.6  290  -48
2.17675539  0.233984  4.325135  0.8   63  -53
2.17680757  0.223001  3.928609  0.8   39  -70
2.17681248  0.227394  4.084934  0.0   65  -52
2.17684150  0.228954  4.141164  0.7  105  -16
2.17684908  0.231237  4.224184  2.7   63  -39
2.17684417  0.231442  4.231669  0.2  288  -16
2.17691832  0.234179  4.332339  0.3   51   86
2.17698359  0.231331  4.227612  0.1  203    3
2.17699596  0.232301  4.263138  2.1  167  -35
2.17699650  0.231303  4.226589  1.7  170  -40
2.17700187  0.231866  4.247191  1.4  313  -47
2.17704043  0.231565  4.236176  0.2   79  -63
2.17707456  0.235562  4.383667  0.6  116   16
2.17711184  0.235784  4.391920  0.2  280  -80
2.17713442  0.226396  4.049141  1.2  286   46
2.17714032  0.226199  4.042121  0.1  117   38
2.17718285  0.230287  4.189551  0.1  284   48
2.17718883  0.227149  4.076124  0.2  287   71
2.17723030  0.227664  4.094656  0.0  200   31
2.17723329  0.226037  4.036309  0.0   23   43
2.17727835  0.230793  4.207970  0.9   54   68
2.17735521  0.225543  4.018710  0.6  103  -52
2.17730721  0.234004  4.325888  1.6  266  -69
2.17735389  0.228728  4.132990  0.4  297  -47
2.17739976  0.231204  4.222972  0.0  218   68
2.17740784  0.230629  4.201998  1.7  206   57
2.17745038  0.225881  4.030740  0.0   44  -63
2.17745215  0.227715  4.096471  0.0   71  -56
2.17750066  0.233012  4.289289  0.3   58  -48
2.17750039  0.237351  4.450517  1.0  314  -59
2.17754592  0.225453  4.015507  0.0  291   60
2.17754353  0.225518  4.017828  1.1  145   52
2.17754837  0.226232  4.043300  1.5  299   46
2.17760664  0.229775  4.170931  2.6   77  -45
2.17766643  0.234961  4.361320  3.7   74   43
2.17767538  0.233873  4.321020  4.2   57   44
2.17767153  0.233781  4.317644  2.3   82   41
2.17771494  0.230774  4.207287  4.9  177   -0
2.17771903  0.232307  4.263341  3.6   31   35
2.17773943  0.232500  4.270439  0.0  317  -32
2.17778518  0.232983  4.288189  0.0  314   26
2.17780193  0.230734  4.205805  0.1  289   35
2.17782416  0.231690  4.240728  0.1  279   42
2.17782419  0.232220  4.260170  0.1  280   41
2.17789280  0.232124  4.256652  0.4  358  -22
2.17790203  0.230304  4.190142  0.3  187  -41
2.17796599  0.229278  4.152916  2.8  194  -35
2.17797230  0.226274  4.044805  0.3  301   43
2.17797282  0.227557  4.090776  1.2  302   43
2.17798896  0.230471  4.196243  3.3  233  -57
2.17803553  0.231067  4.217953  0.1  300  -58
2.17805350  0.236674  4.425160  1.3   63  -40
2.17810541  0.235178  4.369376  3.5  183  -37
2.17811482  0.232377  4.265931  0.8  285  -54
2.17811570  0.232644  4.275743  1.6   53  -45
2.17819568  0.233932  4.323227  0.5   17  -74
2.17819777  0.232620  4.274852  0.0  274 -107
2.17819347  0.228671  4.130936  0.6  112  -55
2.17824743  0.230586  4.200411  0.4  291  -40
2.17825014  0.232583  4.273506  1.1  306  -58
2.17829159  0.231147  4.220888  0.2   78  -47
2.17833099  0.232527  4.271417  0.0  288  -45
2.17833392  0.230738  4.205959  0.0  273  -45
2.17834380  0.237040  4.438864  1.1  313  -63
2.17839468  0.240182  4.557316  0.3  273   -2
2.17840658  0.240633  4.574436  0.9  287  -39
2.17844450  0.239620  4.535998  0.5   38  -48
2.17845352  0.239693  4.538768  0.0  173    1
2.17852435  0.244186  4.710529  1.6  202   49
2.17853463  0.236076  4.402823  0.4  306   57
2.17853617  0.237648  4.461632  0.0  291   63
2.17858355  0.237143  4.442707  2.1  193  -77
2.17860804  0.231765  4.243492  0.2  319   47
2.17858750  0.233687  4.314168  1.0  206  -60
2.17864530  0.234835  4.356658  1.9  312   45
2.17867232  0.233651  4.312847  0.5  176   69
2.17871282  0.222708  3.918294  0.0   99   45
2.17871011  0.221700  3.882929  0.1  287  139
2.17875711  0.226143  4.040095  0.8  286   42
2.17875823  0.230151  4.184587  3.3  259   60
2.17880148  0.233349  4.301681  0.0  301   60
2.17884993  0.230611  4.201329  4.8  197   67
2.17885417  0.220180  3.829852  3.7  314   62
2.17885383  0.221547  3.877552  4.3  280   69
2.17885363  0.220689  3.847572  4.5  289   66
2.17893800  0.222637  3.915820  2.1  315  -44
2.17893744  0.222263  3.902654  2.1  317  -41
2.17897234  0.220889  3.854571  0.0  322  -64
2.17897508  0.219365  3.801569  0.0  305  -49
2.17902144  0.217038  3.721337  0.1  291   52
2.17902164  0.217807  3.747740  0.0  120   42
2.17906529  0.226316  4.046311  1.0  309   65
2.17906455  0.225042  4.000882  0.8  142   55
2.17914962  0.230972  4.214508  5.2  335  -64
2.17914648  0.228492  4.124491  4.3  295  -68
2.17915391  0.230076  4.181849  4.1  314  -49
2.17920262  0.226388  4.048858  0.6   99  -45
2.17923406  0.217847  3.749139  0.1   48  -58
2.17923446  0.220625  3.845369  0.0  205  -73
2.17929210  0.231722  4.241907  0.1  271  -42
2.17928802  0.226852  4.065490  0.1  312  -65
2.17933628  0.229058  4.144920  0.2  295  -43
2.17933627  0.230351  4.191863  0.4   98  -58
2.17938820  0.232984  4.288230  0.4  282  -20
2.17939675  0.232128  4.256786  0.1  280  -24
2.17941409  0.232815  4.282021  0.9  303  -48
2.17946434  0.237594  4.459635  0.4  185  -64
2.17949262  0.235132  4.367688  1.2   16  -71
2.17950009  0.231102  4.219242  1.8  294  -68
2.17950736  0.230745  4.206204  1.7  116  -55
2.17955218  0.236352  4.413127  1.8  212 -136
2.17962386  0.230196  4.186240  0.0  198   54
2.17962410  0.226226  4.043066  0.0  200   59
2.17962458  0.232861  4.283703  0.0  198   59
2.17962149  0.233203  4.296313  0.8   56   56
2.17967094  0.231489  4.233395  0.2  283   46
2.17974463  0.237476  4.455197  2.4  183    9
2.17971774  0.229116  4.147023  0.8   32   65
2.17976478  0.225906  4.031659  1.5  303   46
2.17976738  0.226539  4.054285  1.5  301   51
2.17981225  0.229411  4.157722  0.0  120   41
2.17981246  0.230368  4.192485  0.3  287   47
2.17982853  0.238890  4.508406  2.2  108  -46
2.17988900  0.239905  4.546812  2.9  199   48
2.17988514  0.238008  4.475185  2.6  194   54
2.17992893  0.237796  4.467204  5.2  304   47
2.17992965  0.235098  4.366411  3.3  313   -7
2.18004132  0.235121  4.367274  3.6  260   11
2.18002080  0.231714  4.241628  0.0  352   -5
2.18003121  0.230922  4.212673  0.0  172  -16
2.18003901  0.232074  4.254805  1.5  173  -19
2.18008797  0.227189  4.077589  0.0   96  -45
2.18008811  0.227880  4.102422  0.1   99  -45
2.18013112  0.232995  4.288664  0.1  301  -55
2.18013330  0.234058  4.327852  0.3  106  -57
2.18020002  0.228205  4.114128  0.7   16  -46
2.18020524  0.226740  4.061478  0.5  315  -34
2.18024174  0.239509  4.531796  0.0   54  -51
2.18025504  0.240491  4.569040  1.7  306   34
2.18029039  0.237265  4.447291  2.0   89  -68
2.18029222  0.234657  4.350063  1.6  313  -59
2.18030876  0.237288  4.448130  0.7  255   65
2.18036590  0.235152  4.368431  0.3   37   60
2.18036803  0.235205  4.370385  0.3   31   58
2.18041836  0.239916  4.547233  0.1  194  -18
2.18045595  0.240281  4.561046  0.1   40  -56
2.18046398  0.235115  4.367035  0.1  100   39
2.18051297  0.224637  3.986488  0.3   63   58
2.18051384  0.221457  3.874424  0.0   60   63
2.18051529  0.225396  4.013468  1.1   41   61
2.18055833  0.233853  4.320293  1.2  239   52
2.18062605  0.233378  4.302760  3.2  291   34
2.18061776  0.237494  4.455864  3.2  299   41
2.18067080  0.229091  4.146145  0.2   15  -12
2.18068545  0.226055  4.036977  0.1  291   56
2.18068912  0.228154  4.112268  0.5  274   50
2.18073119  0.227719  4.096604  0.9   41  -48
2.18073274  0.227959  4.105269  0.7   57  -47
2.18079680  0.231721  4.241880  1.7   77   27
2.18081485  0.227984  4.106161  4.3   11    1
2.18081493  0.228468  4.123597  4.6  192  -13
2.18081857  0.228140  4.111785  3.5   11   -4
2.18086603  0.235191  4.369862  0.8  221  -68
2.18087158  0.237743  4.465225  3.7   63  -37
2.18093896  0.231250  4.224646  0.0  350  -73
2.18094231  0.229284  4.153111  0.5  306  -63
2.18094921  0.230335  4.191277  1.4  317  -64
2.18099640  0.231822  4.245560  3.2  187  -50
2.18099540  0.231662  4.239723  1.8   16  -35
2.18104838  0.238620  4.498233  0.0  311    9
2.18108099  0.237671  4.462522  0.5  299  -39
2.18112852  0.233958  4.324188  2.5   96  -51
2.18112644  0.234759  4.353835  2.2   73  -55
2.18112946  0.233779  4.317541  1.6   98  -44
2.18117257  0.231756  4.243162  0.9  301  -56
2.18117300  0.232555  4.272478  0.6  307  -52
2.18122056  0.235736  4.390149  0.0   16   13
2.18126864  0.237205  4.445045  2.0  291  -20
2.18127044  0.237133  4.442351  1.8  290  -21
2.18129785  0.234960  4.361302  1.7  114   -9
2.18130068  0.234505  4.344420  1.2  297  -41
2.18131107  0.238670  4.500096  2.5  112    0
2.18144760  0.219474  3.805339  0.3  134    8
2.18143527  0.230458  4.195750  2.7   34  -30
2.18145331  0.217774  3.746608  0.1  312   20
2.18145203  0.218003  3.754506  0.3  312   20
2.18145640  0.217001  3.720068  0.1  309   18
2.18145673  0.218497  3.771549  0.1  311   23
2.18153239  0.237848  4.469164  2.3  306   33
2.18156634  0.235445  4.379301  0.0   12   -4
2.18160454  0.222611  3.914901  0.2  190  -18
2.18161349  0.220377  3.836730  0.1  195  -18
2.18161353  0.220866  3.853773  0.2  194  -19
2.18161496  0.217526  3.738084  0.0   15   -8
2.18169735  0.233079  4.291729  0.5  103  -31
2.18174223  0.230436  4.194974  2.1  292   48
2.18173683  0.225064  4.001642  0.1  288   70
2.18173585  0.225382  4.012984  0.7  131   61
2.18177375  0.222462  3.909653  0.0  287  -26
2.18176951  0.231875  4.247503  2.1  318  -57
2.18185961  0.230942  4.213403  0.6  197   38
2.18186202  0.229526  4.161897  0.0  194   37
2.18187942  0.230838  4.209618  3.3  288   50
2.18188061  0.231260  4.225005  0.4  297   48
2.18192182  0.233204  4.296336  8.7   14    1
2.18201276  0.230747  4.206273  5.2  254    6
2.18201154  0.229051  4.144679  0.0   77    8
2.18201467  0.229132  4.147603  0.0   75   10
2.18201420  0.229275  4.152783  0.0   75   10
2.18201174  0.229286  4.153193  5.6   77    9
2.18211341  0.237382  4.451661  0.0  204   45
2.18209691  0.231448  4.231877  0.1   37   34
2.18214384  0.222972  3.927612  0.1  179  -72
2.18214913  0.221057  3.860417  0.7   15  -51
2.18217262  0.233857  4.320440  3.3   79    5
2.18221473  0.234481  4.343525  1.5  211   44
2.18225815  0.232008  4.252400  0.2  207   39
2.18225769  0.232916  4.285728  0.5  206   39
2.18225921  0.234249  4.334948  0.5  208   39
2.18232180  0.239056  4.514667  1.3  306   42
2.18233031  0.234624  4.348830  1.0  299   36
2.18240685  0.232260  4.261647  0.3   60   49
2.18240317  0.233746  4.316350  1.5   65   53
2.18240683  0.234319  4.337532  1.0   38   46
2.18245730  0.241856  4.621053  2.1  295  -27
2.18249291  0.239871  4.545514  2.3   23  -34
2.18251333  0.230482  4.196631  0.1  279   36
2.18252228  0.227108  4.074668  0.0  104   43
2.18252206  0.228795  4.135443  0.1  272   45
2.18257812  0.235286  4.373414  0.0  282  -38
2.18257533  0.235285  4.373363  1.0   89  -41
2.18264237  0.231962  4.250697  1.6  202   44
2.18265974  0.229345  4.155348  2.0  187   34
2.18265427  0.226860  4.065766  1.0   16   59
2.18266024  0.229395  4.157149  2.2  187   34
2.18274956  0.230174  4.185407  1.0  358  -39
2.18274885  0.230068  4.181567  0.0  180  -53
2.18276659  0.231570  4.236333  0.1  172   71
2.18282095  0.229874  4.174525  3.6  175  -14
2.18282096  0.229835  4.173120  3.3  174  -15
2.18287016  0.226311  4.046123  0.4  196   26
2.18287216  0.225871  4.030402  0.0   20   38
2.18289498  0.226866  4.065971  3.2  295  -41
2.18293125  0.232080  4.255026  0.7   67   36
2.18296883  0.231062  4.217780  3.3    2  -52
2.18296973  0.231206  4.223056  3.1  179  -66
2.18301035  0.228787  4.135133  0.1   60   74
2.18305942  0.217061  3.722125  0.0   36  -41
2.18305272  0.222281  3.903296  0.0  293  -62
2.18305333  0.223078  3.931345  0.1  291  -62
2.18313479  0.222427  3.908427  3.1  290  -52
2.18313217  0.223028  3.929571  3.6  294  -51
2.18312912  0.220148  3.828754  4.6  315  -49
2.18315577  0.228987  4.142353  4.4  259   -6
2.18316431  0.231502  4.233878  4.8   78    4
2.18319937  0.233529  4.308342  2.9  283   54
2.18326335  0.231761  4.243348  0.1  253  -17
2.18328106  0.237169  4.443693  0.0  349   23
2.18328368  0.228841  4.137104  0.1  254   -3
2.18333094  0.235780  4.391799  0.0   77    8
2.18336397  0.232143  4.257335  3.1  307   51
2.18337228  0.233286  4.299354  2.8  163   52
2.18340651  0.229456  4.159354  0.1  193   16
2.18340670  0.228956  4.141260  1.0   15   26
2.18344245  0.236054  4.402001  1.4  193   24
2.18347115  0.238562  4.496034  2.3   21  -30
2.18353670  0.230158  4.184829  1.3   61  -13
2.18354234  0.228862  4.137842  0.7   58  -11
2.18355026  0.228411  4.121557  2.4  244  -12
2.18357106  0.231451  4.232011  0.0   80  -48
2.18361556  0.237344  4.450243  2.2  293   53
2.18354977  0.229926  4.176404  0.4  269 -138
2.18368907  0.232313  4.263572  0.2  281  -56
2.18370164  0.231908  4.248737  0.2  270 -134
2.18371907  0.233736  4.315974  0.7   86  -10
2.18375014  0.234299  4.336769  0.9  298   40
2.18374978  0.233838  4.319728  0.9  298   39
2.18378716  0.234330  4.337924  0.1  202  -15
2.18382378  0.234344  4.338450  1.0  311   54
2.18384039  0.229231  4.151187  1.0  195  -68
2.18382484  0.235666  4.387540  1.6   40   86
2.18388980  0.236379  4.414126  0.8  109  -37
2.18394606  0.236713  4.426605  3.0  105  -49
2.18394250  0.236951  4.435517  2.5  290  -39
2.18394881  0.231701  4.241154  4.0  114  -27
2.18397485  0.239046  4.514309  4.0  304   11
2.18401915  0.234638  4.349333  0.8  145  -43
2.18404178  0.230002  4.179167  0.2  318  -57
2.18404255  0.230766  4.206979  1.5  316  -52
2.18409339  0.236151  4.405620  0.2  293  -45
2.18413757  0.238928  4.509855  3.0  317  -50
2.18413970  0.238386  4.489406  3.9  318  -47
2.18414087  0.237780  4.466605  0.0  125  -72
2.18421994  0.244108  4.707524  0.9  333   92
2.18417677  0.236350  4.413034  0.0  114  -10
2.18422418  0.244927  4.739137  1.0  173   49
2.18430127  0.240912  4.585034  1.5  149  -49
2.18431231  0.237453  4.454344  0.8   99  -58
2.18431598  0.234771  4.354287  0.1  298  -55
2.18433363  0.236139  4.405165  0.1   78  -23
2.18434363  0.239231  4.521293  2.0  277   -7
2.18440230  0.238330  4.487278  0.0  299   74
2.18440631  0.240405  4.565779  5.1  311  -22
2.18446191  0.236441  4.416452  1.4  288   45
2.18447146  0.236324  4.412061  1.5  261   44
2.18449043  0.235653  4.387057  0.1   60   52
2.18454219  0.237226  4.445806  0.0  203   83
2.18456442  0.237650  4.461727  1.7   62   15
2.18458667  0.236532  4.419850  2.4  199   34
2.18462205  0.233409  4.303885  3.5  114   37
2.18463143  0.235770  4.391430  0.1  282  -82
2.18463087  0.238338  4.487614  1.0  296  -71
2.18462764  0.234077  4.328567  2.9  100   64
2.18471667  0.235474  4.380399  0.9  102   56
2.18472011  0.235297  4.373796  0.6  257   49
2.18472041  0.236041  4.401522  2.1  281   54
2.18476986  0.233657  4.313043  3.2  306   42
2.18480553  0.236340  4.412660  1.1  338   61
2.18483470  0.234909  4.359380  0.5  274  -49
2.18486295  0.233265  4.298575  2.7  314   51
2.18489600  0.234639  4.349390  1.0  284  -57
2.18489487  0.234156  4.331503  3.7   89  -54
2.18493962  0.230379  4.192867  4.2  261 -128
2.18494250  0.229189  4.149673  2.8   82 -129
2.18494088  0.228665  4.130713  1.7   57  -53
2.18499177  0.234418  4.341185  2.5  308  -37
2.18504371  0.230855  4.210225  0.0  158  -74
2.18507085  0.232675  4.276870  2.2  298  -49
2.18508211  0.227006  4.070990  0.1  306  -52
2.18508337  0.229843  4.173410  1.1  112  -61
2.18513971  0.228792  4.135333  0.9    1  -44
2.18514259  0.229271  4.152662  0.5  195  -48
2.18515170  0.236427  4.415906  0.3  177  -57
2.18520171  0.237681  4.462896  2.6  308  -25
2.18524270  0.239582  4.534562  0.2   44  -65
2.18527809  0.236202  4.407527  0.0  306   77
2.18527943  0.235467  4.380133  0.0  290   69
2.18524551  0.236990  4.436973  1.9  122  -28
2.18532297  0.236057  4.402121  0.0  285   49
2.18536945  0.236900  4.433591  0.2   64   60
2.18537294  0.240232  4.559185  0.6   31   54
2.18541661  0.233558  4.309394  0.8  299   39
2.18541778  0.232965  4.287539  0.1  281   42
2.18546993  0.227847  4.101220  0.6   85   58
2.18547180  0.231654  4.239412  1.1   40   68
2.18551492  0.227530  4.089829  0.2  261   75
2.18551581  0.225945  4.033044  0.0  160   72
2.18556509  0.237671  4.462522  2.4  291   52
2.18558311  0.241083  4.591559  1.2  334   44
2.18563917  0.236306  4.411392  0.1  164  -56
2.18563816  0.237148  4.442906  0.2   93  -71
2.18567696  0.236023  4.400859  0.5  300   30
2.18572221  0.231289  4.226090  0.1  293   43
2.18572828  0.232627  4.275110  0.0  119   39
2.18573040  0.236912  4.434048  0.0  294   64
2.18579005  0.239567  4.533999  1.0   39  -67
2.18579234  0.237190  4.444482  0.4  294  -44
2.18579591  0.235661  4.387350  0.1  108  -40
2.18589836  0.236774  4.428899  0.5  183  -97
2.18589930  0.232242  4.260978  0.6  303  -66
2.18589949  0.232373  4.265762  1.5   71  -64
2.18589868  0.231745  4.242750  0.0  210  -92
2.18594615  0.231702  4.241164  0.2  206  -40
2.18595041  0.232422  4.267579  0.2  303  -47
2.18602051  0.236831  4.431033  2.1   55   60
2.18601990  0.238745  4.502930  3.4   71   71
2.18604345  0.234551  4.346136  1.4  284   33
2.18605194  0.240020  4.551155  2.2  281   39
2.18612409  0.229698  4.168136  0.6  292   55
2.18612203  0.230804  4.208369  0.4  136   54
2.18612970  0.234751  4.353521  0.8  107   51
2.18617309  0.233470  4.306144  0.2  176  -58
2.18619520  0.233164  4.294888  0.0  187   57
2.18622422  0.225129  4.003973  0.1   51   60
2.18626957  0.217037  3.721297  0.0  283   41
2.18627009  0.218644  3.776621  1.0   51   65
2.18626826  0.219207  3.796101  0.0  278   44
2.18632028  0.230272  4.188993  0.6   46   64
2.18636765  0.239896  4.546465  1.6  307   49
2.18643766  0.233340  4.301370  0.6   81  -75
2.18642095  0.225941  4.032901  0.7  327   64
2.18641838  0.226032  4.036131  0.0  176   56
2.18642332  0.225809  4.028197  0.0  264   54
2.18648672  0.229536  4.162247  1.2   58   60
2.18651682  0.229764  4.170516  0.8  307   36
2.18653392  0.233855  4.320372  0.5   66   71
2.18657088  0.228109  4.110657  1.8  192   44
2.18657716  0.226852  4.065496  1.0  177   43
2.18659354  0.221003  3.858548  0.0   22  -20
2.18664597  0.224368  3.976931  2.6  127  -22
2.18664414  0.225295  4.009886  2.8  311  -14
2.18669093  0.228149  4.112120  0.1  358  -52
2.18671559  0.228526  4.125700  1.0  310   64
2.18674669  0.227534  4.089960  0.2  282  -58
2.18675120  0.223295  3.938986  0.0   61  -58
2.18679977  0.220044  3.825142  0.0  341  -68
2.18679687  0.218962  3.787590  0.7  108  -63
2.18686793  0.222695  3.917840  0.4  300   43
2.18686800  0.221242  3.866899  0.8  298   41
2.18686979  0.220973  3.857503  1.1  299   42
2.18689013  0.225136  4.004211  2.8  216  -77
2.18691823  0.227878  4.102358  1.7  127   53
2.18695114  0.233331  4.301023  4.9  222  -36
2.18704080  0.232310  4.263460  1.0    9  -16
2.18704430  0.229077  4.145616  1.5  173  -49
2.18704520  0.228702  4.132047  1.2  184  -43
2.18707102  0.231299  4.226441  2.9   42   43
2.18706851  0.232864  4.283843  2.8   18   60
2.18712002  0.231262  4.225083  0.7  289  -47
2.18714534  0.232207  4.259687  1.2  313  -58
2.18718925  0.222239  3.901820  1.9  100  -56
2.18718920  0.220995  3.858256  2.5  304  -55
2.18719653  0.223908  3.960662  0.1   96  -20
2.18722627  0.229444  4.158914  1.7  291   53
2.18727408  0.231211  4.223241  1.6  289   53
2.18727659  0.229148  4.148190  0.0   19   52
2.18734170  0.231376  4.229270  0.1   24  -51
2.18737325  0.228657  4.130433  0.3  253   49
2.18737113  0.230296  4.189854  1.0  265   50
2.18740072  0.232720  4.278518  3.9  303 -134
2.18739786  0.234675  4.350725  0.1  213  -36
2.18745790  0.229642  4.166114  0.1   58   46
2.18748837  0.229492  4.160643  0.1  282   39
2.18748974  0.230004  4.179263  0.1   23  -54
2.18753500  0.230199  4.186339  0.1  125   44
2.18753419  0.230833  4.209418  0.6  291   49
2.18758581  0.235898  4.396177  0.0   42  -59
2.18758689  0.237030  4.438468  0.4    9  -42
2.18770489  0.237143  4.442692  0.5  306   42
2.18766555  0.240254  4.560029  2.0  317   41
2.18768274  0.232477  4.269585  0.1  180  -78
2.18769842  0.237035  4.438648  0.3  197  -48
2.18774954  0.234867  4.357824  0.4  165  -72
2.18775625  0.226453  4.051207  0.1   57  -58
2.18775244  0.230546  4.198961  0.2  222  -69
2.18780197  0.237004  4.437509  0.7  293  -55
2.18785402  0.229172  4.149071  0.7  296  -40
2.18785291  0.233001  4.288878  1.7  280  -53
2.18788732  0.234943  4.360671  0.4   40  -44
2.18788776  0.233433  4.304794  0.1  223  -58
2.18794175  0.232128  4.256773  0.8   45  -58
2.18798238  0.224605  3.985353  0.3  229   52
2.18798128  0.224939  3.997203  0.1   64   58
2.18798155  0.228566  4.127163  0.7  274   66
2.18802962  0.229047  4.144540  0.3  293  131
2.18807801  0.225796  4.027737  0.1   81   66
2.18807889  0.227431  4.086264  0.1   49   60
2.18813628  0.235929  4.397354  0.5   33  -35
2.18812853  0.238351  4.488096  1.3  196  -55
2.18817984  0.229493  4.160695  0.1   23   45
2.18823311  0.220513  3.841464  0.0  276   47
2.18823200  0.216676  3.708940  0.1   57   69
2.18823281  0.221115  3.862448  0.1   60   68
2.18825433  0.234708  4.351944  0.4  117  -48
2.18828523  0.230836  4.209523  0.2  100   55
2.18830383  0.230819  4.208931  0.6  116  -41
2.18837879  0.224368  3.976946  1.5  272   56
2.18837739  0.223544  3.947772  0.2   98   52
2.18837812  0.224483  3.981025  1.1  279   56
2.18840268  0.228760  4.134161  0.2  198  -60
2.18847600  0.229027  4.143815  0.0  279   17
2.18848418  0.229560  4.163114  0.1  283   25
2.18850446  0.227413  4.085603  1.0  194  -77
2.18855386  0.228547  4.126474  0.2  194  -90
2.18855334  0.218473  3.770711  0.3   49  -59
2.18855466  0.217392  3.733487  0.1   67  -59
2.18860555  0.216224  3.693458  0.1   52  -52
2.18860670  0.219513  3.806678  0.1   85  -47
2.18865501  0.222576  3.913675  0.3   40  -48
2.18863612  0.229328  4.154709  1.5   26   64
2.18873284  0.232646  4.275811  1.8  212   21
2.18873149  0.226062  4.037228  1.6  293   39
2.18877628  0.226591  4.056148  1.5  104   57
2.18877787  0.219207  3.796102  0.1  217   50
2.18877759  0.221462  3.874576  0.1  216   47
2.18878319  0.225414  4.014118  0.0  220  -46
2.18888330  0.224060  3.966017  1.8   69   67
2.18888434  0.223540  3.947647  1.7   70   70
2.18889399  0.224098  3.967372  2.3  286   99
2.18889240  0.223711  3.953695  1.9   87   77
2.18893858  0.232276  4.262203  1.0  293   65
2.18898745  0.231443  4.231718  3.4  180  -17
2.18899862  0.232851  4.283342  4.1  194   -2
2.18903663  0.214801  3.645021  0.7   17   65
2.18903547  0.212638  3.571976  0.2   46   61
2.18909695  0.227856  4.101538  0.9  356   19
2.18912753  0.227977  4.105898  0.9  303   51
2.18912704  0.229308  4.153974  0.7  303   50
2.18918881  0.225442  4.015116  1.0  320   57
2.18921120  0.213508  3.601274  0.5  259  -80
2.18921027  0.212713  3.574505  0.4   41  -63
2.18920890  0.210675  3.506333  0.5  222  -74
2.18925724  0.220918  3.855559  0.7  271  -59
2.18930689  0.217907  3.751181  1.0   46  -56
2.18930474  0.214705  3.641777  0.0  206  -53
2.18935389  0.222516  3.911543  1.7  292  -47
2.18935555  0.223461  3.944844  3.4  310  -56
2.18937922  0.225518  4.017811  0.2  186  -46
2.18938896  0.230225  4.187294  0.9  196  -54
2.18945713  0.230756  4.206612  0.3  156  -39
2.18945578  0.233795  4.318144  0.1   53  -31
2.18948043  0.240911  4.584995  0.0  194  -75
2.18952628  0.228891  4.138887  0.2   45  -37
2.18953065  0.232863  4.283787  1.0  292  -43
2.18954171  0.238640  4.498978  0.8   55  -62
2.18958145  0.236792  4.429561  1.1  297  -39
2.18963547  0.225094  4.002700  0.1  115   42
2.18963693  0.230722  4.205377  1.1  293   57
2.18968514  0.227207  4.078211  0.6  283   60
2.18968720  0.227077  4.073564  0.1  102   58
2.18973676  0.234463  4.342847  3.0  321   18
2.18973839  0.233920  4.322755  2.9  322   14
2.18978580  0.225337  4.011352  0.0   51   39
2.18978776  0.228352  4.119414  0.9   45   34
2.18985348  0.221246  3.867024  0.7  266 -126
2.18985532  0.216984  3.719469  0.0  288  -46
2.18985300  0.222034  3.894642  0.7   86  -54
2.18990746  0.228071  4.109293  0.2  297  -51
2.18994255  0.223538  3.947561  0.3  199   51
2.18994342  0.220123  3.827888  0.0  198   47
2.19002785  0.224524  3.982460  1.5  306   67
2.18998193  0.230179  4.185608  1.4  107  -35
2.19002896  0.225651  4.022551  1.5  290   64
2.19002617  0.225524  4.018035  1.7  146   62
2.19002870  0.225592  4.020454  2.1  280   73
2.19011404  0.223597  3.949669  1.2   15  -49
2.19011590  0.220991  3.858138  0.6  192  -59
2.19018409  0.223217  3.936244  2.2  278   34
2.19018994  0.223144  3.933665  3.1  288   54
2.19019067  0.223341  3.940608  3.3  290   54
2.19019228  0.223888  3.959946  4.2  141   50
2.19019328  0.224681  3.988032  0.9   73   72
2.19028707  0.232063  4.254390  0.2  178  -24
2.19033091  0.231405  4.230298  0.8  123   55
2.19033065  0.223601  3.949807  0.3   41   69
2.19033180  0.223239  3.937008  0.3   29   60
2.19033920  0.228878  4.138438  0.0  184   27
2.19041735  0.228868  4.138063  0.1  193  -52
2.19041921  0.228023  4.107575  0.0  177   15
2.19049261  0.223510  3.946569  0.0   29  -25
2.19050007  0.223514  3.946729  0.3  213  -41
2.19049752  0.222214  3.900958  1.0  214  -36
2.19051354  0.222606  3.914725  0.2  299  -47
2.19056664  0.232984  4.288248  0.3  178   -9
2.19057098  0.232222  4.260249  0.1  354   -7
2.19063690  0.235144  4.368138  0.4  122   39
2.19065310  0.227794  4.099316  1.8   35  -74
2.19065235  0.227968  4.105599  2.3  306  -51
2.19069581  0.231524  4.234656  1.2  107   60
2.19069478  0.230656  4.202991  0.9  277  128
2.19074435  0.233517  4.307888  1.0  271   59
2.19077423  0.234301  4.336865  0.8  108   34
2.19080813  0.237050  4.439236  0.0  318  -16
2.19084724  0.221021  3.859184  0.1   49   63
2.19084983  0.222219  3.901126  0.0  197   41
2.19084794  0.222181  3.899798  0.1   49   64
2.19089910  0.228546  4.126438  0.0  292  130
2.19089767  0.226804  4.063757  0.0  287   45
2.19094300  0.228914  4.139729  1.0  288   42
2.19094457  0.233002  4.288915  1.4  293   49
2.19101817  0.233828  4.319362  1.2   27 -111
2.19101483  0.234637  4.349312  1.5    8  -50
2.19104404  0.232516  4.271042  0.4  288   61
2.19107076  0.225465  4.015932  0.0  280 -144
2.19108244  0.237603  4.459946  0.7  297   57
2.19112288  0.235373  4.376618  0.1  204  -38
2.19117045  0.236072  4.402668  0.7   29  -42
2.19117220  0.235293  4.373652  0.1   65  -43
2.19123048  0.234408  4.340810  1.0  316   45
2.19121923  0.235900  4.396238  2.1  311  -46
2.19126099  0.238244  4.484062  1.7  162  -73
2.19131535  0.234117  4.330057  0.3  218   51
2.19131648  0.233724  4.315539  1.0  199   50
2.19132105  0.235700  4.388791  0.7    3   62
2.19140148  0.230019  4.179792  0.1  100   45
2.19138952  0.227336  4.082859  0.0  215   51
2.19140900  0.230609  4.201266  0.2  290   69
2.19143581  0.231070  4.218064  0.1  309  -60
2.19148393  0.236624  4.423283  1.8  277 -115
2.19149850  0.232223  4.260277  0.9  207   44
2.19150049  0.227326  4.082507  0.2   32   57
2.19154211  0.231692  4.240822  0.0   56   82
2.19154743  0.228736  4.133303  0.1   37   55
2.19157763  0.241514  4.607994  0.0  335   25
2.19161952  0.231663  4.239767  0.6  329    0
2.19165534  0.227444  4.086746  1.0  285   53
2.19165451  0.222676  3.917166  0.0  286   49
2.19169939  0.230291  4.189677  2.1  306   29
2.19170472  0.230119  4.183425  0.9  300   29
2.19171023  0.231682  4.240442  1.4  306  158
2.19176684  0.239160  4.518596  0.1   26  -32
2.19178180  0.237786  4.466839  0.1  105  -41
2.19182858  0.231763  4.243431  1.5  198   45
2.19182912  0.232599  4.274074  2.6  199   42
2.19187430  0.230586  4.200434  0.1  294   40
2.19187472  0.232674  4.276856  0.4  287   41
2.19193104  0.236098  4.403638  0.7  168  -85
2.19196480  0.227589  4.091927  0.0  160   19
2.19197624  0.226622  4.057249  0.2  169   18
2.19198058  0.230896  4.211730  0.3   81  -49
2.19200565  0.232301  4.263151  2.6  178    5
2.19201477  0.232222  4.260226  2.1  175    1
2.19209435  0.233009  4.289159  0.5  194  -81
2.19210007  0.233422  4.304398  1.2   14  -62
2.19214727  0.233121  4.293279  2.4  332   73
2.19214698  0.231374  4.229198  2.0  294   60
2.19218594  0.225839  4.029246  0.7  265  -43
2.19218764  0.226615  4.057011  0.0  282  -48
2.19222739  0.233842  4.319866  1.4  286  -10
2.19222805  0.234007  4.326001  0.6  283  -12
2.19230221  0.236960  4.435849  2.2    3  -51
2.19231578  0.231716  4.241710  1.9  295  -63
2.19231518  0.232065  4.254464  3.1  312  -63
2.19235984  0.233309  4.300229  0.6   64  -64
2.19235817  0.233260  4.298420  1.4   76  -70
2.19241026  0.234045  4.327392  0.0  313  -57
2.19244236  0.234272  4.335771  1.0   25  -37
2.19245608  0.231633  4.238670  0.0   69   69
2.19246049  0.237237  4.446240  2.5  205  -10
2.19249956  0.237064  4.439751  0.8  292   53
2.19251170  0.236406  4.415140  0.5  185   45
2.19257349  0.235641  4.386617  0.1  112   32
2.19258545  0.238242  4.483987  0.1  284   37
2.19262376  0.234546  4.345948  1.3   25  -32
2.19262548  0.234732  4.352817  2.0   21  -30
2.19268217  0.241118  4.592899  1.6  146  -63
2.19267865  0.237976  4.473955  2.3  309  -50
2.19272628  0.238415  4.490509  0.3   37  -37
2.19276244  0.233875  4.321102  0.4  188   33
2.19276214  0.236095  4.403538  1.5  292   58
2.19276160  0.234391  4.340195  0.9   66   57
2.19281603  0.234337  4.338199  1.1  196   41
2.19281829  0.234923  4.359903  0.2   18   54
2.19283350  0.241117  4.592863  0.0   44   79
2.19294787  0.235869  4.395098  2.5  145   49
2.19294712  0.237853  4.469342  2.2  300   73
2.19294663  0.236159  4.405932  2.4  179   69
2.19298385  0.232641  4.275626  0.0  293  -66
2.19298339  0.235616  4.385691  0.1  310  -65
2.19298767  0.239432  4.528869  2.5  303   53
2.19304490  0.236852  4.431813  1.0  193  -51
2.19306075  0.237036  4.438700  0.4  284   39
2.19312983  0.240328  4.562835  3.1   33   35
2.19312863  0.234058  4.327868  0.0  170   56
2.19312803  0.232800  4.281481  0.0  170   59
2.19316092  0.239638  4.536671  0.6  121  -35
2.19320850  0.222172  3.899471  0.2   20   53
2.19320729  0.223159  3.934188  0.0   36   53
2.19321099  0.227456  4.087175  1.4  189   34
2.19327783  0.238449  4.491794  2.4  188  -52
2.19328525  0.236105  4.403885  1.6    9  -42
2.19334468  0.235765  4.391226  0.1  261  -39
2.19337914  0.228226  4.114864  0.6  178  -16
2.19338251  0.227223  4.078783  0.1  169  -22
2.19339618  0.233225  4.297120  1.8  186  -36
2.19341583  0.232221  4.260206  1.6  319  -46
2.19346900  0.237615  4.460393  1.5  127   48
2.19346631  0.237936  4.472470  1.6  295   56
2.19351868  0.231490  4.233408  0.5  123  -52
2.19351871  0.230315  4.190569  0.0  314  -44
2.19354145  0.233723  4.315472  1.1  300  -13
2.19360790  0.232294  4.262890  1.3  290  -34
2.19360845  0.232632  4.275299  1.7  291  -35
2.19361059  0.235003  4.362883  1.4  294  -35
2.19367873  0.238817  4.505641  1.2   79    9
2.19369837  0.231926  4.249400  0.5   86   70
2.19369792  0.231173  4.221828  0.1  282   75
2.19374734  0.237963  4.473472  0.4  208   35
2.19377363  0.236049  4.401812  0.1  191   53
2.19377209  0.231894  4.248203  0.0   41   64
2.19378939  0.238472  4.492655  0.5  288   25
2.19383692  0.238171  4.481305  0.1   89  -29
2.19387265  0.236888  4.433148  1.3  292  -65
2.19387312  0.237075  4.440165  1.6  323  -41
2.19393181  0.238904  4.508939  1.3  245   13
2.19395637  0.232142  4.257317  0.1   63   23
2.19398819  0.231034  4.216765  2.6  280   11
2.19398820  0.230657  4.203012  2.3  280   11
2.19403728  0.232390  4.266413  1.9  106  103
2.19403375  0.227457  4.087182  0.1  278   66
2.19403339  0.230684  4.203988  0.1  150   70
2.19413605  0.233139  4.293951  3.8  261  -75
2.19413878  0.231174  4.221875  2.2  170  -73
2.19413586  0.230076  4.181855  2.0  109  -47
2.19419514  0.227387  4.084689  0.1   89   78
2.19419775  0.226029  4.036048  0.1  187   76
2.19420004  0.230415  4.194203  0.1   43   97
2.19423196  0.234831  4.356485  0.2  292   59
2.19427322  0.226049  4.036764  0.1  289   46
2.19427457  0.227571  4.091291  0.2  275   54
2.19433364  0.231336  4.227803  1.3  117   36
2.19433576  0.232560  4.272663  1.2  288   44
2.19437689  0.240533  4.570644  2.5  297   33
2.19441569  0.239195  4.519938  2.8  188   23
2.19443494  0.235335  4.375230  3.9  186  -18
2.19446554  0.227811  4.099927  0.2  307  -57
2.19446938  0.228794  4.135384  0.2  310  -55
2.19451308  0.226671  4.058985  1.0  300  -33
2.19451639  0.226812  4.064057  0.1  307  -32
2.19451684  0.228178  4.113162  0.9  113  -38
2.19458529  0.232077  4.254908  0.6  295   27
2.19460480  0.231240  4.224285  1.9  298  -30
2.19460788  0.231879  4.247670  1.6  305  -39
2.19466782  0.234547  4.345968  1.0  300   55
2.19467167  0.233373  4.302575  0.5  319  -33
2.19470968  0.233994  4.325487  0.0  185  -67
2.19477008  0.235769  4.391378  1.5   39   22
2.19477656  0.234189  4.332704  1.3  219   13
2.19477368  0.233893  4.321759  0.1  200  -36
2.19481685  0.237327  4.449596  2.8   94    3
2.19482900  0.239335  4.525233  1.0   65   18
2.19487124  0.240537  4.570784  0.1  355  -42
2.19489928  0.231495  4.233623  0.1   64  -81
2.19490342  0.233057  4.290934  0.1  291  -68
2.19496715  0.232741  4.279306  0.1  274  -45
2.19497596  0.232473  4.269440  0.6  280  -44
2.19498200  0.231393  4.229863  0.2  296  -43
2.19503061  0.230446  4.195336  1.5  272   55
2.19503431  0.231340  4.227934  1.7  283   59
2.19503012  0.230545  4.198938  0.9  272   55
2.19510983  0.235756  4.390883  2.3  310   62
2.19510385  0.236757  4.428258  0.4   48   62
2.19517141  0.238709  4.501568  0.1   31  -58
2.19517941  0.230119  4.183438  0.0  195   72
2.19519256  0.233179  4.295419  1.4  295   34
2.19520982  0.233563  4.309598  0.1  120   26
2.19525121  0.234462  4.342816  0.1  108   -2
2.19528411  0.233972  4.324691  0.0  299  -52
2.19528438  0.235099  4.366452  0.8  303  -50
2.19534620  0.233562  4.309548  1.9  326  -51
2.19534967  0.232500  4.270426  3.1  305  -17
2.19534971  0.232319  4.263791  3.0  305  -19
2.19541825  0.233032  4.289998  0.8  301  -27
2.19542650  0.229293  4.153445  0.2  195   -1
2.19544266  0.230692  4.204285  0.0  192    2
2.19547982  0.237233  4.446077  1.8  310  124
2.19548504  0.237186  4.444331  0.6  272   58
2.19555449  0.236145  4.405388  0.1   58  -80
2.19555528  0.232819  4.282163  0.0  302  -62
2.19560827  0.226317  4.046323  0.3   65  -49
2.19560849  0.227496  4.088597  0.3   64  -52
2.19561044  0.234139  4.330859  1.8   94 -121
2.19564630  0.234746  4.353364  0.7  180    4
2.19567879  0.233381  4.302881  0.0  190   69
2.19571683  0.238810  4.505397  2.4  161   -8
2.19573001  0.238082  4.477954  2.9  308  -40
2.19578284  0.227108  4.074679  0.1  205   46
2.19580958  0.223287  3.938724  0.1  324   -4
2.19580401  0.223343  3.940696  0.4  322   -4
2.19580973  0.224720  3.989410  0.2  322   -4
2.19586214  0.229142  4.147993  3.5  307   38
2.19588620  0.232248  4.261189  0.3  202  -82
2.19589848  0.238725  4.502180  0.4   44  -48
2.19595813  0.229735  4.169469  0.3   42  -54
2.19595979  0.230345  4.191640  0.4   22  -58
2.19596108  0.231056  4.217576  3.0  195  -48
2.19604267  0.234051  4.327594  3.0  143  -58
2.19605762  0.231897  4.248331  0.1   30  -23
2.19606248  0.229086  4.145955  0.2  208  -38
2.19608347  0.229798  4.171780  0.0   36  -69
2.19611501  0.237716  4.464186  1.0    8  -41
2.19616919  0.240061  4.552707  0.4  201   58
2.19620432  0.240937  4.585982  2.3  100    6
2.19618792  0.239255  4.522212  0.4   12   10
2.19623145  0.236626  4.423359  1.3   48   28
2.19623195  0.235133  4.367728  1.4   47   -2
2.19622835  0.236903  4.433731  1.1  227  -14
2.19634278  0.239036  4.513930  3.1  308   42
2.19635110  0.240062  4.552740  1.0  288  -73
2.19634838  0.235142  4.368033  0.8  192  -67
2.19636917  0.234975  4.361862  1.9   54  -34
2.19639312  0.237265  4.447280  0.9  309  -54
2.19641521  0.236668  4.424926  0.0  114  -51
2.19647367  0.232602  4.274209  0.8  200   68
2.19647914  0.235758  4.390958  0.4  202   65
2.19648157  0.236139  4.405160  1.1   25   70
2.19655779  0.237187  4.444351  1.5  310   49
2.19656983  0.235450  4.379515  0.1  166  -51
2.19656543  0.236969  4.436180  1.7  284   51
2.19660998  0.237134  4.442352  0.1  260   36
2.19661192  0.234556  4.346320  0.0  261   34
2.19665038  0.233920  4.322766  0.2  300  -52
2.19667602  0.239103  4.516433  1.0   21  -54
2.19669110  0.237980  4.474117  0.1  207  -45
2.19675150  0.244864  4.736703  0.6   56   75
2.19679346  0.237626  4.460813  0.9  167  -69
2.19679654  0.237500  4.456081  0.5    5  -24
2.19679714  0.237805  4.467535  0.9    6  -26
2.19684957  0.241533  4.608727  2.0  195  -32
2.19688014  0.238279  4.485375  1.0   39  -47
2.19687497  0.241275  4.598892  1.0   85  -69
2.19693916  0.240042  4.551998  0.3    3   69
2.19693987  0.238529  4.494803  1.0  198   52
2.19700473  0.234409  4.340849  0.3  212   26
2.19700700  0.231222  4.223632  0.0  214   15
2.19700442  0.233452  4.305469  0.3  282   65
2.19705040  0.236266  4.409911  0.1  198   59
2.19708884  0.239766  4.541542  1.9  199    0
2.19709890  0.239877  4.545731  2.8   22   25
2.19712002  0.238288  4.485694  0.0   40   33
2.19716420  0.240929  4.585680  2.2  353   19
2.19718097  0.235966  4.398720  0.7    1  -50
2.19718559  0.236075  4.402764  1.9  203  -76
2.19724275  0.237747  4.465360  1.0   17  -25
2.19726211  0.234239  4.334573  0.5   68   59
2.19726360  0.234057  4.327821  0.1  229   49
2.19731689  0.238856  4.507141  0.8  303  -46
2.19733493  0.238410  4.490300  1.0  256   20
2.19737042  0.230109  4.183057  4.0  128   40
2.19736620  0.231082  4.218511  4.7  312   49
2.19736965  0.229048  4.144576  3.9  137   41
2.19737920  0.236858  4.432020  3.4  118  -42
2.19747216  0.234446  4.342226  2.2  303   47
2.19751227  0.234991  4.362433  0.1  281   51
2.19751367  0.232563  4.272772  0.3  303   47
2.19751527  0.233834  4.319590  0.8  300   42
2.19755039  0.239237  4.521525  3.1  214  -66
2.19758855  0.240173  4.556951  2.4  295   55
2.19762989  0.231224  4.223691  1.0  196   29
2.19763895  0.234124  4.330318  0.9  197   23
2.19766465  0.234125  4.330331  4.6  193   31
2.19769216  0.230124  4.183603  1.0  107  -43
2.19769227  0.229153  4.148376  2.0  309  -41
2.19769152  0.230245  4.187991  3.0  313 -131
2.19772875  0.236641  4.423911  0.0  266   -1
2.19778966  0.237159  4.443309  2.6  302  -53
2.19785120  0.232980  4.288079  0.1   70  -51
2.19786093  0.226295  4.045543  3.0  292   64
2.19786121  0.218928  3.786435  0.0   41   67
2.19785679  0.231832  4.245949  0.0  112  -52
2.19791219  0.232640  4.275585  1.0  274   47
2.19795879  0.231786  4.244274  0.3  287   47
2.19796212  0.231134  4.220413  0.1  288   47
2.19803530  0.227760  4.098092  0.2   49  -63
2.19803607  0.225851  4.029690  0.1   50  -64
2.19803578  0.223590  3.949422  0.0   78  -65
2.19808568  0.232234  4.260677  0.0  286  -40
2.19812955  0.236857  4.432013  0.1  290  -62
2.19812941  0.232967  4.287619  0.0   80  -62
2.19812960  0.234240  4.334615  0.1  105  -73
2.19817682  0.236801  4.429903  1.0  200  -46
2.19818368  0.234339  4.338256  1.2  198   17
2.19822049  0.235504  4.381515  2.2  294   50
2.19822504  0.234014  4.326244  1.0  280   36
2.19827774  0.240284  4.561178  2.1  195  -62
2.19832319  0.239351  4.525818  1.4  197  -38
2.19833674  0.239068  4.515120  2.3  193  -46
2.19837856  0.233114  4.293016  3.3  301   56
2.19838106  0.231466  4.232548  2.4  277   66
2.19839136  0.235872  4.395214  0.4  307    2
2.19844094  0.237548  4.457886  1.3  303   66
2.19846473  0.236707  4.426400  1.5  358  -29
2.19849242  0.233469  4.306104  0.6   33  -40
2.19849507  0.232467  4.269232  1.0  222  -50
2.19852770  0.227965  4.105480  0.1   49   56
2.19855373  0.225891  4.031104  0.5  169  -48
2.19858986  0.230878  4.211060  0.1   12   63
2.19861921  0.234505  4.344413  0.0  196   35
2.19867114  0.232229  4.260480  0.1  284   47
2.19867335  0.232940  4.286606  0.1  296  136
2.19870541  0.227118  4.075014  0.1   57  -44
2.19870528  0.229245  4.151707  0.5   57  -46
2.19875778  0.230834  4.209468  4.2  306  -12
2.19877033  0.228876  4.138343  0.3   55   60
2.19876950  0.232291  4.262781  0.7   32   58
2.19884957  0.236741  4.427671  0.6  193  -55
2.19885093  0.233146  4.294198  0.2   13  -45
2.19885636  0.232844  4.283095  0.0   37   64
2.19890289  0.240278  4.560958  1.8  297  -50
2.19895077  0.231288  4.226036  0.4   45  -50
2.19894477  0.227656  4.094341  0.1  197  -52
2.19895083  0.230489  4.196876  0.0  218  -71
2.19902703  0.235785  4.391985  0.1  100  -20
2.19903746  0.238047  4.476655  0.2  176   55
2.19903767  0.238733  4.502473  0.1  178   57
2.19910061  0.237025  4.438293  0.3   40  -52
2.19909752  0.237101  4.441131  1.1  197  -66
2.19915588  0.236532  4.419857  0.3  205  -43
2.19915655  0.235896  4.396098  0.3  202  -40
2.19920064  0.232019  4.252781  0.2  205   44
2.19919760  0.233308  4.300178  0.7   35   55
2.19920283  0.235836  4.393867  0.2  299  -45
2.19923995  0.234448  4.342294  0.2  281   43
2.19929516  0.233215  4.296737  1.7  310   48
2.19934837  0.223804  3.956971  0.2  280   57
2.19934337  0.228656  4.130409  3.3  303   53
2.19936883  0.222051  3.895216  4.2  312   30
2.19938549  0.225730  4.025367  0.0   64   66
2.19943280  0.223960  3.962473  0.2  283   44
2.19943269  0.222796  3.921410  0.1  284   39
2.19946103  0.227363  4.083806  0.1  185   39
2.19948457  0.231611  4.237831  1.2  282   51
2.19953311  0.223935  3.961603  3.0  154  -33
2.19953452  0.223766  3.955621  2.9  354  -18
2.19953301  0.225183  4.005894  1.7  356  -17
2.19957524  0.219973  3.822674  0.0   37   61
2.19960017  0.225747  4.025968  4.6  135   -8
2.19963362  0.236228  4.408478  6.5  326  -45
2.19968979  0.228496  4.124607  0.2  114   36
2.19969461  0.227884  4.102574  0.3   47  -41
2.19974391  0.231590  4.237094  0.1  173  -55
2.19975625  0.228198  4.113860  0.3  302  -56
2.19978550  0.224114  3.967924  1.0  307   37
2.19982852  0.220019  3.824249  0.6  320   77
2.19982827  0.221101  3.861982  0.0  306   75
2.19983318  0.216250  3.694345  0.5  269   66
2.19987924  0.235288  4.373469  0.2  298  -30
2.19991948  0.227048  4.072517  0.6   55  -55
2.19992096  0.227410  4.085510  0.7   61  -60
2.19996447  0.222422  3.908257  0.4  274  -52
2.20000985  0.213996  3.617739  1.0  289  -64
2.20000900  0.216049  3.687484  1.4   96  -67
2.20001012  0.216704  3.709882  1.8  109  -73
2.20000862  0.218793  3.781770  0.6  325  -74
2.20009768  0.228528  4.125788  1.1  284   46
2.20010932  0.231602  4.237512  1.1  198   55
2.20015229  0.229764  4.170519  2.7  310   52
2.20015644  0.229914  4.175970  1.3  167   51
2.20016423  0.231306  4.226691  1.6  163   53
2.20022786  0.237566  4.458562  0.7   42  -50
2.20021648  0.234648  4.349721  0.1  200   10
2.20027550  0.224219  3.971654  0.2   37  -52
2.20032074  0.221191  3.865116  0.0  227   57
2.20032586  0.223050  3.930345  0.1  166  -65
2.20032305  0.218681  3.777897  0.1  307  -59
2.20037825  0.219756  3.815140  0.1  102  -48
2.20039548  0.226999  4.070744  1.0  209   53
2.20044232  0.223205  3.935804  0.5  286   43
2.20044596  0.221444  3.873949  1.8  258   55
2.20049547  0.223280  3.938460  0.7  315   62
2.20049757  0.223336  3.940424  0.1  356   82
2.20049774  0.227375  4.084266  0.3  168   70
2.20056203  0.232024  4.252975  0.0  196  -38
2.20059242  0.218543  3.773114  0.1  201   38
2.20059100  0.221231  3.866510  1.0   27   48
2.20065333  0.220835  3.852691  0.3  342   71
2.20065459  0.218865  3.784259  0.5  186   45
2.20065559  0.215644  3.673690  0.1  189   54
2.20070433  0.220953  3.856803  0.4  263   43
2.20070380  0.220007  3.823830  0.4  263   45
2.20076602  0.220942  3.856413  3.0  162  -69
2.20077459  0.220910  3.855303  0.9  101  -71
2.20077335  0.220071  3.826064  1.1  102  -71
2.20082336  0.221365  3.871209  0.6  193  -59
2.20082310  0.222802  3.921603  1.0  201  -66
2.20090275  0.233928  4.323048  1.0   88   72
2.20092823  0.223646  3.951376  0.1  301  -48
2.20093303  0.226091  4.038241  2.1  173  -60
2.20098520  0.223921  3.961120  0.4  287 -133
2.20098639  0.224575  3.984264  1.0  298  -47
2.20102435  0.224225  3.971879  0.1   42  -50
2.20103477  0.223560  3.948356  0.0  304  -47
2.20108283  0.221787  3.885979  0.1  266  -60
2.20108191  0.215617  3.672779  0.0  213  -55
2.20113428  0.231474  4.232819  1.4  200  -38
2.20113434  0.229318  4.154343  0.6  202  -37
2.20117641  0.230322  4.190810  0.4  299  -62
2.20121347  0.229752  4.170101  0.7  104   55
2.20123976  0.231935  4.249701  0.0  275  -26
2.20125989  0.224381  3.977403  0.2  200   37
2.20126001  0.228406  4.121357  0.5   42   52
2.20130774  0.218826  3.782917  0.1  310   77
2.20130502  0.218314  3.765231  0.0  346   84
2.20138689  0.236213  4.407934  3.4   88   -5
2.20136844  0.237899  4.471080  2.4  289   44
2.20142060  0.237081  4.440367  0.6  198   28
2.20141804  0.233956  4.324090  1.1  279   38
2.20147188  0.231901  4.248482  0.0  293   44
2.20147145  0.229659  4.166707  0.0  283   52
2.20147234  0.227624  4.093212  0.0  298  135
2.20152067  0.228444  4.122734  0.7  287   57
2.20157037  0.218619  3.775731  0.2  207   54
2.20157196  0.215056  3.653688  0.0   32   64
2.20161988  0.228574  4.127424  0.0  110   51
2.20163637  0.235068  4.365286  0.3  195  -36
2.20166300  0.233267  4.298649  0.0  270   65
2.20165775  0.230429  4.194719  0.0   19   38
2.20166406  0.233961  4.324298  0.6  201   26
2.20174809  0.215593  3.671958  0.8  248  -65
2.20174528  0.217537  3.738476  1.3  190  -65
2.20179508  0.218712  3.778945  0.7  288  -48
2.20179791  0.228446  4.122804  1.3   72  -61
2.20184403  0.226954  4.069126  1.0   66  -57
2.20188286  0.223097  3.932008  0.1  198  -40
2.20188697  0.222401  3.907513  0.4   21  -40
2.20189852  0.229732  4.169368  0.4   26    6
2.20193273  0.231497  4.233667  0.1   29   43
2.20199806  0.230332  4.191167  0.0   30  -54
2.20199034  0.230428  4.194679  0.1  205   39
2.20204564  0.222800  3.921556  0.9   85   65
2.20204460  0.220881  3.854276  0.9  267   62
2.20204814  0.221117  3.862542  0.0   94   67
2.20212568  0.236956  4.435705  0.9  198   64
2.20213090  0.232791  4.281151  0.3  196   45
2.20215351  0.232051  4.253975  0.2  194  -45
2.20219314  0.231614  4.237954  2.7  116   13
2.20218873  0.226229  4.043178  1.8  132   47
2.20223239  0.230382  4.192985  2.0  176   56
2.20222655  0.231722  4.241929  0.5  287   44
2.20232293  0.215859  3.681021  1.0  275   44
2.20232282  0.218804  3.782143  0.1   70   55
2.20232221  0.220034  3.824790  0.3  284   43
2.20238265  0.221498  3.875839  0.1  328   78
2.20237729  0.216956  3.718508  0.1   59   72
2.20237889  0.218394  3.767986  0.1   15   76
2.20250549  0.221924  3.890756  1.1  276  -52
2.20245967  0.230699  4.204532  0.8   45  -56
2.20249880  0.219335  3.800519  0.0  186  -74
2.20249886  0.220410  3.837882  0.0  188  -72
2.20254975  0.220433  3.838670  0.4  192  -52
2.20255367  0.219431  3.803846  0.0   35  -58
2.20258431  0.226990  4.070423  0.3  104   -9
2.20258858  0.227069  4.073250  0.0  105   -8
2.20264312  0.227829  4.100593  0.7  177  -62
2.20264633  0.227566  4.091102  0.2  190  -59
2.20269024  0.227470  4.087681  1.0  295   55
2.20269363  0.225490  4.016819  0.1  275   50
2.20270663  0.233720  4.315362  0.1   96   12
2.20281404  0.219532  3.807357  0.0  291  -63
2.20281232  0.218111  3.758217  0.1   65  -71
2.20281318  0.217553  3.739006  0.1   92  -68
2.20281346  0.227148  4.076110  0.1  183  -94
2.20285804  0.228849  4.137381  1.7  196   59
2.20289378  0.233010  4.289192  1.5   60   65
2.20294876  0.230946  4.213561  0.2  281   15
2.20296927  0.226381  4.048625  0.1  296   33
2.20297824  0.226682  4.059376  1.3  286   43
2.20297528  0.227236  4.079263  1.4  278   24
2.20304645  0.225750  4.026087  0.2   89  116
2.20304928  0.225675  4.023396  0.5   74   63
2.20304851  0.226199  4.042119  0.4  273  117
2.20310805  0.233475  4.306329  0.0  275   10
2.20314439  0.230391  4.193336  3.3   90   49
2.20314594  0.226489  4.052480  0.4  282   32
2.20319247  0.224191  3.970658  1.1  277   61
2.20319495  0.223921  3.961093  0.1  281   63
2.20324959  0.232082  4.255102  0.1   63   47
2.20322179  0.231887  4.247963  0.1  295  -37
2.20330990  0.229847  4.173526  1.0  298  -65
2.20331008  0.230515  4.197852  0.7  298  -63
2.20331135  0.227271  4.080523  0.5   89  -69
2.20337275  0.226519  4.053569  0.0   58  -76
2.20337493  0.226317  4.046337  0.7   70  -60
2.20346546  0.221783  3.885833  2.9   49  -55
2.20346543  0.220960  3.857038  2.8   30  -54
2.20346228  0.219394  3.802548  3.0   20  -53
2.20346169  0.221868  3.888824  4.2  218  -48
2.20350447  0.220597  3.844395  0.0  292   53
2.20356428  0.236039  4.401426  0.6  186   50
2.20359665  0.220597  3.844371  0.4  286  -16
2.20360705  0.220765  3.850245  0.1  282   -9
2.20360704  0.223208  3.935913  0.0  282   -9
2.20361300  0.223999  3.963859  0.1  281   -9
2.20368025  0.222410  3.907846  0.3  348  -57
2.20368257  0.219767  3.815498  0.1  318 -111
2.20373477  0.221020  3.859127  1.9  297  -57
2.20373351  0.221050  3.860174  1.2   59  -48
2.20375302  0.232987  4.288359  4.2  316  -44
2.20377962  0.233666  4.313402  4.2  279    8
2.20382292  0.236014  4.400525  2.8  300  -18
2.20386794  0.232495  4.270257  0.9   59   72
2.20386457  0.232409  4.267098  0.9   62   68
2.20387767  0.237323  4.449464  2.2  287  -10
2.20395752  0.237784  4.466772  0.4  282   55
2.20395794  0.235017  4.363392  0.0  272   51
2.20400231  0.236117  4.404360  1.7   78  -35
2.20400216  0.235196  4.370073  2.0   78  -36
2.20403835  0.240992  4.588089  4.0   93  -19
2.20406558  0.236442  4.416469  1.1  201   38
2.20411890  0.224258  3.973039  0.1  297   57
2.20411956  0.222768  3.920413  0.0  295   55
2.20412072  0.223660  3.951892  0.0  294  123
2.20416551  0.225630  4.021804  0.2  285   50
2.20418122  0.234058  4.327851  0.2  165   26
2.20421023  0.225711  4.024693  0.2   48   62
2.20426248  0.222530  3.912052  1.0  292   45
2.20426236  0.224322  3.975318  1.5  293   43
2.20426359  0.225089  4.002540  0.0   37   77
2.20428459  0.226488  4.052447  0.1   97  -33
2.20435243  0.234858  4.357517  0.8  181  -46
2.20438940  0.224887  3.995362  0.7   37  -52
2.20441870  0.226981  4.070099  4.9  297    1
2.20441863  0.227405  4.085331  4.1  298    3
2.20442223  0.226811  4.064013  5.5  293    3
2.20447790  0.237087  4.440619  1.2  119   41
2.20449754  0.237045  4.439054  0.5   53   13
2.20452944  0.234534  4.345483  0.0  253    8
2.20454957  0.234978  4.361942  1.0   53   63
2.20456822  0.231479  4.233017  0.2   77    3
2.20465210  0.219774  3.815742  0.2   98  -60
2.20464870  0.221581  3.878749  0.0   49  -65
2.20465440  0.223011  3.928973  1.2  312  -54
2.20465487  0.222720  3.918742  0.6  313  -52
2.20470359  0.231649  4.239234  0.3   58  -44
2.20473714  0.232505  4.270614  0.0   73  -30
2.20475410  0.234669  4.350477  0.2  192  -37
2.20479996  0.235984  4.399399  0.8  250  -38
2.20474634  0.236955  4.435677  0.3  301  -44
2.20487172  0.236657  4.424505  0.3  324   46
2.20487717  0.235895  4.396056  0.1  305   48
2.20487739  0.235582  4.384410  0.5  302   45
2.20495624  0.225755  4.026263  0.0  191   47
2.20495683  0.225824  4.028713  0.0  192   46
2.20496157  0.228773  4.134640  0.2  197   43
2.20498167  0.228892  4.138920  0.7  297   54
2.20504517  0.235460  4.379880  0.6   76  -42
2.20505181  0.234541  4.345767  0.0   87  -29
2.20507462  0.235018  4.363432  0.9  291   38
2.20512080  0.232645  4.275778  0.1   18  -36
2.20512761  0.231509  4.234124  1.0  288  -41
2.20513247  0.232829  4.282538  2.1   26  -33
2.20520582  0.234285  4.336277  0.5  106  -52
2.20520408  0.236738  4.427546  1.7  291  -49
2.20520430  0.233623  4.311790  0.2   97  -53
2.20526248  0.238454  4.491954  0.3  294   67
2.20528576  0.234598  4.347873  0.1  297  -64
2.20528424  0.233434  4.304816  0.0  286  -66
2.20531370  0.234734  4.352914  0.9  319  -38
2.20535473  0.236544  4.420305  0.2  306  -53
2.20535692  0.235904  4.396399  0.3  320  -52
2.20541317  0.246169  4.787323  0.9  196   16
2.20549017  0.235851  4.394425  1.9  303   29
2.20548885  0.236729  4.427211  0.8  289    6
2.20548799  0.236995  4.437175  2.9  301   23
2.20549215  0.236468  4.417467  1.2  289    6
2.20550051  0.238658  4.499661  1.2  289    5
2.20555960  0.236672  4.425075  2.9   57  -51
2.20563338  0.232835  4.282759  1.7  185    6
2.20563818  0.227363  4.083825  0.0  278   -1
2.20563832  0.227137  4.075706  0.0  278   -1
2.20566543  0.228313  4.118012  1.3  270   10
2.20567311  0.227221  4.078710  0.2  264   18
2.20567036  0.228368  4.120021  1.4   86   16
2.20578891  0.230349  4.191810  5.4  273   18
2.20578935  0.230386  4.193137  5.5  273   20
2.20578919  0.231479  4.233014  5.8   93   22
2.20579883  0.231546  4.235460  6.2  269   16
2.20579595  0.231604  4.237582  5.8  268   20
2.20595279  0.218949  3.787171  0.9  110   36
2.20595448  0.218668  3.777443  1.2  111   44
2.20594844  0.218058  3.756403  1.1  285   49
2.20595478  0.217921  3.751679  0.6  276   44
2.20595366  0.217388  3.733331  0.4  274   50
2.20599799  0.230910  4.212239  0.0  124   61
2.20606166  0.224504  3.981772  1.1  204   60
2.20606487  0.226858  4.065685  0.1  198   63
2.20608822  0.227045  4.072397  4.8   14   27
2.20610531  0.226000  4.034997  7.9   14    2
2.20612110  0.226537  4.054207  7.0  197  -24
2.20614212  0.227252  4.079841  3.6   48  -51
2.20617138  0.233815  4.318894  4.6  311  -45
2.20622924  0.233816  4.318905  3.1  313  -36
2.20627787  0.221781  3.885760  1.1   88  -46
2.20627095  0.218482  3.771023  0.1  262  -64
2.20627810  0.221913  3.890400  1.4   87  -47
2.20629611  0.229826  4.172763  1.9   27   -1
2.20631647  0.233672  4.313593  1.2  293  -23
2.20627653  0.221580  3.878719  0.1   71  -64
2.20641812  0.232292  4.262821  1.5   43 -116
2.20643560  0.226178  4.041355  0.1   31  -32
2.20643627  0.224302  3.974605  0.2   27  -22
2.20643250  0.229903  4.175560  0.0   98  -22
2.20646315  0.232219  4.260143  0.5   13    4
2.20654203  0.230261  4.188597  0.1   68  -49
2.20654323  0.228650  4.130169  0.1  293  -47
2.20657461  0.231209  4.223138  0.1  279  -15
2.20659774  0.233817  4.318954  1.0   42  -41
2.20662440  0.236351  4.413098  1.2   62  -10
2.20662661  0.238549  4.495540  0.5   81  -18
2.20671067  0.242746  4.655135  1.0  199   53
2.20671169  0.242238  4.635650  0.7  199   63
2.20670679  0.242900  4.661021  1.2   33   65
2.20676458  0.235550  4.383220  1.0  265  -42
2.20679362  0.237280  4.447849  2.0  275  158
2.20679519  0.238335  4.487489  1.5   95   19
2.20686830  0.241756  4.617235  0.3  118   60
2.20686554  0.239489  4.531044  0.0  277   69
2.20688577  0.238452  4.491879  2.7  300   46
2.20693043  0.232807  4.281719  4.0   24  -59
2.20693924  0.232019  4.252780  4.0   50 -155
2.20694008  0.232674  4.276823  4.0   47  -20
2.20699715  0.242062  4.628922  3.0  303    1
2.20702032  0.243339  4.677912  2.8  190   47
2.20707419  0.232224  4.260304  0.6  285  -61
2.20710709  0.227538  4.090092  0.1  188  -29
2.20711042  0.224671  3.987700  0.0    7  -22
2.20710931  0.226914  4.067722  0.4  188  -33
2.20711034  0.224310  3.974900  0.1  188  -34
2.20717348  0.225827  4.028835  2.9  297   46
2.20717353  0.225998  4.034916  2.8  299   49
2.20717202  0.226625  4.057361  3.2  301   54
2.20725775  0.233779  4.317547  0.3  182  -20
2.20727356  0.235282  4.373254  0.4    1  -33
2.20728395  0.235342  4.375486  0.2  196  -50
2.20729127  0.237213  4.445332  0.9  195  -39
2.20735325  0.239109  4.516684  0.5  205   28
2.20739017  0.237651  4.461746  3.2  316   46
2.20739998  0.234941  4.360588  3.5  317    1
2.20739561  0.236114  4.404236  2.6  292   -8
2.20750913  0.236511  4.419076  0.9   66   15
2.20750991  0.237064  4.439749  1.4   66   15
2.20751341  0.234806  4.355586  0.6  186   54
2.20751382  0.236259  4.409630  0.7   23   64
2.20755549  0.235418  4.378306  2.8  300   50
2.20757208  0.234067  4.328186  0.3  211  -52
2.20761802  0.237216  4.445445  0.4  299  -36
2.20764628  0.236929  4.434711  0.0  170  -70
2.20764878  0.235390  4.377263  0.1  200  -72
2.20769821  0.236667  4.424888  0.0  174  -77
2.20769820  0.237246  4.446568  0.0  332  -64
2.20776335  0.232128  4.256798  0.0  208    5
2.20777287  0.233108  4.292810  1.4   37   41
2.20777795  0.232567  4.272898  1.0   42   44
2.20775791  0.236697  4.426026  0.2  244   18
2.20782487  0.237164  4.443478  3.0   24   37
2.20788697  0.235971  4.398902  3.3  360  -55
2.20794066  0.210651  3.505533  0.0  136   40
2.20793877  0.212465  3.566167  0.0  133   37
2.20793781  0.215142  3.656583  1.5  149   47
2.20800246  0.220338  3.835352  0.3  123   38
2.20800161  0.220119  3.827729  0.1  290   46
2.20800261  0.220987  3.857988  0.3  289   48
2.20799856  0.223263  3.937853  0.1  301   43
2.20808052  0.224615  3.985706  1.4  104   23
2.20808701  0.226607  4.056721  3.2  290   56
2.20814581  0.226346  4.047363  5.7   42   57
2.20814925  0.227468  4.087595  5.5  204   45
2.20819336  0.229657  4.166658  2.7  110   47
2.20819732  0.232130  4.256869  3.7  283   51
2.20827204  0.221925  3.890803  1.1  314  -53
2.20827033  0.220142  3.828552  0.1  311  -55
2.20826767  0.220106  3.827287  0.7  120  -48
2.20827148  0.221779  3.885684  0.8  313  -49
2.20834316  0.228417  4.121762  2.1  191   11
2.20838563  0.222654  3.916417  0.0  291   28
2.20838662  0.224805  3.992447  0.3  290   35
2.20843015  0.230321  4.190760  4.1   22  -63
2.20842819  0.229964  4.177807  4.4  104  -42
2.20847327  0.230775  4.207306  4.6  312  -22
2.20851893  0.231833  4.245981  2.4  202   20
2.20853680  0.225725  4.025205  2.3   65   65
2.20853508  0.226389  4.048897  2.4   82   64
2.20853821  0.225888  4.031005  2.3   65   65
2.20854244  0.229060  4.145000  2.0  209  124
2.20864188  0.223370  3.941626  1.0  177  -67
2.20864643  0.224532  3.982749  1.2  206  -59
2.20864764  0.219944  3.821638  0.1  184  -48
2.20872966  0.227740  4.097378  1.0  304  -18
2.20872815  0.228249  4.115709  2.0  304  -28
2.20873230  0.228003  4.106832  0.1  305  -22
2.20875901  0.226691  4.059726  0.2  206  -30
2.20880531  0.237552  4.458029  3.6  297  -23
2.20883485  0.230141  4.184234  0.8  301  -51
2.20883777  0.231033  4.216706  0.7  108  -51
2.20889878  0.235904  4.396409  0.7   15  -18
2.20890411  0.236065  4.402423  0.0  302  -40
2.20893993  0.239314  4.524441  4.0  199  -18
2.20895514  0.239156  4.518463  3.0   13  -26
2.20901296  0.227660  4.094497  0.1  338   73
2.20901081  0.228491  4.124446  2.4  300   63
2.20905958  0.239922  4.547436  0.2  178   19
2.20906709  0.237757  4.465729  1.2  178   53
2.20910113  0.233068  4.291344  0.3  170   17
2.20910439  0.231665  4.239837  0.1  169   15
2.20914123  0.232749  4.279588  1.4  295  -37
2.20918180  0.232060  4.254288  3.3  177  -65
2.20918684  0.230420  4.194372  1.7   14  -59
2.20922673  0.236418  4.415598  2.0  307   57
2.20923923  0.236875  4.432671  3.1  299  -31
2.20930692  0.230907  4.212128  0.2   49  -40
2.20930313  0.234276  4.335927  0.1  174  -63
2.20935128  0.234630  4.349064  1.0  149  -20
2.20938281  0.235943  4.397867  0.7  101  -45
2.20937482  0.235563  4.383703  1.3    4  -52
2.20938859  0.235938  4.397655  3.2  323  -31
2.20945464  0.232295  4.262933  0.1  303  -63
2.20945805  0.231142  4.220716  0.4   97  -65
2.20950244  0.234454  4.342538  2.1  286  -50
2.20950178  0.227817  4.100136  0.0   63  -47
2.20950570  0.231027  4.216504  1.6  312  -44
2.20955643  0.239728  4.540081  2.5  287 -148
2.20957429  0.241322  4.600670  0.5  194   33
2.20957482  0.241983  4.625900  1.2   17   49
2.20964987  0.242676  4.652433  1.0  169  -72
2.20968117  0.237436  4.453706  0.7  109   61
2.20968525  0.235947  4.398003  0.3   93   64
2.20971439  0.241833  4.620166  0.2   33   16
2.20971977  0.237276  4.447682  0.1  212  -52
2.20976440  0.237408  4.452624  0.0  309  -67
2.20982115  0.237916  4.471713  0.0   50  -38
2.20982109  0.234954  4.361062  1.9  145   72
2.20984893  0.236402  4.414985  0.5  175   35
2.20984572  0.232716  4.278386  0.0  188   37
2.20989974  0.234672  4.350610  0.2  297   54
2.20994651  0.219968  3.822503  0.1  305   63
2.20994536  0.215661  3.674255  0.0  279   64
2.20998876  0.231251  4.224699  0.2   69   58
2.21001024  0.225772  4.026875  0.0  313   73
2.21004196  0.223252  3.937483  0.3  300   48
2.21004490  0.227306  4.081759  1.3  296   53
2.21012477  0.232174  4.258482  1.2   45  -83
2.21012953  0.231033  4.216715  1.8    6  -53
2.21013184  0.230292  4.189725  3.3  305  -57
2.21020666  0.232443  4.268361  0.8  324   34
2.21021291  0.233167  4.294996  1.6  283   59
2.21021011  0.233556  4.309338  0.1  146   30
2.21026201  0.224502  3.981701  0.6  155  -77
2.21026797  0.222423  3.908296  0.1  103  -59
2.21026743  0.221010  3.858800  0.1  105  -59
2.21032167  0.230993  4.215249  0.5  307  -43
2.21031946  0.227768  4.098400  0.2  102  -41
2.21036508  0.234453  4.342475  0.1  296   27
2.21043047  0.231365  4.228857  0.8  305   33
2.21042489  0.236038  4.401418  0.1  191  -84
2.21042521  0.233639  4.312394  1.4  297   36
2.21048707  0.230513  4.197753  1.6   35  -51
2.21048370  0.231881  4.247728  1.9  208  -52
2.21053555  0.226498  4.052813  0.0   72  -44
2.21053439  0.228296  4.117389  0.5  279  -47
2.21057758  0.231770  4.243675  1.0  303  -64
2.21057971  0.226016  4.035580  0.3  302  -49
2.21061998  0.234168  4.331929  0.7  319  -47
2.21062281  0.232737  4.279165  0.3  209  -52
2.21066009  0.237349  4.450419  0.1  285   54
2.21070481  0.240510  4.569765  1.6  208   39
2.21076271  0.232372  4.265738  0.4  221   79
2.21076073  0.233886  4.321522  1.5  176   84
2.21075995  0.228789  4.135226  0.0  291  125
2.21080097  0.236553  4.420644  0.3  250   50
2.21085910  0.230952  4.213768  0.0   97   40
2.21086225  0.232031  4.253246  0.0  102   39
2.21086384  0.237608  4.460142  1.0  125   22
2.21092018  0.234045  4.327388  0.0  170   65
2.21091933  0.230916  4.212441  0.1  307   47
2.21098311  0.236606  4.422621  1.0  179  -76
2.21102127  0.227393  4.084915  0.0  321   22
2.21102411  0.228602  4.128462  0.0  145   12
2.21102332  0.228797  4.135508  0.0  140   16
2.21107574  0.227799  4.099481  0.8   63   65
2.21107817  0.230005  4.179293  0.3  294   55
2.21113189  0.232555  4.272468  1.2  299   61
2.21116247  0.229246  4.151752  0.3  190   17
2.21117174  0.227087  4.073906  0.5  262   47
2.21117149  0.233755  4.316666  1.7   17   57
2.21122661  0.230214  4.186883  0.7  297   49
2.21122792  0.230381  4.192948  1.5  309   43
2.21129428  0.230452  4.195545  0.3  328  -43
2.21128764  0.229213  4.150551  0.3  323  -46
2.21132537  0.235468  4.380161  0.8   40   61
2.21134050  0.233063  4.291159  0.0  106    2
2.21139870  0.223670  3.952221  0.2  278  -59
2.21140243  0.224562  3.983809  0.4  306  -62
2.21144657  0.235744  4.390445  2.9  322  -39
2.21149126  0.231943  4.249993  1.3   60  -62
2.21149210  0.229188  4.149628  3.3  304  -55
2.21149416  0.230805  4.208410  4.3  316  -50
2.21155589  0.228072  4.109345  1.9  295  -36
2.21156328  0.231074  4.218212  1.4  294  -58
2.21156193  0.229317  4.154303  0.0  146   -4
2.21165280  0.230371  4.192595  7.5  153  -14
2.21165275  0.230552  4.199175  7.2  153  -14
2.21165673  0.230979  4.214766  8.0  154  -13
2.21168590  0.230943  4.213423  2.5   49   56
2.21173600  0.233554  4.309235  0.4   70   54
2.21172371  0.231730  4.242204  0.6   19  -64
2.21180791  0.232784  4.280898  0.2   90  -44
2.21180810  0.234840  4.356827  1.4  285  -38
2.21184532  0.224132  3.968573  0.4   69   66
2.21184476  0.221395  3.872251  0.1  282   43
2.21189218  0.224401  3.978125  0.2   89   60
2.21189036  0.220670  3.846919  0.1  284   53
2.21194434  0.219553  3.808075  0.1  302   50
2.21194708  0.221256  3.867370  0.0  279   62
2.21199340  0.225550  4.018963  0.3   62   56
2.21199968  0.228784  4.135015  0.4   16   53
2.21201147  0.231203  4.222935  2.3  204  -67
2.21209205  0.226750  4.061839  1.0  209   58
2.21209693  0.226419  4.049985  2.6  352   34
2.21209906  0.226303  4.045817  2.3  170   19
2.21216461  0.214771  3.644012  0.1  191    7
2.21216294  0.216967  3.718910  0.4   13   20
2.21217678  0.221888  3.889495  0.1  158   29
2.21222557  0.227643  4.093903  0.0  168  -74
2.21222598  0.225937  4.032772  0.0  188  -58
2.21227395  0.224052  3.965736  0.1  195  -27
2.21227519  0.225439  4.014990  0.1  195  -27
2.21229961  0.230483  4.196681  0.5   34   42
2.21232912  0.228990  4.142474  0.5  127   -4
2.21240088  0.223491  3.945927  0.0  362   88
2.21240232  0.219334  3.800476  0.0   76  100
2.21240240  0.219546  3.807838  0.0  278   74
2.21247232  0.226170  4.041074  0.0   18  -68
2.21247970  0.222059  3.895494  0.4   33  -54
2.21248972  0.222229  3.901470  0.1  359  -63
2.21248662  0.225642  4.022240  0.4  289  -34
2.21257288  0.232269  4.261979  1.2  166  -71
2.21257684  0.233853  4.320277  0.8  196  -80
2.21260980  0.223046  3.930228  0.6  295   43
2.21261266  0.224102  3.967532  0.2   25   46
2.21266960  0.214072  3.620326  0.0  192   55
2.21266794  0.211503  3.533948  0.1   35   68
2.21271792  0.230195  4.186207  0.7   52   62
2.21276183  0.220964  3.857168  0.0   43   55
2.21276205  0.222266  3.902772  0.0   43   54
2.21281173  0.230519  4.197968  0.3  205   50
2.21280846  0.228729  4.133053  0.1   52   59
2.21281307  0.231663  4.239736  0.7   33   63
2.21289158  0.222627  3.915442  1.6  124  -45
2.21288780  0.219416  3.803343  0.5   81  -51
2.21288918  0.217665  3.742864  0.3   90  -52
2.21294609  0.222671  3.917001  0.1  112  -47
2.21297799  0.226550  4.054681  0.0  297   57
2.21298573  0.222242  3.901932  0.1  198  -60
2.21304241  0.222584  3.913957  0.0   38  -50
2.21304714  0.224524  3.982477  0.0  282 -137
2.21306767  0.223266  3.937963  0.0   47   60
2.21309682  0.233673  4.313659  0.0  208  -49
2.21315359  0.233431  4.304713  0.0  347  -33
2.21315510  0.234616  4.348526  0.2   64  -54
2.21320071  0.229465  4.159686  0.3   61  -54
2.21320383  0.223725  3.954183  0.1   68  -53
2.21325009  0.228718  4.132654  0.0  288  -66
2.21324882  0.225956  4.033432  0.0  192  -73
2.21329977  0.227975  4.105840  0.0   38  -45
2.21333803  0.219994  3.823393  0.0  264   54
2.21333857  0.218107  3.758093  0.1   97   63
2.21333980  0.219649  3.811398  0.3   65   67
2.21339250  0.229951  4.177319  1.7   35   62
2.21342875  0.214443  3.632869  1.8  298   45
2.21348244  0.209815  3.477780  0.1  118   50
2.21348295  0.211346  3.528703  0.1  119   55
2.21348145  0.210677  3.506411  0.1   94   55
2.21352693  0.227607  4.092574  3.1   10  -52
2.21354341  0.223529  3.947239  0.2  173   49
2.21358215  0.228002  4.106821  3.7  311   46
2.21362371  0.221856  3.888380  4.5  197   35
2.21363810  0.220112  3.827509  5.0  304   52
2.21363196  0.218758  3.780557  4.7  183   29
2.21365944  0.219544  3.807778  1.0   96  -57
2.21371364  0.219243  3.797342  1.6  140  -39
2.21371398  0.218751  3.780300  1.3  320 -139
2.21375791  0.217564  3.739408  0.1  302  -58
2.21375973  0.220282  3.833393  0.5  296  -46
2.21378737  0.222546  3.912609  0.1  288   53
2.21381890  0.226479  4.052131  1.0  310  -48
2.21384604  0.228443  4.122725  0.9  298  -42
2.21394026  0.224552  3.983470  0.2   97   16
2.21393808  0.222159  3.899022  1.2  271   15
2.21392454  0.220358  3.836046  0.3   58  -53
2.21394494  0.221470  3.874885  0.5   96   20
2.21394292  0.221408  3.872709  0.5  271   16
2.21395750  0.222634  3.915710  0.6  260   30
2.21406936  0.227027  4.071753  1.8  285   54
2.21409629  0.224252  3.972831  3.9   91   56
2.21409199  0.221090  3.861567  1.9  102   32
2.21409594  0.222272  3.902991  0.0  113   33
2.21412399  0.227136  4.075678  0.6  114  -31
2.21415312  0.226059  4.037127  1.5   33   83
2.21424542  0.228406  4.121392  0.0  246 -113
2.21423978  0.222545  3.912570  0.0  270  -64
2.21425004  0.225496  4.017043  0.2  293  -58
2.21427450  0.226571  4.055426  1.9  271   33
2.21431773  0.219483  3.805651  0.3   38  -57
2.21432357  0.224651  3.986982  0.2   56  -60
2.21432507  0.220961  3.857068  0.3  244  -68
2.21440980  0.217510  3.737537  0.5  214   51
2.21440889  0.214502  3.634861  0.0  210   48
2.21441032  0.218471  3.770648  0.6   45   61
2.21446077  0.219820  3.817341  0.1  106   51
2.21446305  0.223447  3.944371  1.2  282   52
2.21451265  0.225785  4.027347  0.3   53   52
2.21458232  0.222543  3.912489  6.0  276   -1
2.21458331  0.221786  3.885940  5.9   97   -0
2.21456563  0.220686  3.847470  0.1   26   50
2.21458656  0.221351  3.870696  4.8   95   -4
2.21458800  0.222874  3.924156  4.4  278   -9
2.21468882  0.229043  4.144381  2.0  144  -37
2.21466937  0.223015  3.929108  0.1  278   42
2.21473296  0.223457  3.944694  0.2  210   61
2.21472933  0.219776  3.815826  0.4  273   46
2.21477686  0.214166  3.623490  0.2  310   46
2.21477646  0.218108  3.758121  0.5  290   52
2.21483570  0.224594  3.984942  0.1  194   28
2.21485032  0.224737  3.990021  0.2  176  -61
2.21487649  0.227800  4.099516  1.7  301   49
2.21493089  0.227928  4.104151  2.7    6  -15
2.21494403  0.218587  3.774645  0.0  197  -19
2.21494332  0.220362  3.836206  1.0  198  -18
2.21500409  0.226608  4.056743  0.3  270  -63
2.21500273  0.226345  4.047342  0.2   60  -61
2.21505814  0.203220  3.262585  0.0   57  -65
2.21505909  0.203568  3.273766  0.0  283  -67
2.21505790  0.206965  3.383916  0.1  279  -63
2.21510828  0.215444  3.666862  0.0   61  -66
2.21506197  0.214910  3.648712  0.1   74  -52
2.21515270  0.228476  4.123890  0.0  318  -68
2.21520123  0.236383  4.414293  2.3  294  -54
2.21522954  0.234325  4.337763  2.9  195   58
2.21525046  0.231805  4.244965  2.7  277  -44
2.21526249  0.228620  4.129107  0.0  279  -24
2.21526761  0.227135  4.075633  0.0  280  -23
2.21533220  0.231930  4.249519  0.4   81   72
2.21534279  0.234680  4.350896  0.3   46   63
2.21534014  0.239447  4.529436  0.1   47   50
2.21540941  0.233095  4.292330  1.8  187  -48
2.21544393  0.229466  4.159724  0.2  195   31
2.21545013  0.230375  4.192724  0.2  190   20
2.21550454  0.227317  4.082171  3.8  174  -50
2.21550827  0.223711  3.953687  3.2    8  -41
2.21551440  0.226834  4.064848  3.0  206  -57
2.21555189  0.233392  4.303281  0.5  292   52
2.21561021  0.237300  4.448598  2.8  188   46
2.21562461  0.234500  4.344222  0.9  310  -51
2.21562500  0.235171  4.369121  1.0  105  -55
2.21567249  0.228017  4.107335  0.1   39  -58
2.21572306  0.226685  4.059502  1.0  223  -83
2.21572203  0.221030  3.859471  0.6  196  -70
2.21572210  0.220181  3.829900  0.3  195  -70
2.21575461  0.237839  4.468830  0.3  282   32
2.21582769  0.229926  4.176396  0.3   49   36
2.21583270  0.224203  3.971090  0.1   44   43
2.21584678  0.227748  4.097653  0.8  209   30
2.21588692  0.230569  4.199816  0.8  290   28
2.21592782  0.232010  4.252468  1.3  165  -68
2.21592765  0.229516  4.161539  1.8  325  -37
2.21597397  0.225787  4.027420  0.0  200   34
2.21598587  0.227687  4.095475  1.4    5   13
2.21598367  0.224662  3.987360  0.0   35   55
2.21598540  0.223651  3.951552  0.0   22   49
2.21606527  0.235888  4.395825  0.6  192  -55
2.21606874  0.228665  4.130716  0.0  201  -51
2.21611078  0.229203  4.150176  6.2  298   33
2.21615902  0.225113  4.003402  2.6   15  -37
2.21616392  0.222684  3.917478  2.3   73   61
2.21616496  0.223636  3.951040  3.5  271   64
2.21613262  0.234916  4.359671  7.4  102   15
2.21626870  0.230828  4.209238  0.0  114   31
2.21626952  0.231343  4.228039  0.0  115   34
2.21626922  0.231064  4.217851  0.2  288   39
2.21631749  0.233506  4.307484  2.9  298   50
2.21637735  0.233191  4.295857  1.1  282   44
2.21636811  0.232394  4.266561  0.4  190   40
2.21641543  0.232592  4.273842  2.3  202   27
2.21641874  0.229047  4.144546  3.0  188   34
2.21642446  0.232614  4.274639  3.5  181   19
2.21647378  0.226222  4.042936  0.4  287   60
2.21649020  0.228848  4.137324  0.0  299   25
2.21648908  0.228082  4.109695  2.1  299   23
2.21654057  0.231477  4.232929  1.7   16  -50
2.21660281  0.226671  4.059005  0.1   85  -46
2.21660636  0.226067  4.037405  0.0  287  -37
2.21665233  0.213469  3.599945  1.0  303  -40
2.21665326  0.210459  3.499142  0.0  308  -41
2.21665425  0.212111  3.554310  0.9  304  -38
2.21665561  0.209381  3.463394  0.0  109  -37
2.21675316  0.228431  4.122270  0.8  278  -63
2.21675286  0.219770  3.815625  0.0   63  -49
2.21679718  0.224140  3.968872  0.1  291  -54
2.21679860  0.223163  3.934342  0.0  288  -50
2.21683376  0.237654  4.461878  2.5  317  -33
2.21691706  0.237050  4.439224  3.5  299   43
2.21690623  0.232638  4.275513  0.4  203  -37
2.21691768  0.236804  4.429996  3.0  298   46
2.21692901  0.240056  4.552542  7.6  319   -8
2.21698779  0.234666  4.350393  0.1  192   26
2.21699624  0.233390  4.303210  0.0  193   15
2.21703372  0.239317  4.524551  1.5  105   35
2.21705984  0.237598  4.459756  0.4   52  -50
2.21709773  0.231981  4.251389  0.2  243  -71
2.21710318  0.233050  4.290682  0.0   50  -62
2.21710215  0.233545  4.308920  0.1   52  -59
2.21718843  0.229841  4.173310  0.3  285   50
2.21719470  0.229247  4.151771  0.5   75   64
2.21719612  0.231724  4.242002  0.7   66   62
2.21719290  0.229803  4.171928  0.5  239   59
2.21723704  0.232381  4.266067  5.1  194   -4
2.21728920  0.229136  4.147770  0.3  302   64
2.21729297  0.233155  4.294551  1.2  277   75
2.21737695  0.231544  4.235416  0.1   46  -85
2.21737572  0.230730  4.205667  1.8  339  -55
2.21738881  0.229757  4.170292  4.4  190  -17
2.21738693  0.229618  4.165228  4.6   10  -15
2.21745699  0.232281  4.262391  0.9  305   48
2.21745775  0.235042  4.364351  1.7  290   60
2.21751938  0.229930  4.176544  2.2  313  -41
2.21752712  0.228897  4.139122  0.5  293  -46
2.21753749  0.229879  4.174712  1.7  360   -7
2.21760200  0.230698  4.204499  0.7  329   58
2.21760206  0.233684  4.314060  2.6  305   61
2.21761578  0.232758  4.279937  4.3  189    4
2.21769046  0.230663  4.203228  1.2  126  -70
2.21769296  0.231061  4.217745  2.4  320  -51
2.21770714  0.228845  4.137224  0.7  170  -80
2.21769985  0.227698  4.095864  1.0  331  -34
2.21778409  0.225597  4.020644  0.5  293  -60
2.21778539  0.220583  3.843876  0.0  166  -56
2.21778606  0.217600  3.740614  0.1  327  -63
2.21782836  0.234759  4.353828  1.2  311  -54
2.21788278  0.232168  4.258265  0.0  360   83
2.21785576  0.232731  4.278939  1.8  118  -27
2.21784795  0.233636  4.312292  2.4  124  -30
2.21790862  0.238245  4.484092  0.2  282   62
2.21798566  0.224530  3.982687  0.0   87   63
2.21798752  0.223391  3.942391  1.0   52   75
2.21799552  0.231629  4.238506  0.1   11   62
2.21803527  0.237578  4.459022  1.1  198   58
2.21807623  0.241187  4.595539  1.5  297   -9
2.21811526  0.227884  4.102552  0.1  206   33
2.21812351  0.231521  4.234572  1.6   16   44
2.21816937  0.223605  3.949929  0.2   30  -44
2.21817515  0.223185  3.935116  0.0   39  -44
2.21821055  0.237408  4.452629  1.6  309  -37
2.21821011  0.237655  4.461923  1.5  310  -35
2.21827948  0.237866  4.469852  0.3  299  -47
2.21829934  0.232776  4.280578  1.1   27  -56
2.21829572  0.233677  4.313773  1.7   13  -50
2.21830359  0.235085  4.365926  1.0  227  -71
2.21835132  0.236472  4.417595  0.1  101  -40
2.21838666  0.237140  4.442604  0.0  182   58
2.21840792  0.234632  4.349137  0.0  190   13
2.21845724  0.234542  4.345782  0.0  188   26
2.21846329  0.234511  4.344634  0.1  159   31
2.21849313  0.232147  4.257503  0.0  194   50
2.21849704  0.235820  4.393256  0.8  278   73
2.21854989  0.235398  4.377569  2.7  284   10
2.21859266  0.235574  4.384113  3.2  203   38
2.21859823  0.235081  4.365773  4.0  198   35
2.21862415  0.235951  4.398160  6.4  190    5
2.21862488  0.236522  4.419465  6.4  192    4
2.21867941  0.236626  4.423357  0.0  177  -52
2.21870233  0.232851  4.283342  0.4  158   69
2.21871740  0.231327  4.227458  1.3   14  -63
2.21872011  0.231944  4.250032  0.6  284  -43
2.21879029  0.230537  4.198654  1.3   45  -69
2.21879340  0.230556  4.199344  0.7   71  -62
2.21878937  0.234851  4.357229  0.7  213  -59
2.21884729  0.235338  4.375330  0.1  338   21
2.21888509  0.234167  4.331885  0.0  293   74
2.21891601  0.235344  4.375545  0.0  110   38
2.21894853  0.231961  4.250665  0.7  300  -61
2.21894785  0.234321  4.337588  3.0  318 -103
2.21898967  0.235709  4.389146  2.6  298  -50
2.21900084  0.236493  4.418394  1.5  315  -55
2.21905181  0.235758  4.390955  3.5  214   52
2.21909360  0.229863  4.174139  0.2  299  -53
2.21909514  0.229232  4.151252  0.5   51  -47
2.21909676  0.229161  4.148660  0.1  304  -51
2.21915462  0.236500  4.418664  1.2  296   12
2.21917209  0.234695  4.351442  0.9  307  -24
2.21920279  0.227309  4.081870  0.2  103   11
2.21925499  0.227380  4.084427  1.1  165  -64
2.21925678  0.227751  4.097759  1.0  356  -57
2.21925616  0.226301  4.045764  0.1  201  -74
2.21934583  0.234493  4.343978  3.7  199   20
2.21934516  0.229912  4.175918  0.1  197   47
2.21938791  0.229214  4.150597  0.1  108   16
2.21939087  0.230553  4.199220  0.1  290   28
2.21939537  0.230555  4.199304  0.4  115   24
2.21945933  0.234718  4.352306  1.2  195   51
2.21946399  0.234710  4.352031  1.6   20   60
2.21949880  0.226061  4.037186  1.7  310   57
2.21954103  0.219709  3.813500  0.9  282   59
2.21954263  0.218538  3.772950  0.5  282   56
2.21954643  0.218051  3.756164  0.3  290   52
2.21961639  0.231361  4.228717  3.9  207   21
2.21961095  0.229563  4.163242  0.0   68   51
2.21962435  0.232168  4.258261  3.8  200   16
2.21969248  0.235999  4.399945  6.3  375  132
2.21970461  0.232968  4.287642  3.8    4   -9
2.21972611  0.220213  3.831011  0.9  302  -51
2.21972525  0.219401  3.802815  1.0  303  -53
2.21977717  0.233807  4.318579  4.1   15    1
2.21979713  0.234136  4.330771  2.4  173  -28
2.21983017  0.234182  4.332471  1.7  341  -35
2.21984950  0.230190  4.186015  0.6  283   35
2.21989559  0.229685  4.167662  0.2  213   52
2.21992281  0.230901  4.211902  2.2  308  -49
2.21993612  0.230571  4.199877  0.8  360  -31
2.21999048  0.227650  4.094150  0.2  120   37
2.22000447  0.228287  4.117096  0.4  178   20
2.22000441  0.225282  4.009417  1.1  178   21
2.22007757  0.227575  4.091449  1.4  192   45
2.22006758  0.223836  3.958092  1.0  102   37
2.22009150  0.224477  3.980804  0.4  181   39
2.22008995  0.225643  4.022274  0.5  180   40
2.22017822  0.223970  3.962828  0.3  128  -44
2.22018442  0.217916  3.751490  0.1   35  -36
2.22018172  0.220584  3.843932  0.1  189  -56
2.22018895  0.221479  3.875200  0.1  195  -53
2.22026272  0.229565  4.163310  0.0  162  -49
2.22026188  0.230154  4.184681  0.2  333  -40
2.22033062  0.232216  4.260001  0.6  327  -48
2.22032937  0.227685  4.095401  1.1  107  -27
2.22032804  0.228983  4.142207  3.0  309  -43
2.22039617  0.224082  3.966810  1.5  300  -26
2.22039511  0.223598  3.949692  0.3  299  -31
2.22039846  0.219177  3.795030  2.5  326  -26
2.22046458  0.234347  4.338557  0.1  100   58
2.22047142  0.234685  4.351080  1.5  183   41
2.22050738  0.232711  4.278211  0.4  315   53
2.22055980  0.231577  4.236593  2.0   12  -20
2.22056349  0.230516  4.197867  1.1   15  -22
2.22056129  0.231613  4.237940  0.3  272   66
2.22063587  0.235344  4.375546  1.0   50   -3
2.22065040  0.231929  4.249484  0.7   23  -20
2.22065130  0.231624  4.238335  0.6   20  -21
2.22068338  0.235193  4.369944  0.3  307  -52
2.22071051  0.231067  4.217973  0.1   28   49
2.22077323  0.233196  4.296050  0.6  107   62
2.22079467  0.228798  4.135539  0.0   65  -14
2.22082916  0.226253  4.044040  0.2  216   57
2.22083169  0.227121  4.075131  0.5  360   53
2.22082918  0.227237  4.079301  1.0   24   72
2.22086311  0.234074  4.328464  0.0   64  -25
2.22095981  0.234020  4.326463  1.6  357  -70
2.22095730  0.229411  4.157715  1.1   36  -59
2.22095681  0.227175  4.077065  0.8  302  -58
2.22099889  0.230671  4.203535  0.0  312   17
2.22101466  0.229336  4.155002  0.1  188   63
2.22101693  0.231144  4.220791  0.0  164   64
2.22108437  0.234438  4.341925  2.2   95   85
2.22108632  0.231588  4.236997  1.2  149   47
2.22110196  0.235622  4.385897  1.8   30   53
2.22115646  0.240734  4.578274  1.2  180  -40
2.22117820  0.240101  4.554214  3.2  317   49
2.22121810  0.230032  4.180257  0.3  288  -51
2.22124313  0.229383  4.156697  0.4  208   26
2.22124814  0.220681  3.847313  0.0  240    2
2.22125435  0.224632  3.986291  1.0   61    7
2.22126565  0.230345  4.191656  0.0  100  -73
2.22133449  0.233138  4.293926  0.0  105   33
2.22138517  0.232530  4.271562  0.0  243    9
2.22141135  0.223655  3.951708  0.0   18  -40
2.22141246  0.224443  3.979598  0.4   20  -44
2.22141124  0.224254  3.972907  0.1   19  -42
2.22141492  0.225419  4.014289  1.7  213  -50
2.22149150  0.227142  4.075872  2.2  307   21
2.22149248  0.227595  4.092170  1.5  306   33
2.22156899  0.220827  3.852407  1.9  305   51
2.22156864  0.220583  3.843886  2.0  305   50
2.22156842  0.220966  3.857253  1.6  142   31
2.22157233  0.218625  3.775969  0.1  145   20
2.22166545  0.229908  4.175774  2.8  228   53
2.22166877  0.229516  4.161544  2.0  202   51
2.22166832  0.229773  4.170858  1.9   35   64
2.22171324  0.229730  4.169295  6.1  307   48
2.22175827  0.231981  4.251383  0.8  294  -46
2.22180151  0.227650  4.094132  1.1   15  -21
2.22179470  0.225886  4.030937  1.6   49  -16
2.22181024  0.224524  3.982478  1.0  318  -57
2.22185726  0.231476  4.232899  0.1  173  -48
2.22185814  0.231683  4.240499  0.1  191  -59
2.22189147  0.233689  4.314229  6.1  133   32
2.22194440  0.232279  4.262324  1.1   54  -59
2.22194792  0.230634  4.202182  0.1  273  -52
2.22196324  0.234551  4.346134  2.8  165   20
2.22200814  0.234871  4.357981  2.1  287   48
2.22201085  0.235329  4.374998  1.2  282   52
2.22203048  0.238086  4.478097  3.6  202  -59
2.22206417  0.236790  4.429485  0.1  157   23
2.22214534  0.233647  4.312678  3.6  195   37
2.22214985  0.232871  4.284078  3.0  195   33
2.22216948  0.231593  4.237196  3.6  189   15
2.22217403  0.231826  4.245703  1.0  188   13
2.22218281  0.232890  4.284800  4.4    9   18
2.22225040  0.232612  4.274576  0.0  176   46
2.22226237  0.226872  4.066190  0.4  184   48
2.22232543  0.225356  4.012051  2.4  242  102
2.22233120  0.223325  3.940053  1.3  177   58
2.22232862  0.223742  3.954777  2.4   31   68
2.22241584  0.227513  4.089211  2.7  179  -11
2.22242566  0.227376  4.084287  4.0  181  -24
2.22242342  0.227296  4.081415  2.1    2  -12
2.22243156  0.229908  4.175761  2.7  358  -14
2.22244167  0.228224  4.114806  0.1  223  -64
2.22249668  0.232488  4.270007  0.0  298   13
2.22250536  0.232546  4.272139  1.0  109  -29
2.22258744  0.236115  4.404266  1.9  345  -40
2.22258767  0.233278  4.299072  1.1  322  -23
2.22258412  0.230639  4.202344  1.3  139  -30
2.22264621  0.230384  4.193051  4.9  188   -9
2.22265913  0.230285  4.189475  4.4  133  -30
2.22272573  0.222850  3.923315  1.2  312   52
2.22272437  0.223441  3.944144  0.9  305   53
2.22272630  0.222543  3.912500  0.5  314   52
2.22282095  0.228420  4.121888  2.7  196  -36
2.22283737  0.228092  4.110045  0.8  240  -37
2.22284491  0.226767  4.062430  1.0  239  -31
2.22283590  0.225533  4.018351  2.6  191  -42
2.22283820  0.226192  4.041878  2.5  209  -40
2.22289805  0.233367  4.302364  1.6  356    3
2.22294572  0.229703  4.168324  1.0  296  -58
2.22294612  0.229302  4.153762  0.2  100  -56
2.22299618  0.218599  3.775049  0.1  275  -38
2.22299260  0.222579  3.913759  2.2   82  -39
2.22299306  0.219811  3.817027  0.1  272  -39
2.22306842  0.229055  4.144842  1.3  105  -23
2.22306825  0.229376  4.156447  1.7  105  -23
2.22309297  0.235223  4.371074  0.3   35   90
2.22313684  0.234367  4.339308  1.7   21  -41
2.22314556  0.234168  4.331922  2.2  207  -48
2.22314113  0.240504  4.569522  2.6  270  -18
2.22323588  0.239510  4.531853  3.5  308  -15
2.22325411  0.234116  4.330022  0.8   42  -55
2.22327602  0.238685  4.500682  3.9  311   30
2.22330492  0.233737  4.316017  0.5  206  -31
2.22335229  0.229964  4.177774  0.7  283   65
2.22335199  0.229301  4.153736  1.0   64  118
2.22335105  0.228896  4.139089  0.7   45   63
2.22340207  0.241959  4.624989  0.1   14   20
2.22344890  0.237280  4.447854  2.1  116    0
2.22344246  0.233315  4.300437  0.3   46   56
2.22350178  0.230493  4.197053  0.1  314   66
2.22353176  0.228660  4.130540  0.0  269  -88
2.22352943  0.229116  4.147042  0.2   70  -94
2.22353068  0.229040  4.144277  0.1  213  -88
2.22363697  0.233548  4.309038  0.1   98  -40
2.22363783  0.231233  4.224016  0.1   59  -63
2.22364368  0.231328  4.227516  1.0   19  -42
2.22364322  0.230434  4.194874  0.0   20  -43
2.22371459  0.235091  4.366164  0.0  172  -75
2.22371842  0.233570  4.309849  0.1  304  -59
2.22371600  0.232696  4.277654  0.0  331  -56
2.22377511  0.241709  4.615444  2.1   22  -42
2.22380130  0.237661  4.462139  4.6  315  -16
2.22386933  0.230860  4.210396  0.7  208   39
2.22385649  0.223050  3.930341  0.1  295   41
2.22386450  0.226204  4.042275  0.1  282   45
2.22387547  0.232757  4.279895  1.0   29   38
2.22392942  0.236442  4.416475  0.0  273    5
2.22397335  0.228491  4.124443  0.1  298   46
2.22397490  0.225559  4.019256  0.0  294   47
2.22402451  0.225976  4.034131  0.3  200   58
2.22402240  0.225174  4.005578  0.4   41   68
2.22402639  0.225019  4.000038  0.2   22   71
2.22406942  0.238555  4.495753  2.7  206  -26
2.22412595  0.228969  4.141713  0.0  291   42
2.22412429  0.231369  4.228998  0.4  296   40
2.22420240  0.229440  4.158785  0.7  203   46
2.22419215  0.230042  4.180612  0.0   86  -67
2.22419329  0.224045  3.965494  0.2  305  -46
2.22419631  0.224768  3.991138  0.8  304 -138
2.22426870  0.225548  4.018880  0.1  195   26
2.22435391  0.218988  3.788518  6.2  127   46
2.22435532  0.218167  3.760139  5.7  302   47
2.22435475  0.218089  3.757446  6.4  124   39
2.22435463  0.218267  3.763597  6.1  124   40
2.22436560  0.228128  4.111348  2.7  254   64
2.22443731  0.231086  4.218661  3.3   95  -56
2.22446369  0.230465  4.196006  2.2  307  -42
2.22446847  0.230198  4.186308  1.0  307  -35
2.22453566  0.220626  3.845390  0.3   25  -50
2.22453408  0.224475  3.980736  0.3  208  -54
2.22453510  0.224470  3.980560  1.5  109   66
2.22458258  0.228859  4.137731  2.5  170  -71
2.22464913  0.231637  4.238791  3.0  197   54
2.22465499  0.232037  4.253437  3.1   19   48
2.22468132  0.227196  4.077815  2.0   54   67
2.22469234  0.226746  4.061669  1.1   54   58
2.22469695  0.227165  4.076719  0.7   37   61
2.22470434  0.226970  4.069709  4.2  300  -55
2.22475526  0.232027  4.253075  0.0  195  -33
2.22479629  0.231948  4.250198  0.1   48   31
2.22486048  0.229173  4.149091  1.0  287  -46
2.22486120  0.228908  4.139503  1.6  287  -45
2.22486126  0.229201  4.150110  0.8   79  -51
2.22491736  0.229207  4.150331  0.1  253  -51
2.22491978  0.231138  4.220554  0.2   58  -48
2.22496561  0.232160  4.257979  1.4  275  -61
2.22496634  0.229947  4.177167  1.4   69  -60
2.22501629  0.228110  4.110717  2.2  101  -44
2.22502183  0.226538  4.054250  0.1  298  -34
2.22502484  0.237314  4.449108  0.9   33  -24
2.22508018  0.239491  4.531113  0.0   61   33
2.22512486  0.238032  4.476081  0.9  290  -20
2.22514424  0.233523  4.308120  4.2  295   37
2.22518118  0.232659  4.276269  1.0   33  -42
2.22519176  0.229939  4.176889  0.6  180  -55
2.22519933  0.232304  4.263257  0.4  299  -66
2.22526216  0.233137  4.293863  0.1  351   60
2.22527864  0.228242  4.115462  0.9  295   55
2.22528108  0.229657  4.166663  0.7  107   57
2.22536744  0.218000  3.754401  2.3  303   41
2.22536704  0.217960  3.753020  2.2  302   41
2.22536759  0.218998  3.788859  3.7  304   41
2.22536625  0.218650  3.776813  2.1  124   35
2.22545966  0.221826  3.887337  1.0  205  -27
2.22546025  0.221872  3.888965  0.7  205  -27
2.22545949  0.222118  3.897579  0.2  206  -25
2.22548297  0.225392  4.013321  0.4  208  -44
2.22553323  0.225890  4.031073  0.0  181  -11
2.22553495  0.225742  4.025792  0.1  325  -26
2.22560939  0.232659  4.276283  0.0  126   55
2.22562277  0.234750  4.353490  0.4  111  -43
2.22564604  0.234596  4.347786  0.9   49  -81
2.22565258  0.231227  4.223803  1.1   71  -61
2.22569608  0.230514  4.197793  0.4  311  -51
2.22569505  0.231791  4.244425  2.6  320  -50
2.22574674  0.237817  4.467987  0.4  189  -74
2.22581313  0.229318  4.154350  0.4  169  -59
2.22581307  0.232239  4.260878  0.3  169  -59
2.22581377  0.231483  4.233183  0.4  182  -59
2.22586440  0.235531  4.382506  0.0  277  -70
2.22586085  0.236570  4.421247  0.1  310  -50
2.22589479  0.236313  4.411656  0.0  355   59
2.22594725  0.240999  4.588347  0.1  297  -41
2.22596531  0.234825  4.356281  0.1  245  -50
2.22601517  0.226383  4.048677  0.7  274  -53
2.22601668  0.228039  4.108144  0.3  290  -59
2.22601466  0.230153  4.184644  0.4  186  -59
2.22601430  0.231266  4.225243  1.1  298  -23
2.22610706  0.236690  4.425738  0.2  198   72
2.22614932  0.231131  4.220289  0.1  115   41
2.22614978  0.230126  4.183679  0.2  293   54
2.22615207  0.233076  4.291626  0.3  278   57
2.22619934  0.232614  4.274624  0.0  290  133
2.22624694  0.226970  4.069712  0.7   73   84
2.22624358  0.225003  3.999478  1.1   48   61
2.22629709  0.223263  3.937876  0.2  285   62
2.22629730  0.222598  3.914427  0.3  285   62
2.22629742  0.225040  4.000806  0.2  288   61
2.22638085  0.234139  4.330867  0.5  117   36
2.22639230  0.222319  3.904631  0.2  195   40
2.22639440  0.221989  3.893047  1.0  194   36
2.22645638  0.222477  3.910185  0.7  289   56
2.22647713  0.222501  3.911014  0.0   29  -57
2.22651295  0.223807  3.957063  0.2  130   60
2.22651910  0.224016  3.964478  0.2  180   52
2.22652610  0.221076  3.861107  0.0  170   41
2.22657100  0.224712  3.989136  0.0  183  -65
2.22657416  0.228186  4.113443  0.6  186  -64
2.22663344  0.227805  4.099723  0.0   45  -79
2.22668207  0.220199  3.830536  0.2   10  -46
2.22668361  0.220272  3.833062  0.5  186  -50
2.22668196  0.219180  3.795154  0.4  191  -59
2.22674484  0.229448  4.159065  2.9  165  -56
2.22674339  0.228701  4.132042  3.5  307  -54
2.22678589  0.228483  4.124156  1.0   78   67
2.22679177  0.229927  4.176460  1.2  162  -64
2.22683035  0.234583  4.347305  0.4  201  -61
2.22688716  0.227576  4.091462  0.0  110   65
2.22688578  0.225011  3.999770  0.4   65  -53
2.22688561  0.221983  3.892838  0.2   87  -50
2.22694129  0.233026  4.289782  1.4  351   24
2.22694268  0.233487  4.306781  0.4  172   11
2.22703368  0.228960  4.141389  0.0    5  -78
2.22702688  0.235654  4.387083  0.7    6  -55
2.22703013  0.234739  4.353086  1.4  189  -76
2.22710248  0.232079  4.255004  1.5  177  -13
2.22710380  0.233715  4.315185  1.3  177  -13
2.22711074  0.232659  4.276290  0.3  183  -43
2.22716975  0.237140  4.442604  1.8  350  -50
2.22716729  0.231773  4.243779  0.1   53  -49
2.22718467  0.232158  4.257901  0.0  259   41
2.22725556  0.233481  4.306554  0.1  298  -56
2.22726008  0.232269  4.261954  0.2  298  -55
2.22726397  0.229210  4.150444  0.0   67  -77
2.22732691  0.225317  4.010641  0.7  305   52
2.22733117  0.225507  4.017408  0.3  286   48
2.22734390  0.234849  4.357184  0.8   27   48
2.22738666  0.231216  4.223416  0.7  283   62
2.22741745  0.228787  4.135131  0.0  192  -67
2.22741713  0.228139  4.111763  0.0  204  -64
2.22748894  0.234372  4.339498  1.0  304   27
2.22750793  0.227128  4.075398  0.6   33  -55
2.22751233  0.229606  4.164803  1.5   60  -66
2.22756434  0.228745  4.133606  3.1  278  -61
2.22756196  0.230044  4.180705  2.5   72  -63
2.22759842  0.228075  4.109453  0.0  184   42
2.22762025  0.230476  4.196401  1.0  262   63
2.22766788  0.233023  4.289687  2.6  226   52
2.22766338  0.234483  4.343616  3.0  277   52
2.22770542  0.235879  4.395463  2.4    6   34
2.22771117  0.233559  4.309423  0.8  162   33
2.22778321  0.231859  4.246934  0.1  275  -63
2.22776886  0.229882  4.174824  1.0   36   31
2.22782576  0.222537  3.912296  0.5   36  -46
2.22782388  0.220246  3.832155  0.1  216  -54
2.22782760  0.223672  3.952310  1.0  233  -64
2.22789710  0.230338  4.191378  0.1   16  -75
2.22790082  0.231250  4.224642  0.1  293  -34
2.22794701  0.236834  4.431147  0.4  300  -47
2.22795980  0.233600  4.310958  1.1  293   46
2.22802084  0.220002  3.823678  0.4  126   58
2.22801920  0.219895  3.819945  0.7  299   79
2.22801923  0.218889  3.785065  0.2  302   64
2.22807971  0.228258  4.116038  0.4  199   56
2.22807862  0.226896  4.067065  0.1   49   65
2.22811121  0.239969  4.549230  2.0   39   26
2.22816565  0.232265  4.261798  0.3  217   40
2.22822246  0.219449  3.804470  0.0  129   44
2.22822483  0.220367  3.836351  0.0  126   37
2.22822435  0.220774  3.850547  0.3  296   51
2.22828332  0.229722  4.169010  2.0   55   65
2.22828454  0.231303  4.226594  1.6  190   44
2.22833305  0.234212  4.333573  4.9  130   47
2.22834063  0.231783  4.244146  2.4  173   30
2.22835900  0.231167  4.221610  0.4  350  -24
2.22840353  0.225525  4.018051  0.3  296  -55
2.22840555  0.226330  4.046801  0.6  300  -62
2.22846096  0.226814  4.064118  1.5  164  -83
2.22846362  0.227124  4.075234  3.0  312  -56
2.22846360  0.224154  3.969345  2.8  131  -54
2.22851056  0.227296  4.081419  0.1  200  -35
2.22853670  0.231506  4.234017  0.3  154   46
2.22856382  0.235111  4.366909  2.1  309  -36
2.22861717  0.225637  4.022060  1.5  283  -62
2.22861804  0.222991  3.928270  0.7  103  -56
2.22862019  0.223599  3.949739  2.8  125  -51
2.22866074  0.229325  4.154591  0.7  215  -54
2.22871784  0.231639  4.238860  0.1  313  -61
2.22871709  0.231604  4.237611  0.2  117  -51
2.22875651  0.233831  4.319484  0.3  120   30
2.22876713  0.230440  4.195096  0.2  118  -48
2.22879051  0.233737  4.316003  2.6  245   -7
2.22885831  0.236089  4.403303  0.1  306   -8
2.22885902  0.241498  4.607369  2.6  193   33
2.22889365  0.234598  4.347853  3.1  193    1
2.22893354  0.232450  4.268596  4.2  185   -9
2.22893612  0.233560  4.309464  0.1   84  -68
2.22896322  0.233738  4.316038  2.1  348   41
2.22900172  0.227119  4.075044  0.0  113   54
2.22902067  0.229807  4.172096  0.2  188   53
2.22901462  0.231985  4.251546  0.5   29   66
2.22905530  0.233709  4.314983  5.6   65   11
2.22909872  0.236882  4.432915  0.1  197  -56
2.22914458  0.228042  4.108255  0.2  293  -62
2.22916949  0.224658  3.987239  2.2  314   33
2.22917131  0.223292  3.938894  2.7  315   24
2.22920549  0.232610  4.274472  0.1   20   36
2.22922025  0.228253  4.115842  0.1  335  -55
2.22928517  0.230103  4.182856  0.1  297  -59
2.22928526  0.232275  4.262177  0.0  305  -59
2.22928651  0.230611  4.201321  0.5  326  -65
2.22934962  0.217717  3.744672  0.0   14  -36
2.22935058  0.216715  3.710268  0.0   13  -37
2.22938777  0.234983  4.362160  0.2   73  -74
2.22944376  0.234679  4.350846  0.6   22  -33
2.22944505  0.233731  4.315785  0.9  198  -56
2.22945269  0.236096  4.403551  0.3   37  -21
2.22948928  0.239861  4.545113  0.2  186  -41
2.22952699  0.237596  4.459714  0.0  307  -56
2.22954382  0.238242  4.483979  0.1   79  -54
2.22958964  0.235883  4.395632  0.3    6   70
2.22959235  0.234643  4.349512  0.3   36   69
2.22963888  0.239883  4.545964  0.0  185   71
2.22965282  0.237553  4.458090  0.6  205   42
2.22971219  0.234234  4.334381  0.1  310   64
2.22971382  0.233410  4.303935  0.0  295   55
2.22970939  0.234540  4.345727  0.0  290   49
2.22975026  0.231079  4.218389  0.3  215  -58
2.22979281  0.237665  4.462298  0.1  193   54
2.22979241  0.237018  4.438025  1.2   19   48
2.22985201  0.231655  4.239456  0.0  292  -72
2.22984935  0.235962  4.398579  0.2  323  -59
2.22987651  0.239403  4.527805  3.8   27    6
2.22993163  0.230938  4.213271  0.3   83  -57
2.22993050  0.232139  4.257179  0.9  284  -48
2.22997268  0.236632  4.423574  0.2  102  -42
2.22998824  0.236696  4.425986  1.6  313  -29
2.23004978  0.234582  4.347287  2.1  210   51
2.23004893  0.235266  4.372649  1.9   50   48
2.23009834  0.228769  4.134480  1.0  285   53
2.23009722  0.229780  4.171121  0.0  295   58
2.23016063  0.234655  4.349966  1.0   65   61
2.23015437  0.233751  4.316532  0.2  236   53
2.23019232  0.234241  4.334637  1.7   60   48
2.23022243  0.224933  3.997008  3.4  204   15
2.23022713  0.225331  4.011150  4.4  203   16
2.23028360  0.230543  4.198861  1.9   65   27
2.23029050  0.224367  3.976903  0.5  242   35
2.23033694  0.217950  3.752665  2.4  287 -144
2.23033744  0.217990  3.754034  2.5  108  -38
2.23033634  0.217996  3.754246  2.1  106  -36
2.23037819  0.219791  3.816325  0.0   97  -47
2.23038988  0.225837  4.029185  1.6  300   27
2.23049064  0.213945  3.616041  0.1   39  -37
2.23049126  0.212462  3.566065  0.1   41  -41
2.23049219  0.212395  3.563806  0.3  229  -49
2.23053973  0.228432  4.122326  6.2  316   16
2.23055184  0.224761  3.990869  0.2   21  -46
2.23059893  0.233547  4.308982  1.0  193   53
2.23063111  0.233539  4.308701  2.6   12   16
2.23064306  0.230724  4.205448  2.9    8  -12
2.23065520  0.231109  4.219496  5.1  198  -43
2.23068301  0.228901  4.139260  2.9   12  -36
2.23077336  0.218221  3.762020  5.2  135   60
2.23077329  0.217907  3.751200  5.1  290   60
2.23077558  0.217693  3.743843  5.4  281   66
2.23077562  0.218553  3.773466  4.8  281   65
2.23077482  0.218687  3.778114  4.6  276   65
2.23083100  0.225850  4.029662  0.0  110  -65
2.23088697  0.233771  4.317266  0.9   67   61
2.23089396  0.233845  4.320013  1.1   42   65
2.23095697  0.231989  4.251707  0.1  258  -71
2.23096178  0.231034  4.216771  0.3  285  -66
2.23095990  0.231889  4.248017  0.2   75  -62
2.23100635  0.232151  4.257633  0.5  324 -135
2.23106044  0.232832  4.282654  2.6   33  -47
2.23107359  0.230600  4.200935  2.6  184  -60
2.23108098  0.228274  4.116625  0.1  315  -47
2.23108483  0.229804  4.171984  2.4  219  -77
2.23113856  0.237244  4.446493  0.4   51   85
2.23118423  0.235903  4.396375  0.0  282   53
2.23124906  0.227032  4.071948  0.8  315   57
2.23124427  0.226953  4.069116  0.2  100   44
2.23124840  0.227242  4.079464  1.0  149   47
2.23124908  0.227575  4.091453  0.5  330  135
2.23128503  0.229444  4.158921  0.0  209    9
2.23130780  0.235601  4.385135  0.5  266   50
2.23137874  0.233413  4.304053  1.2   33  -49
2.23141972  0.226465  4.051619  0.8   23   -6
2.23142929  0.223778  3.956048  0.1   23   -4
2.23143042  0.224429  3.979088  0.2   22   -6
2.23144431  0.226156  4.040586  1.6   61   -2
2.23148825  0.225529  4.018198  0.1  213   32
2.23149234  0.225685  4.023760  0.4   36   40
2.23153809  0.232432  4.267957  0.5  179   41
2.23159430  0.213587  3.603950  0.0  100  -48
2.23159327  0.211846  3.545409  0.0  292 -131
2.23159927  0.222194  3.900257  0.3  102  -39
2.23165260  0.224637  3.986463  0.2  278   40
2.23166195  0.225892  4.031143  0.7  270   46
2.23166233  0.225810  4.028226  0.2  270   43
2.23172505  0.230414  4.194158  0.1  198   55
2.23177634  0.225895  4.031267  0.1   20  -47
2.23176992  0.228115  4.110893  0.0   13  -46
2.23182202  0.230822  4.209009  3.8  130  -16
2.23182381  0.231015  4.216058  5.4  324   -7
2.23185890  0.235853  4.394490  0.6   54   44
2.23187544  0.236170  4.406326  0.4  212   43
2.23190484  0.237226  4.445813  0.3   23   -3
2.23197344  0.232897  4.285030  0.7  131  -55
2.23198287  0.224449  3.979795  3.3  297  -36
2.23198034  0.222789  3.921150  2.0  289  -38
2.23198697  0.223296  3.939014  3.6  301  -30
2.23203377  0.230659  4.203073  5.3  307   33
2.23205221  0.230581  4.200228  1.0   17  -51
2.23205478  0.230089  4.182350  0.2  214  -65
2.23218512  0.236064  4.402360  4.5   94    1
2.23217245  0.229741  4.169697  0.3  199   54
2.23217874  0.224023  3.964704  0.0   70   75
2.23219413  0.235656  4.387164  4.2  274    4
2.23222758  0.234740  4.353141  1.7  115   40
2.23229690  0.232129  4.256831  1.2  114   21
2.23231663  0.227901  4.103178  0.1   24  -48
2.23231634  0.230141  4.184222  2.6  298   52
2.23231480  0.230331  4.191153  0.3  201  -66
2.23236282  0.233364  4.302254  0.0   45  -46
2.23238645  0.230688  4.204155  3.2  306   48
2.23239005  0.231144  4.220768  2.9  307   51
2.23243933  0.231300  4.226486  0.0   69    4
2.23249377  0.227954  4.105072  0.5   71   35
2.23249483  0.228297  4.117450  0.3   69   31
2.23249385  0.228149  4.112118  0.1   69   29
2.23251052  0.228818  4.136268  1.1  307   54
2.23251695  0.231820  4.245496  0.2  139   33
2.23263994  0.231080  4.218426  1.2  287  -53
2.23264098  0.231613  4.237907  1.7  302  -51
2.23266569  0.229514  4.161459  3.9    8    8
2.23266358  0.231511  4.234201  1.0   12   14
2.23276136  0.230563  4.199584  3.1  108   93
2.23276172  0.227223  4.078791  3.4  324   77
2.23282291  0.227916  4.103728  1.0  289    5
2.23282342  0.227441  4.086617  1.3  291    0
2.23283058  0.226759  4.062151  1.0  294  -10
2.23284304  0.224218  3.971640  0.1  185   27
2.23287479  0.226659  4.058580  4.1  312   49
2.23289977  0.226180  4.041444  0.4  189   18
2.23290568  0.228419  4.121839  0.3  187    6
2.23297180  0.222670  3.916956  0.9  332  111
2.23297519  0.218489  3.771256  0.5  129   57
2.23297243  0.219389  3.802375  0.9  139   69
2.23300136  0.228062  4.108970  1.8  278   42
2.23307674  0.221329  3.869922  2.6  107  -61
2.23307724  0.221535  3.877157  2.5  198  -56
2.23307612  0.219645  3.811275  2.0   21  -50
2.23316773  0.225789  4.027478  0.8   33  -35
2.23316879  0.225297  4.009924  1.6   37  -42
2.23316614  0.224780  3.991572  0.1   30  -30
2.23315005  0.226363  4.047971  3.4  132  -36
2.23325687  0.237299  4.448554  0.4  215   39
2.23326599  0.231797  4.244642  0.1  280   58
2.23330774  0.225700  4.024283  2.2  317  -41
2.23330744  0.225735  4.025559  2.5  318  -42
2.23335348  0.233694  4.314407  1.5  306   34
2.23334865  0.233898  4.321971  2.2  164   30
2.23339269  0.227869  4.102013  0.0  296  -64
2.23345490  0.231058  4.217652  1.7   26  -40
2.23345747  0.228245  4.115574  0.1  199  -48
2.23345904  0.228737  4.133346  2.3  217  -55
2.23351535  0.229585  4.164022  4.1   60   14
2.23352494  0.228170  4.112864  4.2   53   16
2.23357242  0.229618  4.165224  0.1  204   32
2.23359138  0.229291  4.153378  0.1  199   45
2.23363429  0.230298  4.189954  0.5   73  -28
2.23364054  0.231008  4.215818  1.9   65  -29
2.23365548  0.227533  4.089916  1.1   62  204
2.23366203  0.226758  4.062118  1.1   54  -15
2.23371368  0.230383  4.193044  0.7  298  -53
2.23374110  0.234749  4.353477  2.9   78   -1
2.23375641  0.234922  4.359876  1.6  304  -35
2.23381385  0.238465  4.492376  3.9   43   18
2.23384505  0.231577  4.236605  0.6  179   15
2.23384495  0.230441  4.195136  0.1  359   27
2.23385115  0.233183  4.295579  1.1  157   22
2.23391143  0.238358  4.488353  2.0  300   53
2.23394202  0.233758  4.316792  0.1   24   20
2.23397919  0.227161  4.076568  0.3  208   49
2.23399429  0.226697  4.059947  4.9  235   23
2.23399671  0.226284  4.045162  4.8  236   23
2.23400909  0.226721  4.060795  2.5   26   46
2.23407427  0.231809  4.245085  2.3  152  -79
2.23411813  0.228939  4.140619  1.0  282   42
2.23414508  0.226816  4.064187  0.2  209   14
2.23414602  0.226664  4.058759  1.0   31   24
2.23415265  0.225317  4.010655  0.0  205   13
2.23422924  0.222505  3.911175  0.0  154  -35
2.23423652  0.222932  3.926194  0.4  157  -34
2.23422886  0.220122  3.827833  0.0  336  -21
2.23425657  0.230161  4.184967  3.3   19  -29
2.23430942  0.227116  4.074953  0.2   22  -16
2.23431544  0.227789  4.099144  0.0   25  -20
2.23433018  0.234911  4.359460  0.1   84  -59
2.23439456  0.237268  4.447411  0.1   87   48
2.23440072  0.234793  4.355081  0.4  308  -61
2.23444672  0.242353  4.640080  1.6  305   53
2.23447960  0.234134  4.330666  0.6  315   33
2.23448245  0.233860  4.320541  0.3  140   22
2.23454327  0.230672  4.203545  0.3  201   23
2.23454554  0.231984  4.251498  1.4   18   29
2.23455399  0.233155  4.294538  2.2    8   42
2.23460213  0.233068  4.291337  0.2  263   72
2.23463925  0.234538  4.345624  0.6  156  -17
2.23465039  0.236116  4.404319  0.0  188   64
2.23470620  0.227136  4.075663  0.8  276   19
2.23470672  0.227017  4.071386  0.4  275   19
2.23470626  0.225988  4.034578  0.5  271   20
2.23474056  0.231070  4.218085  0.0   46   47
2.23479960  0.231798  4.244682  0.2   38  -28
2.23473424  0.233831  4.319483  0.5  231   48
2.23487104  0.232380  4.266041  0.8    7  -66
2.23487630  0.228245  4.115556  3.5  302  -27
2.23487629  0.228012  4.107152  3.5  302  -27
2.23487626  0.227829  4.100584  3.3  301  -24
2.23495249  0.231819  4.245469  0.5  305  -50
2.23495372  0.233135  4.293786  0.6  315  -60
2.23501685  0.220794  3.851250  1.0  210   22
2.23502296  0.221122  3.862703  0.1  207   22
2.23501568  0.222360  3.906077  0.3   33   37
2.23504146  0.227619  4.093007  0.4  195  -13
2.23505998  0.230336  4.191315  0.3   29   53
2.23512689  0.223159  3.934178  0.4  303   50
2.23512471  0.223269  3.938080  0.2  287   59
2.23519834  0.227436  4.086441  4.8  218    5
2.23519462  0.226901  4.067256  3.0  213   -4
2.23522336  0.226337  4.047034  2.9   46   43
2.23524104  0.232831  4.282616  0.2  100  -40
2.23522411  0.226039  4.036403  2.6   46   43
2.23533720  0.225720  4.025000  0.0   26  -15
2.23533922  0.228953  4.141124  0.5   37  -61
2.23533510  0.228339  4.118947  0.4  217  -76
2.23540969  0.229005  4.143018  0.0  309  -39
2.23540885  0.227500  4.088748  0.1  309  -41
2.23545075  0.233596  4.310792  0.5   49  -59
2.23548641  0.233124  4.293399  0.3  260    4
2.23551367  0.227664  4.094627  1.4  110  -51
2.23556326  0.219095  3.792197  1.7  294   41
2.23556639  0.219196  3.795709  0.7   33   72
2.23556298  0.217283  3.729748  1.6  113  140
2.23556448  0.221092  3.861640  2.1  336   58
2.23563001  0.224274  3.973595  0.2  279   35
2.23563714  0.223368  3.941582  0.1  292  142
2.23568624  0.233481  4.306563  0.8  282   50
2.23571721  0.225469  4.016057  1.1  304   14
2.23571845  0.225210  4.006848  0.8  303   13
2.23579424  0.221059  3.860509  0.1  192   14
2.23579686  0.221674  3.881995  0.3  191   15
2.23580302  0.226000  4.035014  1.7  180   17
2.23579612  0.223374  3.941781  0.4  190   14
2.23588600  0.216020  3.686515  4.0  331  -20
2.23588763  0.215941  3.683815  4.6  329  -21
2.23588867  0.215927  3.683331  4.7  329  -23
2.23595369  0.225632  4.021870  2.3  304   31
2.23596021  0.226829  4.064672  0.2  160   24
2.23601535  0.228459  4.123277  3.3  303   69
2.23603102  0.226784  4.063059  0.1  293   28
2.23605174  0.225936  4.032713  0.0  193    8
2.23605860  0.229609  4.164921  0.3  194  -21
2.23611878  0.228499  4.124739  3.9  325   18
2.23611990  0.229486  4.160431  4.4  323    7
2.23612353  0.231925  4.249365  3.9  142   -4
2.23620294  0.230361  4.192225  0.8  307   -1
2.23621217  0.228902  4.139280  0.1  166  -13
2.23622478  0.236380  4.414148  0.0  198  -37
2.23628954  0.228007  4.106973  0.1  328  -38
2.23629228  0.230142  4.184254  1.7   71  -54
2.23636202  0.221429  3.873424  1.4   13  -65
2.23636625  0.220499  3.840979  1.9   23  -51
2.23636375  0.220281  3.833384  1.4  212  -70
2.23637677  0.224586  3.984679  0.1  284  -45
2.23644485  0.230912  4.212311  0.0  162  -42
2.23644993  0.233672  4.313613  0.0   79  -33
2.23651688  0.227880  4.102409  0.5  288 -138
2.23651578  0.224539  3.983003  0.0  100  -43
2.23651414  0.229532  4.162094  0.1   93  -45
2.23656710  0.237552  4.458055  0.7  306  -33
2.23660848  0.235671  4.387708  0.0   57  -93
2.23661020  0.233247  4.297923  0.1  293  -70
2.23664590  0.238030  4.475995  0.4  289   40
2.23669658  0.237538  4.457526  0.4  124   55
2.23674226  0.239347  4.525689  1.3   72   18
2.23673942  0.238126  4.479611  1.5  296   55
2.23674703  0.236589  4.421960  0.3  187   42
2.23681370  0.224043  3.965440  0.9  239   54
2.23681330  0.224284  3.973963  2.1   85   65
2.23681665  0.227195  4.077784  0.9  170   64
2.23686172  0.231191  4.222491  0.2  112   12
2.23690061  0.236394  4.414698  0.0   84    9
2.23692750  0.233942  4.323590  2.3  169  -56
2.23696881  0.226241  4.043607  0.6  315   69
2.23696602  0.223542  3.947704  0.1   68   64
2.23696738  0.223257  3.937657  0.3  258   59
2.23702835  0.228359  4.119689  0.3  334  -37
2.23702748  0.231711  4.241517  1.3  324  -36
2.23703375  0.230543  4.198852  0.6  331  -31
2.23706378  0.233278  4.299065  2.9  318   50
2.23714641  0.225803  4.027965  2.3  334  -28
2.23714801  0.223551  3.948023  0.2  191  -56
2.23714421  0.224767  3.991091  0.8    8  -41
2.23719123  0.232227  4.260416  0.9  301  -54
2.23722826  0.231499  4.233764  3.6  321    4
2.23728648  0.234959  4.361267  0.8  206   43
2.23730445  0.227847  4.101239  0.1  273  -53
2.23730495  0.230244  4.187963  1.0   66  -53
2.23729156  0.231491  4.233464  0.6   25   58
2.23737837  0.234375  4.339583  0.2  167  -57
2.23739169  0.235447  4.379372  0.1  106  -26
2.23739524  0.235686  4.388283  0.6  313  -53
2.23745209  0.238361  4.488449  2.7  323   -2
2.23745455  0.238682  4.500573  3.5  322    2
2.23745316  0.237549  4.457934  2.2  323   -2
2.23752733  0.238596  4.497321  0.7   60   75
2.23753122  0.238040  4.476362  0.1   58   82
2.23759691  0.235102  4.366577  0.5   71   52
2.23761797  0.235236  4.371547  3.0  311 -139
2.23764516  0.233070  4.291402  2.1  286   54
2.23764702  0.232786  4.280943  0.3  204   61
2.23768579  0.231999  4.252068  0.1   47   55
2.23768628  0.231624  4.238324  2.4  151   23
2.23774986  0.233702  4.314703  4.3  310   54
2.23775670  0.231538  4.235186  3.5  306   56
2.23775839  0.232965  4.287543  3.8  147   37
2.23782443  0.231459  4.232270  0.0   46  -37
2.23785574  0.228913  4.139687  0.1   17    4
2.23786273  0.230795  4.208029  0.1   29   29
2.23790415  0.229982  4.178432  0.2  208   37
2.23790432  0.231108  4.219462  0.2  208   38
2.23798417  0.232911  4.285559  3.5   73    3
2.23795699  0.231842  4.246306  0.0  275   61
2.23800183  0.229960  4.177661  0.0   18  -16
2.23806204  0.225014  3.999867  0.4  210   41
2.23806412  0.227915  4.103688  0.3  212   37
2.23807714  0.227079  4.073608  0.1  202   28
2.23810323  0.234515  4.344770  0.5   12    1
2.23815001  0.235859  4.394731  2.7  294  -42
2.23816943  0.233935  4.323326  1.4  293   37
2.23817171  0.230621  4.201710  0.2  289   37
2.23823355  0.229140  4.147906  2.1  187   42
2.23823511  0.225051  4.001204  0.7  294   67
2.23824720  0.224193  3.970749  0.4  314  -50
2.23831352  0.227183  4.077351  0.8  210   36
2.23833263  0.231190  4.222444  0.5  302  108
2.23833464  0.230492  4.196995  2.1   30   63
2.23839858  0.229819  4.172531  0.7  202  -32
2.23840156  0.228513  4.125246  0.1  203  -28
2.23841314  0.235183  4.369583  0.8  212  -67
2.23847852  0.230347  4.191727  1.1  207   62
2.23848090  0.230790  4.207850  1.4  164   33
2.23854647  0.224126  3.968366  0.1  204   58
2.23854641  0.225062  4.001594  0.2  204   58
2.23856133  0.224652  3.987018  2.1  124   24
2.23855768  0.225011  3.999772  3.1  127   23
2.23863261  0.232782  4.280823  2.7  285   43
2.23864220  0.230387  4.193168  1.0    0   35
2.23869405  0.224874  3.994907  1.2  119   41
2.23869346  0.223854  3.958739  1.6  284   46
2.23872353  0.222109  3.897250  0.0  147   -4
2.23874267  0.228122  4.111141  0.5   55   65
2.23879690  0.227258  4.080039  1.0  360   48
2.23880128  0.223449  3.944417  0.7  347   48
2.23887423  0.220447  3.839166  0.3  184  -29
2.23887383  0.217989  3.754025  0.7  184  -28
2.23887393  0.218179  3.760554  0.9  188  -30
2.23891143  0.231153  4.221096  0.7  293  -37
2.23896586  0.227645  4.093975  4.7  308   13
2.23896509  0.227166  4.076733  4.7  308   11
2.23897559  0.228623  4.129202  0.5   90  -51
2.23903264  0.226448  4.051011  1.1  296  -42
2.23906662  0.220844  3.852997  1.3  301   48
2.23906945  0.222229  3.901458  0.8  285   58
2.23907510  0.220613  3.844935  0.2  288   58
2.23913474  0.228074  4.109397  0.3  180  -74
2.23913455  0.226684  4.059476  0.1  181  -73
2.23918962  0.218390  3.767834  0.6   36  -51
2.23918694  0.219539  3.807576  0.8  201  -59
2.23923030  0.229040  4.144275  0.1  193   29
2.23929690  0.228153  4.112236  2.5  155  -66
2.23929478  0.227362  4.083772  1.6  360  -38
2.23929730  0.223918  3.960992  3.4  333 -113
2.23934827  0.232619  4.274824  3.0   45  -48
2.23936371  0.232616  4.274689  6.6  239   -6
2.23938241  0.236377  4.414048  2.2  165   71
2.23940606  0.233402  4.303630  1.3  301  -19
2.23949750  0.234373  4.339508  0.6  170  -13
2.23949470  0.233521  4.308024  1.0  350   -0
2.23949950  0.232387  4.266297  0.6  356   -3
2.23952891  0.231797  4.244655  0.0  234   22
2.23953263  0.233621  4.311715  0.0  257   50
2.23957874  0.236686  4.425619  0.1   65   53
2.23957554  0.237047  4.439094  0.2  267   66
2.23964434  0.230145  4.184356  0.3  355   47
2.23965855  0.228825  4.136506  0.4  189   21
2.23969111  0.228448  4.122887  1.4  299   42
2.23969439  0.225329  4.011081  0.2  279   48
2.23975606  0.229810  4.172212  0.1  193   62
2.23976021  0.226184  4.041591  0.0  188   46
2.23981888  0.225009  3.999681  0.8  193   43
2.23982421  0.225130  4.004011  1.8  197   51
2.23985422  0.219452  3.804580  0.1  210   37
2.23988440  0.227975  4.105837  1.3   22   36
2.23990279  0.222623  3.915311  0.1  196   -9
2.23996564  0.220810  3.851823  1.1  206   37
2.23996931  0.216927  3.717522  1.7   15   41
2.23996825  0.217373  3.732832  0.0  195   38
2.23998244  0.224111  3.967835  5.9  334    5
2.24006996  0.225895  4.031238  1.1  177  -38
2.24008663  0.216992  3.719752  0.6  270  -53
2.24007938  0.219607  3.809962  0.0   15  -35
2.24007769  0.217284  3.729788  0.3  332  -44
2.24014577  0.215317  3.662546  0.2  298  -58
2.24014918  0.217121  3.724184  0.3  295  -53
2.24014956  0.218656  3.777022  0.7  295  -55
2.24022539  0.228420  4.121883  0.2  291  -43
2.24022840  0.231256  4.224859  0.5  303  -49
2.24029799  0.229955  4.177470  0.9   19  -56
2.24029833  0.225781  4.027201  0.3   23  -51
2.24030036  0.224710  3.989067  0.0  228  -65
2.24035589  0.224390  3.977706  0.4  202   45
2.24035936  0.227619  4.093005  0.5   28   49
2.24040530  0.228156  4.112343  2.8   96   10
2.24041947  0.231278  4.225663  2.8  286   36
2.24049169  0.226311  4.046126  0.8   50  -47
2.24049090  0.223572  3.948770  0.3   46  -49
2.24054541  0.212558  3.569295  0.2  233   58
2.24056121  0.209055  3.452625  0.0  297  -32
2.24056214  0.212712  3.574462  1.0  298  -36
2.24056096  0.210654  3.505626  0.2  300  -34
2.24054904  0.216075  3.688369  0.1  222   74
2.24064347  0.230186  4.185877  0.6   25   50
2.24068484  0.225023  4.000208  0.5  192  -23
2.24069313  0.224859  3.994374  0.7  193  -27
2.24074725  0.223663  3.951990  1.7  297   36
2.24074762  0.223156  3.934091  1.4  296   38
2.24081153  0.223071  3.931098  0.2  217   67
2.24080429  0.225238  4.007832  1.0  261   52
2.24085209  0.234661  4.350205  3.9  195   42
2.24085098  0.232269  4.261959  3.2  288   60
2.24089752  0.226243  4.043669  1.1  191   38
2.24092422  0.225541  4.018647  0.0  358  -36
2.24094500  0.227468  4.087598  0.0   88   61
2.24093070  0.226758  4.062123  1.3  195  -10
2.24100050  0.226561  4.055055  0.1  204   24
2.24100247  0.230053  4.181033  1.1  292   76
2.24100070  0.228664  4.130685  0.1   26   33
2.24108480  0.223782  3.956190  2.5  184   -9
2.24108490  0.223708  3.953591  2.5  184   -9
2.24113869  0.220869  3.853881  2.1  186  -48
2.24114612  0.218521  3.772353  1.0    7 -128
2.24116505  0.229619  4.165250  0.1  244  -15
2.24121205  0.228858  4.137708  1.0   11  -26
2.24126728  0.229406  4.157544  1.6  157   16
2.24126757  0.229898  4.175387  1.4  155   22
2.24126728  0.230006  4.179304  1.8  156   21
2.24131279  0.230282  4.189341  2.5  356   12
2.24132161  0.231901  4.248484  5.8  327    8
2.24138492  0.225027  4.000349  1.9   95   52
2.24139140  0.227641  4.093810  1.5  263   50
2.24143190  0.225641  4.022206  4.0   85   54
2.24148343  0.209807  3.477485  3.4  132   94
2.24148793  0.205537  3.337385  2.4  183   59
2.24148598  0.206186  3.358494  3.0  343   71
2.24148682  0.208751  3.442587  3.1  166   60
2.24154501  0.218972  3.787939  0.0  290    0
2.24159325  0.216021  3.686552  0.2  154  -69
2.24159371  0.215964  3.684579  0.0  173  -61
2.24159518  0.217025  3.720874  0.1  333  -48
2.24167088  0.220961  3.857094  0.2   42  -40
2.24171874  0.221047  3.860083  4.1  324  -37
2.24172008  0.219794  3.816434  4.4  108  -48
2.24171769  0.219526  3.807158  4.2  110  -49
2.24171952  0.220076  3.826235  4.0  110  -46
2.24181143  0.223531  3.947337  0.3  102  -68
2.24181609  0.222525  3.911880  0.3  292  -55
2.24187834  0.229671  4.167140  1.0  289  -50
2.24187551  0.224930  3.996895  1.0  305  -47
2.24187558  0.223815  3.957356  0.0  306  -45
2.24190877  0.226558  4.054939  1.1   17   60
2.24193236  0.234318  4.337502  0.9  214  -39
2.24198996  0.225448  4.015307  0.0  207  -35
2.24199800  0.224645  3.986763  0.1   93  -34
2.24202652  0.231359  4.228627  1.8   98  -29
2.24208782  0.222740  3.919429  0.2  159  -64
2.24208993  0.222800  3.921554  0.2    7  -54
2.24208749  0.223661  3.951932  0.3  352  -52
2.24213756  0.231559  4.235938  0.1   90  -41
2.24219762  0.235428  4.378699  0.1  280  -53
2.24219801  0.233546  4.308942  0.0  273  -52
2.24225168  0.231662  4.239731  2.1  225   39
2.24226565  0.229474  4.160010  2.4  215   45
2.24226981  0.229866  4.174218  0.4   44   55
2.24231252  0.237918  4.471799  2.9  190   31
2.24232528  0.235333  4.375146  2.3    6   29
2.24232582  0.235978  4.399178  2.4    9   26
2.24240292  0.237480  4.455328  1.3  283   14
2.24243495  0.232817  4.282105  0.1   76  -68
2.24243427  0.232418  4.267436  0.1   77  -73
2.24249505  0.230345  4.191663  3.2  301   47
2.24249500  0.228894  4.139022  4.5  149   38
2.24249470  0.229951  4.177303  3.8  306   47
2.24254011  0.223658  3.951815  0.1  286   41
2.24258063  0.237678  4.462791  2.8  174    2
2.24259480  0.227845  4.101144  0.9   46   54
2.24265048  0.233912  4.322473  2.4  195   47
2.24265422  0.229098  4.146403  0.3  251   56
2.24272773  0.226247  4.043821  1.4  283   -8
2.24273287  0.224958  3.997874  2.1  281   -8
2.24274322  0.222499  3.910972  3.2   97    1
2.24275375  0.224027  3.964863  0.5  280   20
2.24275391  0.224511  3.981999  0.4  279   21
2.24281995  0.235140  4.367963  2.7    8   -6
2.24283370  0.232623  4.274958  4.0  113  -47
2.24291499  0.220807  3.851717  0.6  299   14
2.24291447  0.220087  3.826624  0.9  299   14
2.24291510  0.220010  3.823949  0.9  299   15
2.24291536  0.221533  3.877065  1.0  298   14
2.24298670  0.234250  4.334982  0.1  348  -31
2.24304202  0.229952  4.177367  2.0   20  -71
2.24304351  0.227758  4.098027  1.0  296  -62
2.24304835  0.228058  4.108820  2.7  307  -45
2.24305687  0.226741  4.061510  1.1  302  -26
2.24308061  0.227932  4.104276  0.4  290  -33
2.24314217  0.235151  4.368366  0.4    2  -47
2.24314450  0.240561  4.571682  1.6  300  -35
2.24324168  0.235437  4.379028  2.2   15  -35
2.24322490  0.233876  4.321139  0.7  353  -29
2.24325201  0.232459  4.268930  0.2   71   53
2.24326262  0.231368  4.228973  0.3   52   60
2.24331238  0.234163  4.331764  0.4  317  131
2.24332537  0.229429  4.158372  0.0  355   46
2.24333182  0.226341  4.047184  0.3  310   49
2.24338521  0.226903  4.067299  0.2   70   67
2.24338485  0.229482  4.160313  0.1  266   59
2.24343573  0.227137  4.075710  0.1  182   58
2.24344823  0.232843  4.283070  0.8   24  -47
2.24341347  0.231575  4.236517  0.3  292  172
2.24358513  0.234989  4.362377  2.0  100    4
2.24355023  0.236832  4.431078  0.0  195   27
2.24360122  0.227282  4.080904  0.2  112   52
2.24359973  0.224884  3.995246  0.1  286   40
2.24360197  0.226189  4.041742  0.1  282   46
2.24360117  0.226462  4.051521  0.4  281   37
2.24369942  0.228090  4.109962  1.2  120   60
2.24369767  0.228371  4.120109  2.2  287   65
2.24370357  0.228524  4.125624  2.5  288   62
2.24375561  0.232482  4.269785  2.4  308   33
2.24377097  0.233005  4.289014  4.4  198   43
2.24377517  0.235490  4.380996  4.8   14   45
2.24383658  0.237014  4.437894  1.0  169  -62
2.24388146  0.236630  4.423508  1.5   28  -36
2.24388473  0.227364  4.083841  0.0  303  -57
2.24388842  0.230256  4.188419  0.1  310  -57
2.24394318  0.228039  4.108137  0.1   70  -43
2.24398889  0.231290  4.226109  0.1  269  -62
2.24398828  0.230776  4.207330  0.3   66  -53
2.24403221  0.233519  4.307970  1.5  323  -42
2.24407477  0.227906  4.103366  3.0   72  -68
2.24407497  0.226150  4.040378  4.0  303  -64
2.24407520  0.231337  4.227813  3.2  207  -75
2.24410983  0.233577  4.310094  0.2  317  -65
2.24419196  0.234977  4.361924  1.8  192   56
2.24419718  0.234669  4.350493  2.2  107   29
2.24420169  0.233894  4.321818  0.8  291   41
2.24426526  0.217769  3.746453  0.0  111    6
2.24426725  0.217081  3.722806  0.0  286   10
2.24426373  0.218146  3.759436  0.0  289    8
2.24426834  0.217877  3.750147  0.1  286    9
2.24428564  0.237612  4.460300  0.6  245  125
2.24439565  0.231329  4.227529  0.8  210   41
2.24440180  0.234976  4.361889  2.0  212   26
2.24444052  0.228272  4.116543  3.8  112   -5
2.24443573  0.228196  4.113784  2.6  118  -14
2.24448761  0.226946  4.068837  0.3  298   54
2.24448637  0.229851  4.173670  0.9  294   49
2.24452934  0.234410  4.340884  0.3  296  -22
2.24453311  0.231874  4.247465  0.8  328  -15
2.24459491  0.229319  4.154387  4.3  321   28
2.24460355  0.233113  4.293000  2.0  109   39
2.24467489  0.233037  4.290198  2.0  300   33
2.24467544  0.232453  4.268700  1.5  297   37
2.24467919  0.233004  4.288978  2.5  302   43
2.24472389  0.232629  4.275172  0.7  294  -45
2.24476724  0.227554  4.090696  4.7  185   26
2.24477567  0.227466  4.087527  7.9  321   35
2.24478299  0.226369  4.048189  4.2  181   19
2.24484153  0.229336  4.155011  0.2    8   13
2.24484418  0.230759  4.206709  0.3    6   13
2.24489959  0.229616  4.165147  2.5  297   62
2.24491136  0.227837  4.100869  0.0  164   13
2.24494772  0.226913  4.067676  0.9  294  -18
2.24494775  0.222510  3.911360  0.8  113  -17
2.24501238  0.227185  4.077429  1.9  333  -35
2.24502131  0.226721  4.060799  2.8  125  -41
2.24503023  0.226942  4.068693  3.5   62  -34
2.24508966  0.221456  3.874378  3.4   12  -48
2.24509084  0.220367  3.836376  4.3  298  -59
2.24509331  0.220564  3.843217  2.5   12  -42
2.24517924  0.225627  4.021712  0.0  145  -34
2.24517955  0.230957  4.213965  0.0  271  -41
2.24518271  0.228825  4.136523  0.2  333  -26
2.24522607  0.225006  3.999580  1.4  299  -14
2.24522770  0.223264  3.937885  1.9  297  -12
2.24524652  0.237861  4.469668  4.2  316  -29
2.24530972  0.232605  4.274320  1.2   54   54
2.24534631  0.228618  4.129015  0.8  201   51
2.24534807  0.230255  4.188356  0.9   28   65
2.24538874  0.234569  4.346792  2.4    5  -27
2.24544046  0.237425  4.453295  1.0  150  -62
2.24544303  0.235095  4.366318  0.0    7  -43
2.24548916  0.229014  4.143357  0.4   40  -45
2.24549386  0.230200  4.186387  1.3   55  -55
2.24554051  0.229039  4.144255  1.0  287  -40
2.24554157  0.232470  4.269335  1.2   21  -46
2.24559373  0.238511  4.494115  3.2  295   40
2.24559890  0.236971  4.436271  2.7  125   41
2.24565867  0.235664  4.387482  0.0  314   75
2.24565936  0.232958  4.287281  0.0  112   53
2.24566215  0.234985  4.362230  0.1  277   57
2.24573865  0.237558  4.458265  0.5  183   49
2.24574037  0.236998  4.437263  2.0  191   48
2.24578189  0.238363  4.488546  0.2  286  -51
2.24580014  0.233018  4.289510  1.8  115    4
2.24580728  0.237486  4.455570  1.9  307   17
2.24586211  0.237428  4.453391  0.8  299  -30
2.24588488  0.234382  4.339849  1.1  206   10
2.24589225  0.234928  4.360119  1.6  179   21
2.24594366  0.232632  4.275305  0.2   84   87
2.24594230  0.230900  4.211857  0.1   35   82
2.24599628  0.232277  4.262251  0.5   54   61
2.24599889  0.230835  4.209484  2.0  300   28
2.24604222  0.232901  4.285200  3.3  302   35
2.24605328  0.231780  4.244019  0.4  360  -31
2.24612594  0.222761  3.920157  0.1  218  -55
2.24612584  0.223392  3.942432  0.1  217  -51
2.24612399  0.225290  4.009684  0.3  210  -57
2.24619842  0.237388  4.451894  0.7  156  -50
2.24619476  0.236365  4.413589  0.1  308  -63
2.24619365  0.237504  4.456243  0.7   18   38
2.24627709  0.243424  4.681173  0.3  251  -26
2.24630039  0.236236  4.408795  0.7  195   21
2.24630830  0.236597  4.422288  0.1  190   25
2.24635801  0.234162  4.331732  0.4    3 -130
2.24634065  0.234206  4.333346  0.9  104  -66
2.24639253  0.233318  4.300535  0.2   48  -56
2.24639403  0.231333  4.227674  0.7  205  -74
2.24645191  0.236153  4.405701  1.5  293  -51
2.24645161  0.236268  4.409980  1.9  297  -50
2.24650242  0.234945  4.360742  1.5  180   54
2.24654165  0.236233  4.408694  0.6   33   -1
2.24653620  0.234465  4.342942  0.8  107   19
2.24654686  0.233787  4.317859  0.9  289   29
2.24663027  0.227817  4.100134  0.1  116   45
2.24662776  0.231830  4.245851  0.1  286   47
2.24664855  0.232910  4.285506  0.4   97   30
2.24670108  0.222985  3.928072  0.6   57  -29
2.24670232  0.223709  3.953597  0.1  250  -36
2.24670730  0.222479  3.910273  0.1   57  -27
2.24676605  0.230537  4.198642  0.0  317    7
2.24675678  0.233286  4.299351  0.1  306   44
2.24684899  0.231463  4.232423  1.3  296   31
2.24684443  0.231168  4.221636  2.0  205   40
2.24684874  0.229444  4.158919  0.8   33   48
2.24688367  0.238985  4.511992  2.3  259  -45
2.24694422  0.236090  4.403338  0.1  205   54
2.24697116  0.234915  4.359627  1.7  294  -48
2.24696965  0.233590  4.310565  1.0  303  -48
2.24700025  0.235405  4.377844  1.5  177    4
2.24703529  0.233456  4.305634  0.7  178  -13
2.24706149  0.234769  4.354216  0.3  359   17
2.24706894  0.236247  4.409208  0.5  359   10
2.24713974  0.230896  4.211736  2.3   34  -42
2.24713782  0.228923  4.140043  2.3   22  -44
2.24713958  0.228580  4.127652  2.4  221  -54
2.24718622  0.238361  4.488457  0.7  173    7
2.24721230  0.238734  4.502513  1.0  118   46
2.24724674  0.236743  4.427721  0.4  170  -66
2.24728870  0.236299  4.411157  1.3  309  -34
2.24730773  0.236562  4.420983  1.3    3  -15
2.24731202  0.232581  4.273409  1.9  323  -44
2.24734349  0.237469  4.454920  1.0  174  -58
2.24739538  0.234829  4.356411  1.4    2  -49
2.24739913  0.235672  4.387744  4.4  312  -64
2.24746826  0.232237  4.260770  1.0  130   62
2.24746501  0.232353  4.265054  0.0  180   65
2.24746923  0.233123  4.293359  0.0  281   66
2.24754436  0.236807  4.430120  0.8  118   31
2.24754431  0.237787  4.466886  1.4  294   35
2.24754833  0.238791  4.504674  1.1  192   51
2.24761811  0.237081  4.440385  0.1  190   45
2.24762333  0.236245  4.409137  0.5  358   -3
2.24765509  0.233409  4.303906  0.0  298  -68
2.24765711  0.232139  4.257199  0.0  304  -66
2.24771035  0.236112  4.404156  0.1  191  -34
2.24773377  0.236933  4.434856  1.1  191  -64
2.24776317  0.235703  4.388920  1.0   87  -15
2.24778533  0.235629  4.386151  0.4  271    9
2.24782529  0.237501  4.456146  1.0  359  -63
2.24786033  0.234887  4.358564  0.1  194   29
2.24785925  0.234567  4.346697  1.3  155   42
2.24790955  0.234473  4.343236  1.7  297  123
2.24791045  0.230441  4.195139  0.9  282   36
2.24795283  0.235010  4.363163  0.1   23  -51
2.24795674  0.230213  4.186828  0.2   60  -29
2.24802430  0.231009  4.215842  1.4  142   -6
2.24803986  0.230558  4.199401  0.6   73   21
2.24806221  0.230296  4.189867  1.8  296   59
2.24806035  0.229879  4.174704  0.4  234   30
2.24804767  0.228635  4.129641  0.2  241   24
2.24816614  0.231613  4.237931  3.9  125   -7
2.24818398  0.225312  4.010484  0.0  290  -25
2.24818270  0.226284  4.045161  0.3  109  -28
2.24818592  0.226027  4.035953  0.0  295  -23
2.24824110  0.230401  4.193689  0.1   53   11
2.24826997  0.233176  4.295320  0.1  170  -51
2.24829164  0.233795  4.318136  2.4  320  -39
2.24831158  0.238531  4.494867  1.0   29   59
2.24835621  0.240022  4.551217  0.7  169  -34
2.24836667  0.236450  4.416795  1.7  193   41
2.24841191  0.232405  4.266958  1.0  195   26
2.24842541  0.231356  4.228536  0.6  191   -1
2.24846356  0.230697  4.204472  0.9   27  -65
2.24848963  0.232621  4.274879  0.2  211   46
2.24856455  0.235149  4.368324  1.3  305   22
2.24856528  0.226221  4.042885  0.0   42   44
2.24856765  0.227634  4.093579  0.1  242   48
2.24856791  0.227559  4.090881  0.3  238   51
2.24865434  0.220826  3.852376  0.6  300   44
2.24865319  0.220895  3.854780  0.4  291   41
2.24865349  0.220393  3.837269  0.1  294   40
2.24873000  0.230315  4.190551  3.3  207   52
2.24873407  0.229906  4.175702  3.5  198   47
2.24876160  0.231981  4.251402  3.3  193   54
2.24879711  0.231468  4.232630  1.6   25   12
2.24881739  0.229074  4.145503  2.9   17   -6
2.24886042  0.226599  4.056404  0.2  266   47
2.24886454  0.227310  4.081918  0.0  107   49
2.24889353  0.222675  3.917157  1.0  345   33
2.24891946  0.223948  3.962050  0.1  199   41
2.24892025  0.224974  3.998446  0.6  199   41
2.24897462  0.222038  3.894773  0.6  198  -28
2.24898457  0.220705  3.848146  0.1  204  -30
2.24904181  0.225312  4.010486  3.6  196  -30
2.24904907  0.223997  3.963811  2.2   17  -33
2.24905131  0.222251  3.902239  3.1  195  -46
2.24912991  0.228850  4.137421  1.0   30   51
2.24912877  0.227504  4.088873  0.5   31   49
2.24913938  0.227404  4.085302  1.5  196   33
2.24921863  0.229040  4.144299  0.9  162  -49
2.24921582  0.228431  4.122261  1.8  313  -37
2.24921671  0.228364  4.119868  1.0  115  -47
2.24928255  0.227623  4.093172  2.2  184   -0
2.24928359  0.229783  4.171233  1.7  182    0
2.24930516  0.221926  3.890847  0.1  184  -37
2.24936808  0.220810  3.851794  0.0  289  -60
2.24936792  0.219093  3.792127  0.1   87  -48
2.24937104  0.222173  3.899516  0.0  302  -60
2.24947438  0.217719  3.744725  1.0  229  -61
2.24947218  0.213648  3.605985  4.7  197  -63
2.24947254  0.214076  3.620468  4.2  199  -65
2.24947530  0.215138  3.656448  4.9  212  -67
2.24953078  0.228856  4.137640  5.5  300  -34
2.24953350  0.228334  4.118782  5.7  304  -40
2.24958805  0.232669  4.276655  4.8  195   33
2.24962465  0.229345  4.155340  0.1  271  -18
2.24962885  0.226469  4.051784  0.0   92  -10
2.24966927  0.223751  3.955100  0.1   48  -10
2.24968973  0.225521  4.017935  2.6  318  -41
2.24969500  0.224386  3.977588  1.6  330  -30
2.24973849  0.239465  4.530121  0.4   36   39
2.24978588  0.233661  4.313188  0.5   63  -35
2.24981922  0.229063  4.145103  0.2  102  -16
2.24982255  0.228351  4.119373  0.5  283  -12
2.24982566  0.227753  4.097847  0.4  280  -13
2.24989719  0.232987  4.288358  5.2  292 -129
2.24990104  0.232242  4.260957  6.0  116  -43
2.24989788  0.232781  4.280760  5.7  313  -52
2.24999316  0.232617  4.274730  0.3  289   62
2.24998895  0.231876  4.247561  0.0  185   33
2.24999538  0.234078  4.328626  0.1  273   55
2.25005610  0.229915  4.176000  1.0   93  -57
2.25005420  0.231957  4.250524  0.5   75  -57
2.25009743  0.230392  4.193343  4.1  334    1
2.25011580  0.235312  4.374385  2.0  354  -20
2.25015231  0.231502  4.233843  0.2  196   35
2.25019767  0.234609  4.348257  3.0  297   57
2.25020569  0.233633  4.312153  0.2   33  -44
2.25021102  0.234960  4.361284  0.5   22  -45
2.25028116  0.238904  4.508935  1.3  335  -38
2.25033237  0.228840  4.137040  0.0  111   22
2.25033583  0.229112  4.146879  0.1  110   23
2.25033055  0.228644  4.129961  0.0  290   26
2.25037456  0.230140  4.184180  0.1  257   32
2.25040283  0.231987  4.251618  2.6  163   35
2.25040664  0.230443  4.195204  2.6  155   35
2.25048290  0.232409  4.267115  1.6    8  -43
2.25048876  0.228402  4.121221  0.1  205   46
2.25048571  0.225588  4.020308  0.1   30   58
2.25053756  0.227505  4.088913  1.7   20   36
2.25054052  0.227805  4.099715  1.7   23   32
2.25054824  0.228381  4.120456  2.1  197   16
2.25062640  0.231127  4.220171  3.7  305  140
2.25066672  0.228195  4.113747  6.5  298   43
2.25063114  0.227755  4.097903  5.5  301   47
2.25073222  0.223442  3.944197  1.5  208  -34
2.25072897  0.224541  3.983062  2.4  201  -34
2.25073233  0.225708  4.024580  1.6  208  -35
2.25073277  0.225533  4.018354  1.2  210  -29
2.25074898  0.232385  4.266232  0.1   58  -12
2.25084703  0.233615  4.311500  1.0  287   43
2.25084743  0.233772  4.317310  0.5  287   43
2.25087521  0.232468  4.269255  0.2  196  -39
2.25087559  0.232433  4.267968  0.0  195  -37
2.25089748  0.238962  4.511109  0.3   96  -19
2.25099399  0.237900  4.471124  2.9  299   25
2.25099379  0.235734  4.390088  2.8  350  -34
2.25100759  0.235927  4.397277  3.5  303  -52
2.25101748  0.236804  4.430007  2.4  197  -55
2.25108070  0.238571  4.496369  0.0   32  -41
2.25112057  0.237481  4.455394  1.9   41   19
2.25115520  0.233387  4.303096  1.8  300   46
2.25115612  0.233883  4.321382  2.7  302   47
2.25116398  0.234627  4.348948  1.7  288   52
2.25124079  0.231037  4.216867  0.1   21  -29
2.25124058  0.231670  4.240023  0.0   23  -30
2.25124356  0.233163  4.294820  0.3  199  -51
2.25131637  0.234109  4.329750  0.2  209   60
2.25131948  0.233106  4.292742  0.7  194   55
2.25134448  0.231383  4.229509  0.4  212   40
2.25134553  0.230756  4.206629  0.2   29   45
2.25134646  0.237881  4.470401  2.3  302  -49
2.25144368  0.241822  4.619758  2.2  199   52
2.25144750  0.242206  4.634424  2.7  187   52
2.25150214  0.236306  4.411412  1.7  117  -23
2.25150162  0.235126  4.367470  1.9  299  -18
2.25152848  0.232566  4.272884  0.2   23   12
2.25156273  0.233293  4.299615  0.8  194    8
2.25158251  0.234637  4.349319  0.8  187  -19
2.25167347  0.222974  3.927674  1.1  105   49
2.25166505  0.224002  3.963969  0.9  100   59
2.25167309  0.224711  3.989108  1.3  221  109
2.25167715  0.219020  3.789599  0.2  286   33
2.25174156  0.214629  3.639180  0.3  294   53
2.25174153  0.216052  3.687614  0.1  277   52
2.25181566  0.209913  3.481021  0.7  224   20
2.25181337  0.211434  3.531632  1.1   50   41
2.25181411  0.211562  3.535922  1.3   72   49
2.25183307  0.212520  3.568023  0.3   32   60
2.25188307  0.221800  3.886415  0.9  270   50
2.25188288  0.221595  3.879241  0.5  269   51
2.25194770  0.217091  3.723163  0.1   24  -62
2.25196386  0.214675  3.640757  0.0   86  -52
2.25196269  0.217114  3.723943  0.6   85  -52
2.25201168  0.224143  3.968968  2.1   58  -28
2.25204712  0.228897  4.139124  0.0  312  -41
2.25207710  0.228020  4.107467  0.0  305  -33
2.25207477  0.230730  4.205677  0.2  305  -35
2.25214020  0.226644  4.058016  1.4  133  -31
2.25213836  0.225524  4.018009  1.4  315  -31
2.25222358  0.223796  3.956670  2.1  236   61
2.25222147  0.217277  3.729526  0.2  165   53
2.25222068  0.217493  3.736952  0.8  166   53
2.25222707  0.222047  3.895078  3.2  144   59
2.25231261  0.227196  4.077830  1.0  290  -55
2.25231158  0.227805  4.099714  0.1  301  -58
2.25233427  0.215932  3.683501  0.1  197  -63
2.25234850  0.219704  3.813335  1.0   68  -59
2.25239234  0.219931  3.821186  0.1  270    8
2.25239512  0.222254  3.902367  1.5  270   10
2.25243778  0.230992  4.215215  0.0  195  -54
2.25245016  0.233443  4.305151  0.1  120  -42
2.25255134  0.222237  3.901759  1.1    5  -55
2.25255353  0.220535  3.842214  2.1  276  -55
2.25255668  0.218007  3.754638  2.2  299  -42
2.25256128  0.218728  3.779506  0.3  111  -39
2.25262725  0.230248  4.188103  0.0  126   56
2.25264223  0.233406  4.303792  0.7  271  -50
2.25264281  0.231601  4.237496  1.1   86  -55
2.25264336  0.230784  4.207632  0.5   85  -56
2.25273484  0.231173  4.221832  0.2   26  -44
2.25274298  0.231266  4.225225  0.1   40  -46
2.25274184  0.230404  4.193811  0.0   38  -44
2.25281853  0.235310  4.374286  0.0  181   50
2.25282421  0.233731  4.315783  0.0  299  -58
2.25286277  0.236655  4.424434  0.1   95   16
2.25287978  0.234573  4.346928  0.3   28   58
2.25292060  0.229357  4.155782  1.7  309   58
2.25292487  0.225496  4.017023  0.5  153   33
2.25292956  0.224103  3.967558  0.2  335   43
2.25301045  0.224264  3.973259  0.1  212   10
2.25301435  0.224481  3.980945  0.4  204   11
2.25301617  0.223665  3.952051  0.2  207   11
2.25307478  0.223114  3.932619  0.0   58   22
2.25308080  0.227507  4.089005  0.2   55   24
2.25315313  0.221811  3.886811  0.1   45  -44
2.25315280  0.222796  3.921414  0.4   45  -45
2.25315315  0.223145  3.933707  0.2  227  -56
2.25323002  0.227414  4.085660  0.7  345  -50
2.25326513  0.213804  3.611254  1.3  123   23
2.25326475  0.212559  3.569330  0.4  294   27
2.25326801  0.212256  3.559169  1.3  295   27
2.25326558  0.211905  3.547389  0.9  295   27
2.25333892  0.226084  4.037997  1.6  265   53
2.25334525  0.227800  4.099542  2.9   78   78
2.25342900  0.226456  4.051318  0.5  284   -3
2.25341585  0.223932  3.961490  0.5  158    7
2.25343482  0.224880  3.995120  0.0  188   -8
2.25347777  0.226856  4.065630  3.6  133   48
2.25349398  0.223425  3.943562  1.2  336   57
2.25349353  0.223311  3.939547  1.0  335   56
2.25358933  0.214037  3.619151  0.1  347  -33
2.25359299  0.215274  3.661089  0.0  163  -47
2.25359562  0.217151  3.725202  2.6  173  -54
2.25359334  0.222453  3.909339  3.3  117  -51
2.25365858  0.232036  4.253430  0.3  200   -9
2.25367820  0.228192  4.113668  0.0  278  -65
2.25375094  0.230162  4.184999  0.3  276  -25
2.25377208  0.225279  4.009313  0.2   70  114
2.25377178  0.226927  4.068165  0.6  287   74
2.25377803  0.224081  3.966777  0.6  192   26
2.25383220  0.234951  4.360972  1.2  296  -19
2.25386419  0.235010  4.363145  0.3  305   14
2.25387245  0.235155  4.368544  2.7  255   38
2.25392362  0.221127  3.862871  2.0   97   -1
2.25393742  0.220169  3.829484  1.0  294   34
2.25396952  0.223721  3.954019  0.0  162   44
2.25397093  0.220930  3.855997  0.1  147   49
2.25404153  0.228941  4.140716  0.2   99   56
2.25404616  0.216203  3.692760  0.1   51   34
2.25404659  0.220885  3.854424  0.3  228   31
2.25410348  0.219478  3.805490  2.0  195   37
2.25411940  0.221759  3.884981  3.2  120  -24
2.25412551  0.224306  3.974731  0.1  251  150
2.25417998  0.228666  4.130752  1.0  190  -50
2.25421717  0.220451  3.839305  0.6  314 -135
2.25427406  0.210900  3.513818  0.3  205  -50
2.25427024  0.213328  3.595208  1.6   16  -34
2.25427503  0.212409  3.564288  0.3  181  -58
2.25428735  0.223897  3.960254  0.4  105  -52
2.25431964  0.230085  4.182206  0.1  263  147
2.25437467  0.221042  3.859898  0.1  347   65
2.25437916  0.224532  3.982741  1.5   47   85
2.25445443  0.223339  3.940545  4.5  314   21
2.25447247  0.221974  3.892522  2.5  298   -8
2.25446928  0.219859  3.818686  0.1  298   -2
2.25452564  0.213699  3.607717  2.0  310   55
2.25453364  0.212182  3.556663  2.6  192   47
2.25453482  0.211740  3.541878  2.7  196   53
2.25463543  0.217388  3.733336  1.4   14  -49
2.25462700  0.218914  3.785951  3.1  178  -53
2.25463775  0.214876  3.647578  1.2  202  -49
2.25469444  0.212543  3.568801  0.1   13    2
2.25469506  0.211947  3.548795  0.4   13    1
2.25470814  0.212526  3.568218  0.3   16  -18
2.25470793  0.212304  3.560754  1.1   15  -13
2.25477469  0.221960  3.892020  0.1  353   27
2.25480668  0.227739  4.097335  0.5  304  -53
2.25481281  0.229138  4.147816  0.1  282  -32
2.25486912  0.218550  3.773373  0.4  345  -26
2.25488878  0.220489  3.840625  0.2  295  -18
2.25488798  0.223653  3.951622  0.1  310  -30
2.25489638  0.224284  3.973962  0.1  291   -8
2.25498328  0.223030  3.929634  0.2   36  -37
2.25497766  0.224489  3.981229  0.0   61   -9
2.25501519  0.231391  4.229785  0.2  276   42
2.25505811  0.227609  4.092675  0.7  308  -43
2.25506099  0.225129  4.003958  0.2  310  -40
2.25512642  0.217621  3.741361  0.0   33  -43
2.25512545  0.217376  3.732934  0.0   26  -40
2.25512669  0.219306  3.799508  0.5  215  -49
2.25517650  0.229936  4.176792  4.9   65  -43
2.25523641  0.229507  4.161206  0.2  216   56
2.25524206  0.233153  4.294471  1.5  288   67
2.25523449  0.230413  4.194114  1.2   61   62
2.25529273  0.225694  4.024098  0.0   54  -47
2.25529708  0.227592  4.092059  0.2   57  -45
2.25533379  0.228186  4.113441  0.0  197  -29
2.25538084  0.234157  4.331545  0.7  300  -12
2.25539912  0.233524  4.308156  2.8  349   -1
2.25540958  0.234411  4.340929  5.1  325   -8
2.25541467  0.232788  4.281040  4.3  142  -18
2.25548163  0.229908  4.175749  0.3  306   28
2.25547462  0.235680  4.388057  0.0  273   57
2.25556083  0.230764  4.206908  0.6   72  -54
2.25557003  0.228634  4.129601  0.8  275  -37
2.25557154  0.226966  4.069555  0.2   90  -36
2.25557520  0.227032  4.071927  0.5   90  -31
2.25565458  0.230409  4.193980  0.1  141  -39
2.25565237  0.224538  3.982956  0.0  331  -11
2.25572665  0.231686  4.240580  4.1  197   -8
2.25573300  0.231441  4.231615  4.0  198   -8
2.25573617  0.227043  4.072346  3.5  206    0
2.25580373  0.229841  4.173340  1.0  322   16
2.25581102  0.230389  4.193266  0.1  181   33
2.25580964  0.232401  4.266791  4.3  319   22
2.25587934  0.227101  4.074417  1.0   39  -52
2.25588211  0.227044  4.072383  0.0  248  -65
2.25588830  0.227189  4.077559  0.3   21  -31
2.25595862  0.225413  4.014078  0.0  196   28
2.25596303  0.223090  3.931766  0.0  190   30
2.25596547  0.223934  3.961563  0.0   11   40
2.25604389  0.227978  4.105950  2.2  283  -57
2.25604702  0.232568  4.272924  3.1   67  -55
2.25607968  0.228682  4.131342  2.0   44  -32
2.25611303  0.222306  3.904175  3.5   69   36
2.25611658  0.223380  3.941975  2.1   59   43
2.25611640  0.222124  3.897772  3.2   66   38
2.25621248  0.226873  4.066226  0.0  260   16
2.25621645  0.228463  4.123422  0.0   84   20
2.25626851  0.224105  3.967629  4.5    7    3
2.25627635  0.223495  3.946034  3.5    6   -9
2.25628501  0.225197  4.006368  4.7  306  159
2.25628782  0.225609  4.021066  0.5    8  -28
2.25629758  0.227176  4.077098  3.5  360  -20
2.25637923  0.228749  4.133762  2.3  203  -25
2.25638175  0.228594  4.128174  4.2  190   -2
2.25638323  0.230255  4.188360  4.7  189   -2
2.25646243  0.232325  4.264023  1.5  146  -13
2.25650530  0.231923  4.249273  0.8  198   18
2.25652229  0.228746  4.133646  2.8  179   -4
2.25652979  0.227663  4.094609  3.1  179   -4
2.25654524  0.230619  4.201636  2.5    5  -17
2.25660241  0.231367  4.228938  2.0  163   12
2.25663402  0.229752  4.170092  0.2   79  -36
2.25669118  0.230478  4.196478  0.6  169  -38
2.25668787  0.231825  4.245682  1.0  351  -22
2.25669200  0.229576  4.163721  0.8  182  -43
2.25675228  0.223247  3.937290  0.4   21   47
2.25675743  0.216708  3.710033  0.0  185   39
2.25678217  0.220389  3.837130  0.0  107   -7
2.25681744  0.218752  3.780329  0.1  300   33
2.25684493  0.219398  3.802710  0.3  342 -151
2.25684733  0.220251  3.832346  0.1  348  -21
2.25690704  0.218847  3.783620  0.8  287   50
2.25690739  0.219159  3.794426  0.6  287   48
2.25690723  0.219605  3.809894  0.5  288   48
2.25694255  0.219926  3.821025  0.3  198  -47
2.25701057  0.220370  3.836468  0.0   12  -18
2.25701051  0.220709  3.848287  1.0   12  -19
2.25704502  0.227417  4.085756  1.4  308  -34
2.25704337  0.230829  4.209286  1.4  291  -25
2.25706669  0.231151  4.221021  2.0  293    2
2.25716175  0.231355  4.228495  2.8   11  -26
2.25716120  0.232344  4.264733  2.7   11  -25
2.25715625  0.234058  4.327865  0.1  292  -61
2.25723550  0.233951  4.323920  1.1   83   30
2.25725700  0.229444  4.158935  2.4  202   46
2.25726072  0.227064  4.073075  3.2  198   35
2.25731230  0.226778  4.062817  0.1  256  -77
2.25732435  0.230660  4.203102  0.4  257  -48
2.25732219  0.230830  4.209311  0.6   64  -48
2.25742823  0.229657  4.166640  1.8  200   -5
2.25742567  0.230130  4.183840  4.4  199   -4
2.25742871  0.228393  4.120916  2.9   18    0
2.25743242  0.228685  4.131445  4.1  198   -7
2.25750415  0.230959  4.214020  0.4  194   23
2.25751223  0.232527  4.271451  0.5  186   51
2.25757604  0.232714  4.278324  0.0  264   48
2.25758984  0.232800  4.281463  2.1  184   -0
2.25759316  0.231366  4.228889  2.8  184   -9
2.25765474  0.231473  4.232801  1.5  202   51
2.25766371  0.224180  3.970276  0.2  290   61
2.25766925  0.225029  4.000399  0.4  345   23
2.25768739  0.230733  4.205768  1.8  125    4
2.25774793  0.231485  4.233235  1.4  342  -28
2.25777311  0.222421  3.908215  0.2  306   52
2.25777633  0.220623  3.845292  0.1  298   44
2.25783315  0.224915  3.996367  0.4  317   57
2.25785030  0.225768  4.026724  2.2  125   -6
2.25785865  0.221507  3.876167  2.4  140   13
2.25792216  0.218592  3.774805  0.9  308   34
2.25792223  0.220689  3.847590  0.8  307   34
2.25792255  0.221397  3.872301  1.1  308   34
2.25794388  0.227126  4.075296  1.2  147   30
2.25800358  0.230837  4.209563  1.4  157  -53
2.25803102  0.223036  3.929860  0.9  327  -15
2.25802528  0.225003  3.999479  2.2  319  -23
2.25811303  0.224309  3.974853  2.2  173  -14
2.25811308  0.223761  3.955449  2.0  173  -15
2.25810415  0.225441  4.015065  0.8  307   10
2.25818789  0.225018  4.000014  0.3  313   36
2.25819194  0.227083  4.073769  1.3  304   35
2.25819585  0.225640  4.022174  0.1  296   37
2.25827526  0.230945  4.213499  1.4  297  -42
2.25827446  0.230311  4.190402  1.3  298  -42
2.25833542  0.227801  4.099579  0.9  110   14
2.25836131  0.209629  3.471590  0.0  319    2
2.25836071  0.211801  3.543898  0.2  319    4
2.25836055  0.216143  3.690705  1.0  140  -12
2.25836134  0.214868  3.647281  0.1  331    7
2.25845195  0.220416  3.838067  1.8  181  -29
2.25845201  0.220007  3.823833  1.6  181  -31
2.25852536  0.217054  3.721872  1.0  342  -15
2.25853017  0.211529  3.534814  0.0  159  -35
2.25853070  0.214167  3.623542  0.3  163  -35
2.25861019  0.215174  3.657694  0.5  152  -37
2.25860762  0.214805  3.645153  0.9  334  -27
2.25861142  0.216034  3.686991  0.1  151  -38
2.25868493  0.227380  4.084432  3.5    8   -1
2.25868876  0.226068  4.037422  2.5    2   -2
2.25869848  0.226486  4.052366  1.3  358   -5
2.25869455  0.226812  4.064059  1.7  177  -14
2.25878626  0.235747  4.390551  2.3  301   55
2.25878360  0.236192  4.407131  0.5  188   34
2.25883655  0.236655  4.424434  2.0  206   62
2.25886317  0.227430  4.086217  4.1  175    2
2.25885714  0.228548  4.126509  4.6  322    2
2.25886906  0.229610  4.164924  4.0  181    2
2.25894608  0.235443  4.379250  2.4  357   12
2.25895378  0.233178  4.295374  1.5  356   10
2.25898193  0.233887  4.321546  1.4  300   56
2.25902700  0.230329  4.191080  1.2   25  -48
2.25903079  0.228921  4.139979  1.1   28  -44
2.25903074  0.232581  4.273423  3.9  310  -62
2.25912108  0.228567  4.127200  0.1  300  -53
2.25912122  0.226655  4.058415  0.0  299  -51
2.25912162  0.226283  4.045098  0.0  297  -45
2.25918155  0.233963  4.324355  0.2   42  -43
2.25920118  0.233152  4.294444  1.0    4  -28
2.25919760  0.237003  4.437450  2.2  293   49
2.25924082  0.236157  4.405853  0.2  180   21
2.25931248  0.235571  4.383985  0.9  200   57
2.25932133  0.234098  4.329354  1.7  304   -9
2.25932395  0.226258  4.044214  0.2  139  -21
2.25932122  0.224967  3.998212  0.3  322 -162
2.25939933  0.222321  3.904691  0.0  126   26
2.25947245  0.222581  3.913831  3.3  138   33
2.25947370  0.222925  3.925966  3.7  318   43
2.25947516  0.221663  3.881638  3.3  315   51
2.25947783  0.222514  3.911494  2.6  136   41
2.25948391  0.226825  4.064503  1.6   28   61
2.25957252  0.227730  4.096998  2.1  191   22
2.25957015  0.227471  4.087708  2.6    8   25
2.25957171  0.227637  4.093666  2.1    8   29
2.25964469  0.234110  4.329777  0.7   11   21
2.25966722  0.230361  4.192220  2.0  282  -57
2.25966818  0.229101  4.146491  0.8  109  -48
2.25973499  0.227745  4.097548  0.2   11  -19
2.25973438  0.226891  4.066900  0.0    5  -17
2.25973365  0.228147  4.112043  2.5   12  -14
2.25980812  0.225026  4.000299  1.6  335   48
2.25981508  0.223620  3.950461  1.4  331   38
2.25981570  0.226691  4.059713  1.0  332   36
2.25989366  0.225900  4.031420  3.0  322    5
2.25990229  0.225543  4.018693  1.3  171  -52
2.25990435  0.225648  4.022441  0.9  171  -53
2.25998691  0.233271  4.298815  1.3  146   -2
2.25999447  0.233727  4.315648  3.2  196  -33
2.25998837  0.233860  4.320559  2.4  199  -23
2.26003926  0.235488  4.380921  4.2   77   -1
2.26004198  0.236952  4.435548  3.5   79   -1
2.26008696  0.237979  4.474100  0.0  309  -45
2.26015561  0.233035  4.290113  0.1  294  -38
2.26015938  0.232169  4.258287  0.0  198   56
2.26016995  0.234775  4.354410  0.0  283  -20
2.26020068  0.236134  4.404985  0.5  198  -11
2.26022153  0.234032  4.326903  0.4  249  -20
2.26023537  0.232691  4.277477  0.1  309  -40
2.26024214  0.236792  4.429581  0.1  234  -70
2.26031116  0.239325  4.524828  1.0  303   52
2.26034804  0.234591  4.347594  1.1   51   87
2.26037254  0.232944  4.286754  0.5  198   42
2.26037960  0.232665  4.276503  0.1  193  -63
2.26044837  0.227752  4.097810  1.3  130   44
2.26044691  0.225792  4.027585  0.5  288   53
2.26048886  0.221083  3.861327  0.0  320   52
2.26049131  0.228937  4.140550  0.0  285   64
2.26054041  0.224692  3.988430  1.3   95   48
2.26054234  0.225322  4.010830  1.6  264   55
2.26060732  0.225847  4.029530  3.8  202   24
2.26061309  0.224430  3.979153  2.0  205   18
2.26067800  0.212926  3.581669  0.1  212   50
2.26067920  0.212546  3.568881  0.1  208   48
2.26067728  0.212674  3.573189  0.1   36   54
2.26075618  0.205182  3.325869  0.8  300   32
2.26075706  0.204448  3.302130  1.6  123   35
2.26075902  0.203861  3.283191  1.3  146   60
2.26082484  0.221592  3.879124  3.7  288   49
2.26084975  0.208933  3.448595  0.1  345   13
2.26085506  0.211692  3.540254  0.1  357   -4
2.26085633  0.212254  3.559085  1.5  175  -11
2.26094036  0.204450  3.302197  0.4  163  -59
2.26094348  0.205213  3.326884  0.6  168  -57
2.26094715  0.204954  3.318471  0.6  307  -66
2.26094838  0.208250  3.426093  2.1  108  -63
2.26101366  0.210092  3.486949  0.1    2  -36
2.26101505  0.211957  3.549126  0.9  357  -35
2.26109944  0.214318  3.628629  1.2  104  -40
2.26109953  0.214833  3.646116  1.9  105  -41
2.26109971  0.215065  3.653971  0.4  104  -40
2.26110057  0.218623  3.775877  1.0  112  -54
2.26117863  0.233717  4.315263  1.5   14  -44
2.26119535  0.227945  4.104755  0.1  205  -47
2.26125728  0.227815  4.100071  2.4  183  -21
2.26127062  0.218179  3.760576  2.7  199  -26
2.26127471  0.217849  3.749187  3.0  203  -35
2.26127590  0.217937  3.752242  3.3  204  -37
2.26135608  0.223617  3.950376  2.3  199  -57
2.26135027  0.221910  3.890277  1.5  123  -47
2.26142467  0.221629  3.880430  0.1  161  -23
2.26142396  0.219807  3.816888  0.0  163  -22
2.26142114  0.224101  3.967489  1.0  343   -8
2.26151388  0.230369  4.192509  1.0  294  -45
2.26151850  0.229733  4.169399  1.1  309   36
2.26151307  0.227173  4.076985  2.2  313  -45
2.26158183  0.229478  4.160137  0.1  156   -9
2.26161487  0.225962  4.033655  0.0  122   61
2.26161530  0.228227  4.114932  0.4  289   67
2.26166224  0.229245  4.151720  0.3   44  -42
2.26166549  0.230337  4.191347  0.4    8    3
2.26172290  0.229909  4.175802  0.3  274   22
2.26173075  0.226304  4.045883  3.4  296   45
2.26180517  0.225614  4.021244  4.4  307   63
2.26180756  0.224102  3.967515  3.4  122   42
2.26180668  0.224086  3.966932  3.2  120   41
2.26180757  0.225083  4.002315  3.0  285   51
2.26187503  0.224317  3.975143  1.1  204   51
2.26187344  0.222812  3.921963  1.4   36   62
2.26188835  0.235095  4.366292  2.4   38   16
2.26196203  0.232143  4.257336  1.6   54   36
2.26198772  0.226471  4.051853  0.2  296  -63
2.26198818  0.226989  4.070413  1.0  295  -63
2.26202353  0.224918  3.996477  2.7  174   18
2.26203366  0.224407  3.978331  1.1  171   14
2.26210354  0.229453  4.159244  0.4  210   68
2.26210740  0.218228  3.762257  0.2  130   29
2.26211941  0.219454  3.804648  0.0  107    5
2.26215618  0.221467  3.874747  0.2  293   46
2.26215534  0.224455  3.980035  0.7  292   45
2.26220304  0.225199  4.006465  1.2  193  -36
2.26220388  0.224857  3.994295  1.2   12  -30
2.26227968  0.220766  3.850268  1.1  303  -20
2.26228018  0.220622  3.845245  1.6  303  -20
2.26235367  0.218306  3.764955  0.0  167  -51
2.26235423  0.213640  3.605722  0.0  296  -27
2.26235786  0.215851  3.680743  0.1  297  -25
2.26245886  0.218422  3.768932  0.5  340  -30
2.26246106  0.216562  3.705038  0.0  350  -36
2.26246144  0.217053  3.721834  0.8  359  -34
2.26246271  0.217411  3.734123  0.5  178  -45
2.26249475  0.222537  3.912291  0.2  301  -32
2.26254486  0.228773  4.134616  0.0   66  -67
2.26256954  0.230352  4.191917  0.6   12  -53
2.26262683  0.228951  4.141071  0.0   17  -35
2.26263193  0.225498  4.017107  0.2   32  -17
2.26263828  0.228241  4.115415  0.2  215  -29
2.26271111  0.238346  4.487882  0.7  161  -20
2.26270071  0.239027  4.513573  2.2    9   -1
2.26276625  0.237168  4.443631  1.4  211   68
2.26277162  0.234708  4.351927  3.3  304   64
2.26277500  0.233967  4.324518  0.8  164   36
2.26279261  0.238472  4.492659  2.8  200   18
2.26286845  0.231153  4.221090  0.2  181  -44
2.26287564  0.232145  4.257416  0.1  180  -40
2.26287324  0.228458  4.123243  0.0    7  -35
2.26295411  0.231818  4.245423  0.6   38  -12
2.26295037  0.232904  4.285295  1.0   37  -12
2.26298357  0.232285  4.262566  0.1  295  -56
2.26298443  0.229930  4.176556  0.0   98  -47
2.26304737  0.236789  4.429466  0.0   61  -48
2.26304683  0.233722  4.315449  0.2  308  -57
2.26310903  0.233310  4.300251  0.2   11  -35
2.26310919  0.234894  4.358831  0.6  193  -49
2.26316178  0.236031  4.401138  2.5  102   -5
2.26317311  0.234753  4.353596  2.4  278   -1
2.26317825  0.233727  4.315641  2.0   99   -2
2.26317863  0.233652  4.312852  1.7   99   -4
2.26324882  0.240020  4.551152  2.9  296   31
2.26331272  0.228875  4.138311  1.9  203   47
2.26331788  0.227560  4.090911  0.1   50   58
2.26332464  0.230283  4.189397  0.2   40   57
2.26339419  0.220878  3.854168  0.3  283   34
2.26339902  0.216903  3.716720  0.0  279   34
2.26339505  0.217860  3.749579  0.1  285   36
2.26344198  0.225657  4.022755  0.0  307   51
2.26344268  0.227335  4.082819  0.6   36   69
2.26349871  0.225169  4.005400  0.0  296   59
2.26350026  0.220949  3.856651  0.1  278   55
2.26358098  0.226088  4.038129  0.8  196   20
2.26358090  0.222126  3.897844  0.1   15   29
2.26358323  0.221136  3.863195  0.0   12   22
2.26366743  0.222743  3.919534  3.8  305   -4
2.26366906  0.222252  3.902287  5.1  313    1
2.26367009  0.223193  3.935387  4.2  308   -9
2.26373740  0.229809  4.172178  0.3  120   57
2.26375181  0.222133  3.898104  0.9    5  -11
2.26375915  0.221908  3.890213  0.0  180  -33
2.26375638  0.220878  3.854180  0.0  358  -14
2.26381501  0.230018  4.179751  0.1  191   35
2.26381526  0.230002  4.179177  0.0  191   35
2.26392099  0.219005  3.789080  0.5  145  -60
2.26391898  0.219599  3.809668  0.6  176  -63
2.26391986  0.220167  3.829402  1.0  181  -63
2.26391561  0.226435  4.050562  1.2  346  -91
2.26399858  0.230820  4.208958  2.4  191   -5
2.26399854  0.231018  4.216158  2.6  192   -2
2.26407185  0.224934  3.997043  0.0  353  -53
2.26407714  0.227141  4.075834  0.9  321  -39
2.26407344  0.227765  4.098277  0.1  313  -26
2.26407515  0.228968  4.141665  0.2  309  -21
2.26416351  0.237313  4.449095  1.7  183  -27
2.26417567  0.237304  4.448735  1.0  310   15
2.26424456  0.236761  4.428424  1.7  120   48
2.26425252  0.235514  4.381873  1.5  307   71
2.26425435  0.231708  4.241385  0.8  114   72
2.26434512  0.236730  4.427234  1.5   61  -38
2.26434166  0.239782  4.542146  1.1   41  -72
2.26435168  0.236888  4.433175  0.5  255  -43
2.26435853  0.228101  4.110368  0.1  108  -50
2.26442149  0.224077  3.966625  1.9  285   34
2.26441981  0.225258  4.008539  2.3  288   43
2.26442311  0.222337  3.905250  2.4  286   32
2.26448458  0.222426  3.908382  0.0  197   53
2.26448611  0.223054  3.930477  0.1  190   52
2.26457896  0.224048  3.965603  3.4  281  -20
2.26458096  0.219339  3.800674  2.6  269  -11
2.26458180  0.220851  3.853243  2.4  269  -11
2.26458171  0.221456  3.874376  2.5  269  -11
2.26464622  0.230368  4.192485  5.3   65    3
2.26463652  0.229335  4.154951  5.5  248   -2
2.26469951  0.235050  4.364633  4.8  145   15
2.26477497  0.226210  4.042494  0.5    8  -66
2.26478197  0.225228  4.007482  0.0    1  -20
2.26478068  0.226455  4.051255  0.1  182  -40
2.26478481  0.225640  4.022157  0.0  178  -33
2.26483341  0.233633  4.312162  0.2  160  -64
2.26486668  0.233506  4.307496  4.8  309   54
2.26486639  0.233100  4.292506  4.5  309   53
2.26494642  0.231236  4.224126  0.5  356   -5
2.26494578  0.231483  4.233158  0.0  181  -13
2.26495022  0.231117  4.219803  0.0  187  -15
2.26502794  0.231515  4.234319  0.3   29   45
2.26503362  0.225410  4.013972  0.0  193   34
2.26503936  0.228367  4.119980  0.2  193   35
2.26510099  0.233708  4.314943  2.8  309   58
2.26510125  0.233271  4.298826  2.0  290   57
2.26516557  0.233816  4.318924  1.2   81  -14
2.26516563  0.227569  4.091212  0.0  288  -32
2.26517828  0.229969  4.177973  0.2  282   -9
2.26521669  0.228593  4.128120  0.2  176  -42
2.26529082  0.228571  4.127336  2.2  131   53
2.26528885  0.226455  4.051280  2.8  133   41
2.26529266  0.226612  4.056871  0.2   64   77
2.26534240  0.227764  4.098240  1.2  311  -35
2.26534420  0.228857  4.137673  2.3  316  -26
2.26540014  0.233916  4.322636  0.4  191   52
2.26545688  0.235716  4.389396  1.3  303  -18
2.26543823  0.231338  4.227881  3.0  299   59
2.26548957  0.226348  4.047445  4.9  298   61
2.26548856  0.226146  4.040223  1.0  299  128
2.26549325  0.228485  4.124218  4.0  184   51
2.26552111  0.230532  4.198473  3.9  189   27
2.26561752  0.220016  3.824148  0.3  303  -52
2.26561839  0.218931  3.786544  0.0  302  -52
2.26562616  0.218579  3.774367  1.3  303  -50
2.26562069  0.221376  3.871576  1.0  218  -60
2.26572325  0.218805  3.782164  0.2  197   67
2.26572524  0.216684  3.709207  0.0  309   86
2.26572476  0.217364  3.732505  0.0  181   66
2.26572502  0.219321  3.800022  0.0  166   74
2.26583570  0.228422  4.121970  3.6  195  -79
2.26584927  0.224597  3.985065  3.3   81  -31
2.26585116  0.224582  3.984525  3.2   78  -26
2.26585169  0.224122  3.968211  3.0  263  -28
2.26591309  0.229974  4.178171  1.1  155  -69
2.26593516  0.233586  4.310443  0.9  305   34
2.26596330  0.232712  4.278227  0.1  286  -47
2.26600060  0.229041  4.144339  1.8  206  -54
2.26601095  0.227464  4.087445  0.0  281  -38
2.26608097  0.232769  4.280318  2.0  312   42
2.26607446  0.233416  4.304167  1.1  308   35
2.26611342  0.232723  4.278627  0.1   33  -56
2.26614835  0.228798  4.135547  0.5  201   58
2.26614023  0.227256  4.079973  1.0   80   28
2.26614840  0.228661  4.130573  0.6  274   60
2.26622610  0.236451  4.416799  0.0  286   55
2.26622990  0.231812  4.245190  0.0  304   64
2.26628685  0.232952  4.287069  3.2   59    5
2.26629523  0.231653  4.239388  0.0  199   37
2.26631247  0.228213  4.114412  0.0  200   24
2.26631271  0.229943  4.177022  0.1  200   23
2.26637180  0.236427  4.415921  0.0  270   35
2.26642816  0.229835  4.173117  0.5  210   67
2.26642696  0.227247  4.079646  0.0  299   75
2.26642773  0.226958  4.069295  0.0  300   77
2.26648104  0.231310  4.226859  0.6  183   38
2.26647577  0.231394  4.229914  0.8   16   44
2.26657253  0.215054  3.653600  0.1  277   56
2.26656927  0.214436  3.632643  0.2  191   53
2.26657256  0.213804  3.611249  0.4  275   54
2.26657377  0.213750  3.609424  0.2  282   51
2.26666485  0.228837  4.136929  2.3  328  -47
2.26670849  0.230824  4.209080  0.6  191   24
2.26670600  0.226987  4.070334  1.0   61   -3
2.26671370  0.229501  4.160980  0.5  184   22
2.26674548  0.227699  4.095889  1.9   97    3
2.26674451  0.228574  4.127440  0.8  275    2
2.26682237  0.221909  3.890249  0.7  144  -70
2.26682228  0.223184  3.935066  0.3  323  -68
2.26688861  0.215684  3.675053  0.1   36  -61
2.26688891  0.216471  3.701902  0.3   35  -62
2.26689402  0.217759  3.746116  0.4   56  -54
2.26689608  0.221469  3.874830  2.3  327  -62
2.26697979  0.233798  4.318257  0.6  177  -42
2.26698573  0.235819  4.393236  0.1  183  -46
2.26703775  0.224462  3.980268  1.0   36  -51
2.26704000  0.231393  4.229884  0.7   48  -46
2.26708622  0.235637  4.386457  0.1   85  -53
2.26710314  0.236554  4.420659  0.9  296  -61
2.26710683  0.237272  4.447532  1.3  114  -61
2.26722179  0.235667  4.387569  1.0  209   37
2.26722377  0.232126  4.256721  0.2  210   30
2.26722036  0.235748  4.390583  0.7   40   43
2.26727730  0.232613  4.274585  1.3  214   52
2.26728328  0.228756  4.134004  0.8  306   61
2.26729565  0.232282  4.262431  0.5  175   52
2.26728356  0.227221  4.078738  0.3  288  128
2.26733719  0.232137  4.257104  0.2  291   52
2.26738839  0.233448  4.305331  0.5  220   30
2.26738921  0.234554  4.346243  1.2  225   30
2.26744579  0.237410  4.452706  3.2  313   30
2.26747597  0.239490  4.531071  1.2  138  -51
2.26751248  0.234611  4.348356  0.1   32  -21
2.26752003  0.230826  4.209161  0.1  337  -40
2.26752099  0.232388  4.266333  0.4  336  -36
2.26755188  0.232011  4.252502  1.0   21   64
2.26761093  0.232095  4.255567  0.0  278   26
2.26763293  0.233645  4.312596  1.3    7  -64
2.26762814  0.235282  4.373242  0.4   89   15
2.26769616  0.235242  4.371778  0.4  284   48
2.26775471  0.226407  4.049564  1.1  112   45
2.26777147  0.217949  3.752624  0.1  109   71
2.26777120  0.217038  3.721336  0.3  269   70
2.26777055  0.217499  3.737166  0.0  139   66
2.26779720  0.226176  4.041289  3.1  200   16
2.26786340  0.228167  4.112746  1.4  121  -46
2.26789795  0.229985  4.178554  4.4   86   15
2.26790067  0.230450  4.195479  4.2   88   17
2.26795177  0.207089  3.387981  0.1   32  -39
2.26795895  0.210009  3.484201  0.4   37  -25
2.26795663  0.211134  3.521637  0.4  218  -27
2.26796479  0.215948  3.684043  1.2  229  -31
2.26797306  0.222143  3.898437  2.9   66  -30
2.26810653  0.223545  3.947820  0.3  281  -68
2.26811466  0.221077  3.861113  1.5   63  -75
2.26812002  0.215553  3.670573  0.3   25  -47
2.26812013  0.215820  3.679688  0.9   25  -47
2.26818989  0.233807  4.318583  0.1  289  -43
2.26819389  0.234457  4.342623  0.0   82  -47
2.26822676  0.239172  4.519064  2.3  296   60
2.26826987  0.230168  4.185216  0.1   88  -17
2.26828532  0.226213  4.042615  0.2  269  -19
2.26829452  0.224298  3.974455  0.0  274  -13
2.26837514  0.236136  4.405067  3.2   17  -60
2.26837498  0.237064  4.439744  3.7   18  -61
2.26839301  0.238725  4.502197  6.4   62  -14
2.26844467  0.234409  4.340854  2.2   10 -131
2.26844426  0.235817  4.393167  2.1  190  -48
2.26847724  0.234029  4.326809  0.7   52   64
2.26852236  0.236942  4.435170  1.3  279  -38
2.26852254  0.235964  4.398624  0.9  279  -36
2.26856925  0.233333  4.301102  0.1   28  -35
2.26858983  0.236719  4.426829  0.1  286   53
2.26861193  0.230586  4.200437  0.0   88  -43
2.26865960  0.231023  4.216352  0.4  293  -49
2.26865809  0.228496  4.124606  0.4   94  -57
2.26871811  0.226360  4.047865  0.6   24  -37
2.26871536  0.226058  4.037063  0.4   22  -37
2.26877862  0.238812  4.505451  0.4  206   15
2.26881448  0.237148  4.442877  0.1  274  -70
2.26881329  0.230484  4.196692  0.0   96  -59
2.26881516  0.231312  4.226906  0.0   91  -61
2.26887051  0.232060  4.254309  1.0  305   77
2.26886631  0.234123  4.330272  0.1  273   81
2.26893859  0.236693  4.425849  0.7   87   46
2.26893717  0.227894  4.102914  0.0  275   37
2.26894160  0.235732  4.389993  0.6  281   58
2.26901091  0.231738  4.242497  1.6  187   13
2.26901569  0.231373  4.229145  1.5  187   16
2.26902985  0.230808  4.208516  0.7  180   -2
2.26903918  0.230739  4.206007  0.3  173  -14
2.26907961  0.234033  4.326942  0.7  283   68
2.26911200  0.232481  4.269748  0.0  157   16
2.26918889  0.228260  4.116094  1.3   16  -32
2.26918859  0.227560  4.090897  0.9   15  -34
2.26919555  0.228001  4.106777  0.3   25  -27
2.26923166  0.233867  4.320807  1.8   27   17
2.26925006  0.234495  4.344038  0.1  180   15
2.26928290  0.234271  4.335740  0.1  186   33
2.26934039  0.223492  3.945959  1.4  282   59
2.26934052  0.224257  3.973006  1.1  281   63
2.26938918  0.232140  4.257218  2.7   84   51
2.26939087  0.234100  4.329424  2.4  265   53
2.26944448  0.241596  4.611103  0.7  189  -47
2.26945123  0.240076  4.553285  1.5  303   23
2.26950041  0.235557  4.383489  0.1  284   31
2.26952957  0.228374  4.120233  0.2  161  -78
2.26953079  0.229722  4.169013  0.0   92  -66
2.26957982  0.234686  4.351131  1.0  299  -35
2.26957876  0.231471  4.232730  0.1  304  -34
2.26965798  0.237758  4.465794  1.8  193   35
2.26967521  0.229106  4.146687  1.0  116   57
2.26967656  0.228957  4.141291  0.3  296   58
2.26967856  0.229313  4.154181  1.0   84   45
2.26975277  0.236932  4.434795  0.1  187   37
2.26975327  0.237306  4.448804  0.1  188   36
2.26981372  0.234817  4.355988  1.1   17   18
2.26980799  0.234213  4.333598  0.0  169   30
2.26989262  0.229253  4.151994  1.1  295   16
2.26986303  0.225144  4.004481  0.2  310  -49
2.26989499  0.229335  4.154958  1.8  121   11
2.26991047  0.231936  4.249754  2.6  292   15
2.26993793  0.230292  4.189736  0.4  286   40
2.26998229  0.228577  4.127557  0.1  284   30
2.26999495  0.226813  4.064093  0.0  284   48
2.27004864  0.227406  4.085349  0.0  210   66
2.27005752  0.226019  4.035681  0.1  323    8
2.27009294  0.229245  4.151702  0.2   62   57
2.27015407  0.220220  3.831260  4.1  309   34
2.27015419  0.221889  3.889532  4.2  310   33
2.27015570  0.221570  3.878369  3.9  308   29
2.27015543  0.220511  3.841366  4.1  310   32
2.27024764  0.231478  4.232980  1.0  181  -38
2.27025267  0.227504  4.088880  0.1    6  -25
2.27030234  0.224972  3.998373  0.1  315   58
2.27031497  0.224767  3.991101  1.7  301   52
2.27037459  0.207370  3.397171  0.9  278   69
2.27037312  0.205683  3.342148  0.2   58  109
2.27037612  0.205218  3.327036  0.7  275   64
2.27040102  0.218877  3.784663  2.3  137   44
2.27048332  0.224121  3.968182  1.0    4  -31
2.27050630  0.216136  3.690458  3.9   21  -56
2.27050719  0.212649  3.572340  3.1  195  -73
2.27050537  0.210621  3.504530  3.1  204  -71
2.27056376  0.221848  3.888118  3.3  195  -62
2.27058099  0.223958  3.962429  4.6  313  -35
2.27057571  0.223943  3.961902  2.1  284  -45
2.27065222  0.220302  3.834121  0.1   36  -45
2.27065223  0.220080  3.826389  0.0  320  -59
2.27072963  0.215777  3.678222  0.2  197    2
2.27073394  0.215260  3.660627  0.3  198   -1
2.27073390  0.215465  3.667597  0.6  197   -1
2.27079913  0.223587  3.949315  5.8  150  -23
2.27081167  0.226065  4.037315  3.0  308  -47
2.27088788  0.210980  3.516505  1.8   27  -10
2.27088701  0.211266  3.526048  1.9   28  -10
2.27089059  0.211390  3.530179  1.6   26   -9
2.27089175  0.212082  3.553337  1.9   26   -7
2.27089100  0.211380  3.529855  1.9   28   -9
2.27097161  0.232874  4.284210  0.1  307  -35
2.27097158  0.233102  4.292587  0.2  232  -37
2.27104885  0.222941  3.926518  0.1  186  -45
2.27105506  0.225582  4.020109  0.4   10  -30
2.27105004  0.222448  3.909152  0.1  188  -45
2.27107699  0.232812  4.281899  4.5  314  -41
2.27108536  0.234937  4.360419  4.9  117  -55
2.27117346  0.231316  4.227069  0.2  188   55
2.27119436  0.236726  4.427097  0.8  164   58
2.27121073  0.235361  4.376181  2.8  298   60
2.27125122  0.232660  4.276311  1.9  119   22
2.27124912  0.232585  4.273552  1.9  118   25
2.27134838  0.230693  4.204339  0.2  294   50
2.27135000  0.228902  4.139297  1.2  300   53
2.27137106  0.228365  4.119893  0.0  275   64
2.27137254  0.226342  4.047225  0.1  274   62
2.27139813  0.230079  4.181960  0.2   37  -60
2.27146340  0.227850  4.101336  1.6  312   55
2.27145937  0.226575  4.055562  0.3  285   46
2.27148565  0.233412  4.304012  2.6    0   34
2.27152901  0.235681  4.388109  1.4  341    1
2.27154032  0.233412  4.304010  0.5   77  -61
2.27157743  0.229249  4.151836  0.1  288  -23
2.27158610  0.229455  4.159330  0.1  288  -19
2.27166883  0.227734  4.097143  1.1  324   61
2.27166821  0.228758  4.134092  0.6  305   66
2.27169706  0.229719  4.168889  0.4  167  -12
2.27167259  0.228089  4.109927  1.8  147   52
2.27176973  0.219243  3.797324  0.0   10   26
2.27176986  0.218699  3.778506  1.0   12   25
2.27176979  0.219589  3.809338  0.0   15   32
2.27179241  0.226836  4.064917  0.8  317  -56
2.27190845  0.229997  4.178996  1.0   78   44
2.27192689  0.227962  4.105379  1.9  189    4
2.27192770  0.225864  4.030146  3.1   16   12
2.27194339  0.221377  3.871618  2.4  191  -11
2.27194341  0.221248  3.867103  2.6  191  -11
2.27194709  0.221597  3.879313  2.7  191  -14
2.27200741  0.222399  3.907450  0.7    7   55
2.27204827  0.229040  4.144282  0.1  186   40
2.27210626  0.217162  3.725575  0.8  165  -66
2.27211148  0.216615  3.706840  0.3  169  -59
2.27210434  0.216480  3.702221  0.7  306  -60
2.27210429  0.219414  3.803245  0.5  310  -58
2.27218405  0.225267  4.008882  0.1  168  -48
2.27218826  0.225091  4.002619  2.2   11  -16
2.27225098  0.234387  4.340049  0.2  179   40
2.27227017  0.233609  4.311281  0.7  294  -42
2.27227684  0.234431  4.341680  0.0   87  -48
2.27232842  0.230485  4.196742  1.0  184   25
2.27234429  0.226788  4.063186  0.4  176    7
2.27237157  0.236166  4.406172  1.0  203  -60
2.27237293  0.231296  4.226319  0.2  185  -67
2.27244031  0.233255  4.298211  1.8  210   22
2.27247425  0.230034  4.180344  0.5  308   39
2.27247620  0.229248  4.151800  0.6  311   40
2.27252141  0.230878  4.211078  5.8  319   44
2.27251116  0.231272  4.225445  4.8  188   13
2.27257720  0.231716  4.241690  3.9  302   21
2.27261615  0.231057  4.217586  3.1  355  -65
2.27266150  0.228237  4.115274  5.4  268   44
2.27265291  0.225496  4.017017  5.5  301   46
2.27266453  0.228085  4.109784  5.3  288   46
2.27261542  0.229545  4.162573  1.3  100  -70
2.27275278  0.220721  3.848686  1.8   56   47
2.27275338  0.219415  3.803287  0.9   53   50
2.27282792  0.220413  3.837973  1.6  209   56
2.27283384  0.217202  3.726950  0.6  195   65
2.27284190  0.217460  3.735818  0.8  192   50
2.27288383  0.216333  3.697184  0.1  199   35
2.27290417  0.212918  3.581406  2.4    3   27
2.27291291  0.212893  3.580541  0.1  182   18
2.27292952  0.225614  4.021239  0.0  273   65
2.27300290  0.220194  3.830364  5.9  129   -9
2.27299378  0.220412  3.837926  5.1  332  -19
2.27299307  0.220159  3.829133  2.7  344   -5
2.27307362  0.211430  3.531493  0.1  343  -10
2.27307375  0.212422  3.564712  0.1  345   -9
2.27316552  0.209480  3.466679  1.0  340  -38
2.27315966  0.205685  3.342214  0.1  113   32
2.27316872  0.201232  3.199052  0.0  111  -42
2.27316585  0.205617  3.339998  0.0  302  -41
2.27325089  0.222140  3.898361  0.1  184   17
2.27325078  0.220116  3.827629  0.0  184   24
2.27332008  0.209663  3.472743  2.7  371   37
2.27332155  0.208688  3.440504  2.8  191   20
2.27332083  0.208647  3.439167  2.5   13   33
2.27340431  0.211402  3.530565  0.4  196   26
2.27340664  0.210402  3.497244  1.0  192   21
2.27340653  0.207043  3.386465  0.9  192   21
2.27350524  0.204245  3.295556  2.9  265 -111
2.27350062  0.205815  3.346427  0.8  165  -51
2.27350470  0.202546  3.240973  3.1  304  -58
2.27350596  0.204916  3.317259  3.5  316  -56
2.27356740  0.210020  3.484563  3.1  301   22
2.27356776  0.210626  3.504694  3.3  305   22
2.27356753  0.210969  3.516112  3.1  305   22
2.27366509  0.217591  3.740334  2.5  199  -53
2.27366781  0.217184  3.726359  0.0  304  -52
2.27367285  0.218102  3.757910  0.2   77  -40
2.27372869  0.219266  3.798123  4.8   83   -7
2.27373449  0.217111  3.723848  1.6  294  -30
2.27372976  0.218634  3.776279  4.2   85   -8
2.27381751  0.220789  3.851078  2.8  312  -15
2.27381741  0.220769  3.850377  2.9  313  -17
2.27387218  0.223946  3.962003  5.6   97   -3
2.27388410  0.223213  3.936110  4.2   95    6
2.27387880  0.222570  3.913449  4.3   96    1
2.27395555  0.233570  4.309840  2.6  314   48
2.27398892  0.222359  3.906032  4.2   26  -20
2.27399524  0.219449  3.804468  3.3  210  -39
2.27399947  0.218934  3.786651  2.9  201  -55
2.27403229  0.224803  3.992384  0.5   27   57
2.27404296  0.232532  4.271616  0.7  206   46
2.27413075  0.222505  3.911172  0.0  187   -9
2.27413170  0.222353  3.905822  0.0  187   -9
2.27419561  0.225775  4.026983  1.1   37  -46
2.27419971  0.224870  3.994757  1.6   43  -52
2.27420444  0.227761  4.098115  1.0   47  -52
2.27421241  0.232115  4.256328  5.1  322  -55
2.27427965  0.222402  3.907558  0.0  191   27
2.27428720  0.228021  4.107499  0.0    1   34
2.27436981  0.219533  3.807383  0.0  304   40
2.27437937  0.211755  3.542378  0.0  320   56
2.27437909  0.213949  3.616144  1.0  168   29
2.27445309  0.208446  3.432525  1.0  283   56
2.27445425  0.207397  3.398065  0.7  107   54
2.27445236  0.206186  3.358491  0.0  279   55
2.27454631  0.194191  2.979095  3.4  352   19
2.27454640  0.192975  2.941915  3.6  351   20
2.27454631  0.192945  2.940998  3.5  351   20
2.27454631  0.192901  2.939651  3.4  351   19
2.27461877  0.205073  3.322338  0.8  318   18
2.27461949  0.205579  3.338759  2.3  320   21
2.27462814  0.210035  3.485054  2.7  155    6
2.27470699  0.206650  3.373648  1.9   12   -3
2.27471189  0.207018  3.385669  0.0   17   -8
2.27471398  0.209878  3.479851  3.3  185  -23
2.27479840  0.206113  3.356110  0.3   90  -59
2.27479843  0.203613  3.275199  0.2  302  -54
2.27479675  0.205384  3.332413  0.7  307  -52
2.27487818  0.212524  3.568166  0.4   31  -47
2.27487647  0.211900  3.547217  0.3   14  -62
2.27487682  0.212403  3.564095  0.8  217  -67
2.27494409  0.199067  3.130582  2.3  313   29
2.27494544  0.199832  3.154681  1.5  310   31
2.27494620  0.202038  3.224729  3.8  140   14
2.27502778  0.221236  3.866692  0.3  330  -29
2.27503080  0.224255  3.972934  2.1  305  -22
2.27505147  0.229561  4.163163  1.7  311   56
2.27511924  0.208684  3.440385  3.5  135  -32
2.27511738  0.210055  3.485718  3.6  318  -22
2.27511733  0.210078  3.486479  3.7  318  -22
2.27518169  0.224791  3.991961  0.0  105  -47
2.27518542  0.223845  3.958404  0.1  192  -75
2.27528883  0.210049  3.485538  2.3   15  -41
2.27528849  0.214568  3.637118  1.4   17  -42
2.27529227  0.208927  3.448378  0.1   71  -51
2.27529369  0.207280  3.394232  0.0  271  -48
2.27536691  0.223474  3.945319  1.6  151  -45
2.27537424  0.228769  4.134469  0.0  316  -32
2.27538208  0.231688  4.240663  0.0  314  -29
2.27544729  0.230348  4.191767  1.5  202   43
2.27552301  0.229094  4.146255  2.5  263   58
2.27551746  0.222261  3.902605  3.8  133   33
2.27552389  0.215371  3.664404  1.0  193   47
2.27552427  0.215909  3.682715  0.9  191   51
2.27554869  0.220592  3.844207  0.5   41   49
2.27560157  0.226081  4.037889  7.5  322    7
2.27565298  0.230869  4.210729  0.0   99   28
2.27568226  0.208977  3.450027  0.0   21   34
2.27574717  0.201119  3.195446  3.9  258   43
2.27574562  0.200271  3.168577  4.1   90   43
2.27574805  0.199237  3.135939  4.2   83   49
2.27574705  0.201611  3.211116  3.8  258   45
2.27574648  0.202156  3.228501  3.4  260   44
2.27583632  0.198136  3.101383  0.1  189   31
2.27583613  0.194247  2.980806  0.0  185   22
2.27583603  0.195091  3.006766  0.0  185   22
2.27591673  0.196536  3.051472  2.8  323   19
2.27591681  0.196398  3.047210  2.9  323   19
2.27599736  0.205417  3.333491  6.3  145   10
2.27599845  0.203972  3.286778  5.0  326   22
2.27599881  0.203919  3.285064  5.1  146   11
2.27599918  0.204400  3.300573  5.0  145    8
2.27609082  0.206983  3.384502  2.1  310  -10
2.27609018  0.206866  3.380681  1.9  308   -9
2.27615831  0.199227  3.135606  0.2  126  -46
2.27615953  0.194632  2.992656  0.0  317  -40
2.27615780  0.194482  2.988022  0.0  315  -37
2.27615789  0.196517  3.050884  0.4  314  -36
2.27625466  0.206581  3.371382  2.9  330   58
2.27625324  0.200302  3.169561  1.0  115   43
2.27625490  0.200790  3.185013  2.1  280   61
2.27635935  0.205317  3.330244  4.5  202  -57
2.27635803  0.204386  3.300102  4.4   13  -44
2.27636000  0.201352  3.202876  4.8  201  -55
2.27642563  0.196417  3.047799  0.0  323   -6
2.27642916  0.197725  3.088520  0.0  138  -23
2.27642620  0.197617  3.085155  0.1  323   -9
2.27649816  0.216221  3.693358  0.0  167  -52
2.27650353  0.229994  4.178871  0.5  192  -35
2.27654033  0.220654  3.846361  1.5  111  -42
2.27659177  0.212234  3.558415  1.8  171  -48
2.27659065  0.212709  3.574372  1.2  355  -32
2.27659171  0.211261  3.525862  1.2  353 -134
2.27667156  0.228545  4.126384  0.0  281  -45
2.27666833  0.230903  4.211995  1.0  321   21
2.27674127  0.230031  4.180240  1.3  306   53
2.27674069  0.227162  4.076607  1.3  292   61
2.27674190  0.227405  4.085331  0.9  292   59
2.27676788  0.223208  3.935906  0.3  218  -25
2.27681026  0.228787  4.135139  0.2  260   21
2.27684686  0.226507  4.053135  0.0  205   44
2.27688483  0.232328  4.264122  1.8   96   50
2.27690255  0.223118  3.932758  0.2  102   55
2.27694196  0.223020  3.929289  1.3   30  -47
2.27693718  0.220475  3.840146  0.0  203  -39
2.27696989  0.222111  3.897337  3.2  316   20
2.27697078  0.223981  3.963242  2.6  177   26
2.27702375  0.227734  4.097163  3.3  170   56
2.27705693  0.226517  4.053494  2.9  181  -15
2.27711984  0.221231  3.866508  0.4  321   23
2.27714131  0.216552  3.704700  3.2  135  -43
2.27714062  0.217856  3.749449  2.5  316  -45
2.27713957  0.217018  3.720655  2.7  319  -41
2.27721835  0.219178  3.795071  1.6    0   43
2.27721789  0.218746  3.780142  1.8  294   42
2.27722478  0.218343  3.766213  3.7  311  -31
2.27730423  0.217450  3.735489  3.6  353   -3
2.27730472  0.217706  3.744263  3.5  354   -5
2.27730437  0.215733  3.676722  3.1  354   -5
2.27730631  0.220002  3.823657  2.2  301  133
2.27740708  0.223603  3.949881  3.4  178   21
2.27748389  0.204071  3.289955  2.3  142   -5
2.27748549  0.199379  3.140418  2.7  158  -11
2.27748548  0.199362  3.139877  2.7  157  -11
2.27748550  0.199212  3.135153  2.7  158  -11
2.27755569  0.203269  3.264130  2.6  311   36
2.27755630  0.202815  3.249582  2.5  320   33
2.27755581  0.202614  3.243150  2.1  312   33
2.27765000  0.202013  3.223920  0.1  173   -9
2.27765094  0.202219  3.230494  0.4  172  -10
2.27765348  0.202467  3.238426  0.1  175  -18
2.27773442  0.202998  3.255459  4.5  165  -24
2.27773284  0.203646  3.276260  4.5  347   -9
2.27773196  0.202899  3.252278  4.4  346  -10
2.27773670  0.206946  3.383292  0.3  307  -43
2.27781769  0.215453  3.667196  0.1  166  -12
2.27790548  0.211268  3.526084  1.0  174  -15
2.27789937  0.211736  3.541742  1.7  173  -10
2.27790076  0.208806  3.444381  1.8  174  -12
2.27790480  0.212041  3.551964  0.9  174  -14
2.27790041  0.209395  3.463869  1.5  174  -12
2.27798107  0.221200  3.865420  1.5  146  -25
2.27797931  0.221643  3.880927  2.6  328  -14
2.27807049  0.212570  3.569705  0.0  166  -44
2.27807242  0.212958  3.582743  0.1  177  -51
2.27806947  0.213618  3.604974  1.0  359  -40
2.27807195  0.214156  3.623157  0.0  359  -39
2.27814528  0.231057  4.217598  0.4  292  -43
2.27814012  0.231992  4.251798  0.6   99  -49
2.27822443  0.236161  4.405975  2.2  104  -58
2.27821890  0.234101  4.329454  3.0  310  -50
2.27822308  0.233736  4.315975  3.8  123  -54
2.27829242  0.235054  4.364766  0.4  201   41
2.27828289  0.233638  4.312369  0.0   55  -57
2.27828213  0.238236  4.483758  0.0  293  -68
2.27834188  0.237196  4.444676  0.1   44  -40
2.27837382  0.237656  4.461963  2.0   90   50
2.27845889  0.228649  4.130149  0.3   11   30
2.27844892  0.226294  4.045511  0.0   13   27
2.27845121  0.228293  4.117310  0.3  193   17
2.27853249  0.233798  4.318265  2.5  309   54
2.27853406  0.229747  4.169926  0.4   46   60
2.27853637  0.231802  4.244839  1.6  157    2
2.27861929  0.228506  4.124989  2.8  289   55
2.27861989  0.226280  4.044999  1.0  303   48
2.27861972  0.226240  4.043588  2.0  196   61
2.27870099  0.229179  4.149313  1.3   11   28
2.27870774  0.224563  3.983857  0.9  191   11
2.27870663  0.224132  3.968584  1.0  191    8
2.27879032  0.216460  3.701540  0.1    8   42
2.27878623  0.221080  3.861248  0.1  194   33
2.27879124  0.217819  3.748150  0.5    7   42
2.27879126  0.218040  3.755784  0.4  186   29
2.27887142  0.222336  3.905228  0.4  341   20
2.27886392  0.221331  3.869994  2.2  320   33
2.27887347  0.222180  3.899736  0.8  337   23
2.27895789  0.209288  3.460331  1.0  130   10
2.27895776  0.208875  3.446661  0.1  130   10
2.27895509  0.210080  3.486540  0.3  149   -7
2.27903608  0.217093  3.723229  1.0  337   19
2.27903728  0.216868  3.715517  1.1  338   18
2.27903718  0.216789  3.712811  0.9  336   20
2.27913033  0.220598  3.844414  2.8  144  -29
2.27913056  0.219320  3.799990  2.8  144  -29
2.27914411  0.219664  3.811923  0.6  313  -46
2.27919667  0.216807  3.713429  0.5  318  -31
2.27919901  0.217963  3.753132  0.8  305  -30
2.27919808  0.219766  3.815488  1.3  128  -23
2.27927682  0.232728  4.278825  1.0  165   36
2.27927070  0.230280  4.189286  0.3  303   50
2.27933340  0.228644  4.129977  2.3  305   54
2.27934783  0.223741  3.954747  0.1  171   -3
2.27938053  0.226544  4.054441  0.2  199  -33
2.27937695  0.220876  3.854122  0.1    9  -25
2.27939171  0.229398  4.157259  1.5  120  -58
2.27951419  0.225273  4.009102  4.3  198  -11
2.27952609  0.215745  3.677136  3.7  198  -25
2.27952674  0.215817  3.679572  1.0  197  -25
2.27952593  0.214528  3.635759  3.5  197  -28
2.27956010  0.232464  4.269130  0.5  280  -27
2.27956237  0.232378  4.265965  0.2  276  -26
2.27961068  0.232856  4.283513  0.1  358    8
2.27966754  0.221304  3.869058  0.0   18    1
2.27967357  0.220159  3.829140  0.0   55   44
2.27968656  0.226655  4.058432  1.0  213  -27
2.27973732  0.223503  3.946328  0.0   15   50
2.27974791  0.226059  4.037118  0.4  195   24
2.27985044  0.224710  3.989071  0.5  220   71
2.27983852  0.217177  3.726118  0.0  293   47
2.27984607  0.213356  3.596130  0.1  282   47
2.27984557  0.215328  3.662934  0.3  279   54
2.27991520  0.219728  3.814163  0.1  310  -30
2.27991625  0.215021  3.652481  0.0  317   -9
2.27998786  0.206784  3.378011  0.0  109   45
2.27998787  0.208554  3.436096  0.0  283   42
2.27999735  0.219297  3.799205  0.1  283   76
2.27998680  0.210180  3.489878  0.1  109   41
2.28009282  0.221010  3.858797  0.0  171  -36
2.28009262  0.220124  3.827924  0.0  351  -24
2.28014307  0.224483  3.981034  0.3   35  -57
2.28015198  0.226650  4.058249  0.0  308  -63
2.28019627  0.220330  3.835094  0.8  191  -43
2.28019522  0.219833  3.817786  0.8  196  -44
2.28026944  0.221511  3.876292  0.0  121   20
2.28026310  0.222359  3.906028  0.7  162  -17
2.28027092  0.223002  3.928675  0.3  118   31
2.28034172  0.226720  4.060766  1.5  120   37
2.28034211  0.227863  4.101813  1.0  167   48
2.28039417  0.226338  4.047094  0.0  185   30
2.28041551  0.212026  3.551445  0.0  164    1
2.28041501  0.213227  3.591781  0.0  343   11
2.28047996  0.218440  3.769566  1.7  303   21
2.28050212  0.214987  3.651322  0.5  338   -1
2.28050509  0.214406  3.631615  1.0  154    3
2.28050361  0.215188  3.658167  0.3  157   -8
2.28059165  0.210135  3.488366  0.0  193  -25
2.28059557  0.208232  3.425496  0.1  197  -29
2.28066380  0.216344  3.697572  3.6  192   13
2.28067162  0.213384  3.597073  3.1  186    7
2.28066521  0.212814  3.577880  1.2    4   34
2.28069040  0.223012  3.929014  0.0  311  -48
2.28076319  0.217003  3.720142  2.1  302  -54
2.28077401  0.213413  3.598061  0.5   70 -135
2.28083279  0.211124  3.521288  0.6  193  -42
2.28083289  0.206660  3.373965  0.0   12  -29
2.28083706  0.214009  3.618188  2.0   15  -17
2.28084644  0.215521  3.669490  0.1  192  -37
2.28091952  0.224853  3.994152  0.0  282  -49
2.28092786  0.225858  4.029937  0.5  190   23
2.28093002  0.223815  3.957352  0.1  191   29
2.28097618  0.226128  4.039569  0.6  222   -7
2.28100696  0.229666  4.166961  0.3  305  -40
2.28110653  0.227959  4.105261  2.5   46  -30
2.28111305  0.220405  3.837691  0.0  190  -48
2.28111204  0.220938  3.856286  0.1    6  -39
2.28111425  0.224105  3.967630  0.3  194  -59
2.28114165  0.224443  3.979611  0.2   81  -70
2.28119210  0.231454  4.232091  0.4  170  -62
2.28119927  0.228434  4.122381  0.6  191  -64
2.28126889  0.229379  4.156550  0.0  303  -39
2.28126857  0.227378  4.084365  0.0  299  -40
2.28126814  0.228713  4.132446  0.0  113  -40
2.28136740  0.218569  3.774019  1.0  198   37
2.28136666  0.216432  3.700595  0.1  200   31
2.28137982  0.215928  3.683379  2.0  186   47
2.28137615  0.214362  3.630150  0.7  173   54
2.28146813  0.209434  3.465156  0.0   80   34
2.28147277  0.208748  3.442492  0.0  253   27
2.28147690  0.207217  3.392184  0.0  248   31
2.28153970  0.203728  3.278890  0.0  289   21
2.28154043  0.203756  3.279816  0.4  289   20
2.28154468  0.217918  3.751585  1.7   79   53
2.28164016  0.201197  3.197949  5.6  307   41
2.28164263  0.201589  3.210404  5.7  130   33
2.28163878  0.201399  3.204354  5.5  304   42
2.28163983  0.201118  3.195430  5.6  306   41
2.28172094  0.207675  3.407192  1.0  203   26
2.28172125  0.208992  3.450529  0.6  203   26
2.28180415  0.214178  3.623899  1.7  345   47
2.28180317  0.215732  3.676688  2.0   23   54
2.28182010  0.212415  3.564505  2.5  342   12
2.28189212  0.189556  2.838572  0.1  181    5
2.28189155  0.189718  2.843432  0.1  180    4
2.28189194  0.187921  2.789816  0.0  179    6
2.28189577  0.192971  2.941788  0.2  181    5
2.28198233  0.213561  3.603068  3.7  118   29
2.28199371  0.209647  3.472208  1.0  308  -43
2.28199752  0.207463  3.400238  7.7  317  -46
2.28205917  0.204312  3.297715  0.1   15  -19
2.28206131  0.203705  3.278169  0.1  199  -34
2.28206608  0.212164  3.556081  0.1   32  -22
2.28209100  0.215366  3.664213  1.4    0   61
2.28215557  0.222434  3.908683  4.7  190  -19
2.28220344  0.212496  3.567209  2.9   21  -61
2.28222715  0.200905  3.188661  0.3   94  -22
2.28222712  0.199500  3.144215  0.0   94  -21
2.28222723  0.206354  3.363990  0.1   94  -22
2.28226248  0.223363  3.941401  1.0  106  -46
2.28227148  0.223690  3.952947  0.0  111  -43
2.28233391  0.221939  3.891287  2.1  201  -46
2.28234440  0.222219  3.901111  2.3  204  -31
2.28238125  0.222901  3.925105  0.0  210  -23
2.28239831  0.232018  4.252754  0.4  277   -1
2.28246956  0.227289  4.081159  3.8  314  -43
2.28250084  0.226848  4.065351  1.9  311  -16
2.28249867  0.225194  4.006283  0.2   29  -16
2.28252802  0.231907  4.248677  0.2  276  -12
2.28260118  0.230008  4.179376  1.0  294   25
2.28261371  0.231014  4.216028  1.1    9  -35
2.28263223  0.228407  4.121427  0.1   41  -38
2.28263023  0.225656  4.022748  0.1  226  -42
2.28269793  0.229077  4.145617  0.4  190  -13
2.28270390  0.228996  4.142687  1.0  194  -14
2.28276328  0.228893  4.138977  1.8   69  -31
2.28278837  0.222618  3.915143  0.3  204   47
2.28278798  0.223081  3.931429  0.7  204   47
2.28278906  0.222122  3.897718  0.2   30   60
2.28285830  0.231581  4.236764  1.0  207   65
2.28287652  0.231193  4.222581  1.9  180  -13
2.28294307  0.224563  3.983867  1.0  189   28
2.28295031  0.222191  3.900146  3.0  312   45
2.28294875  0.222409  3.907784  1.1    2   37
2.28295138  0.224027  3.964865  2.6    8   38
2.28303827  0.226804  4.063748  1.3  126   22
2.28303541  0.222680  3.917313  0.2  340   28
2.28303843  0.222868  3.923946  0.0  162    9
2.28314163  0.223132  3.933260  0.1   29  -55
2.28314353  0.221110  3.862285  0.1   28  -56
2.28314623  0.221997  3.893339  0.1  313  -57
2.28314930  0.224481  3.980928  0.0  324  -61
2.28321160  0.222197  3.900339  0.8  170  -42
2.28314483  0.221336  3.870172  0.1   98  -59
2.28328350  0.220936  3.856217  0.4  322   57
2.28328232  0.222040  3.894836  0.2  299   59
2.28330585  0.222510  3.911355  0.1  173   42
2.28331547  0.228800  4.135598  1.5   67  -26
2.28338193  0.225479  4.016422  0.1  288   14
2.28338778  0.224380  3.977354  0.1  108   13
2.28338811  0.227688  4.095492  0.3  286   16
2.28346726  0.229385  4.156789  2.5    2   19
2.28347299  0.229353  4.155607  1.0    1   13
2.28349569  0.229580  4.163841  1.4  205  -72
2.28353141  0.228555  4.126739  0.6  320  -49
2.28356763  0.227335  4.082810  2.1  316   18
2.28364570  0.222402  3.907542  0.2  339  -34
2.28364159  0.222036  3.894703  0.1  301  -35
2.28364532  0.223756  3.955291  1.0  299  -32
2.28364745  0.221617  3.880004  0.4  336  -35
2.28372329  0.231246  4.224496  0.5   61   -7
2.28373598  0.228268  4.116393  0.3   61    7
2.28380969  0.223421  3.943421  1.7  306  -45
2.28380767  0.221984  3.892888  0.9  289  -44
2.28380915  0.223019  3.929251  0.2   97  -42
2.28380878  0.223671  3.952279  0.1   97  -43
2.28388043  0.232226  4.260375  0.0  179  -68
2.28391184  0.228308  4.117854  0.0  300  -57
2.28392446  0.227316  4.082132  0.5  307  -49
2.28394081  0.227768  4.098392  0.2  286  -61
2.28399918  0.235032  4.363980  0.2  274   29
2.28400521  0.231448  4.231873  2.7  334   22
2.28402528  0.233051  4.290703  0.0  185   29
2.28406867  0.236773  4.428868  0.4  281   57
2.28409824  0.234847  4.357109  0.3  174   21
2.28416209  0.229440  4.158760  3.8  289   44
2.28416767  0.226079  4.037813  0.8   84   27
2.28417317  0.225778  4.027085  2.1  251   28
2.28420247  0.227309  4.081876  2.5  281   47
2.28420084  0.227660  4.094495  3.0  296   48
2.28426169  0.226492  4.052599  2.6   12   62
2.28431875  0.225193  4.006226  1.0   10  -40
2.28431864  0.224932  3.996972  0.0    9  -44
2.28435267  0.222516  3.911559  3.2  300   24
2.28435694  0.222706  3.918251  2.9  298   26
2.28435301  0.222451  3.909284  2.9  300   24
2.28445145  0.224272  3.973524  1.3   45  -61
2.28445306  0.226477  4.052062  2.3   67  -66
2.28449428  0.224314  3.975022  2.9  193   58
2.28450443  0.222551  3.912797  3.3  189   47
2.28450504  0.220920  3.855658  3.4  191   45
2.28459492  0.222783  3.920933  3.6  161  -24
2.28459445  0.222660  3.916637  3.5  342 -156
2.28459613  0.223623  3.950583  3.7  158  -31
2.28461575  0.224042  3.965400  5.9  136  -39
2.28468602  0.234088  4.328967  3.7  305  -45
2.28469491  0.234432  4.341702  3.3  305  -36
2.28474704  0.230839  4.209653  7.4  315   26
2.28474883  0.231184  4.222219  7.2  312   26
2.28477757  0.232514  4.270975  0.4   72  -60
2.28484998  0.229796  4.171702  3.9  274    9
2.28483941  0.227945  4.104766  1.3  186   -8
2.28491489  0.224549  3.983358  1.3  206   33
2.28491964  0.222931  3.926168  1.5  197   35
2.28492630  0.219306  3.799531  0.0  187   30
2.28492636  0.220256  3.832490  0.0  186   33
2.28501005  0.215611  3.672556  0.3   24  -57
2.28500935  0.215808  3.679269  0.5   24  -56
2.28501176  0.222387  3.907037  2.0  200  -67
2.28509654  0.223568  3.948625  1.6   53  -18
2.28509872  0.223438  3.944052  2.1   54  -19
2.28510986  0.221531  3.876996  0.1   62  -24
2.28511471  0.223343  3.940691  4.1  312  -43
2.28516808  0.231509  4.234130  1.4  324  -40
2.28522209  0.232198  4.259354  0.1  360  -54
2.28523284  0.226161  4.040761  2.1  310  -35
2.28524758  0.226044  4.036566  0.1   96  -55
2.28524178  0.229084  4.145887  1.6  300  -31
2.28532495  0.234076  4.328540  1.5   66  -16
2.28533269  0.234220  4.333862  1.9   67   -9
2.28537089  0.236855  4.431910  3.3  181   18
2.28540429  0.229964  4.177793  0.0   85   21
2.28541869  0.230916  4.212440  2.3   75   36
2.28541921  0.232704  4.277959  1.5   76   24
2.28546297  0.234965  4.361460  0.2  242   50
2.28553979  0.233841  4.319850  1.5   38   30
2.28554311  0.232951  4.287040  2.4  212   23
2.28559451  0.229491  4.160619  0.4  288  -45
2.28559723  0.230178  4.185584  2.1  304  -46
2.28560300  0.230743  4.206134  1.4  106  -42
2.28560857  0.232209  4.259770  1.7  302  -48
2.28565322  0.234860  4.357589  0.7   68  -61
2.28574396  0.232602  4.274176  1.3  199  -55
2.28574603  0.234143  4.331023  2.6  356  -50
2.28574724  0.232559  4.272607  1.3  194  -66
2.28575642  0.235426  4.378611  2.9  279  -50
2.28580115  0.231630  4.238546  0.1  273   43
2.28585407  0.230930  4.212981  0.3   79   73
2.28585568  0.231275  4.225557  0.3   71   73
2.28591066  0.242070  4.629217  0.9  200  -47
2.28591231  0.238701  4.501266  2.1   39   58
2.28597178  0.231821  4.245548  1.0  304   56
2.28597842  0.231987  4.251626  1.5  299   53
2.28601714  0.232687  4.277311  0.3   61   58
2.28603615  0.230920  4.212602  0.0  317  -68
2.28607583  0.228571  4.127332  0.1  104  131
2.28607635  0.228318  4.118185  0.1  285   50
2.28611688  0.239109  4.516677  0.1  191  -29
2.28619844  0.229427  4.158314  0.2   65    4
2.28620220  0.229174  4.149135  0.1   67    5
2.28621191  0.226751  4.061878  0.0   65    8
2.28621211  0.227290  4.081196  1.0   65    9
2.28624550  0.242333  4.639278  1.4  245   31
2.28628475  0.243134  4.670031  1.6  185   20
2.28632720  0.230693  4.204330  0.4  289 -138
2.28632725  0.230598  4.200865  0.3  289 -138
2.28635455  0.235102  4.366575  3.5  306   37
2.28638185  0.231857  4.246855  0.4  294  -38
2.28648447  0.224545  3.983231  0.2   89   34
2.28648750  0.223296  3.939026  0.6   87   30
2.28648763  0.223875  3.959482  0.9   86   31
2.28648795  0.222721  3.918759  0.2   86   31
2.28651913  0.226357  4.047769  3.7   17   46
2.28658461  0.225602  4.020804  1.2  282   26
2.28660051  0.230093  4.182491  1.0  293   50
2.28663756  0.228804  4.135751  0.4  305  -45
2.28665663  0.229020  4.143566  0.1   53  -50
2.28670602  0.226363  4.047971  3.6  265  -45
2.28671156  0.224841  3.993742  3.3   75  -18
2.28671733  0.225728  4.025293  3.5   77  -19
2.28675690  0.232114  4.256268  4.4  285  -19
2.28679330  0.228925  4.140112  2.1  272   52
2.28683491  0.221120  3.862647  0.1  210   43
2.28683655  0.218601  3.775124  0.1   38   57
2.28689936  0.220488  3.840576  1.7  109   50
2.28689934  0.216799  3.713153  1.8  270   47
2.28689906  0.217673  3.743156  1.4  272   48
2.28695628  0.226871  4.066169  0.1  279   47
2.28695304  0.224222  3.971748  0.0  291   49
2.28702533  0.227103  4.074472  1.1   18  -51
2.28703282  0.225441  4.015081  0.4  213  -62
2.28703600  0.229866  4.174223  1.0   93  -53
2.28713416  0.228797  4.135500  1.1  282  -49
2.28714119  0.227182  4.077311  1.5  295  -56
2.28713983  0.224992  3.999102  0.3  330  -50
2.28719165  0.230511  4.197689  3.1  190  -27
2.28721210  0.229036  4.144158  0.0   91    4
2.28724253  0.235773  4.391523  4.6  158    5
2.28725715  0.232966  4.287565  0.2   99  -40
2.28731559  0.228799  4.135573  0.0  283  -46
2.28732867  0.228306  4.117758  0.1  196   15
2.28736254  0.226105  4.038753  3.1  128  -37
2.28736067  0.224082  3.966804  1.2  297 -142
2.28745009  0.223119  3.932794  0.1  257  -58
2.28745135  0.221512  3.876348  0.0  283  -69
2.28745794  0.222515  3.911536  0.2   79  -30
2.28745983  0.222090  3.896610  0.1   76  -30
2.28756430  0.226668  4.058908  1.8  259   23
2.28755262  0.226056  4.036990  0.4   74   48
2.28757848  0.226194  4.041938  2.2   98   44
2.28760517  0.218845  3.783543  0.2  280   49
2.28760906  0.221818  3.887049  0.6  103   65
2.28771472  0.225480  4.016461  1.5  194   30
2.28771405  0.225557  4.019191  1.2  194   39
2.28772554  0.222848  3.923250  1.7  208   34
2.28772331  0.224522  3.982390  2.5   40   45
2.28775952  0.228031  4.107842  1.3  284    2
2.28773467  0.228778  4.134827  2.1  200   12
2.28783298  0.220832  3.852558  0.7  301   60
2.28783724  0.221035  3.859665  0.4  273   63
2.28789185  0.219259  3.797903  1.1  215   59
2.28790619  0.220560  3.843092  1.0   47   38
2.28791648  0.219989  3.823208  0.1   39   40
2.28799681  0.221689  3.882525  0.5  297   57
2.28799757  0.222211  3.900839  0.2  300   60
2.28802914  0.223822  3.957611  0.2   47  -54
2.28806048  0.227171  4.076909  1.2   66   69
2.28806914  0.226189  4.041743  0.7  204  -35
2.28810012  0.227169  4.076850  0.9  183   29
2.28811249  0.229898  4.175411  0.0  168   34
2.28817634  0.225125  4.003818  1.6  148  -26
2.28819237  0.230691  4.204244  0.9  176  -70
2.28823178  0.225411  4.014001  0.1  203  -17
2.28829955  0.223703  3.953408  0.0  149  -26
2.28823484  0.227544  4.090311  0.5  210  -13
2.28831285  0.225130  4.003981  0.8  334  -25
2.28832359  0.227249  4.079709  2.1  334  -43
2.28833794  0.230215  4.186929  1.6   88  -93
2.28841072  0.223671  3.952278  0.1  284  -58
2.28840784  0.222255  3.902392  0.4  102  -45
2.28841353  0.221574  3.878500  2.8  306  -49
2.28848000  0.231957  4.250506  1.0  296   38
2.28848131  0.230214  4.186887  0.2  297   36
2.28854684  0.224528  3.982600  0.9  293   58
2.28854728  0.225340  4.011479  0.8  294   57
2.28856173  0.231280  4.225737  3.1  296   -9
2.28860354  0.228864  4.137931  3.7  294   53
2.28863655  0.226986  4.070307  3.9  309   37
2.28867182  0.227828  4.100554  0.5  236  -62
2.28870546  0.214783  3.644407  0.0   96   86
2.28870456  0.216409  3.699799  0.1  281  120
2.28870705  0.224755  3.990680  1.0  254   76
2.28876934  0.233000  4.288825  2.8   54   63
2.28882656  0.222294  3.903744  1.1  275  -58
2.28883083  0.221337  3.870227  1.0  284  -56
2.28883407  0.220765  3.850245  0.1   83  -46
2.28888284  0.218295  3.764566  0.1   99   47
2.28893688  0.221568  3.878288  0.7   75   55
2.28893711  0.222800  3.921535  2.9  295   61
2.28898988  0.223321  3.939893  1.4  286   58
2.28899074  0.224384  3.977509  1.9  293   63
2.28904585  0.225387  4.013155  0.5  295  -40
2.28904641  0.225346  4.011700  0.2  296  -40
2.28912602  0.223794  3.956609  2.0  250  -63
2.28912418  0.225593  4.020468  1.2   19  -57
2.28912596  0.228021  4.107486  1.0  195  -71
2.28917934  0.228260  4.116091  0.4   54  -54
2.28917417  0.225472  4.016163  1.5  210  -55
2.28923570  0.225923  4.032258  1.1  141  -53
2.28923653  0.226020  4.035723  2.0  310  -37
2.28928802  0.228450  4.122971  0.4  291  -45
2.28928861  0.227789  4.099153  1.8   96  -46
2.28936173  0.230140  4.184183  3.1  299   47
2.28939527  0.221014  3.858933  0.0  292  -61
2.28939344  0.221090  3.861579  0.0   78  -83
2.28939250  0.219442  3.804231  0.1   99  -48
2.28939521  0.223878  3.959570  0.1  111  -51
2.28946744  0.232289  4.262699  0.3   35  -52
2.28950797  0.231876  4.247537  0.3   31  -15
2.28951610  0.234410  4.340886  1.0   30  -10
2.28954117  0.235786  4.391992  3.0  199   16
2.28955130  0.236458  4.417069  3.3  192   23
2.28964311  0.231648  4.239196  0.6   58  141
2.28965021  0.229212  4.150499  0.1  108   35
2.28971551  0.217956  3.752872  0.3  213   51
2.28971473  0.218047  3.756006  0.1  207   52
2.28971290  0.223277  3.938350  1.1   53   67
2.28974517  0.232163  4.258078  2.5  190  -41
2.28976750  0.229754  4.170150  0.2   90   43
2.28986933  0.224382  3.977438  0.3  299   66
2.28981311  0.234296  4.336687  2.1  151   40
2.28987567  0.228216  4.114510  2.5  355    6
2.28986923  0.228354  4.119496  0.4  280  113
2.28991445  0.233599  4.310923  0.0  282  -30
2.28991486  0.232393  4.266515  0.2  100  -28
2.28995389  0.233938  4.323446  1.1   14   15
2.28999382  0.235345  4.375597  1.9  177   53
2.29005988  0.222652  3.916323  0.8  311  -47
2.29005993  0.220173  3.829609  0.2  291 -128
2.29005857  0.223879  3.959612  2.4  115  -49
2.29011229  0.226690  4.059697  0.7  100  -53
2.29011462  0.226579  4.055691  1.5  115  -55
2.29016694  0.233377  4.302706  0.6   53  -49
2.29016585  0.231589  4.237043  0.3  228  -58
2.29024695  0.230890  4.211504  0.4  186  -39
2.29028013  0.230672  4.203538  0.2  285   59
2.29025036  0.229278  4.152903  0.1  197  -42
2.29028371  0.232425  4.267695  0.9  291   51
2.29034994  0.233847  4.320066  0.1  304  -55
2.29035144  0.236319  4.411885  1.9  321  -33
2.29040247  0.229769  4.170720  0.0   34  -46
2.29040253  0.229471  4.159886  0.1   36  -50
2.29047246  0.232171  4.258359  1.7  176  -52
2.29047929  0.233385  4.303023  1.6  177  -58
2.29052412  0.229975  4.178190  0.0   62   34
2.29052628  0.226814  4.064131  0.2  282   41
2.29058329  0.221828  3.887418  0.0  108   54
2.29058517  0.220368  3.836387  0.1   85   70
2.29058387  0.223175  3.934773  0.5  100   69
2.29071436  0.235893  4.395987  2.5   96   16
2.29069702  0.227816  4.100094  1.3  352   68
2.29069167  0.229252  4.151971  0.8   35   56
2.29075068  0.222270  3.902906  3.9  310   56
2.29075040  0.222591  3.914190  1.0  308   53
2.29075100  0.223804  3.956983  3.7  298   56
2.29080407  0.233781  4.317634  0.1  199   38
2.29087994  0.226978  4.070007  0.2  282  -34
2.29087744  0.226989  4.070399  0.5  283  -37
2.29086613  0.230091  4.182423  3.1  190   52
2.29094243  0.217036  3.721273  3.4  305   56
2.29094672  0.216613  3.706785  3.2  300   56
2.29094613  0.217400  3.733773  4.4  153   40
2.29102700  0.221308  3.869187  1.4   15    6
2.29103536  0.220675  3.847109  0.1  284   61
2.29106218  0.221486  3.875438  0.5  248  -76
2.29110794  0.227398  4.085083  0.0  186   28
2.29110737  0.224413  3.978542  2.6  325  -38
2.29118664  0.213586  3.603885  0.3  196   40
2.29120184  0.210590  3.503499  1.5  181  -15
2.29119871  0.212085  3.553417  1.0    3   -2
2.29120210  0.213043  3.585595  1.4  183  -16
2.29121136  0.217242  3.728319  2.4  192  -30
2.29126491  0.229335  4.154975  1.9  299   38
2.29136417  0.221952  3.891765  2.7  323    2
2.29136479  0.219798  3.816582  3.0  325   -0
2.29136455  0.219767  3.815498  3.0  325   -0
2.29137402  0.221563  3.878140  2.3  129   -5
2.29144505  0.224707  3.988951  2.2  330   20
2.29144528  0.220459  3.839585  3.5  317   29
2.29144429  0.225155  4.004890  2.2  330   18
2.29154736  0.225385  4.013066  1.4  300  -31
2.29154576  0.225056  4.001378  1.2  295  -35
2.29154938  0.224669  3.987630  1.0  296  -33
2.29161616  0.226520  4.053580  1.5  306    5
2.29162406  0.225220  4.007185  0.1  119  -14
2.29161942  0.224298  3.974445  2.6  321   -5
2.29162041  0.224727  3.989668  1.7  322  -10
2.29169962  0.229485  4.160397  1.0  290   48
2.29170242  0.228995  4.142645  0.1  284   47
2.29180486  0.227125  4.075281  0.2  326  -33
2.29179890  0.231525  4.234689  0.7  354  -31
2.29180533  0.225023  4.000190  1.6  316  -36
2.29187747  0.223679  3.952536  2.9  122  -29
2.29190563  0.223826  3.957738  1.0  132   47
2.29190835  0.221904  3.890054  0.0  129   47
2.29192792  0.226290  4.045353  2.6  309   40
2.29195645  0.234319  4.337522  0.0  301   70
2.29201061  0.227766  4.098328  0.0  342   45
2.29201071  0.229416  4.157906  0.1  342   46
2.29205697  0.230568  4.199777  0.7  296   -7
2.29209327  0.226289  4.045319  0.3   15   -5
2.29210589  0.231093  4.218925  2.6  162  -58
2.29217209  0.226774  4.062687  0.1  185   31
2.29217453  0.220834  3.852649  0.6  322   11
2.29217886  0.221056  3.860408  0.5  323   10
2.29219479  0.223018  3.929214  0.1  317    5
2.29226277  0.221904  3.890079  0.4  300   44
2.29226255  0.222859  3.923639  0.6  299   44
2.29226678  0.221081  3.861262  0.1  302   38
2.29235001  0.215633  3.673297  0.1   17   51
2.29235025  0.215716  3.676154  0.0  183   36
2.29235317  0.215078  3.654430  0.0    7   32
2.29243746  0.223546  3.947859  3.2  326    6
2.29243831  0.224982  3.998728  0.0  193  -31
2.29244384  0.222698  3.917948  0.0  199  -36
2.29252645  0.212844  3.578902  0.1  205   18
2.29252576  0.214589  3.637813  0.1   26   30
2.29252507  0.213093  3.587290  0.0  205   19
2.29257372  0.227329  4.082592  0.9   52   70
2.29258581  0.227768  4.098398  0.9   29   52
2.29262150  0.229141  4.147942  2.6  131  -26
2.29268998  0.211197  3.523715  0.0  306   41
2.29269068  0.213923  3.615291  1.0  302   45
2.29269232  0.209016  3.451341  0.0  300   39
2.29277288  0.200994  3.191481  0.2  285   50
2.29277472  0.199086  3.131183  0.0  177   40
2.29277936  0.197397  3.078275  0.1  163   34
2.29277460  0.197532  3.082505  0.2  167   33
2.29287092  0.207846  3.412788  4.7  146  -34
2.29288090  0.204630  3.308017  0.0  199  -45
2.29286887  0.207630  3.405691  5.1  328  -23
2.29294180  0.206063  3.354494  1.0  144   -7
2.29295890  0.205692  3.342424  0.1  117  -16
2.29295097  0.211991  3.550284  1.2  297   -6
2.29302844  0.223757  3.955318  2.4  333   -7
2.29303169  0.219199  3.795816  3.8  148   -9
2.29310616  0.214101  3.621285  1.8   13  -42
2.29311120  0.204891  3.316438  1.1   34  -44
2.29310956  0.203076  3.257947  1.1  215  -49
2.29311384  0.213989  3.617515  0.6  120  -58
2.29320078  0.218241  3.762717  0.8   48  -57
2.29320507  0.218270  3.763711  0.6  317  -61
2.29322902  0.226612  4.056873  1.9  258   64
2.29325300  0.229099  4.146411  1.3    7   -7
2.29332401  0.225452  4.015465  4.3  304   47
2.29332406  0.227003  4.070905  4.3  303   47
2.29341916  0.214241  3.626048  1.4  342  -37
2.29341877  0.214339  3.629360  0.9  341  -40
2.29342088  0.215005  3.651944  1.5  160  -51
2.29344032  0.215483  3.668186  1.3  323  -60
2.29344114  0.215218  3.659186  1.1  113  -64
2.29349464  0.217378  3.732989  4.7  308   15
2.29349458  0.217297  3.730207  3.6  307   15
2.29359081  0.210655  3.505660  0.6  183   -1
2.29359088  0.210301  3.493901  0.1  183   -1
2.29359752  0.211312  3.527553  0.3  190    1
2.29365791  0.220688  3.847540  2.8   70   32
2.29366809  0.219782  3.816033  3.1   54   60
2.29366828  0.220683  3.847373  3.8   52   54
2.29375991  0.215983  3.685247  0.2    8   -1
2.29376180  0.213947  3.616098  0.1  187  -14
2.29376235  0.213253  3.592660  1.0  188  -16
2.29376352  0.214428  3.632367  0.4  189  -16
2.29383924  0.210888  3.513421  0.0    7   14
2.29383980  0.214429  3.632408  0.2  187   -4
2.29385131  0.217602  3.740697  2.8  320   32
2.29393527  0.215818  3.679608  3.0  324  -37
2.29393534  0.212406  3.564174  3.1  324  -39
2.29400659  0.209495  3.467175  2.9  318   15
2.29401377  0.205715  3.343175  0.0  315   12
2.29401082  0.209405  3.464180  0.4  192   16
2.29408442  0.198011  3.097462  0.1   88   60
2.29408383  0.199135  3.132734  2.5  303   51
2.29408323  0.196692  3.056327  3.4  137   43
2.29418091  0.206522  3.369467  0.1  186    0
2.29419104  0.194832  2.998792  0.1  186  -26
2.29419061  0.192646  2.931900  0.2  186  -29
2.29419125  0.195974  3.034074  0.5  184  -29
2.29425601  0.195591  3.022215  0.1  343   13
2.29425575  0.194841  2.999081  0.1  343   13
2.29425617  0.194391  2.985233  0.8  342   13
2.29434553  0.202929  3.253225  0.0  343   -8
2.29441808  0.200626  3.179828  0.0  180   -0
2.29442113  0.196926  3.063599  0.1  356   10
2.29442100  0.197080  3.068416  0.2  357   10
2.29442054  0.194136  2.977425  0.0  358   10
2.29451693  0.207106  3.388529  4.2  131  -36
2.29451834  0.205912  3.349589  3.4  294  -43
2.29451597  0.206025  3.353272  4.5  314  -36
2.29451466  0.211216  3.524350  2.3   79  -60
2.29459584  0.214968  3.650682  0.2  186  -39
2.29459655  0.213278  3.593496  0.0  196  -41
2.29460290  0.216593  3.706091  0.0  199  -51
2.29468746  0.229810  4.172192  0.2  191  -42
2.29473967  0.221746  3.884530  0.1   69   62
2.29474228  0.222687  3.917558  0.6  203   47
2.29477271  0.218955  3.787353  0.1  145  -34
2.29477752  0.232027  4.253089  1.0  316  -36
2.29482252  0.227652  4.094213  1.1  201   42
2.29483940  0.219732  3.814289  0.5  181   30
2.29483874  0.221274  3.867999  0.9  178   29
2.29491217  0.219115  3.792903  1.0  142   -1
2.29491195  0.218148  3.759504  0.3  142   -1
2.29494474  0.224248  3.972687  0.1  302  -55
2.29500546  0.224518  3.982261  2.0   18  -19
2.29500802  0.226063  4.037236  2.3  170  -28
2.29507479  0.229914  4.175959  1.0  206   18
2.29509476  0.219304  3.799448  0.2  308  -47
2.29509351  0.217348  3.731961  0.1  109  -59
2.29516625  0.218037  3.755671  0.3  212   68
2.29516548  0.218583  3.774518  0.7   55   65
2.29517079  0.217919  3.751596  0.5  186   60
2.29516968  0.216651  3.708082  0.8  284   52
2.29524467  0.227487  4.088291  1.1   19  -24
2.29524474  0.227628  4.093329  1.0   20  -24
2.29533192  0.202682  3.245328  0.9  205   13
2.29532793  0.198925  3.126135  0.0   33   23
2.29533154  0.200317  3.170025  0.0   30   24
2.29533075  0.200515  3.176282  0.2   31   23
2.29540024  0.227872  4.102111  0.7   92   52
2.29541807  0.228520  4.125501  0.0  169  -12
2.29550031  0.209377  3.463273  1.0    1    4
2.29550315  0.208841  3.445564  1.1  178  -10
2.29550084  0.208917  3.448073  1.3    1    4
2.29549521  0.213671  3.606784  2.0   15   35
2.29559083  0.216736  3.710985  0.2  332   32
2.29560838  0.221123  3.862747  0.2   44   59
2.29566685  0.214647  3.639786  4.2   11   -4
2.29566693  0.214681  3.640942  4.0   11   -5
2.29566689  0.214613  3.638629  4.1   11   -4
2.29574960  0.190985  2.881541  0.1  200   31
2.29575300  0.189752  2.844470  0.1  202   29
2.29574992  0.190920  2.879588  0.1  201   30
2.29575285  0.190229  2.858781  0.2  202   29
2.29582372  0.209624  3.471438  0.1   94   39
2.29585202  0.207798  3.411226  0.0  169  -37
2.29591917  0.192387  2.924011  3.1  349    7
2.29592201  0.191075  2.884262  2.2  173  -10
2.29592220  0.191070  2.884104  2.0  171   -9
2.29593247  0.195979  3.034228  1.0  187  -24
2.29599377  0.206534  3.369846  2.3  166   17
2.29599793  0.207351  3.396570  1.7  343   27
2.29608953  0.193118  2.946279  0.0  352  -47
2.29609129  0.189451  2.835434  0.0  172  -65
2.29609189  0.192009  2.912540  0.0  172  -65
2.29616894  0.201312  3.201591  0.0  147  -55
2.29616915  0.200507  3.176027  0.0  336  -44
2.29617008  0.204556  3.305609  0.8  322  -43
2.29616943  0.202995  3.255352  0.1  145  -53
2.29621925  0.210990  3.516829  2.3  320    9
2.29625606  0.220390  3.837168  1.1  219  -56
2.29625244  0.220568  3.843352  0.2  196  -74
2.29630943  0.220612  3.844910  0.1  157   10
2.29639807  0.218852  3.783783  2.0  159   -0
2.29638374  0.222110  3.897305  3.2   47   65
2.29639836  0.218623  3.775890  1.6  159    0
2.29639552  0.218467  3.770503  2.0  338   11
2.29648464  0.212272  3.559698  2.1  326  -15
2.29648540  0.210740  3.508480  0.1  166   19
2.29658025  0.201167  3.196987  0.4  169  -45
2.29657559  0.201497  3.207496  0.5  160  -40
2.29658067  0.205877  3.348453  1.3  190  -28
2.29658045  0.205999  3.352396  1.9  189  -29
2.29664718  0.215914  3.682873  0.3  344   21
2.29666158  0.215844  3.680517  1.0  188  -16
2.29674676  0.212836  3.578623  4.0   19  -19
2.29674863  0.211730  3.541553  4.1  199  -34
2.29674851  0.210832  3.511567  2.3  218  -30
2.29682177  0.197583  3.084070  0.1  374   45
2.29682301  0.196848  3.061192  0.2  193   35
2.29682319  0.197478  3.080810  0.4  193   33
2.29682292  0.197203  3.072232  0.4  193   34
2.29691003  0.189696  2.842770  1.0  269   43
2.29690914  0.186824  2.757341  0.0  276   36
2.29690927  0.190069  2.853970  0.2  279   40
2.29699777  0.196904  3.062930  2.0  351    5
2.29699810  0.196637  3.054628  1.7  348    4
2.29707738  0.189465  2.835875  0.1  173   30
2.29708001  0.191474  2.896332  0.2  174   22
2.29708022  0.191179  2.887395  0.1  174   21
2.29707845  0.192182  2.917770  0.0  352   32
2.29716997  0.200098  3.163094  0.0  356  -19
2.29717001  0.199929  3.157746  0.0  355 -149
2.29724817  0.179328  2.540521  1.0  185    3
2.29725055  0.178895  2.528264  0.1  186   -1
2.29724823  0.178793  2.525377  0.0  185    3
2.29725343  0.181317  2.597200  0.0  186   -7
2.29725195  0.181493  2.602235  0.1  186 -186
2.29734697  0.205299  3.329670  0.3  154  -20
2.29736194  0.201541  3.208884  0.0  165   17
2.29742930  0.195272  3.012360  0.4   10  -46
2.29742321  0.198588  3.115548  0.9    8  -36
2.29742708  0.198208  3.103640  0.4  198  -51
2.29750106  0.210367  3.496083  4.3  294  -19
2.29750004  0.211267  3.526059  4.3  299  -21
2.29756174  0.204928  3.317630  2.8  328  -26
2.29756563  0.204934  3.317827  3.1  330  -24
2.29759598  0.207587  3.404299  4.7  126  -29
2.29759630  0.210070  3.486215  3.9  311  -18
2.29766610  0.225035  4.000623  0.2  194  -56
2.29766674  0.225627  4.021710  1.0  200  -54
2.29771861  0.227445  4.086766  0.3  310  -58
2.29771760  0.226748  4.061761  0.2  109  -60
2.29777797  0.218619  3.775763  0.1  293  -32
2.29777809  0.218910  3.785822  0.1  294  -32
2.29777804  0.218657  3.777057  0.1  294  -32
2.29790397  0.223000  3.928593  0.3  186   11
2.29789392  0.225683  4.023693  0.9  192   46
2.29790457  0.222136  3.898206  0.3  186    8
2.29790669  0.222096  3.896801  0.2  184    8
2.29799045  0.217584  3.740087  0.1  174    6
2.29799074  0.217207  3.727116  0.0  174    7
2.29805467  0.218270  3.763691  1.7  286   13
2.29806334  0.214428  3.632367  1.0  301   14
2.29808326  0.217589  3.740249  0.6  207  -29
2.29808292  0.216211  3.693031  0.1  207  -31
2.29815476  0.203623  3.275536  0.1  357   42
2.29815456  0.202669  3.244915  0.1  356   42
2.29815549  0.204388  3.300196  0.2  176   34
2.29824057  0.208602  3.437676  0.4  185  -70
2.29823960  0.213601  3.604419  1.0    2  -56
2.29833021  0.194221  2.980030  4.7  190   -2
2.29832239  0.193360  2.953670  5.3   12   17
2.29832449  0.194258  2.981167  5.3  192    3
2.29832245  0.193367  2.953859  5.3   12   15
2.29832714  0.192322  2.922043  5.4   11   13
2.29839765  0.205783  3.345381  2.7  307   43
2.29840003  0.210033  3.484995  1.6  141   30
2.29849005  0.211338  3.528423  3.1   12   -7
2.29848995  0.211346  3.528698  3.3  192  -15
2.29849811  0.210451  3.498895  0.2    7  -14
2.29857687  0.206805  3.378708  4.4  132  -21
2.29857608  0.204721  3.310948  4.6  318  -11
2.29857621  0.204687  3.309855  4.7  318  -11
2.29857703  0.207547  3.402989  4.4  132  -21
2.29866848  0.217992  3.754118  2.1  313  -23
2.29866905  0.218479  3.770912  2.1  313  -23
2.29874091  0.206606  3.372204  2.7    7   -8
2.29874699  0.204644  3.308448  2.9  186  -31
2.29874154  0.207702  3.408057  3.1  188  -21
2.29878411  0.218502  3.771715  0.7  281  -48
2.29883352  0.219953  3.821959  1.0  169   58
2.29888232  0.219451  3.804557  0.1  183   -9
2.29888652  0.221327  3.869874  0.1  191  -25
2.29891844  0.225006  3.999573  0.7  304  -37
2.29892296  0.223688  3.952875  0.0  187  -30
2.29899770  0.218920  3.786143  2.3  179   -6
2.29899689  0.219172  3.794868  3.3  182   -6
2.29905773  0.221309  3.869246  2.1  288   54
2.29905826  0.220551  3.842784  2.5  125   51
2.29914211  0.221516  3.876469  1.0  148   23
2.29915581  0.215129  3.656170  3.8  188  -10
2.29916079  0.215093  3.654925  4.2  189  -15
2.29915647  0.215043  3.653241  3.8  188  -10
2.29922763  0.217100  3.723470  3.2  174    8
2.29922633  0.216633  3.707442  3.0  184   14
2.29922964  0.215441  3.666763  3.5  174    6
2.29933335  0.214028  3.618832  0.4  291  -44
2.29933006  0.214565  3.637010  0.7  289  -46
2.29940543  0.206247  3.360504  2.5  185  -18
2.29940511  0.206234  3.360052  2.8  185  -18
2.29940396  0.205444  3.334356  3.3  185  -17
2.29940578  0.205494  3.335989  2.9  184  -17
2.29940585  0.206790  3.378205  2.1  184  -18
2.29947204  0.213664  3.606548  0.1  302   18
2.29947558  0.214728  3.642555  1.0  302   19
2.29957337  0.208109  3.421438  0.0   32  -19
2.29957464  0.208860  3.446192  1.0   34  -23
2.29956814  0.219620  3.810415  0.7   23  -32
2.29965218  0.207421  3.398863  1.0  187   21
2.29965371  0.208414  3.431482  0.2  190   21
2.29965271  0.207194  3.391424  1.0  190   19
2.29969627  0.217004  3.720160  2.0  293   59
2.29972295  0.218126  3.758735  0.3   50   56
2.29971857  0.214019  3.618512  0.1  258   52
2.29981781  0.201599  3.210727  0.8   13   -7
2.29981883  0.197891  3.093716  0.1   11  -15
2.29981958  0.199359  3.139771  0.1   12  -15
2.29982703  0.198530  3.113706  1.8  197  -35
2.29990029  0.203166  3.260832  0.0   10   35
2.29989953  0.205441  3.334285  0.2  188   23
2.30000295  0.201860  3.219046  2.4  322  -20
2.30000310  0.199363  3.139888  1.8  323  -22
2.30000522  0.199247  3.136248  1.6  322  -19
2.30000608  0.198686  3.118623  2.3  138  -31
2.30007826  0.210469  3.499462  2.3    5   13
2.30007871  0.211092  3.520241  0.5    5   11
2.30007765  0.210538  3.501775  1.8    4   17
2.30016166  0.223575  3.948894  0.1  172   24
2.30016270  0.224153  3.969311  3.0  338 -156
2.30025882  0.220123  3.827865  0.4  182  -27
2.30025814  0.218106  3.758043  1.0  180  -29
2.30025693  0.218838  3.783325  0.3  182  -26
2.30026302  0.219633  3.810842  0.3  218  -63
2.30032825  0.222534  3.912193  0.0   10   29
2.30032752  0.223535  3.947452  1.0  188   16
2.30037630  0.231410  4.230492  2.9    7    3
2.30041809  0.221336  3.870165  3.2  328  -14
2.30043782  0.217317  3.730905  2.4  303 -146
2.30052030  0.215334  3.663139  0.1  117   12
2.30052522  0.215402  3.665437  2.3  303   32
2.30053209  0.214724  3.642409  2.4  304   45
2.30052439  0.216719  3.710395  0.5  118   16
2.30055295  0.225426  4.014517  0.2  178  -44
2.30063337  0.230070  4.181647  0.0  171  -26
2.30063863  0.228448  4.122898  1.2  359  -22
2.30064212  0.229510  4.161299  1.6  182  -40
2.30070546  0.222168  3.899344  3.7  315  -18
2.30072318  0.223375  3.941831  2.5  315  -17
2.30072229  0.223157  3.934119  0.7  303  -56
2.30072170  0.223338  3.940518  1.8  317  -39
2.30079217  0.226905  4.067379  2.8  305   31
2.30078957  0.223693  3.953037  0.0  277   35
2.30089145  0.217718  3.744699  1.1  191   -9
2.30089145  0.217227  3.727802  1.6  191   -9
2.30089772  0.217974  3.753516  2.2  191   -9
2.30089793  0.218468  3.770547  1.9  192   -8
2.30098170  0.218049  3.756077  0.2  189   21
2.30098212  0.219319  3.799950  0.9  190   23
2.30105763  0.223353  3.941049  0.9  187  -55
2.30107996  0.226308  4.046014  1.5   18  -48
2.30107429  0.226010  4.035353  2.3  186  -54
2.30115155  0.211356  3.529040  2.7  196  -11
2.30115155  0.211352  3.528913  2.9  195  -11
2.30115176  0.211316  3.527695  2.6  196  -12
2.30123040  0.226224  4.043023  0.1  169    2
2.30124496  0.224446  3.979690  2.9  315   52
2.30124849  0.223608  3.950025  2.6  297   47
2.30132774  0.224274  3.973613  4.4  186   -3
2.30131093  0.222408  3.907771  1.4  302  -54
2.30131267  0.220545  3.842575  0.6  307  -50
2.30141234  0.214445  3.632947  3.8  188   26
2.30141261  0.215328  3.662918  4.1  188   22
2.30141270  0.214677  3.640799  4.0  188   23
2.30141266  0.214653  3.639993  3.6  188   23
2.30149753  0.218240  3.762665  0.1  158  -15
2.30153584  0.206683  3.374725  5.2  309   57
2.30153563  0.206709  3.375550  5.1  308   57
2.30153782  0.208909  3.447788  3.2  286   60
2.30157675  0.213853  3.612908  5.2  192   -3
2.30158162  0.213845  3.612641  4.9  188   -8
2.30167677  0.212300  3.560633  1.9  312  -28
2.30167685  0.213172  3.589957  1.5  313  -29
2.30167713  0.213067  3.586413  0.0  313  -29
2.30175378  0.211193  3.523586  2.4   14  -37
2.30176168  0.214942  3.649809  0.1  298  -51
2.30176597  0.215470  3.667762  3.1  310  -48
2.30182292  0.222499  3.910973  0.0   62  -59
2.30188070  0.217691  3.743754  3.9  337  -56
2.30188641  0.207968  3.416798  0.8   47  -51
2.30188281  0.203263  3.263960  0.2  216  -49
2.30193244  0.228406  4.121367  1.7  308  -13
2.30198755  0.225945  4.033042  3.8  132   31
2.30199385  0.228492  4.124471  1.0  188   43
2.30205265  0.222560  3.913097  3.6  345    7
2.30205755  0.216223  3.693428  0.1  103  -39
2.30205898  0.220033  3.824739  2.5  189   36
2.30205821  0.221201  3.865462  2.9  182   33
2.30211919  0.219936  3.821381  4.1  313  -15
2.30213196  0.225626  4.021664  1.4  143   10
2.30222355  0.217104  3.723614  0.5  188   -7
2.30222690  0.213933  3.615611  0.0  188  -17
2.30222900  0.214343  3.629497  0.1  188  -16
2.30222457  0.221411  3.872810  2.0  338   11
2.30230019  0.212353  3.562405  0.0  296   65
2.30230344  0.218891  3.785152  0.0   52   64
2.30240559  0.202072  3.225823  1.4   22  -52
2.30240549  0.199139  3.132841  1.4  199  -65
2.30240568  0.199662  3.149344  1.3  203  -66
2.30240797  0.199840  3.154961  0.0  212  -64
2.30249067  0.224422  3.978863  0.1  351  -50
2.30249036  0.229050  4.144636  1.0  305  -37
2.30249682  0.225936  4.032717  0.0  320  -31
2.30255203  0.225331  4.011152  0.1  296  -62
2.30255586  0.224519  3.982281  0.6  295  -65
2.30259778  0.226672  4.059045  0.0  302  -35
2.30264299  0.234829  4.356443  0.0  300   47
2.30269649  0.227713  4.096394  0.1  115   44
2.30269751  0.226334  4.046953  0.2  284   47
2.30274492  0.224987  3.998927  1.0  196   19
2.30275134  0.223969  3.962819  0.9   12   34
2.30274400  0.228184  4.113368  1.4   18   36
2.30284261  0.228476  4.123889  1.2  271   18
2.30288659  0.218509  3.771947  0.0   43  -54
2.30287116  0.222013  3.893876  0.3  205   46
2.30288981  0.216745  3.711294  0.0  277  -55
2.30294229  0.227223  4.078781  0.5   83  -48
2.30294228  0.224910  3.996189  0.7  307  -51
2.30299746  0.218871  3.784458  0.2  284  -61
2.30299702  0.221795  3.886263  0.3   68  -69
2.30301451  0.218481  3.770976  0.2  108  -26
2.30301752  0.217965  3.753182  0.0  296  -16
2.30308261  0.229426  4.158278  0.7  285   52
2.30313688  0.229695  4.168035  1.0  115   15
2.30311878  0.228584  4.127806  0.5  121   -4
2.30314377  0.235382  4.376987  2.1    7   78
2.30322119  0.234943  4.360674  1.5  306  -56
2.30323502  0.230353  4.191954  1.9  305   -2
2.30329382  0.218319  3.765381  0.1  202   39
2.30329751  0.216515  3.703416  0.3  203   53
2.30329924  0.217162  3.725596  0.4   28   66
2.30337404  0.214405  3.631589  0.1  220   63
2.30337216  0.208414  3.431465  0.6  269   45
2.30341984  0.213640  3.605719  0.0   90   53
2.30341849  0.209585  3.470150  0.0  261   49
2.30343085  0.221630  3.880469  0.4  145   60
2.30349389  0.221658  3.881441  0.2   24  -45
2.30349595  0.219873  3.819196  0.4  198  -66
2.30356305  0.214949  3.650059  1.2  115  -13
2.30356226  0.214310  3.628366  0.2  310   -7
2.30356321  0.215897  3.682322  1.1  115  -13
2.30359008  0.219631  3.810790  0.4   40   61
2.30366777  0.232396  4.266643  0.8  284  -37
2.30367077  0.225559  4.019288  0.9  105  -41
2.30372749  0.218892  3.785181  0.5   63  -54
2.30372941  0.216379  3.698771  0.1   90  -62
2.30373088  0.216835  3.714389  0.2  104  -57
2.30378562  0.217305  3.730502  0.1  185  -63
2.30378920  0.228832  4.136766  1.1  114  -65
2.30382656  0.228523  4.125584  3.0  322  -19
2.30389457  0.226726  4.060964  0.5  311   42
2.30389953  0.229766  4.170606  1.1  302   50
2.30397598  0.206329  3.363170  0.0  208   37
2.30397610  0.207080  3.387685  0.1  209   39
2.30398006  0.212478  3.566613  0.7   18   49
2.30397943  0.207554  3.403227  0.1  200   41
2.30409277  0.221057  3.860416  1.6  102  -24
2.30410150  0.218377  3.767403  0.5  302  -52
2.30410427  0.217205  3.727050  1.0   71  -34
2.30413373  0.219024  3.789764  0.2  275    5
2.30410391  0.218479  3.770928  0.2   71  -33
2.30415120  0.225264  4.008766  0.5  214  -37
2.30424471  0.234957  4.361166  0.0  193    8
2.30425551  0.223736  3.954559  0.1  288   43
2.30429784  0.228230  4.115010  1.1  287  -29
2.30431821  0.221202  3.865484  0.1  351   62
2.30431608  0.223285  3.938640  0.1  165   62
2.30430336  0.229774  4.170897  0.0  114  -39
2.30440494  0.211341  3.528540  0.0  189   57
2.30440958  0.209906  3.480784  0.0    9   57
2.30441050  0.211153  3.522276  0.6  190   44
2.30448092  0.223098  3.932028  0.2  288   60
2.30451072  0.223643  3.951268  0.0  296  -67
2.30450830  0.224317  3.975126  0.2   51  -61
2.30455751  0.231677  4.240264  0.6  301  -39
2.30460864  0.224309  3.974853  0.1   13  -61
2.30460962  0.224392  3.977787  0.0   10  -61
2.30467626  0.226107  4.038821  0.0  104   -4
2.30466288  0.226327  4.046684  0.5  282  -33
2.30470035  0.222423  3.908301  0.2  296   33
2.30473842  0.227842  4.101053  0.2   14  -62
2.30474394  0.228285  4.116999  0.0  192  -73
2.30475745  0.236377  4.414052  0.9  311  -46
2.30483446  0.229503  4.161047  1.3   76  -49
2.30483871  0.223366  3.941510  1.1  106  -45
2.30483739  0.221880  3.889216  1.3   95  -45
2.30489330  0.230660  4.203115  0.0  107  -46
2.30494466  0.218697  3.778430  0.0   34  -47
2.30494131  0.223696  3.953155  0.5  204  -61
2.30499703  0.234471  4.343146  0.5   53  -55
2.30500137  0.230446  4.195327  0.1  280  -50
2.30503676  0.233424  4.304449  3.5  295   50
2.30504596  0.232543  4.272007  1.2  194   42
2.30511463  0.229715  4.168749  1.3  295   15
2.30513400  0.231905  4.248612  1.4   71   67
2.30513816  0.230699  4.204525  0.7   51   64
2.30521575  0.225867  4.030258  0.0  114    7
2.30521915  0.226242  4.043655  0.1  111   21
2.30524766  0.232774  4.280503  0.2  293   50
2.30528323  0.232647  4.275858  0.0  287  -34
2.30531263  0.224307  3.974766  0.2  196   43
2.30531269  0.223578  3.948972  0.0  190   49
2.30539377  0.219515  3.806747  3.1  309  -36
2.30539453  0.217888  3.750532  2.6  306  -36
2.30539549  0.218570  3.774070  1.5  112  -42
2.30539592  0.217709  3.744389  0.0  295  -36
2.30548239  0.224796  3.992132  0.5  203   57
2.30548169  0.226556  4.054871  0.7   42   65
2.30550146  0.236072  4.402652  2.2  120  -48
2.30559345  0.233437  4.304933  1.0  304   36
2.30559198  0.232398  4.266683  2.5  201   52
2.30560252  0.231114  4.219698  1.2  318   58
2.30561882  0.231189  4.222419  0.9  229  -60
2.30567048  0.223951  3.962162  0.7   38  -54
2.30567004  0.221858  3.888469  0.0  195  -92
2.30570379  0.239724  4.539932  3.1   31   57
2.30575896  0.238278  4.485346  1.2   54   63
2.30578180  0.232101  4.255797  0.4  185  -67
2.30578809  0.234669  4.350495  0.0  220  -70
2.30584303  0.235996  4.399846  0.4   52  -54
2.30583489  0.235917  4.396890  0.2  315  -63
2.30584582  0.234471  4.343163  0.6  101   49
2.30593720  0.233211  4.296597  0.4  185   51
2.30595239  0.232614  4.274633  0.1  290  -59
2.30602396  0.221068  3.860815  0.0  284   34
2.30602366  0.221878  3.889171  0.1  284   34
2.30602278  0.221504  3.876040  0.0  284   33
2.30602624  0.224045  3.965502  1.3  123   32
2.30602404  0.221926  3.890850  0.4  285   35
2.30612992  0.232147  4.257500  2.3  299   48
2.30613009  0.232039  4.253536  2.9  133   34
2.30618983  0.229316  4.154289  2.6  307  -14
2.30619046  0.229334  4.154931  2.3  307  -17
2.30621084  0.232516  4.271016  0.4  106   19
2.30629991  0.227376  4.084297  0.4  303    4
2.30630094  0.227242  4.079480  0.6  302    6
2.30630196  0.229946  4.177146  1.0  303    5
2.30637538  0.218216  3.761831  0.4  120   53
2.30637489  0.218163  3.760029  0.7  283   54
2.30637878  0.219063  3.791093  1.1  252   55
2.30643258  0.226828  4.064631  0.3   64   57
2.30647454  0.229490  4.160587  0.0  326  -19
2.30648450  0.222708  3.918324  0.0  208   52
2.30648233  0.223305  3.939345  0.3   37   61
2.30655819  0.231018  4.216186  0.4  169  -65
2.30656877  0.228677  4.131178  0.6  200  -47
2.30656867  0.229904  4.175611  0.8  200  -45
2.30662363  0.235152  4.368413  0.1   72  -51
2.30667311  0.227766  4.098297  0.3   32  -46
2.30667228  0.222587  3.914047  0.0  205  -58
2.30672962  0.222310  3.904300  0.0  299  -33
2.30673084  0.224383  3.977453  0.3  300  -35
2.30677719  0.234849  4.357189  0.5  183   52
2.30679612  0.232793  4.281213  1.0  158  -16
2.30679822  0.232248  4.261194  0.0  340    0
2.30685898  0.236823  4.430726  1.6  297   54
2.30686388  0.236302  4.411253  1.8  295   53
2.30691434  0.232683  4.277152  0.2  279  -45
2.30696929  0.229706  4.168418  3.5  120  -52
2.30696823  0.226196  4.041995  0.0   59  -55
2.30697014  0.228561  4.126980  2.5  116  -53
2.30701635  0.234374  4.339554  0.1  289  -42
2.30701583  0.236568  4.421175  0.1   91  -48
2.30706970  0.236279  4.410401  0.4  309  -29
2.30710684  0.237784  4.466741  1.2  296   52
2.30710635  0.236633  4.423607  1.2  129   52
2.30716624  0.237218  4.445527  0.0   24   -6
2.30719127  0.239959  4.548840  0.0  191   47
2.30721500  0.238074  4.477673  1.4   35   47
2.30725993  0.237731  4.464758  0.6   26   54
2.30725708  0.237494  4.455880  0.6   26   52
2.30731028  0.237513  4.456592  0.3  268   57
2.30731666  0.240741  4.578554  1.1  107   50
2.30738658  0.231809  4.245101  0.1  211   42
2.30738706  0.237395  4.452154  0.0   48   34
2.30745089  0.235507  4.381613  0.6   89   52
2.30744750  0.235441  4.379166  0.9  110   48
2.30744983  0.238452  4.491901  0.0   73   29
2.30750822  0.237533  4.457327  0.0  298  -60
2.30752645  0.235755  4.390864  0.2   28   33
2.30757619  0.235095  4.366286  0.3  193  -50
2.30758670  0.236161  4.405997  0.1  273   31
2.30757225  0.237291  4.448244  0.5  270   21
2.30760861  0.238385  4.489371  1.1   93   15
2.30764764  0.239694  4.538805  2.4  318  -34
2.30773678  0.237259  4.447050  3.9   94    7
2.30774356  0.233765  4.317041  0.0  296  -50
2.30774469  0.234438  4.341929  0.0  308  -26
2.30774555  0.232940  4.286606  1.8  118  -33
2.30779772  0.237616  4.460455  1.7  315  -59
2.30784264  0.234814  4.355871  0.0  316  -42
2.30787612  0.236499  4.418598  2.0  199   43
2.30792120  0.231229  4.223886  2.5   33   56
2.30793534  0.233075  4.291589  1.1   21   41
2.30793614  0.233417  4.304211  1.4  202   32
2.30794197  0.237113  4.441601  0.9  227  -72
2.30804359  0.230345  4.191651  2.0  204   56
2.30811077  0.228686  4.131473  4.1  284  -15
2.30811599  0.228223  4.114770  4.0  286   -9
2.30811469  0.228149  4.112095  4.3  285   -5
2.30811488  0.228701  4.132034  4.1  286   -5
2.30813195  0.229602  4.164655  1.4  109    7
2.30812960  0.230893  4.211604  0.0  286    7
2.30826956  0.233560  4.309453  7.1  268 -172
2.30827487  0.232139  4.257193  6.6  274    5
2.30828756  0.227520  4.089449  3.3  294   45
2.30828821  0.228508  4.125047  3.1  283   49
2.30830008  0.234779  4.354576  3.9  278   -5
2.30838255  0.233049  4.290621  1.9  119   50
2.30839873  0.231743  4.242671  0.8   14   43
2.30843197  0.233080  4.291759  0.0    3  -45
2.30844323  0.231774  4.243807  0.1  277   -2
2.30848598  0.233403  4.303680  0.0   85   21
2.30848227  0.232702  4.277879  0.0  261   17
2.30855838  0.232867  4.283935  0.3  264   21
2.30856102  0.231848  4.246517  0.0  259   24
2.30856503  0.230774  4.207284  0.0   94   36
2.30862785  0.232662  4.276404  0.0  311  -47
2.30863019  0.231511  4.234174  2.6  301  -48
2.30868332  0.230496  4.197158  0.1   44  -52
2.30865654  0.233665  4.313339  0.0  351   60
2.30871258  0.234196  4.332958  0.0   86  -58
2.30873142  0.234558  4.346373  0.0   84   22
2.30878180  0.235612  4.385546  1.0  298  -43
2.30883195  0.234056  4.327783  3.5  163   26
2.30883240  0.233783  4.317691  0.0  161   26
2.30888066  0.229815  4.172364  0.0  286  -11
2.30890179  0.226628  4.057458  0.0  283   32
2.30891245  0.227702  4.096020  0.0   96   19
2.30890926  0.228671  4.130949  1.4  277   19
2.30895633  0.235099  4.366463  0.1   92  -18
2.30898476  0.234661  4.350182  2.5   51  -18
2.30907022  0.234826  4.356319  1.2   21  -63
2.30907901  0.229774  4.170902  2.5  307  -32
2.30908634  0.229681  4.167523  1.2   69  -35
2.30915530  0.230524  4.198170  1.9  311  -25
2.30915321  0.230137  4.184081  0.0  312  -25
2.30915431  0.229690  4.167824  1.4  312 -149
2.30917155  0.232195  4.259258  1.7  118  -25
2.30924397  0.231364  4.228800  0.9  332   37
2.30927130  0.234662  4.350218  0.6   22  -47
2.30931049  0.234026  4.326677  0.0   59   -1
2.30930666  0.233034  4.290076  1.0  316    6
2.30940263  0.231073  4.218176  2.8   84    4
2.30936047  0.231372  4.229096  0.1  295  -16
2.30941007  0.231006  4.215738  0.0   82    5
2.30941955  0.230415  4.194188  3.0   79    1
2.30942575  0.230764  4.206918  0.0   78    2
2.30953237  0.225529  4.018197  0.0  211   23
2.30953299  0.225326  4.010957  0.0   32   32
2.30953240  0.225275  4.009145  0.0   31   32
2.30954263  0.229746  4.169889  2.3   25   15
2.30962595  0.231616  4.238019  1.1  357  -22
2.30962705  0.230781  4.207546  0.0    1  -22
2.30968298  0.232180  4.258688  0.0   61   32
2.30967664  0.231433  4.231349  0.1  234   39
2.30975032  0.228903  4.139326  3.5  209   44
2.30975280  0.228437  4.122490  3.3  202   36
2.30974741  0.229646  4.166240  3.2   46   61
2.30974772  0.235499  4.381319  1.7  267   57
2.30983199  0.239249  4.521980  0.5  295   43
2.30990400  0.230213  4.186856  0.0  142   18
2.30990445  0.224852  3.994129  3.3  317   49
2.30990540  0.225206  4.006717  3.9  317   44
2.30996671  0.217751  3.745816  1.8  120   24
2.30996795  0.218620  3.775774  1.6  120   22
2.30998482  0.217584  3.740096  0.2  116    3
2.30997196  0.220184  3.830009  1.7  287   58
2.31006263  0.226948  4.068920  0.1  180   27
2.31010093  0.226429  4.050347  0.9   46  -54
2.31009751  0.225357  4.012071  0.0   38  -62
2.31017523  0.220289  3.833653  0.0  120  -20
2.31017186  0.220208  3.830842  0.0  119  -24
2.31022024  0.222608  3.914790  1.7  288    4
2.31023663  0.221191  3.865119  2.3  293   14
2.31024143  0.222173  3.899521  2.4  300   14
2.31026590  0.227737  4.097263  2.5  313 -178
2.31034917  0.221805  3.886602  1.9  189   21
2.31034949  0.225152  4.004781  2.2  189   23
2.31033964  0.227298  4.081488  1.7  269   56
2.31042835  0.224284  3.973968  1.5  321    6
2.31042771  0.223255  3.937596  0.0  325    7
2.31049612  0.221545  3.877503  0.2  323   20
2.31051597  0.223145  3.933708  0.0    6  -15
2.31057823  0.215656  3.674084  2.9  199   35
2.31058066  0.213632  3.605439  3.0  195   34
2.31058655  0.209926  3.481429  3.8  192   32
2.31058693  0.209387  3.463599  4.5   13   43
2.31059480  0.218361  3.766827  0.0   14   33
2.31068957  0.203713  3.278428  4.3  145  -68
2.31068809  0.201253  3.199715  4.5  298  -51
2.31068845  0.202337  3.234284  4.4  108  -55
2.31068871  0.206173  3.358072  4.5  305  -51
2.31077847  0.224016  3.964484  0.4  307  -38
2.31079144  0.225417  4.014205  1.6  192    2
2.31086400  0.227944  4.104707  3.0  167  -38
2.31085491  0.223840  3.958236  1.4   13   57
2.31087655  0.225845  4.029465  4.9  188    7
2.31087626  0.227739  4.097349  0.0  188    8
2.31094734  0.229371  4.156276  0.0   10  -35
2.31096568  0.228491  4.124444  0.9  179  -47
2.31103417  0.225051  4.001198  0.2  277  -62
2.31104291  0.225504  4.017316  1.6  182    4
2.31107356  0.221658  3.881457  0.3  106   17
2.31108142  0.224283  3.973925  1.0  277   14
2.31112185  0.217884  3.750396  2.8  350  -13
2.31113542  0.222262  3.902642  3.5  188  -54
2.31113756  0.223560  3.948341  3.5   18  -61
2.31120120  0.229818  4.172498  2.3  319  -24
2.31125259  0.229847  4.173549  0.1  321    3
2.31131233  0.220574  3.843565  5.6  321    1
2.31131141  0.219449  3.804477  6.8  323    2
2.31131056  0.220097  3.826972  6.4  322    2
2.31132160  0.221062  3.860615  5.3  340   -1
2.31135055  0.232896  4.285008  0.4  256   16
2.31142478  0.228069  4.109208  0.0  116   33
2.31142857  0.229656  4.166592  0.2  292   43
2.31143659  0.232712  4.278222  1.0  169   54
2.31149494  0.223294  3.938971  2.4  149  -19
2.31151802  0.223712  3.953708  0.0  181   38
2.31151780  0.222884  3.924491  0.0  183   37
2.31159313  0.222181  3.899784  0.1  312   19
2.31157706  0.224330  3.975585  2.5  301  -19
2.31161952  0.219937  3.821395  0.0  139   -2
2.31168964  0.210591  3.503525  0.8  352   32
2.31169172  0.210125  3.488041  0.4  350   34
2.31169168  0.210149  3.488829  0.2  350   34
2.31177367  0.230155  4.184737  3.2  150  -41
2.31177074  0.223452  3.944533  0.1  323  -29
2.31177787  0.228868  4.138059  1.7  325 -132
2.31187262  0.212126  3.554788  1.3  191  -19
2.31186685  0.211807  3.544122  1.0   11   -0
2.31186491  0.212143  3.555355  1.8    9   -2
2.31192311  0.227431  4.086267  1.3   61   61
2.31194699  0.224578  3.984385  3.3  179   20
2.31195252  0.222390  3.907139  0.0  187   34
2.31195254  0.220461  3.839657  0.8  187   33
2.31204875  0.220208  3.830850  0.9  184  -62
2.31204918  0.220560  3.843106  1.1  182  -62
2.31205279  0.221263  3.867631  0.9  207  -66
2.31212566  0.226386  4.048812  3.4  192  -10
2.31213074  0.227247  4.079661  3.6   10   -5
2.31212561  0.226590  4.056099  0.0  192   -9
2.31221116  0.232585  4.273577  0.0  151  -44
2.31222018  0.232900  4.285167  1.0  154  -14
2.31229674  0.229140  4.147888  2.4  190  -25
2.31229698  0.229060  4.145003  1.8  191  -25
2.31229726  0.229046  4.144513  1.6  190  -25
2.31229697  0.229359  4.155830  2.2  191  -22
2.31239613  0.234972  4.361723  1.0  171  -10
2.31239621  0.232302  4.263158  0.5  171   -8
2.31239925  0.232100  4.255754  1.7  167    6
2.31246268  0.235634  4.386350  0.0  163  -11
2.31247326  0.235045  4.364451  0.4  292   40
2.31253044  0.237534  4.457375  1.7   43   56
2.31253765  0.234896  4.358908  1.0  196   31
2.31257060  0.232342  4.264658  0.0  184   10
2.31259384  0.231761  4.243339  0.0  281   12
2.31263156  0.230924  4.212740  1.9  194   42
2.31264867  0.231389  4.229733  3.3  313  -42
2.31265074  0.230501  4.197309  3.0  129  -48
2.31270610  0.227813  4.099998  1.2  297   50
2.31276347  0.216282  3.695440  1.2  212   57
2.31276488  0.219431  3.803843  2.5  104   66
2.31278819  0.218393  3.767948  2.8  190   25
2.31287305  0.220679  3.847248  0.1  354  142
2.31287101  0.222527  3.911960  0.2  179   36
2.31286574  0.216809  3.713468  0.0  356   36
2.31295094  0.220072  3.826091  0.1  174   20
2.31295704  0.216772  3.712213  0.0   31  -71
2.31295009  0.218593  3.774853  0.1  171   19
2.31303195  0.213847  3.612704  2.5  132   57
2.31303540  0.201419  3.205012  0.1  186   19
2.31303795  0.204282  3.296754  0.0  185   18
2.31303790  0.202093  3.226472  0.2    5   32
2.31312297  0.217291  3.730020  1.0  340   -5
2.31320246  0.214571  3.637217  1.0  347   32
2.31319757  0.209666  3.472827  1.0    2   28
2.31320261  0.205602  3.339506  0.1  355   25
2.31320296  0.205719  3.343290  0.1  355   22
2.31320229  0.206594  3.371813  1.0  354   24
2.31330353  0.207280  3.394240  0.0  290 -142
2.31330255  0.206438  3.366706  0.0  289 -142
2.31330266  0.206293  3.361980  0.0  108  -38
2.31338663  0.215205  3.658735  0.9    6  -22
2.31338737  0.214982  3.651169  1.0    5  -21
2.31339348  0.213829  3.612111  0.5  192  -48
2.31346298  0.210736  3.508351  1.1  184   23
2.31346948  0.210692  3.506910  1.5  182   19
2.31346969  0.210780  3.509828  2.1  181   18
2.31356564  0.202318  3.233668  4.8  134  -26
2.31356583  0.202281  3.232495  4.9  134  -27
2.31356374  0.205888  3.348798  5.0  317  -13
2.31363118  0.204916  3.317265  0.0  178    1
2.31362389  0.201437  3.205585  1.3  360   24
2.31363834  0.205491  3.335891  1.3  179   -6
2.31370162  0.208254  3.426216  0.0   57   61
2.31370408  0.211226  3.524704  0.3   42   61
2.31381100  0.199797  3.153596  0.0  201  -41
2.31380861  0.196181  3.040468  1.0   13  -28
2.31381232  0.199080  3.130979  0.0  199  -42
2.31381762  0.200319  3.170080  0.0  212  -48
2.31388585  0.214310  3.628386  2.6  338    2
2.31389915  0.220014  3.824085  0.0  260  -53
2.31390373  0.222309  3.904291  0.0   79  -44
2.31397661  0.224962  3.998028  1.0  301  -41
2.31397343  0.221750  3.884673  1.8  109  -44
2.31397642  0.222146  3.898557  1.5  115  -44
2.31406686  0.225655  4.022677  0.9  169    4
2.31406669  0.229585  4.164040  0.0  350   11
2.31414946  0.218294  3.764521  0.3  313   24
2.31414245  0.221164  3.864161  2.7  186   20
2.31414740  0.218614  3.775579  1.3  313   24
2.31415055  0.218814  3.782497  1.9  188   20
2.31422330  0.218238  3.762611  0.8  296   54
2.31422325  0.219513  3.806704  0.8  137   38
2.31428574  0.217379  3.733029  0.2  322  129
2.31430502  0.217644  3.742155  0.0   16   19
2.31429948  0.216938  3.717915  0.7   32   43
2.31439289  0.217859  3.749530  0.5  332   65
2.31439042  0.217707  3.744324  0.8    8   65
2.31438793  0.223005  3.928758  1.3   54   81
2.31443449  0.226100  4.038587  0.9  182   20
2.31444931  0.220576  3.843655  0.1  296   20
2.31448640  0.214167  3.623519  0.1  102   18
2.31449617  0.222770  3.920483  0.0  183  -50
2.31456129  0.223081  3.931436  1.4  182   19
2.31456748  0.222861  3.923681  0.6  177   16
2.31465322  0.215022  3.652505  0.0  321    2
2.31463571  0.210584  3.503309  0.0  326   -9
2.31471281  0.192223  2.919028  0.0  129   25
2.31471216  0.189621  2.840546  0.0  300   31
2.31471401  0.190665  2.871912  1.0  301   32
2.31471640  0.193888  2.969800  2.2  134   31
2.31480907  0.197131  3.070004  0.0  340   44
2.31481307  0.196920  3.063415  0.5  163   30
2.31481488  0.195529  3.020291  0.0  164   33
2.31489017  0.197766  3.089811  0.9  327    4
2.31489253  0.198326  3.107320  0.0  146   -6
2.31497594  0.185513  2.718776  0.0  195   11
2.31497589  0.187042  2.763782  0.0   15   23
2.31497663  0.183790  2.668526  0.0  195   11
2.31497754  0.188003  2.792268  0.0   14   22
2.31497780  0.186315  2.742353  0.1   14   20
2.31507162  0.196207  3.041265  1.5  184  -65
2.31507157  0.194952  3.002492  2.1  175  -65
2.31514976  0.178245  2.509925  0.0   14  -26
2.31514984  0.178506  2.517300  0.3   14  -26
2.31515193  0.178374  2.513554  0.0   17  -30
2.31523604  0.211506  3.534044  0.0  334   -1
2.31523754  0.214220  3.625310  0.1  340    8
2.31523703  0.220265  3.832822  0.3  309  -37
2.31532480  0.222871  3.924032  0.0  361   41
2.31532615  0.219113  3.792814  0.0  179   22
2.31532454  0.219786  3.816149  0.0  360   42
2.31540858  0.206545  3.370216  0.0  192   -8
2.31540899  0.205684  3.342157  0.0  191   -9
2.31541124  0.208043  3.419269  0.0  192   -9
2.31549701  0.225261  4.008668  2.1  179   33
2.31551226  0.219073  3.791442  0.6  302   30
2.31555267  0.218125  3.758704  0.3   19  -48
2.31559217  0.214115  3.621789  0.0  283   24
2.31561250  0.201040  3.192946  1.7  102   33
2.31562133  0.200782  3.184747  0.3   84   42
2.31561836  0.199794  3.153482  0.7  276  141
2.31563367  0.205409  3.333222  0.0  156   47
2.31573662  0.205645  3.340889  3.0  312   46
2.31576602  0.204626  3.307867  0.2  293  -21
2.31576697  0.200623  3.179704  0.0  294  -20
2.31576379  0.201780  3.216514  0.1  110  -26
2.31576266  0.202405  3.236448  0.1  109  -27
2.31581672  0.213908  3.614782  0.5  141   21
2.31590867  0.197662  3.086542  0.2  209   42
2.31591289  0.196070  3.037043  0.2   30   39
2.31590967  0.197909  3.094275  0.5   34   50
2.31598718  0.209455  3.465835  3.1  135  -25
2.31599677  0.206000  3.352452  0.9  341 -163
2.31606638  0.160741  2.041170  0.2  191   36
2.31606864  0.152389  1.834564  0.0    5   46
2.31607365  0.152960  1.848341  0.4  179   22
2.31607113  0.152411  1.835105  0.0    3   41
2.31607299  0.150586  1.791406  0.0  183   25
2.31614845  0.183702  2.665963  1.2  282   64
2.31614845  0.184147  2.678887  0.7  282   64
2.31625804  0.140705  1.564030  1.3    2  -30
2.31625804  0.140746  1.564952  1.1  362  -29
2.31625788  0.144950  1.659836  0.0  362  -29
2.31625803  0.145831  1.680075  0.0  362  -29
2.31633315  0.200470  3.174885  3.0  158    3
2.31632924  0.201635  3.211881  1.8  336   24
2.31641885  0.192425  2.925176  0.8  309  -34
2.31641865  0.191449  2.895574  0.6  311 -129
2.31641523  0.202962  3.254296  0.0  310  -33
2.31650701  0.185468  2.717477  0.3   14   18
2.31650840  0.181169  2.592966  0.6  191   -1
2.31650961  0.180498  2.573790  1.9  188   -8
2.31658016  0.171790  2.331443  1.2  216   65
2.31658655  0.168334  2.238565  1.5  165   29
2.31658576  0.168072  2.231619  0.0  163   28
2.31668804  0.170351  2.292534  0.0    8  -41
2.31668477  0.158839  1.993151  1.1  190  -45
2.31668657  0.158295  1.979539  0.3  192  -47
2.31668653  0.159462  2.008812  0.6  373 -133
2.31677454  0.189300  2.830939  0.0  159  -42
2.31676925  0.183396  2.657104  0.0  322  -26
2.31677091  0.185568  2.720397  0.0  128  -41
2.31685082  0.202676  3.245139  3.8  157  -16
2.31685625  0.218775  3.781121  0.0   13   -9
2.31692896  0.215037  3.653022  2.6  359  -56
2.31693331  0.211043  3.518581  0.0  305  -59
2.31693435  0.208288  3.427315  2.8  311  -58
2.31693720  0.213902  3.614566  1.8  114  -42
2.31701722  0.223036  3.929854  0.9  312  -45
2.31701393  0.223888  3.959945  0.4  322  -27
2.31706031  0.227252  4.079834  0.0  311  -47
2.31711349  0.222776  3.920705  0.9   49  -47
2.31715674  0.204148  3.292421  3.3  311   45
2.31715725  0.203788  3.280844  3.0  299   48
2.31715754  0.205696  3.342554  0.0  299   51
2.31716871  0.216923  3.717380  1.3  192   39
2.31726507  0.209637  3.471865  3.2  189   40
2.31726499  0.209701  3.473979  3.0  189   41
2.31726330  0.212604  3.570827  2.3    6   51
2.31733605  0.213889  3.614131  0.0  285    8
2.31736545  0.209383  3.463449  1.0  210  -43
2.31742324  0.197453  3.080033  1.3  190   23
2.31742197  0.195413  3.016699  0.1  189   25
2.31742381  0.198080  3.099610  0.0  191   22
2.31749418  0.210145  3.488727  1.0    6  -41
2.31750022  0.212015  3.551065  2.0  187  -60
2.31750665  0.213399  3.597577  0.0  352  -36
2.31760027  0.183964  2.673585  0.2  175   17
2.31759924  0.185241  2.710835  0.0  172   22
2.31759990  0.183538  2.661197  0.2  172   22
2.31768222  0.185700  2.724267  4.0   75   87
2.31768604  0.171241  2.316552  0.0  169   33
2.31768598  0.170880  2.306798  2.4  168   33
2.31768687  0.171883  2.333963  0.0  164   31
2.31777721  0.189001  2.821990  0.0  174  -25
2.31777705  0.188488  2.806695  0.0  173  -24
2.31785235  0.171770  2.330884  0.3    8   16
2.31785253  0.171133  2.313641  0.0    6   14
2.31785262  0.172704  2.356301  0.0   10   13
2.31794869  0.186636  2.751813  0.7  172  -43
2.31795248  0.189441  2.835157  0.9  252  -75
2.31794905  0.189357  2.832632  0.0  169  -40
2.31803082  0.164791  2.145322  0.1   16  -37
2.31803235  0.166596  2.192582  0.3  201  -47
2.31803114  0.166584  2.192274  0.0   16  -37
2.31803272  0.165267  2.157750  0.1   18  -37
2.31810801  0.210161  3.489250  0.1  313  -43
2.31811311  0.213516  3.601533  0.1  319  -31
2.31819026  0.212179  3.556564  2.0  165  -30
2.31818294  0.213539  3.602314  1.8  314 -129
2.31819043  0.213861  3.613192  0.0  354  -18
2.31828225  0.216291  3.695776  0.4  180   -7
2.31828236  0.216418  3.700091  0.8  180   -9
2.31827742  0.217959  3.752968  1.7    3   10
2.31836534  0.225092  4.002642  0.0  311   60
2.31836910  0.224380  3.977356  2.8  316   69
2.31838363  0.222735  3.919255  0.1   66  -38
2.31843726  0.219380  3.802082  1.3  304    6
2.31846579  0.221472  3.874944  0.1  291  -58
2.31846003  0.220866  3.853763  0.0  209  -41
2.31853827  0.216623  3.707100  0.1  200   14
2.31853852  0.217145  3.725017  0.5  200   12
2.31853882  0.216849  3.714843  0.2  200   12
2.31861438  0.219820  3.817349  1.3  271   35
2.31862509  0.219366  3.801601  1.7  210   68
2.31862325  0.220234  3.831733  1.1  208   71
2.31868951  0.214823  3.645761  0.1  171   26
2.31869067  0.215307  3.662215  0.0  173   27
2.31878871  0.203103  3.258805  5.2  316   41
2.31878471  0.196378  3.046591  3.8  331   31
2.31878730  0.196162  3.039890  4.1  158   24
2.31878758  0.195721  3.026222  4.3  158   24
2.31886890  0.211523  3.534609  0.7  305   30
2.31893910  0.209005  3.450970  1.7  136   60
2.31895466  0.181489  2.602125  0.0  190   14
2.31895460  0.180622  2.577328  0.0   12   26
2.31895467  0.180950  2.586701  2.1   11   26
2.31895473  0.181516  2.602899  2.6  191   13
2.31903293  0.182710  2.637238  2.7  353   46
2.31903198  0.182939  2.643855  0.0  353   47
2.31913714  0.179427  2.543334  1.0  193  -42
2.31913700  0.178833  2.526506  3.9  192  -42
2.31913642  0.178751  2.524189  3.8  193  -42
2.31913673  0.178199  2.508623  4.1  192  -42
2.31913691  0.178110  2.506123  3.9  192  -42
2.31920665  0.192920  2.940244  0.4  186   15
2.31921131  0.199294  3.137744  0.0  185    3
2.31929393  0.201316  3.201719  2.2  164  -20
2.31929058  0.200757  3.183982  1.2  340   -2
2.31929125  0.202048  3.225052  0.0  346   -8
2.31937358  0.197176  3.071407  3.5    3   10
2.31937291  0.197854  3.092554  0.0    1   11
2.31937445  0.199475  3.143429  0.0    1    6
2.31938661  0.206990  3.384746  1.5  336  -16
2.31946933  0.208819  3.444838  0.0  304  -37
2.31946882  0.207592  3.404471  0.3  303  -37
2.31955071  0.210705  3.507340  0.0    7  -28
2.31955577  0.208844  3.445650  0.1   15  -33
2.31955602  0.209889  3.480215  0.3  198  -46
2.31962922  0.211478  3.533128  0.1    2   33
2.31963214  0.210143  3.488630  0.0  182   11
2.31962952  0.210489  3.500144  1.0    1   36
2.31972061  0.219190  3.795485  1.2  298   51
2.31973364  0.212887  3.580363  0.1  276   47
2.31973231  0.213831  3.612172  0.3  281   43
2.31981364  0.214816  3.645534  0.2  190  -63
2.31981134  0.208624  3.438397  0.0  218  -44
2.31981347  0.212450  3.565676  0.6  215  -47
2.31990197  0.216943  3.718083  1.0  187   -9
2.31990225  0.216449  3.701149  3.1  188  -11
2.31990765  0.215737  3.676839  1.4  124  -32
2.31998487  0.224955  3.997772  0.3  195  -35
2.31998969  0.222334  3.905172  0.0    7  -34
2.32005704  0.223939  3.961735  0.3  196   19
2.32006043  0.223723  3.954105  0.1  194   20
2.32006032  0.226140  4.040000  0.0  198   -2
2.32012059  0.223497  3.946119  0.7  287   31
2.32015789  0.224249  3.972735  0.8  189   34
2.32017347  0.225587  4.020253  0.0  179   42
2.32015811  0.223291  3.938860  0.4   78  -41
2.32024673  0.218898  3.785385  3.8  120   24
2.32028332  0.204920  3.317383  4.3  132   52
2.32028711  0.207405  3.398326  0.0  183   49
2.32028399  0.205052  3.321666  4.0  134   51
2.32028879  0.206544  3.370163  1.4  186   47
2.32038633  0.205939  3.350473  0.1  335  -22
2.32038522  0.205905  3.349365  0.0  333  -22
2.32038603  0.205980  3.351791  0.0  336  -23
2.32038768  0.205856  3.347750  3.0  153  -34
2.32048131  0.208000  3.417843  2.2  177   -6
2.32048312  0.209003  3.450910  0.8  181  -11
2.32055168  0.213151  3.589229  3.4  319   19
2.32055658  0.215655  3.674049  1.8  351   31
2.32064060  0.201124  3.195617  0.1  343   -3
2.32064362  0.205846  3.347448  0.8  164  -14
2.32064275  0.203646  3.276271  0.7  345   -3
2.32064858  0.206150  3.357327  2.4  176  -17
2.32072784  0.208187  3.424009  1.4  185   22
2.32073049  0.206161  3.357695  1.3  187   15
2.32073044  0.206136  3.356860  1.6  187   16
2.32081727  0.202008  3.223764  0.0  284   38
2.32082327  0.203606  3.274980  4.7  181  -52
2.32081975  0.201497  3.207479  0.2  157   28
2.32091275  0.198328  3.107381  1.3  176  -22
2.32099600  0.198337  3.107679  4.8  130  -20
2.32091869  0.199395  3.140903  0.7  182  -34
2.32099633  0.197658  3.086414  4.7  131  -20
2.32099632  0.198063  3.099100  4.9  131  -20
2.32099597  0.198607  3.116124  5.0  130  -20
2.32107859  0.204120  3.291517  0.0  181  -35
2.32107744  0.202911  3.252670  0.6    2  -22
2.32115910  0.202026  3.224358  0.0  352  -19
2.32115941  0.202701  3.245938  0.1  352  -18
2.32116846  0.201143  3.196236  0.1  178  -36
2.32116802  0.201466  3.206498  0.4  177  -36
2.32125619  0.211871  3.546272  0.7   70  -56
2.32125509  0.212549  3.568975  0.0   85  -59
2.32125614  0.210959  3.515805  0.1  286  -58
2.32133821  0.227148  4.076093  2.4  181  -51
2.32135363  0.225579  4.019993  1.0  288  -53
2.32134788  0.225597  4.020621  0.1  310  -25
2.32142950  0.228119  4.111017  0.1  337   32
2.32142701  0.227345  4.083177  0.1  160   18
2.32142283  0.237037  4.438744  0.0  196   -5
2.32152106  0.232554  4.272427  1.9  114  -18
2.32152418  0.232511  4.270838  0.0  112  -20
2.32152513  0.232899  4.285096  0.0  113  -18
2.32156048  0.230437  4.194999  0.0  170   37
2.32165798  0.223024  3.929430  2.2  203  125
2.32165777  0.224900  3.995804  1.6   66   55
2.32166060  0.224092  3.967157  2.8   51   63
2.32165620  0.219706  3.813387  0.0  263   62
2.32173399  0.230208  4.186660  0.0  350   13
2.32173888  0.230252  4.188276  0.0  350   10
2.32181604  0.226532  4.054012  1.5   42   46
2.32182473  0.218685  3.778040  1.3   22   34
2.32183000  0.216782  3.712572  0.4   19   38
2.32182960  0.216790  3.712821  0.6   18   37
2.32191726  0.227588  4.091890  0.0  163  -26
2.32192310  0.226712  4.060465  0.8  151    8
2.32191981  0.226505  4.053060  0.6  160  -36
2.32200632  0.219351  3.801060  3.3    5   -8
2.32200702  0.220322  3.834812  3.0  188  -22
2.32207660  0.211644  3.538662  0.0  115   42
2.32208652  0.214417  3.631988  2.4    1   42
2.32207867  0.212088  3.553525  0.3  290   41
2.32207925  0.214749  3.643248  0.4  112   43
2.32216531  0.218247  3.762910  0.0   80   35
2.32217519  0.213778  3.610392  0.1  270   50
2.32217560  0.213083  3.586942  0.0  279   55
2.32226312  0.211811  3.544246  2.6    7   18
2.32226351  0.212085  3.553420  2.0  183   13
2.32226827  0.211554  3.535661  4.2  192   -5
2.32236310  0.207401  3.398203  0.0  134  -28
2.32237406  0.202467  3.238454  0.0  301  -36
2.32237429  0.204497  3.303694  0.0  298  -37
2.32237423  0.202993  3.255284  0.0  297  -36
2.32244507  0.213222  3.591621  1.0  122    8
2.32244542  0.213154  3.589327  1.0  121    8
2.32245274  0.226542  4.054395  0.0  329  -23
2.32251280  0.231985  4.251531  1.5  346   22
2.32254485  0.231964  4.250771  0.8  113  -39
2.32261532  0.210676  3.506357  2.1  128  -46
2.32261149  0.211151  3.522204  1.8  317  -37
2.32261602  0.210706  3.507376  1.6  126  -50
2.32262084  0.226732  4.061186  0.0  108  -29
2.32268579  0.233442  4.305109  2.8  310   43
2.32271051  0.233985  4.325157  1.4  176  -27
2.32276273  0.236248  4.409224  0.4   98   19
2.32280356  0.230833  4.209421  1.6  291  -39
2.32280406  0.230290  4.189646  0.0  281  -30
2.32289171  0.229802  4.171923  1.8  284  -55
2.32288170  0.227217  4.078565  2.4   47  -66
2.32288220  0.228075  4.109452  0.0   72  -67
2.32289303  0.228196  4.113785  1.5  104  -63
2.32289419  0.229804  4.171996  1.6  304  -58
2.32297875  0.239100  4.516330  2.2   60    5
2.32301635  0.227713  4.096419  2.0  191  -29
2.32302499  0.228855  4.137583  2.2  192  -27
2.32311195  0.231758  4.243221  0.6   28   -4
2.32310399  0.228262  4.116193  0.5  205  -10
2.32311177  0.228636  4.129682  0.8  208  -13
2.32317699  0.236028  4.401023  0.4   15    4
2.32318701  0.229286  4.153193  0.0  312   24
2.32320182  0.231805  4.244949  2.7  183   32
2.32320175  0.231569  4.236322  2.5  183   31
2.32327797  0.227578  4.091554  0.1  348   13
2.32328476  0.227397  4.085039  0.0  263   27
2.32333846  0.225430  4.014682  0.0  186   51
2.32335921  0.226194  4.041928  2.8   12   32
2.32336323  0.225081  4.002263  0.3  198   14
2.32336341  0.227741  4.097400  2.3  186   22
2.32345094  0.228575  4.127494  2.6  186   39
2.32350789  0.227309  4.081877  0.1   94  140
2.32352948  0.224487  3.981170  5.2  186   -3
2.32354445  0.223979  3.963151  0.0  182  -39
2.32354441  0.222219  3.901114  4.7  180  -34
2.32354752  0.223202  3.935720  4.9  189  -40
2.32362973  0.229632  4.165731  3.2  179   -6
2.32362096  0.229061  4.145038  3.2  358   14
2.32369796  0.228128  4.111346  0.6  339   -1
2.32371393  0.226654  4.058400  0.0  341   -8
2.32371727  0.227315  4.082085  0.0  151  -19
2.32372340  0.225696  4.024142  1.4  111  -43
2.32378007  0.229696  4.168067  0.0  168   24
2.32386039  0.219744  3.814723  0.2  110   35
2.32386289  0.224668  3.987578  2.0   66   55
2.32386162  0.224536  3.982909  2.0  264  128
2.32386704  0.226426  4.050226  1.3  175   47
2.32395788  0.227532  4.089910  0.0  176  -12
2.32396886  0.226489  4.052490  2.4  184  -19
2.32398119  0.225745  4.025888  0.0  188  -23
2.32398147  0.227996  4.106596  1.9  189  -44
2.32403917  0.223388  3.942266  2.2  322   20
2.32404846  0.223164  3.934376  0.1  151    7
2.32412588  0.224574  3.984247  0.2  165  -21
2.32412678  0.224859  3.994373  0.9  162  -20
2.32413919  0.225162  4.005152  1.6    2  -39
2.32422317  0.219810  3.816983  1.3  289  -45
2.32422399  0.219225  3.796696  0.9  291  -42
2.32422411  0.220170  3.829512  1.4   91  -48
2.32430697  0.228767  4.134405  0.5  273  -50
2.32430670  0.226407  4.049533  0.2   81  -44
2.32430637  0.229249  4.151864  0.5   67  -49
2.32438865  0.235291  4.373573  1.0   22  -18
2.32439557  0.235539  4.382806  0.1  295   60
2.32439714  0.236686  4.425601  0.0  194  -47
2.32446018  0.237869  4.469958  0.1  122   49
2.32445914  0.239521  4.532273  0.0  112   50
2.32453447  0.234608  4.348222  0.2  285   19
2.32453117  0.239878  4.545757  0.2  195  -52
2.32453700  0.234549  4.346043  0.6  105   15
2.32459739  0.235544  4.382984  3.0  109   53
2.32459892  0.235950  4.398104  2.8  274   59
2.32460462  0.237305  4.448783  3.3   94   58
2.32470302  0.235113  4.366984  2.9  194   38
2.32470320  0.235208  4.370495  2.6  197   40
2.32471375  0.236980  4.436587  0.6   40   27
2.32475707  0.238043  4.476476  1.2  238   36
2.32479239  0.237096  4.440935  0.3  289  -36
2.32482041  0.238791  4.504664  0.0  297  -51
2.32482442  0.233524  4.308129  0.7  111  -55
2.32488512  0.232236  4.260751  0.0  164   10
2.32488847  0.231661  4.239664  0.5  163    9
2.32496836  0.233254  4.298186  1.3  283   19
2.32496943  0.233679  4.313853  1.3  107   18
2.32496769  0.233227  4.297205  2.4  138   33
2.32497537  0.234057  4.327813  2.0  285   30
2.32507425  0.233573  4.309953  0.0  305  -21
2.32514807  0.225498  4.017095  1.2  117  -16
2.32514684  0.226356  4.047727  1.7  118  -15
2.32514259  0.226228  4.043141  2.0  301  -11
2.32514742  0.226658  4.058534  1.9  118  -16
2.32519856  0.233258  4.298328  0.0   49   44
2.32522829  0.235402  4.377708  1.0  324  -17
2.32529323  0.228912  4.139638  0.0  362   54
2.32529581  0.227039  4.072177  0.0  184   41
2.32529596  0.225798  4.027778  0.6  184   41
2.32528929  0.225417  4.014196  0.0    4   50
2.32535020  0.225481  4.016490  0.0  270  111
2.32541566  0.229596  4.164430  0.0   52  -28
2.32542544  0.226014  4.035503  0.0   55  -26
2.32548593  0.230311  4.190416  0.6   16  -31
2.32548527  0.231750  4.242942  1.6   15  -31
2.32550102  0.235061  4.365059  2.1  188  -40
2.32555619  0.233124  4.293407  0.0   34  -56
2.32555057  0.233503  4.307371  0.0  223  -83
2.32561031  0.235585  4.384535  0.0  278  -59
2.32565373  0.233326  4.300843  0.6   26  -55
2.32567476  0.222663  3.916729  1.1  271 -168
2.32567478  0.222754  3.919922  1.3  271 -168
2.32567033  0.224430  3.979124  0.0  277  -16
2.32566866  0.225041  4.000841  0.0   92  -19
2.32579025  0.235227  4.371192  0.8  206   59
2.32579000  0.237585  4.459269  1.7   42   65
2.32586116  0.231717  4.241720  2.9   96    1
2.32587170  0.231185  4.222264  2.9  100    4
2.32590013  0.228214  4.114449  2.1  111   27
2.32589965  0.228900  4.139233  2.3  111   26
2.32594989  0.236644  4.424026  0.0  289  -45
2.32598818  0.236095  4.403536  0.0  299  -50
2.32599507  0.235269  4.372773  1.8   21  -44
2.32603466  0.228238  4.115323  1.1  294   50
2.32604230  0.232317  4.263708  0.9  279   40
2.32609747  0.235896  4.396113  0.0  294   63
2.32609857  0.233736  4.315980  0.0  146   72
2.32613450  0.238677  4.500371  2.6  305  -63
2.32618701  0.237489  4.455680  2.4  194   35
2.32622234  0.234039  4.327179  2.6  206   41
2.32627024  0.230108  4.183020  1.2  106  -33
2.32624865  0.229365  4.156055  1.8   37   64
2.32624983  0.229059  4.144979  1.3   37   66
2.32633142  0.223312  3.939584  0.2   66   65
2.32633281  0.224684  3.988151  0.1   69   69
2.32634344  0.226168  4.041016  0.8  301   34
2.32643076  0.227218  4.078625  0.0  286   10
2.32642801  0.222258  3.902504  0.0  277    5
2.32642739  0.222047  3.895092  0.1  280    8
2.32647630  0.233571  4.309883  0.4  287   -5
2.32653019  0.233701  4.314680  2.5  159  -46
2.32659398  0.227058  4.072869  0.8  282    4
2.32660035  0.222818  3.922196  0.1  111   -4
2.32661944  0.226463  4.051544  0.0  304  -15
2.32662861  0.223928  3.961345  1.7  312  -16
2.32666542  0.226242  4.043652  1.5  117   33
2.32667305  0.228904  4.139367  1.0   20   52
2.32674755  0.227231  4.079072  0.9   57  -38
2.32674442  0.227411  4.085553  0.7   58  -52
2.32678351  0.228665  4.130735  0.4   69  -34
2.32679248  0.224651  3.986969  0.2  314  -40
2.32683611  0.225629  4.021777  2.8  283   30
2.32684304  0.228209  4.114264  0.0  263   20
2.32689390  0.231275  4.225559  0.3  199  -55
2.32689439  0.230373  4.192676  0.1  204  -65
2.32695715  0.230298  4.189921  2.2  169   25
2.32699009  0.225673  4.023326  0.0   83   42
2.32698777  0.232837  4.282835  2.1   11   63
2.32699559  0.226480  4.052179  0.6   80   40
2.32709707  0.236692  4.425838  2.8  314   50
2.32711298  0.233558  4.309396  3.6  192   34
2.32714920  0.227380  4.084419  0.0  103  -21
2.32714850  0.225249  4.008248  0.7  106  -22
2.32714806  0.226978  4.070000  0.0  106  -20
2.32718971  0.233433  4.304796  2.0   95  -35
2.32728189  0.233029  4.289916  0.3   84   76
2.32728623  0.227807  4.099770  0.4  104   46
2.32728154  0.228005  4.106920  0.8  282   54
2.32732560  0.226630  4.057520  0.5  283  -38
2.32734477  0.226454  4.051238  0.6  282  -30
2.32735578  0.234865  4.357758  3.0  102  -12
2.32745901  0.218111  3.758227  0.2  288   -9
2.32745963  0.216056  3.687744  0.1  287  -10
2.32746057  0.215350  3.663684  0.0  286  -11
2.32746798  0.228043  4.108302  0.0  103  -12
2.32753885  0.234946  4.360775  0.1   96    3
2.32754213  0.235620  4.385821  0.6   50   61
2.32754284  0.234513  4.344715  0.1   50   61
2.32763606  0.224903  3.995928  1.2  189  -72
2.32763844  0.219272  3.798324  0.1  209  -56
2.32763195  0.222835  3.922788  0.0  297  -66
2.32769914  0.231530  4.234876  1.8  201  -51
2.32773517  0.232468  4.269253  0.0   16  -59
2.32773655  0.229431  4.158457  3.4  306  -49
2.32789121  0.229695  4.168022  1.0  107   14
2.32781691  0.229520  4.161667  1.2  193   50
2.32782997  0.223937  3.961688  3.7  128   47
2.32789918  0.228496  4.124613  2.0  207   59
2.32789234  0.228936  4.140511  0.6  107   14
2.32790639  0.234971  4.361712  2.4  150   60
2.32793517  0.233217  4.296818  1.4  196  -67
2.32802259  0.228035  4.108011  0.0   30   34
2.32803947  0.227216  4.078539  0.7  301  -53
2.32809035  0.221949  3.891659  0.6   98  -38
2.32809317  0.222824  3.922402  0.1  290  -34
2.32809365  0.226959  4.069334  0.7  289  -31
2.32808747  0.229007  4.143082  0.0  107  -26
2.32819103  0.228009  4.107054  0.1  209   52
2.32818487  0.230712  4.205027  0.1   39   67
2.32825914  0.229678  4.167420  3.3  291  -16
2.32827907  0.225524  4.018024  5.2  274    7
2.32830484  0.224347  3.976206  1.8  285   42
2.32830516  0.224817  3.992873  1.9  287   41
2.32831957  0.228572  4.127356  3.1  301   46
2.32837990  0.230330  4.191108  0.7  195   53
2.32837422  0.230000  4.179084  0.6   88  -55
2.32844390  0.222651  3.916306  0.1   55  -40
2.32845868  0.223247  3.937291  0.0  249  -21
2.32845103  0.225310  4.010410  1.2  244  -38
2.32854243  0.228006  4.106961  0.1   61   69
2.32854311  0.226397  4.049203  0.5    1  -40
2.32854426  0.230089  4.182331  1.0   41   63
2.32854465  0.229803  4.171953  0.8   88   -8
2.32868163  0.227836  4.100823  0.1  106  -56
2.32868141  0.228529  4.125820  0.0  107  -54
2.32868113  0.230189  4.185966  0.0  303  -60
2.32873384  0.216290  3.695742  0.0  118   52
2.32873473  0.218856  3.783930  1.1  284   50
2.32873448  0.218955  3.787358  0.9  284   50
2.32878801  0.226703  4.060137  1.9  112  -42
2.32886264  0.222154  3.898846  0.0  194   38
2.32886984  0.223956  3.962340  2.4   10   51
2.32893553  0.213337  3.595506  0.4  102   22
2.32893546  0.213167  3.589770  0.1  102   22
2.32893596  0.213451  3.599341  0.2  103   23
2.32893566  0.213196  3.590741  0.1  103   22
2.32895955  0.222739  3.919390  3.2  139   50
2.32906071  0.212479  3.566632  1.4  157  -52
2.32906226  0.213934  3.615653  0.8  348  -46
2.32911134  0.214442  3.632853  0.2  281  -18
2.32912378  0.211265  3.525987  0.4   97   -1
2.32914601  0.210633  3.504950  0.4  290   14
2.32914739  0.210457  3.499096  0.1  291   12
2.32917121  0.228596  4.128226  0.0  296   11
2.32921005  0.232293  4.262849  0.6  147   60
2.32927305  0.223900  3.960382  0.5  182  -52
2.32928269  0.222140  3.898363  0.0  195  -57
2.32928898  0.229173  4.149110  1.9  308  -57
2.32933476  0.234070  4.328309  5.4  192    5
2.32937751  0.236428  4.415946  0.0    5    9
2.32938512  0.235181  4.369495  2.7  288   61
2.32949239  0.225658  4.022803  0.3  103  133
2.32949109  0.227237  4.079282  0.0  296   46
2.32949136  0.226047  4.036681  1.5  296   48
2.32955329  0.220659  3.846554  0.0  128   55
2.32955263  0.220787  3.850994  3.4  298   57
2.32955313  0.221604  3.879574  1.8  292   53
2.32961039  0.231656  4.239480  1.4  273  -49
2.32964917  0.228383  4.120549  0.6   53   54
2.32970502  0.227030  4.071855  1.9  288   55
2.32970473  0.226466  4.051646  2.0  288   54
2.32970370  0.226044  4.036572  0.5  275   54
2.32974852  0.226105  4.038737  0.4  280  -33
2.32975245  0.224005  3.964097  0.0  289  -32
2.32984428  0.226618  4.057105  0.9  346  -49
2.32984856  0.222939  3.926444  0.0  316  -40
2.32989345  0.219582  3.809067  2.4   40   41
2.32990295  0.217002  3.720102  0.8   37   40
2.32990385  0.223752  3.955146  0.0   41   47
2.32995696  0.231925  4.249356  0.2  270  -48
2.32998633  0.226910  4.067560  1.9  302   50
2.33006569  0.216396  3.699352  0.3   45   33
2.33006985  0.209096  3.453957  4.4  118   43
2.33007069  0.209481  3.466698  5.6  300   52
2.33006990  0.209724  3.474752  4.4  287   48
2.33017767  0.227545  4.090344  0.7  357  -27
2.33018121  0.228622  4.129166  0.9  175  -50
2.33019724  0.216770  3.712136  0.1   40  -50
2.33019499  0.213776  3.610328  0.6  207  -61
2.33025418  0.219348  3.800954  0.6  177  -13
2.33024664  0.219663  3.811908  2.2   16   -2
2.33025972  0.221755  3.884830  0.0  203  -30
2.33036699  0.228591  4.128069  0.9  117   52
2.33036650  0.226517  4.053480  1.0  118   48
2.33042603  0.217779  3.746782  6.3  316  -39
2.33042604  0.217835  3.748728  6.5  316  -38
2.33042991  0.217829  3.748518  6.9  316  -34
2.33043206  0.218018  3.755022  6.9  317  -34
2.33052436  0.217031  3.721078  0.1   15   42
2.33053093  0.217830  3.748531  0.0  189   17
2.33053186  0.217196  3.726762  2.6  189   15
2.33061880  0.214488  3.634405  4.4  168   -2
2.33061927  0.214501  3.634855  4.3  168   -2
2.33061877  0.214542  3.636237  4.4  168   -2
2.33067826  0.223320  3.939870  0.1  306   51
2.33071780  0.218893  3.785218  0.3   46  -36
2.33077734  0.222606  3.914733  0.0  196    8
2.33077817  0.221332  3.870046  4.6  196    8
2.33077837  0.221030  3.859481  4.0  197    7
2.33080045  0.219011  3.789303  0.0  204  -32
2.33088187  0.208572  3.436677  4.2  299  -37
2.33088014  0.208275  3.426887  3.7  303  -37
2.33088527  0.214065  3.620093  2.6   16  -60
2.33094799  0.226933  4.068388  4.6  205  -51
2.33096877  0.224340  3.975935  2.3   11  -46
2.33097198  0.223925  3.961259  1.0    9  -50
2.33104573  0.227131  4.075481  0.2   39  -41
2.33102932  0.233262  4.298471  2.8  309   53
2.33108048  0.225298  4.009986  1.4  192  -26
2.33109713  0.227417  4.085752  0.0  198  -37
2.33115487  0.224440  3.979498  2.9  319   44
2.33115785  0.223827  3.957772  3.8  144   33
2.33123903  0.228333  4.118748  1.6   40    2
2.33124683  0.223662  3.951946  0.0    6  -28
2.33125232  0.219971  3.822601  0.1    9  -38
2.33126606  0.223388  3.942285  0.2  201  -40
2.33133141  0.229484  4.160364  0.0   76   -7
2.33133627  0.227913  4.103603  0.0   75  -10
2.33139332  0.219582  3.809072  0.0  295  -59
2.33139371  0.220261  3.832667  0.0  296  -59
2.33140059  0.221036  3.859707  0.1  238  -45
2.33143270  0.220867  3.853807  0.1  250   44
2.33150066  0.227245  4.079579  1.6  193  -45
2.33150821  0.230511  4.197676  2.7  111  -51
2.33154124  0.231898  4.248355  1.2   14  -41
2.33157485  0.231097  4.219058  1.3   97  -43
2.33161725  0.233681  4.313954  3.9  192   -2
2.33161845  0.233529  4.308312  4.5   11    9
2.33165082  0.231954  4.250409  0.0  284   49
2.33170441  0.224908  3.996113  1.3  295   45
2.33170519  0.224649  3.986906  1.5  289   41
2.33173984  0.232485  4.269885  0.0  179   25
2.33179402  0.224003  3.964001  0.1    8   25
2.33180856  0.218105  3.758023  0.0    1   20
2.33187837  0.213206  3.591083  1.9   70   28
2.33188710  0.212212  3.557683  1.8  224   32
2.33188392  0.211481  3.533205  2.6   62   34
2.33189237  0.214097  3.621154  0.1  198   34
2.33196787  0.229789  4.171434  0.3  351   26
2.33200685  0.214595  3.638014  0.1   15  -84
2.33201906  0.207195  3.391454  0.4  282 -137
2.33201848  0.216551  3.704660  0.0  102  -52
2.33207775  0.214658  3.640179  2.0  113   10
2.33207923  0.215439  3.666710  0.0  123    5
2.33208071  0.213941  3.615899  2.9  122    6
2.33215247  0.225835  4.029099  2.2  171   20
2.33215647  0.224654  3.987083  1.6  171   22
2.33223932  0.212218  3.557878  2.0  135  -38
2.33223844  0.212925  3.581630  2.0  319  -29
2.33224008  0.212505  3.567522  2.4  133  -37
2.33230969  0.229305  4.153865  0.0  306   32
2.33231368  0.228255  4.115930  0.0  308   34
2.33235846  0.225782  4.027228  1.4  196  -55
2.33239883  0.222882  3.924451  2.5  199   53
2.33239814  0.223837  3.958141  2.1  220   55
2.33243473  0.227977  4.105903  0.0   97   40
2.33251881  0.226990  4.070420  4.5  319  -36
2.33251503  0.229220  4.150787  4.5  192  -64
2.33254329  0.223712  3.953705  0.0  187   34
2.33252376  0.226301  4.045753  2.5  211  -65
2.33263553  0.221879  3.889205  0.1  315   24
2.33263556  0.221052  3.860269  0.0  315   32
2.33263396  0.221232  3.866527  0.8  137   21
2.33263370  0.222121  3.897681  1.2  136   14
2.33273042  0.221275  3.868058  4.9  193   -5
2.33273070  0.220558  3.843035  4.9   13    7
2.33273725  0.221719  3.883602  4.8   13    4
2.33279182  0.221558  3.877938  0.0  125   35
2.33283956  0.227360  4.083704  1.0  202   45
2.33284025  0.227212  4.078416  1.3   41   57
2.33290133  0.224257  3.973004  4.2    9  -11
2.33290281  0.226537  4.054188  0.0  192  -23
2.33291669  0.224292  3.974236  0.2  150   40
2.33300388  0.204303  3.297426  1.6  226   24
2.33300127  0.205349  3.331296  3.6  241  147
2.33300347  0.206192  3.358683  0.0   55   37
2.33301228  0.205546  3.337676  1.9  198   34
2.33309868  0.223772  3.955826  0.5  292  -47
2.33316231  0.211500  3.533848  0.0  307   36
2.33317999  0.211759  3.542512  0.5  191   -7
2.33317839  0.207750  3.409654  0.0    8    6
2.33317959  0.210560  3.502490  0.0  187   -5
2.33326372  0.219401  3.802816  0.0  187   54
2.33326472  0.214083  3.620701  0.2  187   53
2.33326442  0.215107  3.655420  0.8  187   53
2.33335804  0.201422  3.205095  0.0  321   -8
2.33336267  0.199982  3.159423  0.0  134  -18
2.33335833  0.200423  3.173386  0.0  320   -9
2.33336196  0.199563  3.146213  6.1  137  -18
2.33344651  0.223918  3.960985  1.8  170  -19
2.33345094  0.230622  4.201725  0.0  188    1
2.33351724  0.214375  3.630582  0.0  204   40
2.33352339  0.218842  3.783438  2.2  189   42
2.33352444  0.219768  3.815532  0.0  189   36
2.33361204  0.213162  3.589592  6.1  321    4
2.33361320  0.215170  3.657564  6.4  143   -8
2.33368244  0.209865  3.479418  0.2  176   16
2.33368572  0.209240  3.458713  0.0  319   25
2.33368963  0.208261  3.426440  0.0  176    6
2.33368315  0.207486  3.400978  0.4  176   13
2.33377472  0.213986  3.617405  0.0  323   34
2.33377725  0.209948  3.482161  0.1  153   21
2.33377748  0.209967  3.482815  0.0  153   21
2.33387447  0.195129  3.007953  0.0  350  -36
2.33387717  0.196819  3.060292  0.3  172  -49
2.33387577  0.196071  3.037059  0.0  353  -37
2.33387360  0.199430  3.142017  1.0  339  -30
2.33396167  0.222014  3.893939  0.0  109  -43
2.33395966  0.219757  3.815153  0.1  304  -28
2.33400270  0.234218  4.333774  2.0   10  -33
2.33405279  0.230182  4.185727  1.0  164  -41
2.33404150  0.229490  4.160601  0.0  194  -67
2.33404351  0.230726  4.205537  0.2  220  -74
2.33413549  0.236630  4.423524  1.5  186  -30
2.33416065  0.230372  4.192642  0.3  289   49
2.33415970  0.231420  4.230863  0.9  289   47
2.33423253  0.232804  4.281608  0.4  196   44
2.33424068  0.232665  4.276499  1.0  190   37
2.33426273  0.235868  4.395057  2.1  194    7
2.33427358  0.236200  4.407441  1.8   14   -1
2.33435478  0.233840  4.319795  1.8  328   49
2.33436658  0.224441  3.979539  0.1   49   39
2.33438595  0.229142  4.147968  1.3  198   25
2.33443528  0.224518  3.982262  0.1  194  -30
2.33443429  0.225422  4.014374  0.4   12  -18
2.33444367  0.226851  4.065444  0.1  198  -28
2.33453809  0.209458  3.465931  0.6   23   48
2.33453908  0.207132  3.389379  0.0  198   35
2.33454439  0.208588  3.437197  0.7  189   30
2.33461793  0.203358  3.266991  1.4   84   48
2.33462074  0.206556  3.370557  0.7  199   67
2.33461932  0.201910  3.220654  0.2  101   42
2.33472052  0.206883  3.381236  1.2  353   -3
2.33472049  0.207172  3.390699  1.5  355   -4
2.33472343  0.208435  3.432174  1.0  176  -23
2.33479838  0.200182  3.165761  1.9  142    3
2.33479726  0.198895  3.125169  2.3  140    5
2.33479700  0.198821  3.122840  1.7  140    5
2.33479700  0.199035  3.129574  1.4  140    4
2.33488750  0.209691  3.473650  0.0  353  -19
2.33488733  0.211181  3.523194  0.0  353  -19
2.33497897  0.209396  3.463886  0.0  332  -16
2.33497983  0.209887  3.480157  0.0  155  -25
2.33497207  0.211100  3.520487  0.2  192    5
2.33505932  0.199917  3.157377  1.0  340   33
2.33505636  0.201179  3.197371  0.5  359   64
2.33505453  0.203459  3.270254  0.1  223   89
2.33505867  0.201593  3.210536  1.1  340   27
2.33514958  0.213334  3.595384  2.6  161    9
2.33514486  0.212220  3.557934  0.1  296   24
2.33515150  0.215032  3.652853  1.4  174  -12
2.33523947  0.202640  3.243961  0.0   13    4
2.33524069  0.204194  3.293929  0.0  191   -9
2.33524301  0.205395  3.332769  0.0  188  -11
2.33532403  0.218149  3.759523  1.4  338   12
2.33532585  0.217807  3.747747  0.0  339   14
2.33541318  0.212441  3.565367  1.4  188  -57
2.33541461  0.212271  3.559662  1.5  189  -55
2.33541732  0.212235  3.558441  0.0  195  -68
2.33542020  0.219309  3.799612  0.4   94  -46
2.33550375  0.221951  3.891729  2.3  185    4
2.33550950  0.220038  3.824919  2.2  176   -8
2.33550615  0.220943  3.856452  1.4  355    0
2.33550632  0.221146  3.863550  1.5  356    0
2.33559653  0.225027  4.000338  0.0  332   18
2.33564761  0.223081  3.931454  0.3  283   49
2.33567600  0.218217  3.761879  1.0  198   -8
2.33568231  0.214892  3.648105  0.0  192  -11
2.33573646  0.211117  3.521059  1.8   66   38
2.33573764  0.210576  3.503040  1.4  237   30
2.33574517  0.215699  3.675560  1.1  175   47
2.33582316  0.221979  3.892691  0.8   11   -5
2.33584538  0.216248  3.694308  0.5  196  -38
2.33590808  0.208105  3.421307  0.2  200   15
2.33590769  0.207049  3.386679  0.0   13   22
2.33590947  0.205303  3.329809  2.4  189   10
2.33595307  0.224518  3.982274  0.1   75  -47
2.33600544  0.205851  3.347587  0.0  170  -61
2.33600599  0.205903  3.349303  0.0  178  -66
2.33608953  0.201068  3.193834  0.0   10  -13
2.33608783  0.200336  3.170642  0.0   12  -10
2.33608867  0.200548  3.177343  2.4   11  -15
2.33608812  0.198920  3.125950  1.7   12  -10
2.33609033  0.204758  3.312134  0.0  191  -26
2.33618470  0.208950  3.449153  0.1  176   28
2.33618563  0.207461  3.400159  0.2  178   31
2.33626413  0.209076  3.453297  0.0  345   21
2.33626669  0.204962  3.318740  0.0  167   16
2.33626601  0.204217  3.294657  0.1  165   18
2.33634924  0.207146  3.389842  1.2  184   18
2.33634923  0.207151  3.390027  1.2  184   18
2.33643312  0.203730  3.278974  0.0  363   33
2.33643364  0.198624  3.116653  0.0    2   24
2.33643324  0.201445  3.205816  0.1  187   25
2.33652441  0.203111  3.259065  2.7  347    6
2.33652820  0.204077  3.290147  2.3  346    2
2.33653610  0.206905  3.381972  1.5  172  -27
2.33653756  0.209962  3.482653  0.6  200  -50
2.33662496  0.211980  3.549921  0.0  113   56
2.33662714  0.212418  3.564590  0.8  100   65
2.33662472  0.213202  3.590959  0.3  270   56
2.33662654  0.213132  3.588581  0.0  278  112
2.33671041  0.218674  3.777654  0.0  159    4
2.33671851  0.219059  3.790948  4.1  147   12
2.33679026  0.211025  3.517978  5.6  161   -8
2.33685018  0.211803  3.543972  0.0  297   31
2.33684549  0.209132  3.455151  0.0  102   34
2.33687415  0.201920  3.220970  0.0  183   23
2.33687456  0.200872  3.187619  0.7  183   24
2.33687436  0.203332  3.266183  0.0  183   24
2.33698311  0.202180  3.229276  0.0  260  -49
2.33698438  0.202983  3.254976  0.3  276  -56
2.33698420  0.201574  3.209927  0.2  275  -55
2.33699111  0.197414  3.078803  0.2  254  -29
2.33706994  0.204194  3.293904  1.2  359  -42
2.33707759  0.204768  3.312465  1.0    7  -44
2.33707383  0.207198  3.391552  1.4  294  -50
2.33720834  0.205296  3.329555  0.0  187  -42
2.33720827  0.203440  3.269632  2.2  187  -42
2.33720848  0.204538  3.305027  2.5    5  -32
2.33721915  0.203926  3.285289  2.6  336 -115
2.33721461  0.204261  3.296085  2.8  189  -58
2.33729631  0.220542  3.842454  0.2  318  -21
2.33729627  0.217523  3.737973  0.1  318  -22
2.33736583  0.219511  3.806611  1.4   10  -29
2.33737155  0.220023  3.824397  0.1  190  -41
2.33746528  0.211714  3.540998  0.1  202   25
2.33746419  0.210491  3.500216  0.6  198   21
2.33746524  0.208923  3.448241  0.2   15   31
2.33754153  0.208100  3.421130  0.1  288 -145
2.33753970  0.207097  3.388250  0.1  300  -29
2.33754165  0.206403  3.365570  0.2  300  -26
2.33754193  0.204951  3.318381  0.0  300  -26
2.33764361  0.209247  3.458966  0.0  195  -15
2.33764444  0.209200  3.457400  0.0  190   -1
2.33772714  0.202275  3.232301  0.1  183    8
2.33772707  0.208280  3.427064  0.0    2   22
2.33772892  0.201127  3.195720  0.1  181   10
2.33773188  0.200566  3.177912  0.0  179    7
2.33781977  0.201754  3.215685  0.0    4  -11
2.33781566  0.200327  3.170347  0.7  187   -9
2.33781587  0.199881  3.156253  0.3  188  -10
2.33789062  0.199993  3.159782  0.0  327   28
2.33789626  0.197783  3.090320  0.1  359   20
2.33797211  0.185431  2.716389  0.7  288   36
2.33797174  0.183548  2.661511  0.6  288   35
2.33797162  0.185794  2.727037  0.0  288   36
2.33798196  0.194779  2.997162  3.1  142   23
2.33800029  0.204302  3.297417  2.3   98  -51
2.33809004  0.208401  3.431053  0.0  172  -35
2.33816186  0.201336  3.202360  1.0  193   -4
2.33815703  0.192984  2.942198  0.0  189   -1
2.33815723  0.195462  3.018236  0.0  189   -0
2.33816401  0.202961  3.254262  0.0  197   -6
2.33823811  0.206118  3.356295  0.5  182   29
2.33823933  0.207034  3.386191  0.4  182   29
2.33823916  0.207934  3.415689  0.0  182   30
2.33833725  0.186601  2.750764  0.0  196  -52
2.33834024  0.185110  2.706986  0.0  198  -53
2.33834060  0.185326  2.713314  0.0  203  -52
2.33841901  0.199695  3.150370  0.0  158   -8
2.33841543  0.202829  3.250043  3.0  324    3
2.33841566  0.203633  3.275858  0.3  334    1
2.33851718  0.210250  3.492189  0.0  149   -8
2.33851736  0.208603  3.437696  0.0  149   -8
2.33859410  0.218684  3.777989  0.0  169  -34
2.33859386  0.209413  3.464451  1.4  308  -24
2.33859428  0.210479  3.499804  0.0  118  -32
2.33866502  0.220895  3.854758  1.9  310  -17
2.33866212  0.218925  3.786313  5.3  313    0
2.33867573  0.221272  3.867933  0.0   76  -27
2.33869218  0.219935  3.821345  2.6  110  -20
2.33876571  0.218304  3.764885  0.9  197  -35
2.33876776  0.217868  3.749846  1.6  200  -34
2.33884353  0.208090  3.420815  2.7  201   11
2.33884509  0.207568  3.403673  1.1  184   17
2.33884829  0.210285  3.493363  0.0  192    6
2.33884954  0.208572  3.436681  1.7  193    2
2.33893594  0.209907  3.480820  0.2  167  -31
2.33900772  0.206985  3.384590  0.0  345   19
2.33901995  0.199134  3.132693  0.3  192  -19
2.33902113  0.199887  3.156421  0.0  192  -20
2.33902015  0.199131  3.132598  0.2  193  -18
2.33903340  0.209389  3.463671  2.7  148  -39
2.33909254  0.220447  3.839136  0.0  306   36
2.33910392  0.227276  4.080695  3.1  165   42
2.33917656  0.220851  3.853224  2.6  198  -12
2.33918429  0.217345  3.731866  0.0   17  -11
2.33926638  0.219877  3.819327  2.5   19   41
2.33926636  0.221059  3.860506  1.6   19   41
2.33926719  0.220342  3.835491  2.3   21   41
2.33934883  0.201337  3.202381  0.6  278   54
2.33934873  0.200861  3.187262  0.5  278   53
2.33934698  0.201056  3.193449  0.6  166   56
2.33934891  0.199061  3.130389  1.7  313  131
2.33943903  0.206838  3.379764  0.1    4   37
2.33944318  0.208770  3.443218  0.1  352   39
2.33952828  0.199801  3.153725  0.1  323   15
2.33952904  0.198537  3.113928  5.4  323   16
2.33952898  0.198537  3.113936  5.4  323   16
2.33952855  0.198419  3.110237  5.7  319   17
2.33961649  0.215583  3.671613  0.0   15   -1
2.33963124  0.214379  3.630700  1.0  193  -29
2.33963401  0.213478  3.600266  0.1  194  -32
2.33971570  0.202393  3.236071  3.7  311  -20
2.33971494  0.202564  3.241535  3.2  309  -21
2.33971611  0.203211  3.262287  3.7  309  -20
2.33980414  0.212033  3.551693  0.0  170  -34
2.33980061  0.212939  3.582108  0.1  348  -11
2.33980169  0.214518  3.635425  2.1  173  -34
2.33987307  0.214826  3.645879  1.2  297   30
2.33988917  0.219840  3.818053  2.3  174  -53
2.33989714  0.215647  3.673795  3.5  306   34
2.33998171  0.214435  3.632620  3.0  187  -13
2.33998168  0.214147  3.622854  2.9  187  -12
2.33999210  0.215031  3.652834  0.0    9 -159
2.34005811  0.209539  3.468606  2.2  123  -35
2.34005728  0.209042  3.452199  2.1  125  -32
2.34007091  0.210440  3.498504  2.6  124  -28
2.34008134  0.212348  3.562229  2.1  120  -28
2.34015149  0.222470  3.909957  2.0  193  -45
2.34015261  0.222200  3.900470  1.2  192  -45
2.34020864  0.220498  3.840946  0.0   10  -10
2.34023601  0.223295  3.938976  0.4  279  -51
2.34030218  0.219491  3.805939  2.0    4  -10
2.34030163  0.219865  3.818919  2.1  183  -21
2.34037668  0.217888  3.750522  2.1  191   18
2.34030776  0.219172  3.794889  0.4  213  -17
2.34038042  0.219042  3.790363  0.0    6   31
2.34037983  0.215641  3.673595  3.1   14   33
2.34038143  0.216313  3.696526  2.6  188   16
2.34048132  0.220839  3.852802  1.3    7 -130
2.34048320  0.221040  3.859842  1.7  188  -49
2.34055550  0.216303  3.696163  0.0    5    5
2.34055778  0.213663  3.606488  2.2  358   11
2.34056018  0.216257  3.694584  2.3  179   -7
2.34064390  0.226555  4.054848  0.0  334   15
2.34064073  0.223120  3.932809  1.6  320   -9
2.34064493  0.230714  4.205096  1.1  116  -15
2.34073972  0.216553  3.704718  4.2  179   -5
2.34074250  0.216596  3.706199  3.8  176   -6
2.34074027  0.220807  3.851709  3.8  358   13
2.34083013  0.213641  3.605750  1.4  175   46
2.34082749  0.216591  3.706007  0.0  357   52
2.34082364  0.211939  3.548535  0.1  265   39
2.34091529  0.204892  3.316485  1.4  168   14
2.34091452  0.203486  3.271103  1.9  168   14
2.34091520  0.204302  3.297421  2.0  168   14
2.34100684  0.204221  3.294777  0.0  340   15
2.34100660  0.196668  3.055591  0.2  156    3
2.34100697  0.197905  3.094133  1.7  159    1
2.34100701  0.200905  3.188668  0.0  163    2
2.34108807  0.207617  3.405292  0.0  345   -7
2.34117806  0.196406  3.047457  0.1  332   -8
2.34117644  0.198909  3.125615  0.0  333   -7
2.34119625  0.197081  3.068435  2.3  121  -24
2.34119768  0.197076  3.068275  4.5  313  -14
2.34119719  0.195120  3.007685  2.3  124  -23
2.34127360  0.210380  3.496511  0.0  159   -2
2.34127330  0.210378  3.496446  0.0  159   -3
2.34136248  0.210199  3.490491  0.1  173  -34
2.34136172  0.210594  3.503649  0.0  173  -34
2.34136248  0.210368  3.496129  0.1  173  -35
2.34136548  0.218227  3.762222  0.3  189  -44
2.34144945  0.220171  3.829535  0.0  335  -25
2.34145104  0.220308  3.834325  1.6  119  -35
2.34145317  0.219974  3.822689  1.2  119  -33
2.34155948  0.216422  3.700235  0.3  290    6
2.34156041  0.214620  3.638889  0.0  291   11
2.34155966  0.215822  3.679737  0.7  294 -184
2.34157640  0.222086  3.896440  0.0  294   21
2.34162080  0.224067  3.966281  0.0  293   13
2.34167747  0.225291  4.009720  0.1    1  -10
2.34175109  0.218647  3.776724  0.0  153    8
2.34174976  0.216255  3.694518  3.2  332   14
2.34175000  0.216041  3.687216  0.0  330   16
2.34175072  0.215582  3.671559  5.2  332   17
2.34181316  0.222372  3.906482  0.4    1  -51
2.34182251  0.225655  4.022707  0.4    8  -46
2.34184067  0.227516  4.089337  0.0  124  -23
2.34194691  0.221246  3.867037  4.6  196   23
2.34195372  0.219076  3.791544  2.8  338   69
2.34195446  0.218459  3.770216  0.0  173   59
2.34195413  0.218201  3.761309  3.0  172   59
2.34201719  0.225185  4.005956  2.6  305   51
2.34202886  0.227303  4.081669  0.0  172   15
2.34211043  0.223812  3.957266  4.7  261   52
2.34212647  0.217323  3.731119  0.0  193    8
2.34212926  0.214554  3.636626  4.5  196   11
2.34212928  0.214453  3.633202  4.4  196   11
2.34219731  0.216387  3.699037  0.6  169   10
2.34220858  0.213849  3.612777  0.1  170  -10
2.34229763  0.206550  3.370364  5.2  201  -20
2.34229840  0.206445  3.366957  4.9  200  -19
2.34229686  0.207551  3.403130  5.1   17   -7
2.34236716  0.213321  3.594957  0.0  172   45
2.34237089  0.213485  3.600503  0.0    9   46
2.34237196  0.213674  3.606882  2.1   11   46
2.34240213  0.229391  4.156996  1.9  164   30
2.34246041  0.217000  3.720016  2.1  351  -13
2.34247375  0.224186  3.970477  0.0  181  -32
2.34254569  0.221491  3.875589  4.6  327   55
2.34254548  0.224853  3.994146  4.8  309   55
2.34261908  0.222255  3.902385  0.0  269   29
2.34261862  0.218308  3.765002  0.2  275   33
2.34264580  0.216996  3.719887  0.0  156  -25
2.34265173  0.215283  3.661404  0.0  155  -27
2.34271442  0.215578  3.671431  1.6  310   26
2.34271484  0.217235  3.728106  0.0  309   26
2.34271643  0.217395  3.733574  0.0  310   25
2.34273430  0.218865  3.784251  0.9  337  -19
2.34279518  0.220785  3.850927  1.8   16   28
2.34282000  0.220305  3.834210  0.6  173   13
2.34289273  0.224976  3.998514  5.5  349   -7
2.34292478  0.220226  3.831446  0.0  297 -130
2.34292341  0.224090  3.967085  0.1   97  -59
2.34291949  0.224212  3.971424  4.2  126  -35
2.34297782  0.225720  4.025005  6.4  315 -170
2.34305961  0.224773  3.991307  5.9  179   -6
2.34304945  0.224236  3.972269  0.5   45  -53
2.34307929  0.225258  4.008549  0.3  265  -38
2.34307591  0.223594  3.949541  0.4   71  -35
2.34307766  0.225685  4.023777  0.6  217  -68
2.34316290  0.231373  4.229133  0.9  297  -42
2.34316758  0.230454  4.195617  1.2  113  -41
2.34322733  0.222985  3.928059  0.0  341    5
2.34323293  0.225414  4.014123  0.0  315  -12
2.34323394  0.224370  3.977005  0.1  346  -13
2.34331661  0.228362  4.119772  1.7  191   45
2.34332448  0.223765  3.955579  1.2  196   31
2.34333567  0.227967  4.105532  0.1  171   31
2.34341829  0.225667  4.023130  2.1  205  -36
2.34341741  0.228622  4.129190  3.1  183  -51
2.34349440  0.218884  3.784904  0.0  203   -6
2.34350047  0.213238  3.592154  0.1  201   -3
2.34349984  0.216244  3.694152  0.0  201   -4
2.34350019  0.216925  3.717457  1.0  199   -6
2.34357679  0.233010  4.289206  0.0  172  -27
2.34360049  0.232033  4.253316  0.5  205  -39
2.34367130  0.215088  3.654772  0.2   16   -4
2.34367617  0.210237  3.491754  0.0  197  -61
2.34367052  0.214131  3.622312  0.0   15   -0
2.34366982  0.216445  3.701025  1.8   16  -11
2.34375980  0.233125  4.293440  0.6  172  -37
2.34378170  0.226267  4.044538  0.0  292  -53
2.34378029  0.230426  4.194610  0.7   86  -59
2.34385755  0.235626  4.386063  0.0  177  -13
2.34385763  0.234793  4.355098  1.4  357    4
2.34393172  0.229612  4.165025  2.2   15   21
2.34393183  0.225334  4.011251  1.3   16   20
2.34393397  0.227669  4.094825  1.7  192   17
2.34393473  0.223592  3.949466  0.0  198    7
2.34402007  0.236431  4.416071  0.9  169  -10
2.34402314  0.236772  4.428834  1.4  167  -15
2.34410475  0.221576  3.878595  0.0  167    9
2.34410707  0.220324  3.834884  0.3    1   11
2.34411061  0.220766  3.850256  0.8  181   -1
2.34411237  0.223150  3.933890  1.5    8    7
2.34418953  0.226628  4.057458  0.0  173   -7
2.34419515  0.232137  4.257117  1.2  144   25
2.34429892  0.217700  3.744081  0.7  356  -55
2.34429304  0.215032  3.652866  0.2  153  -49
2.34429919  0.214121  3.621966  1.1  111  -38
2.34430022  0.213132  3.588583  0.9  110  -38
2.34438744  0.225345  4.011651  0.0  154  -44
2.34437550  0.226470  4.051800  0.0  144   -6
2.34444851  0.222152  3.898777  0.0  309   40
2.34444584  0.224421  3.978809  1.3  271   55
2.34444537  0.220375  3.836662  2.4  290   45
2.34450399  0.231258  4.224932  0.9   90   50
2.34455009  0.231817  4.245381  0.2  186  -32
2.34456412  0.228512  4.125215  0.2  168  -50
2.34460870  0.227540  4.090174  0.0  324   66
2.34464932  0.227534  4.089954  0.9   41  -68
2.34468203  0.221895  3.889768  0.7  291   42
2.34468380  0.219488  3.805817  0.3  290   37
2.34468719  0.223404  3.942833  1.2  297   41
2.34475448  0.224453  3.979962  3.5  276 -138
2.34475654  0.224850  3.994053  4.3  107  -43
2.34480518  0.226857  4.065661  2.2   32  -56
2.34481281  0.225615  4.021268  0.0   57  -55
2.34486281  0.229633  4.165759  1.5   62   50
2.34489950  0.227824  4.100384  0.1  281   -8
2.34489816  0.231083  4.218535  0.0  287  -13
2.34493528  0.229719  4.168904  1.9  192  -32
2.34493811  0.233095  4.292326  0.2   36  -39
2.34505165  0.231384  4.229550  1.3  200    7
2.34504571  0.233882  4.321354  3.1  193   15
2.34507010  0.230460  4.195827  3.1  201   18
2.34507740  0.231001  4.215537  2.3   27   27
2.34509945  0.231658  4.239563  0.0  205  -46
2.34513160  0.236152  4.405659  0.0   39   52
2.34518874  0.235705  4.388989  0.0  186  -11
2.34521293  0.223700  3.953289  0.0  175   41
2.34529453  0.215667  3.674456  0.6  245   35
2.34524133  0.222288  3.903557  0.4  175   -5
2.34531187  0.199115  3.132103  0.0  203   38
2.34531197  0.200359  3.171360  0.1   24   50
2.34532701  0.212278  3.559902  0.2  186   30
2.34542850  0.216983  3.719459  1.5  276  -58
2.34543308  0.214112  3.621658  1.6   93  -54
2.34543339  0.214471  3.633821  1.6  296  -53
2.34544042  0.216455  3.701375  1.5  205  -61
2.34550322  0.229855  4.173817  0.1   64  -27
2.34551924  0.230728  4.205585  0.0   66  -20
2.34557154  0.217536  3.738433  0.0   65  -28
2.34559715  0.218694  3.778326  0.1  264   44
2.34559611  0.219216  3.796412  0.8   96   45
2.34565197  0.224619  3.985849  0.0  293  -40
2.34565162  0.224344  3.976084  2.9  294  -41
2.34574366  0.227519  4.089444  0.0   59   36
2.34574499  0.229762  4.170453  5.2  196   29
2.34576134  0.226994  4.070589  4.2   14   33
2.34580646  0.220671  3.846952  2.6  308  -47
2.34580206  0.220503  3.841105  3.0  114  -56
2.34580520  0.220551  3.842763  2.7  114  -51
2.34584782  0.230121  4.183498  0.1  174   22
2.34591099  0.231899  4.248397  3.6  316  -46
2.34596304  0.216808  3.713459  0.3   51  -64
2.34596651  0.215001  3.651824  1.9  305  -61
2.34596893  0.213233  3.592008  1.0  310  -58
2.34598554  0.233278  4.299086  0.0  295  -17
2.34603126  0.225781  4.027206  3.0  307  -13
2.34603372  0.226241  4.043602  3.0  303  201
2.34612338  0.234766  4.354076  1.7  180  -71
2.34611280  0.236095  4.403541  3.9   94  -27
2.34618623  0.240046  4.552143  1.0  302  -37
2.34617760  0.239072  4.515262  0.2   10   64
2.34624632  0.234351  4.338700  1.5  289  -25
2.34625305  0.234275  4.335885  1.9  290  -27
2.34628647  0.228386  4.120653  0.0   57   42
2.34631655  0.236880  4.432866  1.4  183  -41
2.34636350  0.232912  4.285584  1.5  313   47
2.34640173  0.222450  3.909239  1.3  332   48
2.34640406  0.218733  3.779673  0.0  170   40
2.34647765  0.211174  3.522967  0.0  289   46
2.34647680  0.210487  3.500064  2.6  309   57
2.34647591  0.209440  3.465357  1.1  291   51
2.34651167  0.231683  4.240492  3.5  294   63
2.34657143  0.234342  4.338363  0.6  299   55
2.34660477  0.219378  3.802008  0.0   10  -29
2.34661090  0.219537  3.807529  0.0  199  -43
2.34661178  0.218070  3.756815  0.0  204  -48
2.34662663  0.222802  3.921626  0.7   67  -28
2.34676210  0.231196  4.222677  2.6  301   13
2.34676726  0.229168  4.148909  1.5  128   -1
2.34676905  0.226803  4.063723  2.1  101  -26
2.34677450  0.227295  4.081386  0.0  102  -28
2.34682918  0.228230  4.115015  1.2  146  -50
2.34683015  0.229462  4.159584  0.0  322  -42
2.34689170  0.228549  4.126527  0.2  318   54
2.34689632  0.228730  4.133066  1.5  315   40
2.34696792  0.227994  4.106523  0.8  286   27
2.34696819  0.227432  4.086307  0.2  285   26
2.34701372  0.232808  4.281762  0.0   67    1
2.34701414  0.233023  4.289685  0.5  207  -58
2.34707210  0.229732  4.169349  0.7  206  -26
2.34707175  0.226340  4.047158  1.9  220  -37
2.34707831  0.227982  4.106080  2.4   41  -21
2.34713314  0.230452  4.195558  0.0  284  -38
2.34717164  0.232826  4.282443  1.1  303  -46
2.34718725  0.232103  4.255873  0.0  319  -51
2.34724462  0.236585  4.421839  1.2  156  -71
2.34727677  0.228310  4.117903  2.4  168  -57
2.34728324  0.228744  4.133579  0.0  316  -30
2.34728471  0.225376  4.012758  1.1  120  -39
2.34736107  0.234550  4.346074  1.8   16  -47
2.34736046  0.235497  4.381235  2.0   17  -47
2.34736170  0.236961  4.435878  2.7   18  -47
2.34743488  0.235618  4.385769  0.0   56   56
2.34749900  0.236618  4.423075  1.3  294   30
2.34751611  0.231938  4.249808  0.0  316   20
2.34751951  0.232705  4.277963  2.9  310   29
2.34752115  0.235413  4.378123  0.3  334    8
2.34760543  0.228032  4.107872  0.0  111    6
2.34760913  0.228082  4.109673  0.0  289    9
2.34762063  0.230331  4.191134  4.2  304   44
2.34764174  0.236059  4.402180  1.7  297   13
2.34768740  0.237262  4.447157  4.1  293   50
2.34775617  0.238963  4.511161  0.4  260 -148
2.34775664  0.236738  4.427548  0.0  205   17
2.34779185  0.236274  4.410196  1.1  144  -14
2.34779673  0.233342  4.301446  0.3   35   22
2.34783488  0.235908  4.396558  1.7  196   29
2.34788833  0.236589  4.421987  0.0  112  -37
2.34792539  0.234761  4.353900  0.5  191  -56
2.34793482  0.229876  4.174609  0.1   46  -54
2.34798506  0.233657  4.313061  3.6  143   22
2.34797821  0.233771  4.317261  3.9  326   30
2.34802461  0.232898  4.285072  0.0  319   15
2.34804391  0.236273  4.410161  4.8  311   35
2.34806356  0.240473  4.568348  3.4  309   42
2.34816941  0.222425  3.908374  2.4  112   36
2.34816950  0.222482  3.910352  2.2  112   35
2.34818127  0.220103  3.827173  2.9  266   43
2.34818680  0.221943  3.891422  3.0  259   42
2.34822084  0.222773  3.920602  0.0  196   14
2.34822772  0.222791  3.921238  2.4  194   13
2.34829994  0.229310  4.154064  3.0  305  -36
2.34834390  0.227086  4.073886  3.1  300  -33
2.34834795  0.226174  4.041209  0.0  280    4
2.34840544  0.224773  3.991320  1.6  163  -43
2.34841453  0.222450  3.909219  3.9  117  -44
2.34841027  0.222419  3.908137  4.8  316  -33
2.34841572  0.222670  3.916989  4.0  119  -46
2.34850154  0.233664  4.313321  0.9   42  -41
2.34854160  0.229001  4.142874  3.0  347  -30
2.34854103  0.229371  4.156280  0.0  347  -28
2.34857869  0.230958  4.214002  0.4  218  -28
2.34858699  0.229952  4.177349  0.0   38  -15
2.34863420  0.232801  4.281491  0.5   43   31
2.34864834  0.236978  4.436526  0.3   34   32
2.34874015  0.225600  4.020716  1.8  111  -50
2.34873926  0.225426  4.014551  0.4  100  -44
2.34873848  0.224841  3.993723  0.7  109  -47
2.34879593  0.226870  4.066132  0.8   45  -28
2.34879218  0.225759  4.026417  0.2   38  -31
2.34880825  0.238413  4.490420  0.0  100    4
2.34889340  0.242245  4.635942  0.9  108   -4
2.34892505  0.232909  4.285490  0.2   83   86
2.34892303  0.233377  4.302713  0.1   51   79
2.34895876  0.244764  4.732842  2.3   52  -35
2.34898704  0.238857  4.507157  1.1  119  -27
2.34899139  0.241867  4.621461  0.0  119  -28
2.34899560  0.238330  4.487282  1.1  118  -24
2.34910409  0.241502  4.607521  5.2  154   18
2.34912509  0.238117  4.479295  0.8   59  -69
2.34912005  0.235727  4.389799  0.2   85  -68
2.34918589  0.240736  4.578355  1.5  296  145
2.34920237  0.238731  4.502422  0.2  202   47
2.34922291  0.233841  4.319851  0.0  185   53
2.34927638  0.235274  4.372950  3.4  294   50
2.34931345  0.230913  4.212346  1.5  127   40
2.34933744  0.225354  4.011975  0.0  247  -12
2.34934130  0.230197  4.186278  0.0   64   -7
2.34934411  0.228787  4.135130  0.1   65   -7
2.34943077  0.232652  4.276014  0.4  302   46
2.34943601  0.232426  4.267724  0.6  302   54
2.34948245  0.232363  4.265417  0.0  274   -3
2.34949023  0.225389  4.013202  2.4  236   -6
2.34950465  0.229825  4.172730  2.0  240   23
2.34951045  0.231836  4.246078  1.4   50    9
2.34962454  0.229057  4.144902  0.0  258  -24
2.34963808  0.220274  3.833141  1.1  271  -30
2.34964173  0.220955  3.856880  0.0  269  -26
2.34964956  0.219803  3.816750  1.0  273  -15
2.34967744  0.219855  3.818561  0.1  268   16
2.34967757  0.221069  3.860849  0.1  269   15
2.34977929  0.223217  3.936238  0.3  192   28
2.34978465  0.218666  3.777377  0.0  187   27
2.34978459  0.218041  3.755825  0.0  188   26
2.34987354  0.219232  3.796953  3.2  141   32
2.34987479  0.219941  3.821533  3.5  311   43
2.34995999  0.215251  3.660293  0.0  282   21
2.34996217  0.199465  3.143114  0.0  102   16
2.34996076  0.198552  3.114421  0.0  102   14
2.34995975  0.201655  3.212527  0.1  104   16
2.35002089  0.223210  3.936011  0.4  296   57
2.35001711  0.225045  4.000983  0.7  133   53
2.35007663  0.235815  4.393097  1.7  308  -51
2.35013156  0.216927  3.717513  0.8  294  -33
2.35013584  0.217485  3.736676  1.1  288  -40
2.35013820  0.216230  3.693688  0.0  101  -37
2.35023646  0.217736  3.745319  1.9  354  -40
2.35024168  0.218051  3.756166  1.5  359  -44
2.35024363  0.218895  3.785271  1.7  183  -64
2.35024256  0.222335  3.905182  1.6   15  -56
2.35032942  0.227773  4.098553  0.1   44  -27
2.35033855  0.238480  4.492946  1.4  296  -35
2.35040691  0.232026  4.253056  0.0  311    1
2.35040960  0.235054  4.364767  2.5  303   32
2.35041330  0.233626  4.311899  1.8  320   -4
2.35048212  0.234402  4.340596  0.0  100    3
2.35048155  0.232741  4.279286  0.0  279    6
2.35051505  0.238395  4.489736  2.4  300   43
2.35057948  0.226255  4.044104  0.1   95  -41
2.35058033  0.227095  4.074199  0.4   92  -39
2.35058168  0.226814  4.064121  1.1  292  -37
2.35058460  0.228318  4.118211  0.0   95  -27
2.35066674  0.230820  4.208950  0.0  267  -25
2.35066117  0.230901  4.211917  0.0   78  -30
2.35072997  0.237156  4.443195  0.0  300  -56
2.35072060  0.239259  4.522362  0.0   21   60
2.35078020  0.231991  4.251764  0.5    7  -34
2.35082467  0.227916  4.103695  0.0  263   23
2.35082462  0.226430  4.050378  1.1  259   22
2.35088913  0.228465  4.123513  1.8  190   40
2.35089573  0.228634  4.129597  0.1  176   33
2.35099014  0.226007  4.035252  2.7  106   39
2.35099064  0.225125  4.003836  3.1  311  154
2.35098980  0.223161  3.934257  2.7  306   35
2.35100449  0.230945  4.213507  0.0   14   68
2.35106010  0.228137  4.111671  0.0  311   48
2.35106450  0.223877  3.959550  0.6  296   42
2.35114969  0.210082  3.486610  3.2  293   62
2.35114768  0.209462  3.466078  1.6   67   51
2.35114697  0.211431  3.531548  1.6   98  117
2.35114669  0.209928  3.481507  1.5   76   48
2.35114961  0.213316  3.594780  1.6  175   59
2.35126128  0.219855  3.818557  0.0  306  -42
2.35126553  0.214695  3.641435  2.0   87  -36
2.35134797  0.209985  3.483405  0.0  283   28
2.35134928  0.203761  3.279961  0.9  114   25
2.35134901  0.206353  3.363941  0.0  111   27
2.35135076  0.204911  3.317089  0.9  116   19
2.35144493  0.220789  3.851061  0.0  180   24
2.35144506  0.219094  3.792171  0.7  180   24
2.35151798  0.216517  3.703490  0.0  311  -23
2.35153265  0.203541  3.272883  0.1  135  -24
2.35153733  0.203761  3.279951  0.1  135  -26
2.35153256  0.204470  3.302832  0.8  133  -24
2.35161111  0.217076  3.722641  0.0  172    3
2.35162606  0.217990  3.754055  0.2    4  -12
2.35167997  0.222946  3.926693  0.4  328   61
2.35171967  0.206514  3.369198  0.2   93  -33
2.35172106  0.202860  3.251035  0.0  281  -29
2.35179932  0.196790  3.059381  0.1    7  -48
2.35179869  0.205237  3.327658  0.0  170  -58
2.35180052  0.201457  3.206215  0.0   10  -50
2.35180759  0.202227  3.230777  0.2   21  -51
2.35188053  0.231168  4.221658  0.8   83  -43
2.35189781  0.227577  4.091505  0.0   15  -33
2.35191061  0.227660  4.094493  1.6  315  -43
2.35190876  0.228976  4.141961  0.0   21  -37
2.35197208  0.226710  4.060409  0.7   84  -31
2.35200993  0.232945  4.286811  0.0   50   17
2.35203731  0.239546  4.533214  2.0  169  -66
2.35209249  0.238378  4.489106  1.4  195  -47
2.35209432  0.239031  4.513748  2.0   16  -40
2.35217438  0.230564  4.199607  0.3  197  -34
2.35217147  0.230100  4.182727  2.9  204  -46
2.35217242  0.230622  4.201721  2.9   21  -34
2.35226042  0.231922  4.249222  0.5  356  -44
2.35229145  0.216912  3.717013  0.9  254   29
2.35229439  0.216723  3.710541  0.0  259   31
2.35229960  0.214324  3.628847  0.0  251   33
2.35230498  0.215447  3.666975  0.1  250   37
2.35240680  0.224525  3.982494  1.6  313   32
2.35241501  0.226128  4.039585  1.4  307   33
2.35246871  0.224621  3.985915  2.8  246  -26
2.35248329  0.216625  3.707185  0.2   97    6
2.35248443  0.216166  3.691505  0.1   98    6
2.35248366  0.215864  3.681195  0.1   98    6
2.35256347  0.230834  4.209472  0.0  178   26
2.35257618  0.225651  4.022557  0.0  185   26
2.35264888  0.227733  4.097118  1.7  185  -70
2.35266695  0.222104  3.897082  3.9  312  -14
2.35266288  0.222785  3.921036  2.9  307  -19
2.35266575  0.223495  3.946038  3.1  121  -29
2.35274901  0.228052  4.108604  0.0  174   -2
2.35275197  0.226875  4.066304  1.2  358    9
2.35277108  0.229035  4.144120  1.0  181  -34
2.35283124  0.224418  3.978695  0.0  191   44
2.35284296  0.221529  3.876918  1.0  181   35
2.35285022  0.225190  4.006145  0.0  179   30
2.35293317  0.231297  4.226355  2.7    9  -39
2.35296785  0.232494  4.270233  0.0   86   69
2.35295547  0.227730  4.097024  0.0  272   27
2.35297351  0.228572  4.127371  0.0  296   77
2.35302215  0.229925  4.176381  3.7  191   -2
2.35304882  0.233221  4.296970  2.2  193  -16
2.35308050  0.227753  4.097856  0.4  199  -59
2.35308174  0.226878  4.066433  0.0  197  -60
2.35312358  0.226477  4.052065  0.0  182   42
2.35320373  0.225062  4.001586  0.0  159  -55
2.35321029  0.219338  3.800631  0.1  354  -37
2.35321433  0.217940  3.752326  0.0  174  -50
2.35321615  0.223828  3.957826  0.9  332 -125
2.35330508  0.224809  3.992583  0.6  200  -21
2.35330538  0.224853  3.994155  0.0  200  -20
2.35330656  0.225602  4.020821  0.6  201  -21
2.35339893  0.225631  4.021849  0.1  349  -56
2.35339447  0.228146  4.112003  0.2  294  -59
2.35339950  0.225206  4.006713  0.1  185  -82
2.35347441  0.223286  3.938687  0.2   56  -59
2.35347549  0.224758  3.990765  0.2   75  -67
2.35351858  0.240109  4.554553  1.9  311   44
2.35358764  0.236307  4.411424  7.4   24   -3
2.35359140  0.235767  4.391295  7.6  203  -14
2.35363036  0.233959  4.324200  5.5  248   -5
2.35366134  0.230978  4.214706  4.3  191   44
2.35366161  0.230900  4.211886  4.2  190   43
2.35366292  0.231723  4.241930  4.8   17   53
2.35375381  0.227984  4.106169  0.1  165  -29
2.35376116  0.230906  4.212076  0.0  172  -30
2.35377713  0.232063  4.254413  1.0  167  -54
2.35377098  0.232904  4.285305  2.5  133  -36
2.35383227  0.235230  4.371335  0.4  188   20
2.35384740  0.236865  4.432310  0.2  212  -21
2.35395456  0.226083  4.037955  1.9  253   48
2.35396503  0.223476  3.945397  0.9  213   53
2.35396235  0.225397  4.013488  1.3  207   62
2.35401241  0.226318  4.046382  1.1   16   39
2.35400958  0.225311  4.010454  0.5  196   27
2.35401748  0.228764  4.134321  1.3  188   18
2.35411229  0.215224  3.659387  1.3  193   33
2.35411194  0.214822  3.645730  0.7  189   36
2.35411192  0.214596  3.638071  0.6  190   36
2.35414146  0.220048  3.825284  0.0  192   20
2.35418057  0.224131  3.968551  0.4  270   14
2.35424553  0.224068  3.966318  0.0  199   49
2.35429077  0.213910  3.614840  0.0   13    9
2.35428837  0.218513  3.772100  0.1  201    9
2.35428764  0.220066  3.825897  0.0  198    9
2.35436336  0.225923  4.032269  0.0  152  -56
2.35441012  0.219144  3.793910  2.5   52   50
2.35441303  0.221323  3.869738  0.0   56   56
2.35441604  0.221242  3.866908  2.0   35   51
2.35446952  0.224576  3.984318  2.6   38   36
2.35448695  0.223321  3.939922  0.0  277   36
2.35459074  0.216052  3.687608  0.2  165   12
2.35457985  0.220667  3.846827  0.1  179   25
2.35458978  0.217414  3.734241  0.0  165   15
2.35458510  0.216732  3.710861  0.3  169   18
2.35461530  0.221861  3.888560  1.3  214  -62
2.35466932  0.223779  3.956079  0.0  196   49
2.35466974  0.222983  3.927990  2.6   16   58
2.35478505  0.219433  3.803906  4.6   21  -52
2.35477582  0.218663  3.777272  3.3  356  -23
2.35479001  0.214688  3.641188  0.0  320  -27
2.35479000  0.214377  3.630630  6.0  320  -28
2.35485584  0.217187  3.726460  5.8  310    6
2.35485788  0.229484  4.160364  4.2  114  -39
2.35486527  0.222645  3.916107  4.5  133  -12
2.35493779  0.228734  4.133238  0.0  104  -40
2.35495747  0.224197  3.970873  0.4  204  -71
2.35503504  0.227149  4.076152  1.2  348  -12
2.35503280  0.229580  4.163851  2.2  190  -34
2.35503546  0.227812  4.099981  2.6  209  -61
2.35505811  0.228588  4.127942  0.4  190  -25
2.35514134  0.226618  4.057088  0.6   10    2
2.35514465  0.225009  3.999706  1.5  189    7
2.35514159  0.224209  3.971309  0.5  189   -5
2.35523331  0.222036  3.894706  1.6  179  -14
2.35523327  0.222105  3.897111  1.7  179  -14
2.35531931  0.214092  3.620987  5.9  140    7
2.35531195  0.214825  3.645821  5.3  316   18
2.35531435  0.216981  3.719382  0.3  316   18
2.35540349  0.210836  3.511684  5.5  356  162
2.35540399  0.210807  3.510733  5.5  178   16
2.35539111  0.208859  3.446154  4.3   19   40
2.35540227  0.209246  3.458914  5.3  355   31
2.35549575  0.217875  3.750095  3.8  148  -62
2.35549047  0.217440  3.735126  0.0  314  -39
2.35555277  0.222705  3.918209  4.5   72   40
2.35558988  0.214689  3.641228  5.1    8   10
2.35559093  0.215610  3.672527  0.0  186   -1
2.35559194  0.214183  3.624066  4.7  185   -4
2.35567041  0.214530  3.635835  3.0  321   32
2.35567378  0.215846  3.680575  4.5  136   17
2.35575197  0.218904  3.785583  0.4   34  -42
2.35575254  0.222830  3.922597  1.4   39  -45
2.35580189  0.215649  3.673840  0.3  361   45
2.35580248  0.214289  3.627655  0.0    3   46
2.35585854  0.211878  3.546482  3.3  317    3
2.35585947  0.212579  3.569996  0.0  314    2
2.35585960  0.213669  3.606706  4.6  136   -7
2.35589715  0.216916  3.717159  0.0  309   10
2.35596659  0.222037  3.894719  4.2  314   35
2.35599698  0.219939  3.821468  0.1  329   39
2.35600533  0.222603  3.914625  0.0  183    1
2.35605047  0.216301  3.696093  0.0  156  -49
2.35605468  0.217536  3.738441  0.6  169  -29
2.35605178  0.217205  3.727060  2.9  121  -61
2.35617024  0.209382  3.463428  1.6  314   28
2.35616688  0.208905  3.447654  0.2  320   49
2.35617110  0.209009  3.451101  0.0  317   54
2.35617092  0.208888  3.447116  0.0  152   41
2.35628295  0.218335  3.765951  0.0  174   -9
2.35628471  0.215087  3.654730  1.2  166  -19
2.35628446  0.214962  3.650485  1.2  167  -18
2.35636544  0.212624  3.571504  0.0  143  -35
2.35636495  0.207848  3.412872  0.1  338  -10
2.35645328  0.199842  3.155020  0.5  340   11
2.35646066  0.196825  3.060457  0.0  159   -8
2.35645909  0.197227  3.072977  0.2  160   -6
2.35645903  0.197265  3.074166  0.1  340    4
2.35654091  0.217194  3.726678  2.0  350   -2
2.35654247  0.217750  3.745788  2.4  172  -17
2.35662452  0.208434  3.432129  0.2  134  -28
2.35662576  0.209357  3.462603  0.5  134  -36
2.35662197  0.206219  3.359592  0.3  319  -26
2.35662034  0.205955  3.350991  1.0  317  -23
2.35671587  0.223470  3.945159  5.7  174  -10
2.35671689  0.224196  3.970828  5.8  176  -12
2.35672975  0.220698  3.847904  0.0  288  -21
2.35681308  0.224098  3.967368  0.0  299   31
2.35681016  0.227524  4.089620  1.5  316  147
2.35681108  0.225681  4.023617  0.9  299   35
2.35687327  0.226680  4.059313  1.5   57  -46
2.35690508  0.228253  4.115868  0.5  285  152
2.35691614  0.229472  4.159923  1.3  288  -53
2.35698565  0.228496  4.124622  3.2  149  -12
2.35699409  0.228306  4.117767  1.2  194  -21
2.35700027  0.226975  4.069885  0.1  192  -34
2.35706336  0.215274  3.661086  0.1   31   28
2.35706325  0.213907  3.614740  0.0   31   27
2.35710285  0.217659  3.742658  2.5  146   33
2.35710382  0.218866  3.784296  3.3  312   38
2.35716504  0.222012  3.893855  2.0    3  -23
2.35716363  0.221798  3.886368  2.1  362  -21
2.35725553  0.222051  3.895223  6.6  306   41
2.35724259  0.217618  3.741245  2.8  199    5
2.35726240  0.218879  3.784726  4.4  175   28
2.35728631  0.222538  3.912313  0.0  300    5
2.35728538  0.222185  3.899939  0.0  299    5
2.35737554  0.216147  3.690858  2.6  312   41
2.35737721  0.217161  3.725554  1.8  143   33
2.35737887  0.218797  3.781914  1.2  159   36
2.35748293  0.219844  3.818187  0.5  150  -41
2.35748533  0.214831  3.646044  0.1  337  -23
2.35756794  0.222176  3.899609  2.6  308  171
2.35758297  0.214273  3.627116  0.0  322   -2
2.35758644  0.215298  3.661904  2.5  184    8
2.35758798  0.213601  3.604413  3.5  184    6
2.35767279  0.217367  3.732620  0.6  351   49
2.35767494  0.218756  3.780474  0.0  173   29
2.35767768  0.215824  3.679832  0.1  174   29
2.35776316  0.207319  3.395500  0.9  192  -14
2.35776347  0.204055  3.289444  1.0    8   -2
2.35784619  0.197893  3.093769  4.3  158   10
2.35784885  0.195047  3.005421  0.0  341   15
2.35784998  0.192858  2.938333  3.7  341   13
2.35785094  0.195102  3.007133  3.9  161    2
2.35794153  0.206077  3.354945  0.1  181  -52
2.35793678  0.203740  3.279282  0.0  163   24
2.35793663  0.206513  3.369148  0.0  164   23
2.35803174  0.199466  3.143144  1.7  151  -56
2.35803283  0.198652  3.117538  2.2  302  -44
2.35803414  0.200472  3.174934  0.0  351  -38
2.35803250  0.203316  3.265653  2.2   89  -49
2.35811564  0.216623  3.707109  0.0  308  -11
2.35811868  0.221055  3.860368  0.0  305  -22
2.35819998  0.204042  3.289033  0.6  130   56
2.35820044  0.200675  3.181351  0.0  291   64
2.35820081  0.206479  3.368049  0.0  129   60
2.35829019  0.225216  4.007058  0.2   99   42
2.35830407  0.219679  3.812457  3.7  313  -48
2.35830592  0.219078  3.791625  3.8  314  -49
2.35837885  0.206706  3.375464  0.0  189   -2
2.35838235  0.206902  3.381879  0.5  187   -5
2.35838626  0.207128  3.389248  0.2  186   -9
2.35838499  0.207250  3.393242  0.4  187   -9
2.35846610  0.222459  3.909537  3.6   21    5
2.35846938  0.220567  3.843335  0.1  166   17
2.35855469  0.211370  3.529509  2.4  353    7
2.35856174  0.211673  3.539620  0.2  183   -6
2.35855585  0.211411  3.530859  1.0  353   -0
2.35864750  0.213168  3.589804  0.0  346  -17
2.35865801  0.221762  3.885087  0.5  272  -50
2.35865294  0.220747  3.849611  0.4  356  -20
2.35872990  0.223466  3.945014  1.4  193  -17
2.35873658  0.221814  3.886923  0.9  182  -30
2.35873535  0.223313  3.939644  0.4    5  -16
2.35874388  0.220693  3.847709  0.3  223  -49
2.35881213  0.221462  3.874582  0.0  183   51
2.35882020  0.228969  4.141733  1.0    1   26
2.35888241  0.233985  4.325157  0.2   88   49
2.35892074  0.222946  3.926693  3.5  124  -14
2.35897138  0.215691  3.675280  0.0  317   53
2.35897155  0.215105  3.655338  4.0  313   52
2.35898269  0.215316  3.662530  3.6  358   41
2.35898377  0.213794  3.610924  3.2    5   39
2.35909172  0.227699  4.095899  0.1   41  -39
2.35911354  0.227046  4.072457  0.1   58  -20
2.35913239  0.221658  3.881466  0.2   59   21
2.35913552  0.222471  3.909968  0.8   57   19
2.35916934  0.222539  3.912367  4.3    4   -8
2.35917625  0.220684  3.847411  4.0  178  -31
2.35917813  0.221610  3.879769  2.2  184  -33
2.35925621  0.240079  4.553411  3.3  176  -11
2.35930640  0.226606  4.056664  1.7   69   73
2.35933014  0.218445  3.769736  0.6  213   34
2.35933084  0.227855  4.101518  2.8  295   40
2.35941105  0.224724  3.989566  0.0  282   33
2.35943785  0.217172  3.725923  0.1  161    4
2.35943359  0.217280  3.729653  0.0  340   19
2.35949346  0.215290  3.661626  0.0  309    9
2.35949354  0.215245  3.660087  2.6  308    9
2.35949459  0.214336  3.629243  2.6  309   10
2.35959267  0.212180  3.556594  2.5  359   16
2.35959356  0.212240  3.558634  0.0  179    5
2.35958922  0.204327  3.298210  0.0  356   33
2.35961508  0.213408  3.597905  1.6  190  -20
2.35969994  0.215333  3.663082  1.0  153  -68
2.35969795  0.214964  3.650554  0.0  161  -65
2.35978354  0.198256  3.105140  0.3   14  -50
2.35978709  0.197887  3.093597  1.3  284  -59
2.35978715  0.196773  3.058855  2.1  285  -58
2.35978767  0.195757  3.027356  1.7  103  -57
2.35986869  0.215137  3.656425  3.9  163  -48
2.35987262  0.210836  3.511704  3.7  317  -42
2.35986623  0.217696  3.743922  2.5   98  -53
2.35995363  0.227580  4.091620  0.0  356  -24
2.35996342  0.227029  4.071841  0.2  167  -33
2.36001700  0.238533  4.494953  0.8   52  -42
2.36004071  0.239108  4.516653  1.5  301  -35
2.36004596  0.237577  4.458982  2.1  299  -12
2.36012520  0.227530  4.089836  0.2  191   46
2.36013503  0.221340  3.870306  0.1  192    7
2.36013564  0.221913  3.890399  0.1  191    6
2.36012757  0.230056  4.181129  0.2   25   54
2.36021781  0.230025  4.179997  0.8   52   69
2.36022955  0.223657  3.951791  0.0  169   14
2.36029793  0.230804  4.208372  1.0   27    2
2.36031636  0.222966  3.927409  0.5  216  -22
2.36038166  0.218682  3.777930  1.3  202   38
2.36038241  0.218728  3.779502  0.3  201   39
2.36038490  0.218433  3.769308  0.6  201   34
2.36038497  0.218550  3.773364  0.6  202   33
2.36045861  0.223568  3.948646  1.7  293   25
2.36045877  0.223122  3.932881  0.0  284   14
2.36046116  0.224444  3.979617  4.2  137   36
2.36056521  0.224751  3.990511  1.2  188  -13
2.36056524  0.224920  3.996542  2.1  188  -13
2.36063984  0.213939  3.615817  5.1  302   30
2.36064005  0.214456  3.633314  4.7  127   29
2.36063795  0.214214  3.625136  4.7  299   31
2.36072060  0.208779  3.443512  2.6  344   38
2.36071913  0.211348  3.528782  0.2  299   43
2.36072285  0.210301  3.493881  0.0  349   34
2.36081871  0.198544  3.114171  0.6  200   52
2.36081870  0.199596  3.147233  1.1  200   52
2.36082044  0.198985  3.128003  0.5  203   43
2.36082533  0.206568  3.370948  1.6  180   27
2.36091357  0.212634  3.571853  0.0  357  -17
2.36091700  0.214640  3.639549  0.0  172  -21
2.36100413  0.187295  2.771276  0.0   24   -5
2.36100719  0.186476  2.747077  0.2  202  -17
2.36100621  0.185010  2.704053  0.0  204  -16
2.36100601  0.187871  2.788351  0.0   23   -5
2.36109123  0.204392  3.300325  0.0  319    4
2.36109263  0.201551  3.209215  0.0  138   -5
2.36117748  0.194510  2.988896  0.0  346  -21
2.36117821  0.196424  3.048023  0.9  358  -37
2.36117876  0.195466  3.018358  0.1  163  -31
2.36117952  0.195494  3.019208  2.2  350  -29
2.36127143  0.209754  3.475733  0.1  283  -44
2.36127325  0.205476  3.335407  0.2   92  -39
2.36127291  0.205373  3.332080  0.2   92  -40
2.36136701  0.225923  4.032246  0.5   36  -41
2.36136316  0.219724  3.814013  0.2  154  -36
2.36144567  0.213521  3.601708  0.1  208   -2
2.36144716  0.213305  3.594431  0.0   28    7
2.36144735  0.214175  3.623803  0.5   27    6
2.36144767  0.215694  3.675404  0.5   27    5
2.36153817  0.210109  3.487514  1.7  200   25
2.36153631  0.212104  3.554070  0.1   29   38
2.36153779  0.211488  3.533442  2.1   19   36
2.36161858  0.222623  3.915325  0.4  270  -59
2.36161797  0.221823  3.887234  0.4   75  -43
2.36170344  0.222525  3.911886  0.0  267  -16
2.36171521  0.222427  3.908411  2.8  203  -32
2.36171935  0.220978  3.857678  3.1  211  -36
2.36172223  0.220623  3.845292  0.0  216  -39
2.36179355  0.227794  4.099309  0.0    6   19
2.36179991  0.225863  4.030121  0.0  190    7
2.36178785  0.231489  4.233368  0.6  110  -46
2.36190773  0.232041  4.253582  1.5  144   31
2.36190292  0.229918  4.176120  0.0  319   10
2.36195771  0.225615  4.021252  0.0  125   42
2.36196162  0.225255  4.008449  4.5  119   47
2.36197398  0.227140  4.075826  4.5  290   51
2.36203461  0.231851  4.246654  2.2  278   29
2.36203417  0.232806  4.281697  5.3  295   30
2.36211705  0.219009  3.789214  0.0  326   56
2.36211225  0.222728  3.919011  1.0  183   35
2.36219154  0.208797  3.444089  4.4  293   46
2.36219168  0.208962  3.449533  4.3  293   46
2.36219624  0.208752  3.442610  5.2  297   48
2.36219883  0.211516  3.534371  0.0  294   53
2.36231446  0.205271  3.328764  1.7  171  -43
2.36231421  0.205194  3.326257  1.8  170  -44
2.36231852  0.203630  3.275755  1.8  183  -50
2.36234842  0.199126  3.132435  2.5  102  -48
2.36234961  0.198534  3.113847  2.5  107  -48
2.36239216  0.223938  3.961695  0.8  174   15
2.36238323  0.218537  3.772906  0.0  307    3
2.36248761  0.218277  3.763951  0.0  300   27
2.36250180  0.215469  3.667716  1.6  295  153
2.36249599  0.215500  3.668773  0.2  119   21
2.36257548  0.218464  3.770407  1.0  154  -32
2.36258271  0.220224  3.831387  2.6  188  -19
2.36258305  0.220613  3.844931  2.8  188  -19
2.36265586  0.221503  3.876013  0.0  198   30
2.36268306  0.220423  3.838328  2.4  307  -19
2.36274227  0.219784  3.816092  2.2  305   27
2.36276302  0.218033  3.755535  2.6  182  -35
2.36276310  0.217935  3.752156  0.0  183  -36
2.36276305  0.218533  3.772769  0.0  361 -146
2.36285811  0.221064  3.860686  0.0   38  -44
2.36286750  0.219976  3.822761  0.0  268  -51
2.36287009  0.222961  3.927233  0.1   76  -42
2.36292247  0.230296  4.189875  2.7  193   -7
2.36293169  0.223439  3.944075  0.0  188  -18
2.36301686  0.229700  4.168210  0.4   14   14
2.36301712  0.231178  4.222031  0.3  192    0
2.36302302  0.230083  4.182112  0.2   11    4
2.36309088  0.232870  4.284032  3.8  303   46
2.36310819  0.229266  4.152468  0.0    6  -23
2.36311191  0.227270  4.080471  0.9  191  -47
2.36311298  0.229413  4.157785  0.0  190   -1
2.36318485  0.236708  4.426437  0.0  294   33
2.36318479  0.233446  4.305250  2.8  294   32
2.36322948  0.236005  4.400187  1.7   81  -61
2.36328655  0.228642  4.129905  0.9  287  -51
2.36328760  0.228562  4.127007  0.7  287  -48
2.36334152  0.233323  4.300718  1.3   39  -50
2.36333813  0.229073  4.145479  0.8  209  -51
2.36336922  0.230992  4.215238  0.6  179   34
2.36347345  0.224350  3.976294  3.4  308  -40
2.36347659  0.225160  4.005069  3.1  306  -38
2.36347666  0.224405  3.978255  3.2  306  -39
2.36348679  0.224078  3.966660  1.5  303  -42
2.36355356  0.229043  4.144388  0.8  191   14
2.36356799  0.228319  4.118241  0.4  187  -16
2.36361897  0.214175  3.623807  0.1   62   33
2.36362355  0.217111  3.723828  1.3  177   36
2.36362536  0.222578  3.913747  1.0  272   51
2.36371191  0.218878  3.784689  0.1  123   45
2.36371792  0.205561  3.338173  0.2  196   21
2.36371918  0.204312  3.297724  0.0  198   20
2.36371907  0.204107  3.291116  0.0  198   20
2.36380311  0.204466  3.302702  1.1  180   33
2.36380104  0.204800  3.313484  0.0    1   45
2.36391294  0.207575  3.403911  0.1  165  -21
2.36390484  0.209016  3.451332  0.0  165  -16
2.36391227  0.208945  3.448991  0.7  165  -23
2.36398485  0.214527  3.635729  0.0  179   -4
2.36398527  0.214981  3.651136  0.0  180   -4
2.36398260  0.214131  3.622318  1.1    1    7
2.36402285  0.222639  3.915894  1.1   97  -34
2.36408367  0.229616  4.165161  0.5  159  -71
2.36407850  0.217698  3.743994  2.0  121  -26
2.36415231  0.220385  3.836991  6.4  178    3
2.36414865  0.221580  3.878704  7.3  354   12
2.36424252  0.218445  3.769726  1.2  191   54
2.36424172  0.216338  3.697357  1.4  189   55
2.36424300  0.217775  3.746654  4.2  317   44
2.36424256  0.219379  3.802041  0.0  316   44
2.36432591  0.224719  3.989403  3.0  352   13
2.36435519  0.222574  3.913581  1.3   11  -22
2.36437116  0.224003  3.964008  0.7   19  -27
2.36441110  0.224263  3.973202  0.1   21   13
2.36442411  0.221735  3.884154  2.6  325    4
2.36446642  0.232054  4.254085  2.0  343  -37
2.36451106  0.216861  3.715253  6.4  107  -55
2.36451170  0.215466  3.667633  6.3  110  -53
2.36451103  0.216670  3.708733  6.8  307  -47
2.36459316  0.217045  3.721589  0.0    1  -35
2.36461414  0.218536  3.772875  3.8  121  -36
2.36461446  0.219882  3.819509  4.0  307  -29
2.36470571  0.224471  3.980603  2.7  212 -160
2.36469170  0.222174  3.899527  3.1  207  -41
2.36469786  0.228555  4.126741  5.0  201  -50
2.36479284  0.220693  3.847731  3.2  100   61
2.36479105  0.220220  3.831266  3.2  264   49
2.36479113  0.220150  3.828827  3.5  106   48
2.36488403  0.223132  3.933232  1.0  199  -25
2.36488404  0.223044  3.930142  0.9  199  -24
2.36488444  0.224613  3.985625  0.7  200  -26
2.36489408  0.226604  4.056590  2.7  357 -136
2.36495966  0.226393  4.049067  0.2   16   -4
2.36497202  0.233573  4.309956  0.1   45   35
2.36501235  0.234493  4.343962  0.2  316  -49
2.36508201  0.226107  4.038834  0.2  269   39
2.36511824  0.226772  4.062616  0.2   35   -2
2.36512384  0.225010  3.999715  0.1  201   27
2.36512576  0.228870  4.138134  0.1   44   46
2.36513006  0.229986  4.178593  0.8   15    8
2.36522303  0.235161  4.368744  3.3  303  -45
2.36523530  0.232013  4.252576  3.3  307  -36
2.36529345  0.231571  4.236381  0.2  110   57
2.36528795  0.230238  4.187747  0.9  290   48
2.36537819  0.220613  3.844942  0.0  283   45
2.36537635  0.216808  3.713468  1.0  288   40
2.36537678  0.216054  3.687683  0.2  168   36
2.36537875  0.216556  3.704822  0.1  348   46
2.36546352  0.221605  3.879611  0.7  278   44
2.36546507  0.220188  3.830138  0.3  278   45
2.36549835  0.225655  4.022700  0.2   13  -16
2.36554904  0.208119  3.421780  0.0    9   35
2.36555141  0.205653  3.341161  0.0   10   31
2.36555495  0.207317  3.395455  0.3  189   15
2.36564697  0.216750  3.711480  0.6  159    3
2.36564148  0.215802  3.679086  1.0  344   25
2.36564666  0.217161  3.725537  1.1  164    9
2.36574822  0.192892  2.939371  0.1  189  -50
2.36574779  0.193498  2.957881  0.0  189  -50
2.36574710  0.195682  3.025037  0.0  191  -49
2.36575253  0.197987  3.096706  0.1  200  -50
2.36583339  0.220588  3.844077  2.6  187    3
2.36583582  0.221253  3.867266  3.3  188    1
2.36583231  0.222375  3.906595  3.1  191   -2
2.36591303  0.222170  3.899386  0.7  170   10
2.36591463  0.226674  4.059096  3.0  309  -56
2.36600043  0.222391  3.907176  2.8  331   27
2.36600221  0.225776  4.027014  3.2  323   30
2.36601812  0.225410  4.013971  2.1  147  -23
2.36609536  0.216608  3.706601  1.5  191  -15
2.36610135  0.216892  3.716317  2.3   16   -8
2.36610243  0.215478  3.668040  1.9  195  -19
2.36619167  0.221959  3.891992  0.2   13  -50
2.36619073  0.223407  3.942940  0.6  196  -63
2.36620315  0.224163  3.969660  1.3  186  -47
2.36623906  0.227939  4.104539  3.9  267    8
2.36627236  0.216109  3.689537  0.0  218  -35
2.36627694  0.216752  3.711535  0.1   31  -26
2.36634855  0.232649  4.275929  0.1   91   -8
2.36637051  0.235072  4.365449  1.5  186   32
2.36639838  0.230638  4.202307  2.2  309  -30
2.36642352  0.231140  4.220642  0.0   96  -22
2.36645794  0.230418  4.194300  0.0  274   25
2.36651466  0.230485  4.196735  0.0  295  -24
2.36651734  0.232039  4.253526  0.3  288  -19
2.36651716  0.229308  4.153989  0.0  106  -24
2.36661119  0.231449  4.231909  0.7   87   32
2.36661099  0.228387  4.120697  1.8   89   32
2.36664270  0.231526  4.234751  1.1   52   53
2.36665302  0.232852  4.283396  0.6   41   49
2.36671910  0.224902  3.995905  0.6  202    4
2.36671772  0.224941  3.997271  0.7  199    6
2.36677228  0.225350  4.011812  0.0  199   48
2.36677786  0.221815  3.886951  1.8   20   23
2.36677336  0.219526  3.807128  0.1  215  132
2.36684333  0.231356  4.228532  0.1  173   23
2.36688127  0.217600  3.740639  0.0    2  -20
2.36693426  0.216664  3.708529  0.0  210    4
2.36696413  0.207241  3.392971  1.9  197   17
2.36696578  0.206668  3.374220  1.0  192   19
2.36696455  0.208319  3.428355  0.1  183   30
2.36697616  0.211240  3.525163  0.0  200   -7
2.36704858  0.216746  3.711329  0.0  311   32
2.36705780  0.216848  3.714813  3.8  329   23
2.36715481  0.210488  3.500113  0.1  353  -25
2.36715966  0.206299  3.362177  0.0  169  -42
2.36716120  0.209215  3.457900  0.1  170  -42
2.36715882  0.214867  3.647268  1.9  189  -33
2.36722035  0.227128  4.075389  4.2   18   46
2.36727754  0.224607  3.985428  0.0  336   34
2.36732498  0.212005  3.550734  0.6  339  -32
2.36732893  0.212165  3.556116  0.9  344  -34
2.36733235  0.212390  3.563662  1.0  156  -47
2.36742317  0.227853  4.101441  4.4  265  -72
2.36742511  0.218211  3.761673  3.9    6  -22
2.36743245  0.219206  3.796049  4.5  190  -35
2.36743213  0.219140  3.793763  4.5  191  -36
2.36753108  0.230799  4.208168  0.0  274  -47
2.36753586  0.228898  4.139157  2.9  290  -53
2.36753564  0.228635  4.129628  2.9  290  -53
2.36760597  0.229203  4.150187  0.0  344  -30
2.36760879  0.228963  4.141490  0.0  161  -42
2.36761100  0.240133  4.555428  0.7  333  -46
2.36771397  0.238924  4.509686  3.1  193  -20
2.36771875  0.235284  4.373327  0.2  326   59
2.36774527  0.234791  4.355013  1.1  303   51
2.36778596  0.233616  4.311550  0.4  190   21
2.36781584  0.231620  4.238161  1.1   62   48
2.36782812  0.226300  4.045718  0.5   18   58
2.36782166  0.227814  4.100045  1.1   22   62
2.36792565  0.222971  3.927578  0.2  216  131
2.36792649  0.218744  3.780081  0.0  205   32
2.36793204  0.220349  3.835757  0.0   34   46
2.36798009  0.222061  3.895561  0.0   73  -22
2.36801291  0.230614  4.201445  0.9   75   17
2.36805754  0.229559  4.163091  1.1   64   -6
2.36808792  0.226970  4.069702  1.6   65   12
2.36810698  0.225235  4.007751  0.2  214   20
2.36813348  0.227562  4.090969  1.2  202   29
2.36813713  0.227689  4.095525  1.4  199   28
2.36816422  0.234513  4.344728  1.5   61   73
2.36822703  0.235481  4.380653  0.2  340  -29
2.36827602  0.223943  3.961877  0.1   50  -20
2.36828050  0.225198  4.006415  0.8   51  -21
2.36827862  0.226409  4.049630  0.1  208  -55
2.36831616  0.232077  4.254934  0.1   53   29
2.36835208  0.234308  4.337106  1.0   77  -17
2.36841648  0.235406  4.377847  4.0  303   59
2.36843502  0.231806  4.244994  1.1  239  -30
2.36846445  0.230486  4.196791  2.1   66   33
2.36853056  0.227884  4.102551  0.2  177  -55
2.36853180  0.227310  4.081902  0.1  358  -49
2.36853278  0.229815  4.172388  0.3  178  -58
2.36860143  0.232764  4.280137  2.5  194   -1
2.36860675  0.231971  4.251045  3.2  176  -13
2.36868324  0.226473  4.051911  0.0  143  -60
2.36867619  0.226277  4.044901  0.2  344  -50
2.36868543  0.225507  4.017421  0.1  312  -55
2.36873121  0.235782  4.391874  0.0  273    7
2.36875806  0.234209  4.333454  0.8   43  -45
2.36879712  0.229031  4.143966  0.1  308  -55
2.36879711  0.228525  4.125678  0.0  309  -55
2.36889280  0.237056  4.439458  3.5  284   33
2.36889463  0.238545  4.495377  2.6  207   45
2.36891955  0.236701  4.426143  1.0   31  -79
2.36892397  0.228458  4.123262  0.0  297  -47
2.36899362  0.231192  4.222514  0.0  335   49
2.36899838  0.227806  4.099744  0.0  298   42
2.36900067  0.226723  4.060863  0.7  295   34
2.36903900  0.231102  4.219234  0.8  256   26
2.36909325  0.235708  4.389107  1.7  200   41
2.36912683  0.231063  4.217813  0.0   31   47
2.36912884  0.232882  4.284487  0.8   52   40
2.36917648  0.233802  4.318389  1.7  298 -142
2.36920019  0.228542  4.126279  1.8  278   39
2.36923308  0.231161  4.221380  1.7  100   64
2.36924031  0.228579  4.127619  3.3  306   39
2.36931239  0.224722  3.989481  0.2  200   51
2.36933112  0.224462  3.980285  2.1  278   54
2.36933216  0.223602  3.949837  2.6  157   38
2.36943066  0.223006  3.928800  0.3  128   -0
2.36943031  0.223654  3.951669  0.0  127    3
2.36944375  0.218223  3.762097  2.1   16  -51
2.36944790  0.216449  3.701178  2.8  203  -55
2.36952335  0.222719  3.918690  1.2  107    6
2.36957006  0.219697  3.813089  1.5  341   57
2.36957003  0.214359  3.630019  0.1  168   49
2.36957896  0.213711  3.608135  0.1  342   61
2.36962318  0.215195  3.658419  0.0  276    5
2.36962663  0.216667  3.708633  0.0  278    4
2.36969549  0.222978  3.927801  3.6  315  -48
2.36969881  0.222151  3.898747  3.1  126  -55
2.36975456  0.233018  4.289511  1.7  275    8
2.36979767  0.222881  3.924410  1.0  177  -55
2.36981464  0.223804  3.956976  0.1   68  -30
2.36981926  0.222783  3.920949  0.0  261  -35
2.36983099  0.225489  4.016766  4.0  127  -50
2.36988267  0.231782  4.244098  0.2   94  -58
2.36995216  0.233154  4.294485  2.1  304   50
2.36995560  0.231926  4.249401  1.9  295   51
2.36999361  0.232321  4.263870  2.7  301   34
2.36999731  0.232065  4.254477  3.2  295   39
2.36999858  0.233466  4.306018  2.6  290   54
2.37013900  0.236590  4.422008  2.1  255   36
2.37011278  0.231553  4.235724  0.1  315   57
2.37011409  0.234144  4.331060  0.4  303   57
2.37019683  0.222995  3.928397  0.0  214    9
2.37019659  0.223496  3.946102  0.1  214    9
2.37020418  0.224389  3.977676  0.8  219   10
2.37022371  0.228672  4.130967  2.3   31   65
2.37030171  0.233463  4.305887  0.7  118  -42
2.37035349  0.223571  3.948743  3.1  311  -50
2.37036935  0.222652  3.916349  2.7  349  -34
2.37037330  0.222258  3.902506  2.0   12  -47
2.37040313  0.221727  3.883879  1.7  327   15
2.37039344  0.223292  3.938890  1.4  289   12
2.37046977  0.234953  4.361038  0.1  187   41
2.37049232  0.232279  4.262336  3.5  314   39
2.37056832  0.228778  4.134828  0.0  281    7
2.37057840  0.225659  4.022833  3.1  346  -14
2.37058602  0.227882  4.102468  0.1  289   11
2.37058433  0.229397  4.157230  0.3  109  -18
2.37068250  0.225277  4.009241  3.5  290    3
2.37068545  0.226354  4.047651  3.5  287    0
2.37073263  0.219452  3.804581  3.3  310   42
2.37072974  0.216934  3.717767  3.7  303   47
2.37073543  0.222569  3.913423  3.3  336   46
2.37074329  0.224106  3.967641  2.0  164   36
2.37077232  0.226501  4.052925  0.1  269   55
2.37088265  0.230194  4.186159  0.4   54  -18
2.37088209  0.228377  4.120345  0.1  202  -59
2.37093831  0.223913  3.960838  3.1   72   -9
2.37090944  0.223876  3.959502  0.0  296   19
2.37094768  0.221873  3.888968  0.1  283   10
2.37100693  0.235167  4.368985  2.9  194   26
2.37101398  0.234971  4.361699  2.2  190   24
2.37111214  0.216454  3.701337  0.1  287  -47
2.37112175  0.215856  3.680911  1.4  306  -41
2.37111879  0.215418  3.665998  0.9  302  -42
2.37112084  0.214672  3.640652  0.7  109  -46
2.37112107  0.214644  3.639685  1.7  124  -44
2.37121458  0.234720  4.352401  2.0  357  -30
2.37122681  0.232779  4.280700  2.1  313  -32
2.37128905  0.238132  4.479824  0.8  312   44
2.37131098  0.228207  4.114183  0.2  284  -11
2.37131665  0.232398  4.266698  2.1  293   -9
2.37137131  0.227762  4.098185  0.9  266   28
2.37137145  0.227975  4.105833  0.8  264   29
2.37139540  0.231329  4.227520  1.1  185   60
2.37139675  0.233628  4.311978  1.0   26   75
2.37151670  0.226874  4.066282  1.1  184  -52
2.37151636  0.226484  4.052306  1.5    4  -27
2.37151793  0.225941  4.032899  1.4  186  -42
2.37155663  0.229587  4.164113  2.5  273  -15
2.37161421  0.237268  4.447405  1.5  195    5
2.37161427  0.237919  4.471831  1.9  196    6
2.37161533  0.241847  4.620699  3.2  198    4
2.37171537  0.234771  4.354272  0.1  311   38
2.37169997  0.236838  4.431287  0.2  166    8
2.37173463  0.238486  4.493169  1.4  316  -22
2.37181199  0.221766  3.885223  2.7  298   62
2.37180578  0.223887  3.959897  4.0   14   52
2.37182211  0.220691  3.847671  3.5  172   47
2.37188839  0.223091  3.931788  1.2  202   46
2.37190693  0.216156  3.691140  2.1   78   83
2.37190681  0.215698  3.675513  1.7   75   83
2.37191145  0.220503  3.841105  2.8  160   61
2.37198191  0.225415  4.014144  0.1  171  -11
2.37201111  0.225600  4.020733  0.7  184  -24
2.37206971  0.225605  4.020926  0.1   46  -19
2.37207030  0.223931  3.961453  0.2  214  -20
2.37209222  0.227111  4.074789  1.5  286    7
2.37214695  0.225066  4.001734  1.6  190   35
2.37214813  0.225073  4.001973  1.5  191   38
2.37214726  0.224752  3.990558  1.8  190   34
2.37225428  0.228220  4.114678  3.2  354  -21
2.37227984  0.222028  3.894411  2.5  260  -35
2.37227756  0.221273  3.867985  2.6   76  -36
2.37227806  0.220670  3.846911  1.7   75  -33
2.37233533  0.228807  4.135853  3.5  309   12
2.37236909  0.228815  4.136140  0.1  310  -28
2.37237025  0.228350  4.119370  0.1  310  -17
2.37241849  0.230410  4.194003  1.1  299   23
2.37245098  0.232086  4.255247  1.9  321    6
2.37250971  0.229479  4.160188  3.2  301   49
2.37251319  0.229899  4.175428  3.1  297   57
2.37257688  0.223277  3.938352  0.6  265   17
2.37258902  0.222686  3.917527  0.1   20   49
2.37259364  0.223316  3.939744  0.3   81    4
2.37261897  0.227316  4.082122  3.3    9   16
2.37272035  0.224677  3.987889  0.3   33  -41
2.37271709  0.224208  3.971273  0.0  217  -52
2.37273965  0.224613  3.985645  0.0  185   72
2.37273898  0.228508  4.125058  0.8  181   33
2.37274870  0.228396  4.121014  2.9   99  -23
2.37284180  0.230487  4.196799  1.9  358  -42
2.37285276  0.232084  4.255178  2.3    3  -48
2.37284955  0.232573  4.273120  1.7  116  -44
2.37290885  0.231815  4.245306  0.1  208  -22
2.37294439  0.237720  4.464354  0.5  353  -43
2.37296195  0.235012  4.363216  0.0  150   63
2.37299941  0.233363  4.302204  0.2  100  -52
2.37302852  0.230470  4.196208  4.6  303   49
2.37303141  0.230782  4.207570  2.6    1   75
2.37306399  0.234592  4.347633  0.7  106  -31
2.37317404  0.230799  4.208195  3.2  308  -62
2.37318411  0.230832  4.209407  0.1  247  -10
2.37318250  0.229593  4.164308  1.2  269  -51
2.37321577  0.228875  4.138311  1.1  200   17
2.37321660  0.226678  4.059245  1.4  198   16
2.37329896  0.225221  4.007227  0.1  193   35
2.37329947  0.226670  4.058965  0.4  193   40
2.37329078  0.229953  4.177389  0.4   27   46
2.37339836  0.217761  3.746180  3.2    4  -38
2.37340184  0.216597  3.706240  3.5  186  -46
2.37340572  0.219508  3.806518  2.8  179  -48
2.37340852  0.220055  3.825521  3.4  337  -42
2.37348547  0.233144  4.294125  4.3  197   -4
2.37349276  0.233494  4.307041  4.2  264   -3
2.37349238  0.233541  4.308761  4.4  264   -4
2.37357896  0.234265  4.335524  0.4   13  -34
2.37365050  0.229748  4.169948  3.0   91    1
2.37365366  0.228445  4.122795  1.2  268  -11
2.37365308  0.229765  4.170561  1.5   87   -7
2.37374922  0.237200  4.444828  0.3  263    6
2.37375759  0.234706  4.351860  1.8  193   36
2.37376006  0.232985  4.288289  1.6   15   55
2.37377127  0.232771  4.280409  0.4  190   39
2.37382589  0.237093  4.440829  0.1  196  -41
2.37387727  0.236975  4.436428  0.0  197   58
2.37394147  0.226893  4.066956  1.0  285   11
2.37393981  0.224847  3.993950  0.6  107    6
2.37394641  0.220839  3.852820  0.1  106    8
2.37394568  0.221223  3.866239  0.1  109    7
2.37399021  0.237855  4.469436  3.5  299   55
2.37402909  0.239661  4.537546  2.2  180  -10
2.37407491  0.238058  4.477048  0.4  187   23
2.37407854  0.233462  4.305843  0.0  186   28
2.37412492  0.233541  4.308780  0.6  196   31
2.37414090  0.233491  4.306913  2.8  302   21
2.37420324  0.225714  4.024800  3.9  308   46
2.37420351  0.226540  4.054325  3.7  307   46
2.37421059  0.225199  4.006446  3.7  309   43
2.37431427  0.224711  3.989113  2.3  134   36
2.37431061  0.222061  3.895585  1.8  187   50
2.37431468  0.223818  3.957454  1.9  169   40
2.37434657  0.228808  4.135912  0.3  182   36
2.37443191  0.219322  3.800072  2.4  109   45
2.37443799  0.217417  3.734337  4.7  311   48
2.37443711  0.217399  3.733723  4.7  311   48
2.37444373  0.219502  3.806313  0.2  194   47
2.37455514  0.211409  3.530817  1.6    1  -42
2.37456069  0.211707  3.540782  2.8   12  -42
2.37455526  0.210327  3.494753  2.8    1  -41
2.37456395  0.215008  3.652050  1.8  210  -73
2.37462985  0.222190  3.900090  3.9    7    7
2.37465064  0.226890  4.066845  0.8  185  -41
2.37465598  0.229311  4.154081  0.0   91  -41
2.37469548  0.232503  4.270539  0.1  291   59
2.37476230  0.225888  4.031006  0.3  316   60
2.37481388  0.222603  3.914613  2.5  285  -25
2.37481201  0.223099  3.932070  2.7  286  -27
2.37481338  0.222447  3.909145  2.4  285  -25
2.37490237  0.227316  4.082139  0.8  160  -74
2.37490403  0.224024  3.964740  0.2  172  -81
2.37490386  0.226661  4.058634  1.5  193  -73
2.37497249  0.233855  4.320370  2.2   78   30
2.37500106  0.227059  4.072915  1.6  249  -31
2.37500793  0.227046  4.072452  2.5  249  -32
2.37501340  0.230366  4.192395  0.5  207  -51
2.37509444  0.233335  4.301171  0.3  331   38
2.37513575  0.229480  4.160232  1.8  309  -43
2.37515915  0.226215  4.042691  0.0  288   25
2.37518046  0.222697  3.917918  0.0  162  -41
2.37519002  0.228531  4.125896  0.1   20  -37
2.37520111  0.230397  4.193550  3.3  315  -33
2.37527707  0.222113  3.897410  1.0  189   36
2.37528471  0.223220  3.936329  0.0  183   36
2.37527916  0.222459  3.909539  0.1  193   37
2.37536992  0.208183  3.423864  4.6  124   24
2.37536897  0.208122  3.421864  5.0  126   23
2.37536593  0.210123  3.487984  4.9  302   28
2.37546552  0.227166  4.076764  2.4  177   -4
2.37546428  0.226430  4.050357  2.8  357   11
2.37556074  0.222235  3.901688  5.5  131   -5
2.37555660  0.220344  3.835583  1.4  293   -2
2.37555693  0.218773  3.781056  1.0  292   -2
2.37563242  0.212458  3.565930  0.1  359   31
2.37563173  0.210509  3.500825  1.4  181   30
2.37563309  0.208941  3.448859  0.2    1   34
2.37563364  0.208930  3.448488  0.4  359   33
2.37575534  0.216222  3.693416  5.2  310  -21
2.37575282  0.215799  3.678972  1.0  316  -24
2.37575454  0.211742  3.541955  5.1  124  -26
2.37583070  0.215673  3.674684  7.6  267   12
2.37582960  0.215924  3.683234  7.7  265   11
2.37582969  0.215719  3.676244  0.0  266   11
2.37592379  0.223002  3.928676  0.0  182   12
2.37592374  0.222457  3.909486  6.2  182   13
2.37598018  0.222024  3.894275  0.8   18  -55
2.37600680  0.220158  3.829079  2.1  322 -156
2.37601948  0.216324  3.696886  6.3  326  -18
2.37602015  0.216455  3.701374  6.2  327  -19
2.37602205  0.219927  3.821065  6.3  328  -20
2.37611428  0.217564  3.739380  0.5  326    6
2.37611365  0.216122  3.689986  0.1  327    5
2.37620156  0.219642  3.811171  0.0  185  -66
2.37620829  0.215111  3.655544  1.2  280  -48
2.37620728  0.215271  3.660996  1.4  283  -48
2.37628974  0.215303  3.662060  1.3  356  -52
2.37629030  0.215073  3.654259  1.0  175  -64
2.37629391  0.215645  3.673721  0.0  185  -53
2.37629806  0.216373  3.698566  1.3  315  -44
2.37640356  0.221701  3.882940  7.3  194  -21
2.37641384  0.220647  3.846140  7.5  197  -24
2.37642602  0.221035  3.859658  1.6  251  -40
2.37640727  0.221431  3.873514  6.0   16  -16
2.37652148  0.225791  4.027551  4.5  124   25
2.37652200  0.227900  4.103119  4.4  126   23
2.37658454  0.223940  3.961792  0.3  285  -57
2.37659496  0.218482  3.771032  2.1  186  -18
2.37659638  0.217301  3.730355  1.8    8  -12
2.37660219  0.218364  3.766957  1.3  193  -30
2.37667086  0.235005  4.362960  2.6  309  -22
2.37670782  0.234959  4.361235  1.5  309  -17
2.37670448  0.233689  4.314241  0.9  268  127
2.37678152  0.225815  4.028411  0.0  300    1
2.37677978  0.227974  4.105793  0.9  302   -3
2.37678415  0.228669  4.130866  1.0  122   -7
2.37679513  0.232219  4.260110  0.4  305   -6
2.37690672  0.224428  3.979076  0.1  265  -64
2.37690286  0.225680  4.023569  1.3  207  -70
2.37690557  0.230207  4.186614  2.0  212  -71
2.37696111  0.226351  4.047556  6.3  156    6
2.37698856  0.229434  4.158548  3.9  316   19
2.37706920  0.228832  4.136775  0.5  330   84
2.37706711  0.220524  3.841851  0.3  161   42
2.37707360  0.219766  3.815474  0.2  327   39
2.37713785  0.231969  4.250971  0.7  170  -27
2.37717309  0.223727  3.954242  0.6  292  -14
2.37717118  0.225246  4.008126  0.7  106  -18
2.37717288  0.224536  3.982888  0.5  106  -15
2.37725064  0.219945  3.821680  3.2  127   -9
2.37725065  0.221641  3.880867  1.0  309   -1
2.37725063  0.220033  3.824731  3.1  126   -9
2.37734440  0.228150  4.112153  2.8    2  -34
2.37735356  0.226543  4.054426  2.6  192  -57
2.37744694  0.216444  3.700998  0.2  172  -68
2.37744778  0.217882  3.750322  0.1  356  -98
2.37745283  0.219044  3.790428  0.2  202  -54
2.37753192  0.217706  3.744282  0.2  311  189
2.37752910  0.222475  3.910123  0.5  313   -2
2.37755958  0.221246  3.867037  1.6  313   26
2.37755844  0.219380  3.802087  0.7  313   23
2.37756246  0.223657  3.951760  0.3  183   32
2.37765090  0.231434  4.231366  0.2  277   76
2.37772529  0.226285  4.045202  2.2  287   -5
2.37772623  0.226742  4.061555  2.1  285   -6
2.37772592  0.225793  4.027623  2.0  287   -5
2.37773927  0.226849  4.065383  0.4  181  -14
2.37779666  0.236737  4.427512  1.0  294   35
2.37783683  0.230478  4.196487  1.3    4   12
2.37783513  0.227578  4.091551  0.7    2   10
2.37787945  0.236770  4.428731  2.1    5  -18
2.37792642  0.229042  4.144375  0.5    1  -41
2.37794801  0.227656  4.094341  0.1   57   51
2.37795233  0.224826  3.993189  0.0   36   53
2.37802702  0.234180  4.332394  3.5  192  -14
2.37802335  0.232102  4.255852  0.3  179  -71
2.37807718  0.229751  4.170039  1.3   33  -43
2.37807860  0.226630  4.057543  0.0  221  -34
2.37808464  0.227665  4.094694  0.9  236  -33
2.37814374  0.232969  4.287703  0.2   16   30
2.37818158  0.236321  4.411977  0.6   58   58
2.37818335  0.236068  4.402538  1.6   55   54
2.37822565  0.236629  4.423482  4.5  356   35
2.37830320  0.228773  4.134617  1.0   19  -15
2.37831397  0.225726  4.025216  0.0   22  -14
2.37832322  0.224046  3.965544  0.6   18  -13
2.37832570  0.228097  4.110245  0.5  199  -31
2.37839526  0.236232  4.408641  0.7  299  -47
2.37839277  0.236152  4.405663  1.6  311  -52
2.37847928  0.230944  4.213486  1.1   23   -4
2.37849342  0.229384  4.156745  0.8  199  -20
2.37849818  0.228477  4.123923  0.2  192  -35
2.37849475  0.228724  4.132854  0.9   17  -12
2.37858452  0.230436  4.194964  1.1  178  -41
2.37857450  0.233674  4.313697  2.6   18   -2
2.37868813  0.217978  3.753630  2.9  312   17
2.37868864  0.217371  3.732775  2.4  134    5
2.37868550  0.216985  3.719526  1.2  310    9
2.37868880  0.217991  3.754092  3.1  135   14
2.37877633  0.226370  4.048219  0.0  319    6
2.37877756  0.225539  4.018567  5.9  320    6
2.37884911  0.218404  3.768321  5.6  323   33
2.37884994  0.217744  3.745576  5.9  322   35
2.37885342  0.218415  3.768705  4.1  166   22
2.37887538  0.216785  3.712653  0.1  177   -9
2.37892543  0.226551  4.054689  3.5  104   36
2.37895275  0.220369  3.836425  2.0  326   26
2.37905813  0.206059  3.354366  0.3  191  -50
2.37905778  0.206457  3.367345  0.5  191  -50
2.37905868  0.207165  3.390459  0.3  187  -47
2.37906066  0.210185  3.490052  0.6   11  -40
2.37905787  0.212153  3.555719  0.6  192 -144
2.37912633  0.216330  3.697078  0.0  349   41
2.37915494  0.226690  4.059684  0.0  309   41
2.37923076  0.215174  3.657674  5.3  160  -46
2.37923294  0.216014  3.686296  6.8  319  -52
2.37923189  0.214329  3.629002  4.7  348  -46
2.37931477  0.219217  3.796438  0.0  174   -7
2.37935147  0.205888  3.348797  0.0   99   20
2.37935321  0.206636  3.373180  0.0   98   24
2.37936461  0.210451  3.498893  1.2  270   33
2.37936872  0.216264  3.694835  1.1   12   69
2.37936885  0.216255  3.694544  0.9   12   67
2.37948847  0.212770  3.576426  0.1   22  -34
2.37949154  0.213367  3.596516  0.9   18  -33
2.37953357  0.218374  3.767300  0.6  298  -44
2.37953171  0.216601  3.706363  0.2  103  -35
2.37956667  0.221054  3.860311  0.6   46   15
2.37961811  0.230119  4.183432  1.4  296  -28
2.37961906  0.230851  4.210070  1.2  296  -30
2.37967371  0.230438  4.195039  0.0  273  -18
2.37972462  0.234578  4.347130  0.2   23  -48
2.37973755  0.238280  4.485407  1.5  303  -50
2.37979093  0.235620  4.385811  2.8  195   48
2.37980256  0.231877  4.247604  0.4  190  -21
2.37980965  0.234140  4.330898  0.7   13  -11
2.37988464  0.228050  4.108533  0.0   15   45
2.37990911  0.225723  4.025106  0.6  337   53
2.37988996  0.226527  4.053851  0.1  191   26
2.37998274  0.234576  4.347040  3.9   51  -49
2.38000468  0.230366  4.192404  3.1   56   42
2.38000469  0.231388  4.229696  3.3   56   38
2.38000910  0.230276  4.189123  3.3   50   40
2.38009987  0.227783  4.098905  5.7  288   46
2.38010066  0.228725  4.132901  5.1  291   43
2.38017186  0.229552  4.162843  4.5  194  -47
2.38017758  0.228862  4.137840  4.0   26  -37
2.38019204  0.226949  4.068965  0.0  179   29
2.38027434  0.217310  3.730684  0.1  184   37
2.38027343  0.215365  3.664170  0.1  183   37
2.38027597  0.218390  3.767858  0.0  184   32
2.38027590  0.217603  3.740744  1.1  177   32
2.38037981  0.205068  3.322192  2.6  150  -22
2.38038134  0.205350  3.331336  3.7  336  -13
2.38038002  0.205639  3.340699  3.5  152  -21
2.38046880  0.210129  3.488173  0.4  176  -12
2.38053999  0.201458  3.206231  3.5  308   30
2.38053920  0.201533  3.208614  3.6  311   31
2.38054813  0.199689  3.150165  1.6  161   28
2.38054672  0.197506  3.081682  2.2  340   42
2.38054941  0.204277  3.296593  1.9  164   32
2.38065241  0.219463  3.804972  1.6  156  -46
2.38064774  0.221875  3.889065  0.0  321   39
2.38072496  0.218460  3.770251  0.5  291  -19
2.38072495  0.216221  3.693379  0.0  291  -11
2.38073517  0.211675  3.539694  0.6  354    7
2.38073763  0.210996  3.517035  0.4  352    5
2.38073051  0.220229  3.831570  0.8  106  -24
2.38083972  0.229041  4.144333  3.1  147  -24
2.38089876  0.216461  3.701570  3.2   19  -41
2.38090876  0.213606  3.604578  5.0  203  -53
2.38091268  0.213258  3.592830  4.2   14  -30
2.38090987  0.212815  3.577917  4.8  372  -39
2.38101409  0.229878  4.174659  2.9   64    1
2.38101662  0.230162  4.185004  0.0   64    8
2.38104350  0.229042  4.144345  3.0   63   13
2.38110634  0.228508  4.125052  2.2  310   41
2.38110946  0.226668  4.058903  2.2  308   49
2.38111941  0.225566  4.019523  0.5  175   39
2.38118055  0.224610  3.985531  0.1   73   23
2.38118615  0.226054  4.036928  0.0   73   20
2.38122467  0.223543  3.947735  0.1   12  -29
2.38126838  0.227455  4.087110  4.1   92   18
2.38127084  0.231337  4.227810  0.0  268   19
2.38133537  0.226825  4.064521  0.1  202    2
2.38134234  0.230866  4.210616  0.0  191   14
2.38136022  0.219700  3.813183  0.3   28   -0
2.38142943  0.214484  3.634272  0.0  204   45
2.38143675  0.215789  3.678617  0.2  187   49
2.38143775  0.220368  3.836415  0.0  182   42
2.38151883  0.224458  3.980113  0.1  176   40
2.38153554  0.213622  3.605105  0.0  354   -7
2.38154048  0.215741  3.676993  0.0  178  -23
2.38162090  0.208788  3.443793  1.1  342   18
2.38162159  0.208367  3.429929  1.7  343   19
2.38162196  0.208286  3.427253  2.1  343   19
2.38169653  0.215208  3.658855  3.2  312   19
2.38169638  0.214828  3.645920  2.7  312   19
2.38172311  0.226293  4.045474  1.8   17  -40
2.38176097  0.227041  4.072277  2.3   46   17
2.38179406  0.228451  4.123002  4.0   11    6
2.38180200  0.225430  4.014659  0.1  306  -31
2.38189403  0.218442  3.769619  0.0  220   42
2.38189060  0.216025  3.686686  0.0   57   52
2.38196510  0.194020  2.973852  0.5  285   37
2.38196931  0.192135  2.916349  0.4  214   53
2.38196694  0.193970  2.972325  0.5  272   40
2.38196961  0.196276  3.043424  1.7  130   46
2.38208518  0.200458  3.174505  0.0  195  -36
2.38209266  0.203727  3.278872  1.0   31  -41
2.38208594  0.196957  3.064559  0.1  194  -41
2.38216783  0.206370  3.364494  3.9  161  -14
2.38214781  0.207420  3.398831  2.6  289   -4
2.38217135  0.209453  3.465788  0.0  181   -2
2.38218987  0.218349  3.766435  0.2  312  -29
2.38226928  0.220157  3.829070  0.0  292   24
2.38226914  0.218828  3.782957  0.0  305   25
2.38232281  0.208616  3.438124  0.2   29  -39
2.38232812  0.211545  3.535368  0.2  216  -45
2.38234648  0.215682  3.674967  0.0  346   -7
2.38233476  0.217550  3.738902  0.0  228  -62
2.38244339  0.214827  3.645886  0.0  248   10
2.38243833  0.213466  3.599865  0.0   72  -16
2.38246899  0.216524  3.703723  0.9  264   14
2.38247725  0.216192  3.692396  1.5  260   24
2.38255902  0.219490  3.805901  5.9  126   34
2.38255914  0.219484  3.805675  5.9  126   34
2.38261748  0.223773  3.955890  0.0  191    4
2.38267405  0.222816  3.922120  3.4  313  -26
2.38268166  0.223783  3.956218  0.0  164  -37
2.38272606  0.223205  3.935816  5.0  247  -18
2.38272605  0.224141  3.968882  0.0  268  -36
2.38272693  0.223780  3.956119  2.4  276  -41
2.38280512  0.229376  4.156448  0.1  348  -49
2.38280261  0.226703  4.060147  0.8  307  -44
2.38288675  0.221911  3.890301  0.2  264  -21
2.38289012  0.223964  3.962625  0.2   66  -17
2.38288954  0.221656  3.881375  0.1   83  -19
2.38294026  0.223002  3.928665  6.7  314  -26
2.38293939  0.221855  3.888355  2.2  170  -20
2.38303381  0.232275  4.262193  5.2  273  -37
2.38304013  0.227673  4.094962  6.2  307  -42
2.38304105  0.227665  4.094679  5.9  306  -45
2.38313164  0.229709  4.168542  2.6  302  147
2.38310928  0.234310  4.337188  4.2   70  -10
2.38313827  0.232039  4.253544  0.9  204   71
2.38323057  0.232689  4.277395  5.0  186  -25
2.38322591  0.231696  4.240947  0.9   56  -36
2.38321902  0.227917  4.103759  4.0  339   -9
2.38331594  0.230426  4.194596  1.4   18   33
2.38331534  0.229094  4.146229  1.3   18   32
2.38332478  0.229323  4.154544  2.2  200   15
2.38340881  0.219628  3.810682  0.0   15   -8
2.38340999  0.220908  3.855239  1.7  194  -17
2.38341111  0.217691  3.743754  0.0   14   -8
2.38341050  0.214209  3.624940  0.0  193  -21
2.38350313  0.215771  3.678014  0.0  169   20
2.38350647  0.209421  3.464715  0.0  159   32
2.38358369  0.228462  4.123396  0.0  332   59
2.38358267  0.222029  3.894451  0.0  170   23
2.38358942  0.218832  3.783103  0.1  165   24
2.38364496  0.222693  3.917783  0.0   85  -13
2.38370779  0.215477  3.668000  0.1  290    3
2.38370662  0.212844  3.578888  0.0  290    3
2.38373544  0.214627  3.639121  1.3  284   37
2.38373782  0.213991  3.617587  0.9  281   39
2.38374659  0.215870  3.681385  1.6  192   59
2.38385613  0.217023  3.720819  1.0  141  -60
2.38385661  0.218824  3.782824  0.0  333  -39
2.38385719  0.216939  3.717928  2.4  333  -41
2.38395882  0.216145  3.690763  0.4  190  -31
2.38395833  0.217151  3.725218  1.5  191  -34
2.38396539  0.215761  3.677684  1.8  195  -47
2.38397205  0.217053  3.721847  0.7  202  -62
2.38409617  0.226898  4.067129  5.3   71   11
2.38409806  0.223083  3.931518  4.2   62   12
2.38409123  0.223361  3.941317  4.0   60   12
2.38411940  0.224029  3.964933  3.6   47   14
2.38418353  0.222690  3.917685  2.4  312   38
2.38418942  0.221190  3.865086  0.7  142   27
2.38418656  0.222535  3.912214  1.6  313   34
2.38427136  0.227155  4.076346  0.3  197  -44
2.38430277  0.217881  3.750296  0.1  301  -50
2.38430700  0.216186  3.692169  0.2  310  -51
2.38430385  0.220585  3.843950  0.0  111  -59
2.38439873  0.217947  3.752561  0.2  173  -39
2.38439861  0.219608  3.809997  0.0  172  -40
2.38440969  0.221025  3.859316  0.7  180  -46
2.38448457  0.226406  4.049519  0.3  223   23
2.38448009  0.224835  3.993506  0.1   49   36
2.38455626  0.225831  4.028960  0.8  127  -25
2.38454749  0.226154  4.040520  0.0  312  -26
2.38455077  0.225137  4.004250  0.7  124  -29
2.38457941  0.226610  4.056822  1.2  199   -1
2.38465735  0.231720  4.241849  1.6   59   53
2.38466990  0.228033  4.107907  2.7  189   50
2.38466989  0.228154  4.112274  2.5  189   50
2.38473219  0.229991  4.178777  3.2  280   37
2.38473443  0.229285  4.153144  2.9  109   34
2.38483186  0.216377  3.698691  2.2   30   -1
2.38483194  0.216390  3.699139  0.2   30    0
2.38483152  0.217112  3.723873  2.4  210  -12
2.38490020  0.219271  3.798301  0.1  278   28
2.38490358  0.219309  3.799615  0.2  274   30
2.38491330  0.220521  3.841716  2.9    9   67
2.38490869  0.222987  3.928130  0.0  273   31
2.38500281  0.223916  3.960941  3.6  316   51
2.38500399  0.224598  3.985099  3.7  157   37
2.38508355  0.223939  3.961737  1.3  198    1
2.38509561  0.226262  4.044351  4.2   18   -3
2.38511114  0.227873  4.102167  4.0  204  -33
2.38510707  0.227667  4.094737  3.5   20  -16
2.38521094  0.222365  3.906266  0.0  300   14
2.38521281  0.222763  3.920244  0.0  298   21
2.38528835  0.215249  3.660230  3.6  287   27
2.38529689  0.210913  3.514256  0.0  117   19
2.38529587  0.209241  3.458749  2.4  116   19
2.38535826  0.219415  3.803306  0.3   99   44
2.38535819  0.217461  3.735857  1.1  288   48
2.38539188  0.219839  3.818002  3.8  340 -147
2.38546539  0.210769  3.509446  6.3  335   41
2.38546874  0.210120  3.487892  5.6  172   28
2.38547064  0.210653  3.505599  5.8  167   25
2.38547892  0.210592  3.503583  2.7  110  -39
2.38546336  0.212178  3.556542  5.3    7   52
2.38557087  0.213130  3.588533  0.0  191  -38
2.38557784  0.213935  3.615699  0.0  196  -40
2.38557811  0.213668  3.606655  0.0  196  -41
2.38567438  0.228573  4.127409  0.0   53  -13
2.38573019  0.217445  3.735313  1.4  331  -33
2.38573160  0.217138  3.724765  1.8  329  -31
2.38573284  0.217761  3.746168  0.0  323  -26
2.38582314  0.223944  3.961938  4.0  204  -48
2.38582612  0.222618  3.915159  3.9   18  -47
2.38582552  0.223491  3.945911  4.0   19  -45
2.38583592  0.223703  3.953412  3.2  222  -59
2.38589309  0.230822  4.209037  0.7  295   47
2.38594969  0.227713  4.096415  0.1   58    1
2.38598615  0.220861  3.853582  2.5  202   -6
2.38599146  0.219941  3.821559  2.5  203  -10
2.38599218  0.222758  3.920078  0.0   24   -0
