2.00000151  0.231564  4.236119  0.2  300  -61
2.00003112  0.230711  4.204960  1.0   31  -54
2.00003085  0.229073  4.145483  1.8  213  -62
2.00003073  0.232861  4.283707  0.1  242   63
2.00011563  0.236467  4.417430  0.0  263   56
2.00006357  0.240442  4.567192  1.6  354   26
2.00015532  0.235559  4.383572  0.6  274  -37
2.00016012  0.230618  4.201585  0.1  275  -39
2.00019080  0.231698  4.241017  0.8  196   -9
2.00019011  0.231161  4.221386  0.7   17    2
2.00018514  0.232891  4.284824  1.2   13    3
2.00019016  0.232619  4.274830  0.2  196  -24
2.00023670  0.236864  4.432267  0.6   89   90
2.00029425  0.238138  4.480056  1.2    3  -39
2.00029753  0.231004  4.215668  0.0    3  -37
2.00033519  0.236583  4.421758  1.0   53  -54
2.00033533  0.233065  4.291241  2.7  327  -44
2.00038776  0.237357  4.450731  1.1  141  -42
2.00038712  0.235978  4.399178  0.0  307  -54
2.00039038  0.235477  4.380493  0.1  314  -51
2.00044868  0.235624  4.385967  0.2  285  -47
2.00044918  0.237270  4.447474  0.5  307  -50
2.00051625  0.235756  4.390879  1.0  324   68
2.00050142  0.235651  4.386979  1.6  295  -37
2.00049995  0.235721  4.389602  2.0  297  -35
2.00056079  0.233931  4.323168  0.1  297   43
2.00055826  0.235673  4.387787  0.4  298   40
2.00056059  0.232330  4.264210  0.2  296   48
2.00059912  0.234382  4.339857  0.1   61   81
2.00063255  0.228440  4.122590  0.2  183   25
2.00063499  0.226977  4.069955  0.0  176   17
2.00064809  0.230659  4.203077  0.5  135   25
2.00069489  0.238185  4.481825  8.7  131   41
2.00070627  0.232832  4.282642  0.1   95  -49
2.00076475  0.230185  4.185840  0.2   11   15
2.00077678  0.227246  4.079602  0.9  176  -24
2.00077637  0.227400  4.085161  1.2  176  -26
2.00077642  0.227171  4.076938  1.2  177  -27
2.00077657  0.227900  4.103141  1.3  177  -26
2.00082240  0.230767  4.207034  0.2  284   59
2.00083570  0.233391  4.303254  1.2  348   36
2.00087160  0.233280  4.299158  3.6  182   24
2.00089926  0.226848  4.065346  0.0  304  -45
2.00089909  0.228439  4.122582  1.0  304  -44
2.00093020  0.227507  4.088983  0.5  287   26
2.00096326  0.231315  4.227008  5.8  299  -50
2.00095966  0.230567  4.199736  7.5   14  -52
2.00099843  0.233339  4.301303  1.9  185   65
2.00102908  0.232416  4.267372  6.3   70   62
2.00106507  0.231474  4.232834  0.6    3   50
2.00106731  0.230815  4.208772  0.3   17   51
2.00110810  0.227402  4.085224  0.5   87   54
2.00111102  0.230922  4.212676  0.9  263   54
2.00111835  0.230877  4.211038  0.1  264   46
2.00112648  0.234234  4.334398  2.6  340  -20
2.00115741  0.236198  4.407357  0.9   81   54
2.00119303  0.239144  4.517998  0.2  180   31
2.00121426  0.238542  4.495294  1.7   79  -21
2.00124290  0.232832  4.282658  0.9  171  -14
2.00124441  0.235909  4.396589  2.8  168  -17
2.00126878  0.237262  4.447164  6.4  354  -35
2.00127986  0.237211  4.445270  0.1  286   30
2.00132670  0.235999  4.399935  0.1   73   58
2.00137315  0.231444  4.231724  1.1  214   71
2.00137099  0.222135  3.898160  0.1   54   82
2.00137021  0.222689  3.917655  0.1   56   80
2.00143941  0.233369  4.302413  0.8  292   43
2.00144134  0.231505  4.233963  0.1  293   42
2.00144410  0.232944  4.286752  0.6  293   45
2.00147098  0.235615  4.385648  1.6  151  -30
2.00150617  0.236654  4.424406  3.2  292  -45
2.00152020  0.233974  4.324767  1.1  287  -67
2.00152448  0.234530  4.345355  2.4  193  -52
2.00157010  0.231428  4.231142  0.0  107   13
2.00156297  0.232043  4.253671  0.1  284    7
2.00163718  0.228465  4.123504  6.3  120   53
2.00163751  0.227987  4.106268  6.4  288   52
2.00163752  0.229454  4.159277  5.6  289  125
2.00164375  0.231820  4.245489  4.7  341   47
2.00170808  0.240271  4.560670  6.4  157   -9
2.00171577  0.238037  4.476280  2.5  303  -46
2.00172733  0.236204  4.407593  0.1  304  -52
2.00172132  0.235978  4.399153  0.5  107  -51
2.00178940  0.233986  4.325190  1.1  271   17
2.00179671  0.234204  4.333258  1.3   95   18
2.00182071  0.228752  4.133869  2.0  289   39
2.00182472  0.228624  4.129256  2.7  287   42
2.00185401  0.231488  4.233358  0.0  112   58
2.00192182  0.233493  4.307010  4.0  262 -114
2.00191921  0.230393  4.193396  0.1   84  -59
2.00191726  0.232518  4.271102  1.2   72  -65
2.00195569  0.235596  4.384923  2.5   21  -43
2.00196065  0.233375  4.302645  3.3   19  -49
2.00195948  0.233995  4.325523  2.6  201  -60
2.00201489  0.231716  4.241681  1.5   46  -66
2.00201150  0.232624  4.274992  1.2  206  -64
2.00205167  0.228989  4.142456  0.5  291  -46
2.00207678  0.230047  4.180824  1.0   40    2
2.00209488  0.229912  4.175905  3.9  122  -19
2.00211338  0.230288  4.189574  0.4  308  -37
2.00211204  0.231061  4.217762  1.4  115  -47
2.00217678  0.231705  4.241280  0.1   66  -39
2.00218037  0.229084  4.145879  0.2  259  -42
2.00220406  0.229063  4.145117  2.5   11   72
2.00222193  0.224775  3.991380  0.0  293  -56
2.00222169  0.223762  3.955497  0.3  288  -53
2.00227008  0.233680  4.313883  0.4  109   37
2.00226930  0.232315  4.263665  0.0  117   39
2.00232545  0.235786  4.392000  1.4   95   -6
2.00234210  0.228587  4.127901  1.7   45    3
2.00234435  0.228551  4.126624  1.0  219   -0
2.00234457  0.222922  3.925852  1.6  218  -10
2.00237652  0.232596  4.273978  0.5  293   64
2.00239188  0.234244  4.334751  0.8   13   50
2.00241528  0.236651  4.424310  1.0  304   -0
2.00246893  0.226188  4.041732  1.4  345  -50
2.00247050  0.224324  3.975386  0.1  192  -66
2.00247409  0.230704  4.204734  2.9   87  -76
2.00252509  0.232324  4.263978  0.0  285  -55
2.00253024  0.231424  4.231016  0.2  300  -55
2.00257271  0.235143  4.368091  0.4  276   40
2.00260416  0.229279  4.152949  0.2  272  -28
2.00261396  0.232752  4.279706  0.1  299  -36
2.00264012  0.230259  4.188504  0.4  293   42
2.00265589  0.226928  4.068219  2.9  323   14
2.00265770  0.236358  4.413337  1.2  342  -11
2.00265873  0.234055  4.327757  1.6  160  -21
2.00272579  0.235116  4.367088  1.4    9  -23
2.00272669  0.234366  4.339263  1.0  189  -36
2.00276344  0.235443  4.379236  0.2   94    9
2.00278919  0.227354  4.083502  0.0   47  -71
2.00278676  0.225751  4.026100  0.2    0  -63
2.00279477  0.228811  4.136020  0.7   91  -54
2.00279868  0.230710  4.204933  1.2  276  -64
2.00287504  0.231716  4.241677  2.5  332   72
2.00287761  0.222231  3.901529  0.5  300   57
2.00288687  0.231670  4.239994  4.1  281   63
2.00292101  0.236711  4.426518  0.7  289   67
2.00295780  0.238994  4.512329  0.0   98   27
2.00297110  0.238025  4.475800  1.0  103   44
2.00299692  0.233709  4.314979  0.5  276   44
2.00300108  0.235799  4.392491  0.5  277   49
2.00302255  0.234961  4.361344  0.1  298   48
2.00306057  0.233608  4.311259  0.5  185   23
2.00307102  0.228660  4.130551  0.1  168   49
2.00312231  0.230206  4.186578  0.8  116   51
2.00310621  0.225839  4.029273  0.2  202  -60
2.00312916  0.230370  4.192541  0.8  278   53
2.00316311  0.231708  4.241416  3.0   65   19
2.00319646  0.228238  4.115298  1.9  215   29
2.00320328  0.229398  4.157267  2.6   32   47
2.00320816  0.224738  3.990083  4.1   25   47
2.00320544  0.230392  4.193361  1.3  340   96
2.00327740  0.226935  4.068453  1.1  153  -77
2.00328468  0.227621  4.093083  1.0  102  -51
2.00328961  0.227303  4.081678  0.1  103  -53
2.00332737  0.234300  4.336808  0.2  185  -67
2.00335118  0.233386  4.303053  0.0  305  -64
2.00336883  0.230692  4.204271  0.1  178  -67
2.00342042  0.235990  4.399614  1.1  108   60
2.00342107  0.235802  4.392587  3.7  305   60
2.00342268  0.234299  4.336779  2.4  290   60
2.00344951  0.236379  4.414144  0.0  260   25
2.00346341  0.240164  4.556626  0.3  256   59
2.00351010  0.231362  4.228757  0.1  202   62
2.00351117  0.231557  4.235861  0.7   59   72
2.00354087  0.233805  4.318529  0.3  296   50
2.00354718  0.236241  4.408972  0.5  292   51
2.00360404  0.236099  4.403681  0.9  289  -42
2.00359683  0.231833  4.245988  0.8  296   76
2.00361380  0.233816  4.318939  0.4  191  -66
2.00361749  0.238277  4.485311  0.4  288  -31
2.00365544  0.246471  4.799081  1.9  313  -69
2.00369080  0.242121  4.631199  2.9  305   47
2.00372495  0.239534  4.532752  5.0   69   46
2.00373862  0.240215  4.558549  0.4  309  -53
2.00377971  0.232650  4.275967  2.2   32  -62
2.00378067  0.229720  4.168931  0.4   10  -59
2.00378042  0.224461  3.980226  0.0  215  -78
2.00382855  0.235984  4.399392  1.7  359  -54
2.00383421  0.233930  4.323145  2.0  199  -71
2.00383211  0.233649  4.312763  2.7   54   48
2.00390944  0.236739  4.427577  0.6  129   29
2.00391390  0.234437  4.341914  1.9  166  -68
2.00391634  0.230274  4.189069  0.4  190  -66
2.00394896  0.233358  4.302025  0.0  305  -42
2.00399435  0.233482  4.306606  3.2   60  -51
2.00399444  0.233592  4.310644  3.5   60  -51
2.00401616  0.233577  4.310115  1.0   75  -10
2.00404126  0.235180  4.369473  1.1  184  -18
2.00403651  0.230615  4.201478  0.1   78   47
2.00405027  0.236009  4.400335  1.0   50    8
2.00410875  0.241851  4.620863  1.1   49  -56
2.00412424  0.238965  4.511223  0.1   20   29
2.00414541  0.240208  4.558292  2.9   87    4
2.00417024  0.233837  4.319713  0.5  289  -46
2.00417149  0.229873  4.174499  0.0  289  -48
2.00422586  0.237658  4.462012  2.6  282   40
2.00422752  0.238947  4.510569  2.6  284   36
2.00422621  0.238575  4.496525  2.2  284   40
2.00427383  0.237331  4.449752  1.1  201   40
2.00427365  0.234658  4.350092  0.0  271   46
2.00435552  0.236878  4.432776  1.5  191  -28
2.00431441  0.239428  4.528725  2.4   84   50
2.00436388  0.232049  4.253904  0.2   17  -21
2.00436507  0.233478  4.306450  0.5  198  -22
2.00437189  0.234705  4.351820  0.2  200  -19
2.00443384  0.235946  4.397986  0.4  283   62
2.00443450  0.235317  4.374539  0.3  268   63
2.00446139  0.237047  4.439114  1.1  296  -52
2.00446003  0.238305  4.486369  1.2   72  -74
2.00449983  0.237594  4.459629  0.5   22    9
2.00455154  0.230684  4.203985  2.5  293  -45
2.00455698  0.230323  4.190839  2.5  290  -46
2.00455453  0.229427  4.158318  3.0   99  -53
2.00460068  0.235408  4.377945  3.2  290  -61
2.00461039  0.236808  4.430163  1.5   97   14
2.00462497  0.237866  4.469830  1.4  210  -35
2.00467038  0.230736  4.205888  0.2  206   64
2.00466960  0.230232  4.187531  0.5   51   78
2.00469837  0.233197  4.296103  1.1  185   82
2.00473539  0.233140  4.293990  2.7  300   37
2.00473525  0.233056  4.290877  2.7  299   37
2.00474267  0.239761  4.541352  3.2  190   40
2.00479168  0.240493  4.569095  2.4  185  -58
2.00480892  0.236785  4.429317  1.2   90  -50
2.00483525  0.235725  4.389749  0.1  278   16
2.00483813  0.232648  4.275884  0.1  275   21
2.00486712  0.237139  4.442558  5.2   19   30
2.00492754  0.240267  4.560534  3.4  131   34
2.00492606  0.230194  4.186139  4.1  186   20
2.00493061  0.235262  4.372492  3.0  186   10
2.00493040  0.232992  4.288520  3.0    1   24
2.00499061  0.232478  4.269642  0.1  270   26
2.00499055  0.232434  4.268031  0.2  271   26
2.00499627  0.234359  4.339014  3.4  162   25
2.00505814  0.231862  4.247042  0.2   27  -53
2.00506518  0.228418  4.121804  6.1  166   12
2.00506519  0.229249  4.151861  6.4  347   26
2.00512174  0.218966  3.787741  1.8  322   40
2.00512298  0.218021  3.755118  2.4  155   26
2.00512331  0.217397  3.733655  1.0  156   29
2.00518674  0.234899  4.359010  0.6    8  -12
2.00519423  0.233373  4.302588  3.0  162   22
2.00519487  0.233473  4.306275  3.5  345  -17
2.00525759  0.221651  3.881205  4.7    4   13
2.00525873  0.221049  3.860136  4.2  188    3
2.00525929  0.218905  3.785641  4.2  187    4
2.00527922  0.227806  4.099762  1.0  261   34
2.00533096  0.225334  4.011256  2.2    9  -58
2.00533150  0.225476  4.016331  1.6   11  -58
2.00533268  0.225683  4.023675  2.0   11  -58
2.00538528  0.223007  3.928835  4.2    7  -37
2.00538859  0.226055  4.036982  2.6  196  -59
2.00539715  0.230721  4.205346  4.6  300   72
2.00544356  0.227873  4.102158  0.0  311    0
2.00546928  0.228881  4.138525  2.4  174  -38
2.00547303  0.231797  4.244670  0.5  108  -56
2.00551085  0.232624  4.274986  1.1  311  -64
2.00555569  0.232881  4.284453  0.2  293   48
2.00554964  0.235910  4.396621  0.1  300   47
2.00558012  0.231503  4.233888  0.0  205    6
2.00561009  0.232372  4.265736  0.2  120  154
2.00563097  0.222606  3.914724  2.1   49  -64
2.00563279  0.222972  3.927610  3.2  277  -66
2.00565534  0.226506  4.053104  5.1   71  -21
2.00569697  0.226624  4.057310  0.8  342  -49
2.00569262  0.223484  3.945651  1.1  318  -40
2.00569368  0.221129  3.862951  0.2  314  -45
2.00577037  0.229901  4.175486  2.3  326  -48
2.00577051  0.236194  4.407217  1.6  181  -67
2.00577004  0.231428  4.231139  2.9  327  -50
2.00580965  0.235505  4.381557  0.0  192   79
2.00583602  0.239875  4.545644  0.1   86  -31
2.00587489  0.234041  4.327232  3.4  311  147
2.00587548  0.233977  4.324874  0.8  292   41
2.00587585  0.234678  4.350820  2.0  293   40
2.00591499  0.236388  4.414475  0.4  287   42
2.00593985  0.237712  4.464041  0.1  106  -39
2.00593714  0.238609  4.497809  0.8  111  -54
2.00599700  0.235977  4.399108  3.5  315   59
2.00599669  0.239317  4.524543  3.0  300   58
2.00599720  0.235658  4.387237  0.0  317  118
2.00606267  0.234829  4.356434  3.8  186   30
2.00607078  0.230557  4.199379  3.5  176   -3
2.00607890  0.235065  4.365174  3.7  184  -37
2.00612884  0.225255  4.008429  0.2  289   52
2.00612980  0.223488  3.945818  0.0  288   51
2.00613192  0.230174  4.185417  2.7  272   61
2.00618726  0.235295  4.373737  0.3  285  -59
2.00619928  0.231984  4.251492  0.0  305  119
2.00619948  0.232223  4.260263  0.0  269   66
2.00624563  0.237172  4.443805  0.6  182   36
2.00626824  0.234261  4.335371  6.4  156  -15
2.00626785  0.234202  4.333213  6.1  157  -13
2.00631929  0.237290  4.448225  0.1  156  -37
2.00634440  0.235002  4.362857  1.8  187   81
2.00635168  0.231976  4.251232  1.0  293   72
2.00635135  0.232472  4.269414  1.1  274   81
2.00639249  0.231667  4.239899  1.6  297  -48
2.00640597  0.231059  4.217673  1.9  186  -12
2.00643691  0.231841  4.246253  0.5  191  -55
2.00645526  0.232179  4.258665  0.6  111   39
2.00647532  0.226368  4.048166  0.0   16   69
2.00647437  0.233877  4.321181  0.4  159   67
2.00652984  0.239108  4.516629  0.4  191   61
2.00653913  0.237234  4.446105  2.9   94   35
2.00657864  0.238349  4.488020  0.9   18   53
2.00658832  0.230760  4.206777  0.0   46   61
2.00659033  0.230575  4.200032  0.0   42   58
2.00662009  0.231902  4.248487  3.6  175  -61
2.00661662  0.229831  4.172957  1.1  300  -54
2.00667215  0.236607  4.422640  5.7  300   -9
2.00666986  0.235002  4.362834  6.6  298  -18
2.00672195  0.235950  4.398105  1.0   15   48
2.00675585  0.233566  4.309698  1.7  293   43
2.00674691  0.232342  4.264646  0.6  296  -65
2.00675636  0.234839  4.356788  3.1  282   44
2.00680639  0.234500  4.344226  1.0  318   52
2.00681641  0.236584  4.421784  2.1  299  -43
2.00682715  0.232993  4.288566  0.0   13  -12
2.00684798  0.232065  4.254478  1.3  160   59
2.00688787  0.232427  4.267760  0.1  192   73
2.00689925  0.236657  4.424524  1.2  193   48
2.00689256  0.239257  4.522258  3.4  320  144
2.00695755  0.231995  4.251903  0.1  105   52
2.00695819  0.229890  4.175091  0.0  108   52
2.00699149  0.227768  4.098395  2.5  193  -64
2.00699436  0.224902  3.995876  2.3  302  -57
2.00704074  0.234568  4.346763  0.0  181   89
2.00705824  0.230739  4.205994  0.0  192  -94
2.00706251  0.234988  4.362344  0.0  205  -83
2.00712456  0.240555  4.571459  0.5  104   47
2.00712320  0.237910  4.471475  1.1  307   77
2.00715807  0.240712  4.577425  0.2  181  -65
2.00715360  0.242696  4.653224  2.6  178  -53
2.00721756  0.242829  4.658298  3.1  186   15
2.00722619  0.239646  4.536990  5.3  189    7
2.00723007  0.242074  4.629382  5.3  192    6
2.00727077  0.239832  4.544021  0.2  204    6
2.00726650  0.239941  4.548174  0.1   29   17
2.00730914  0.241369  4.602449  0.6   74   34
2.00730872  0.240109  4.554544  0.5   74   34
2.00731534  0.240512  4.569826  0.0  276   63
2.00737809  0.237592  4.459531  0.3  293   17
2.00740415  0.235086  4.365951  0.1  325   66
2.00740019  0.233612  4.311386  0.2  306   60
2.00740132  0.232828  4.282503  0.0  283   61
2.00740514  0.235526  4.382313  0.6  190   44
2.00746105  0.234526  4.345201  0.4  191   50
2.00746893  0.235007  4.363052  1.8  295   34
2.00751897  0.230734  4.205833  1.1  298   47
2.00752026  0.232617  4.274725  1.3  281   58
2.00755052  0.237571  4.458762  2.5  307   85
2.00757034  0.241433  4.604887  3.5  116   48
2.00759102  0.237041  4.438898  0.3   14    6
2.00761416  0.238786  4.504500  0.6  190  -15
2.00764818  0.231575  4.236537  0.9  307   74
2.00764732  0.232279  4.262326  0.2  283   70
2.00767545  0.233525  4.308162  0.1  289   77
2.00771110  0.228141  4.111820  0.6    8   28
2.00773579  0.225529  4.018206  0.0  315   47
2.00773636  0.227818  4.100192  0.1  315   47
2.00774332  0.236335  4.412481  2.0  302  -36
2.00781427  0.232094  4.255531  2.0    1 -114
2.00783715  0.231345  4.228138  3.0  284    4
2.00783681  0.231188  4.222386  2.6  284    3
2.00788092  0.222705  3.918199  0.2   30  -71
2.00788015  0.223155  3.934046  0.4   52  -82
2.00788016  0.221821  3.887173  1.1  212  -77
2.00791781  0.235969  4.398835  2.6  312  -53
2.00795397  0.236830  4.430984  0.3   63  -49
2.00796720  0.231890  4.248052  0.1  189   50
2.00797649  0.236833  4.431097  5.7   98   -0
2.00796527  0.234626  4.348888  4.4  281 -149
2.00803037  0.232628  4.275155  0.0  256  -14
2.00803237  0.232223  4.260289  2.6   40   19
2.00806948  0.232108  4.256043  2.2  165  -19
2.00808457  0.228113  4.110790  0.0   71    8
2.00811503  0.228464  4.123469  0.8  194   47
2.00811951  0.229521  4.161702  0.2  187   42
2.00816336  0.223806  3.957025  2.3  199   49
2.00816233  0.224132  3.968583  1.3  193   41
2.00819580  0.230556  4.199314  1.8  284   51
2.00819907  0.232778  4.280647  3.3  295   58
2.00823881  0.230693  4.204326  2.7  295   42
2.00827548  0.227010  4.071148  0.5  204   48
2.00827911  0.227910  4.103507  1.0  185   43
2.00828506  0.227211  4.078356  0.2  185   24
2.00831471  0.231218  4.223465  0.7  208  -42
2.00833551  0.231585  4.236898  0.0   20  -18
2.00838360  0.230367  4.192455  1.4   54  -71
2.00838553  0.227457  4.087185  0.8  287  -56
2.00842689  0.226691  4.059707  3.7   24  -59
2.00842688  0.226438  4.050651  2.8  188  -67
2.00842877  0.226137  4.039893  2.7  233  -68
2.00848098  0.223350  3.940931  0.2  292   67
2.00848311  0.222441  3.908921  0.0  264   59
2.00853379  0.232225  4.260334  1.9   66   51
2.00853351  0.231029  4.216564  0.0  293   62
2.00855807  0.229172  4.149050  0.7  310   -4
2.00855849  0.223463  3.944933  0.2  128  -12
2.00863370  0.224630  3.986232  0.7  175  -72
2.00863676  0.224638  3.986521  0.5   30  -63
2.00863650  0.223537  3.947523  1.0  204  -65
2.00867871  0.217525  3.738068  0.1  197  -44
2.00867945  0.216557  3.704865  0.1   16  -34
2.00868769  0.227537  4.090069  1.4  194  -56
2.00874456  0.232205  4.259605  2.1  300  -25
2.00874420  0.231272  4.225470  1.9  296  -44
2.00879151  0.218977  3.788119  3.2  122   61
2.00879079  0.220269  3.832961  1.5   66   69
2.00880981  0.235003  4.362891  0.5  103  -33
2.00886716  0.232050  4.253939  2.3  192  -12
2.00886654  0.228644  4.129964  0.0  192  -15
2.00886677  0.231611  4.237840  2.0   12    1
2.00893083  0.235783  4.391888  0.9  284  -22
2.00893295  0.232025  4.253013  0.2  101  -33
2.00893113  0.233468  4.306081  0.8  102  -22
2.00896274  0.234693  4.351397  0.0   54  -49
2.00900168  0.228100  4.110355  0.4  277  -66
2.00900174  0.228017  4.107346  0.6   78  -69
2.00900667  0.230981  4.214827  3.9  200  -43
2.00903749  0.230057  4.181182  0.2   54   64
2.00903552  0.232883  4.284523  0.0  271   66
2.00909958  0.230416  4.194217  0.2  307  -46
2.00911588  0.226840  4.065065  0.0  318  -73
2.00911699  0.228328  4.118566  0.0  319  -80
2.00913959  0.234228  4.334159  2.1  271  -18
2.00918486  0.233010  4.289188  0.2    1  -51
2.00918505  0.236794  4.429658  1.5  104   33
2.00923947  0.241501  4.607505  0.3   53   82
2.00927416  0.232481  4.269748  0.6  181  -45
2.00929887  0.228903  4.139325  0.4  301   36
2.00930402  0.227865  4.101866  0.2  133   42
2.00929822  0.227064  4.073072  0.2  297   32
2.00930193  0.231121  4.219926  0.9  189   56
2.00935137  0.229921  4.176237  0.0  169   65
2.00936761  0.231592  4.237140  0.3  156   63
2.00941029  0.235624  4.385992  0.9   89   57
2.00941547  0.230494  4.197069  0.6  341   65
2.00941889  0.235105  4.366679  1.0  284   53
2.00947350  0.236859  4.432061  3.3  329   59
2.00947004  0.236623  4.423257  3.8  287  108
2.00951290  0.234925  4.360000  1.0  183  -50
2.00951427  0.231525  4.234687  0.0  195  -77
2.00955876  0.225009  3.999690  1.0  149  -57
2.00956316  0.227724  4.096791  0.1  304  -46
2.00956358  0.228484  4.124187  1.5  304  -46
2.00959888  0.230602  4.201017  0.4   76  -76
2.00963940  0.236254  4.409476  0.2  192  -19
2.00964366  0.236078  4.402877  0.6   85  -68
2.00968515  0.229861  4.174040  1.1  202   40
2.00968491  0.229156  4.148481  0.4  202   42
2.00972910  0.228896  4.139066  0.6   56   62
2.00972978  0.228138  4.111712  0.6   49   58
2.00976766  0.229831  4.172964  5.1  319  -31
2.00976547  0.231660  4.239630  5.2  319  -29
2.00982188  0.224771  3.991243  0.8  333   -5
2.00984961  0.223334  3.940368  0.0  114   50
2.00984963  0.223861  3.958971  0.0  114   50
2.00985006  0.225702  4.024368  1.7  277   54
2.00987884  0.233960  4.324235  2.0  173    8
2.00993302  0.229238  4.151468  0.1  323   84
2.00994988  0.225174  4.005564  2.8  310  -45
2.00994952  0.223773  3.955874  1.5  311  -44
2.00996163  0.224046  3.965536  0.2   74  -29
2.01000461  0.230252  4.188257  0.3  355  -36
2.01004393  0.228613  4.128849  0.6  160   33
2.01004664  0.226448  4.051032  0.3  305   53
2.01004437  0.227968  4.105583  0.5  293   54
2.01008198  0.229016  4.143424  0.8  186  -48
2.01010652  0.233583  4.310320  3.3   30   -7
2.01011361  0.231523  4.234627  3.3   36  -16
2.01014924  0.234099  4.329387  1.7   61  -72
2.01015404  0.236770  4.428739  1.1  236 -108
2.01019421  0.237361  4.450890  0.7  295  -62
2.01022428  0.236144  4.405337  0.3   44  -24
2.01023158  0.236111  4.404129  2.0  306  -42
2.01023833  0.234299  4.336768  0.8  104  -49
2.01026804  0.238450  4.491829  0.4  325  -49
2.01030139  0.242225  4.635146  1.2  360  -52
2.01034605  0.238983  4.511908  0.9   78   63
2.01035609  0.236779  4.429071  0.5  128   69
2.01035524  0.242074  4.629372  1.5   34   60
2.01038911  0.231925  4.249355  0.4   44   49
2.01039014  0.230973  4.214550  0.4   41   54
2.01041090  0.238258  4.484577  1.4  322  -59
2.01044369  0.234434  4.341799  0.4    7   36
2.01049592  0.235063  4.365113  0.8  198   55
2.01050863  0.230281  4.189324  0.2   19   53
2.01051385  0.225501  4.017210  0.1  177   40
2.01051922  0.228868  4.138069  0.3  165   34
2.01055922  0.230564  4.199630  0.1    4   37
2.01056618  0.229831  4.172962  0.1   69   50
2.01060525  0.230440  4.195101  0.1   51   64
2.01060777  0.233829  4.319393  2.2  289   62
2.01063801  0.237122  4.441936  3.3  299   31
2.01069716  0.235198  4.370117  0.6  190   24
2.01069640  0.235494  4.381123  1.6  194   20
2.01075123  0.225678  4.023502  0.0   10   56
2.01075652  0.230488  4.196855  0.0  345   61
2.01075699  0.222919  3.925736  0.1  187  -70
2.01075977  0.222864  3.923792  0.2  289  -45
2.01079500  0.230047  4.180799  0.7   65  -48
2.01079499  0.230013  4.179587  0.3   65  -51
2.01081957  0.233123  4.293354  0.2   26    1
2.01088430  0.234979  4.362010  0.4  191   20
2.01088316  0.231690  4.240737  0.6  296   31
2.01090121  0.234824  4.356224  0.1  286   74
2.01092801  0.235247  4.371941  3.3   58  -38
2.01095826  0.232551  4.272335  3.7   86   48
2.01097465  0.230224  4.187248  2.5  101   41
2.01098781  0.227781  4.098855  1.3  274   54
2.01099074  0.226105  4.038770  0.6  104   54
2.01103225  0.236215  4.408018  1.3  177  -22
2.01107357  0.229625  4.165466  4.0   84   52
2.01107253  0.229600  4.164561  2.7  246   54
2.01108696  0.228495  4.124593  5.2  198   60
2.01108677  0.228823  4.136435  1.0  197   60
2.01114914  0.232842  4.283020  0.2  185    2
2.01116006  0.234460  4.342734  1.0  182  -23
2.01121169  0.230498  4.197218  1.0  172    5
2.01121413  0.229563  4.163248  8.3  171   12
2.01121657  0.229097  4.146363  8.9  169    8
2.01125014  0.233844  4.319958  0.1  299   52
2.01126767  0.235965  4.398666  0.9  164  -21
2.01129103  0.238640  4.498980  0.6  181   61
2.01133581  0.226689  4.059661  6.0  188  -10
2.01134023  0.224255  3.972949  6.3  186  -14
2.01137597  0.223273  3.938202  0.1   76   80
2.01137933  0.225279  4.009308  0.2  207   74
2.01137624  0.224752  3.990548  0.2   56   82
2.01137438  0.229848  4.173577  0.5  272   57
2.01148201  0.214718  3.642192  7.9   98  -44
2.01148515  0.213432  3.598714  7.5  290  -41
2.01148447  0.213544  3.602491  7.6  294  -42
2.01148543  0.213119  3.588163  7.0  290  -40
2.01150362  0.229366  4.156109  5.4  287  -25
2.01153022  0.235431  4.378795  1.0  137   68
2.01157783  0.236597  4.422267  0.2  193   37
2.01160570  0.232610  4.274472  1.0  274    3
2.01160720  0.229450  4.159132  0.1  274    5
2.01165900  0.228277  4.116729  0.1  325   62
2.01165889  0.228066  4.109126  0.0  169   52
2.01165880  0.227341  4.083047  0.0  168   54
2.01171761  0.229048  4.144584  1.0  322    6
2.01171823  0.228430  4.122235  3.5  320   10
2.01171856  0.228868  4.138075  3.7  318   13
2.01174215  0.233354  4.301889  0.0  277    8
2.01180117  0.233132  4.293695  0.2   49  -62
2.01183890  0.227993  4.106477  3.0   94   58
2.01184487  0.219365  3.801550  5.5   45   55
2.01184493  0.219409  3.803095  5.5   44   57
2.01188450  0.224982  3.998725  7.0  306   47
2.01191855  0.224109  3.967766  4.3  140   60
2.01191679  0.224012  3.964341  3.4   48   86
2.01191601  0.222975  3.927707  3.7  154   71
2.01197352  0.231698  4.241049  0.2   25  -34
2.01197351  0.230289  4.189609  0.2  208  -55
2.01199572  0.236623  4.423239  0.5   47    7
2.01202232  0.237994  4.474665  0.4  291  -60
2.01204729  0.234194  4.332884  3.4  145   21
2.01206682  0.229634  4.165812  0.3  286  -46
2.01210396  0.228157  4.112389  3.6  224  -64
2.01210805  0.227152  4.076250  3.3  193  -69
2.01214121  0.225481  4.016492  0.1   96   73
2.01214372  0.226827  4.064593  0.0   50   79
2.01217596  0.229794  4.171634  6.9  150  -29
2.01221416  0.222803  3.921645  1.6  299   62
2.01222529  0.218059  3.756412  0.6  188   53
2.01223452  0.223020  3.929287  0.9  352   49
2.01225565  0.226768  4.062486  0.1   46  -34
2.01228765  0.224813  3.992726  0.0  201  -10
2.01231230  0.218962  3.787594  0.0  293  -55
2.01231095  0.222838  3.922899  0.1  112  -52
2.01232516  0.223017  3.929190  0.1  330  -53
2.01238330  0.231078  4.218356  0.1  168  -51
2.01239089  0.231925  4.249350  0.2    4  -32
2.01241424  0.228139  4.111751  0.3  300  -45
2.01241454  0.225554  4.019103  1.0   91  -38
2.01247664  0.226740  4.061477  0.0  172  -60
2.01248146  0.218986  3.788435  0.0  177  -78
2.01248406  0.224968  3.998248  0.1   11  -60
2.01248110  0.227537  4.090070  1.0  292  -97
2.01253097  0.234001  4.325753  1.0  301  -39
2.01257853  0.236641  4.423908  0.8  176  -10
2.01259035  0.234638  4.349359  1.4  360  -16
2.01260391  0.236482  4.417963  0.6  189  -29
2.01263852  0.232348  4.264861  0.0  189   41
2.01268642  0.224299  3.974498  1.0  271   35
2.01268940  0.212325  3.561470  0.0  266   43
2.01269589  0.209762  3.475998  1.0   88   45
2.01269569  0.213755  3.609594  1.1   73  138
2.01272114  0.218574  3.774178  0.1  292   68
2.01273600  0.221725  3.883812  0.1  157   54
2.01278706  0.222425  3.908361  0.3  327   64
2.01279609  0.218749  3.780253  0.0   19  -26
2.01286384  0.217068  3.722379  3.1  345  -25
2.01286951  0.214454  3.633249  2.9  165  -40
2.01286965  0.214608  3.638484  3.0  166  -40
2.01286784  0.216874  3.715721  3.0  348  -28
2.01292252  0.225056  4.001368  0.3  348  -14
2.01293826  0.216352  3.697830  0.2  328  -18
2.01295899  0.220377  3.836725  1.1  317  -70
2.01295218  0.225593  4.020471  4.2  326  -29
2.01295788  0.229516  4.161527  3.3  120  -44
2.01301371  0.231743  4.242687  0.0   58  -27
2.01304645  0.223906  3.960567  0.1  287  -65
2.01304644  0.220353  3.835877  0.2   87  -75
2.01306049  0.227894  4.102925  1.3  329  -50
2.01310208  0.228221  4.114712  0.3  281   58
2.01311712  0.228098  4.110284  1.0  300   18
2.01312161  0.232307  4.263357  5.6  316   -4
2.01318642  0.229117  4.147075  1.4   19    8
2.01318595  0.229236  4.151400  1.6  199   -3
2.01321733  0.228204  4.114095  0.4  277    4
2.01322489  0.230039  4.180531  0.2   95    6
2.01325671  0.232101  4.255786  0.0  295  -65
2.01326245  0.231396  4.229998  0.1   79  -56
2.01331875  0.231802  4.244841  1.0    8  -37
2.01332210  0.214899  3.648347  0.5  186  -52
2.01332600  0.210087  3.486781  0.0  192  -56
2.01337241  0.226268  4.044568  0.1   94   68
2.01333871  0.222834  3.922737  0.5  128  -59
2.01339535  0.232110  4.256137  0.1  296  -47
2.01342125  0.232708  4.278105  1.0  354   47
2.01344771  0.231190  4.222461  1.3  321  -41
2.01346112  0.231194  4.222594  0.2  176   60
2.01349226  0.235945  4.397933  1.4    2   34
2.01354345  0.221226  3.866327  2.7  301   39
2.01354814  0.220903  3.855067  0.5  161   59
2.01354826  0.220517  3.841588  0.4  161   61
2.01354788  0.217953  3.752772  0.0  159   63
2.01355578  0.226847  4.065316  0.5  246   40
2.01363390  0.229066  4.145231  1.2  154  -62
2.01364461  0.225862  4.030096  1.0   93  -34
2.01367322  0.226745  4.061635  3.6   70   11
2.01366790  0.226141  4.040030  1.0   72    4
2.01369168  0.225782  4.027211  3.4  108  -15
2.01372695  0.231614  4.237965  4.4  300   45
2.01379037  0.229038  4.144209  0.2  203  -36
2.01378284  0.232481  4.269743  0.2   68   87
2.01379186  0.229234  4.151315  0.6   21  -24
2.01382426  0.226136  4.039879  0.3   40  -65
2.01382717  0.226944  4.068794  1.5   54  -56
2.01387586  0.226034  4.036214  0.1   24  -45
2.01387489  0.224606  3.985395  0.1  206  -58
2.01388819  0.228479  4.124001  0.0   64  -59
2.01394749  0.229931  4.176606  2.8  313  -28
2.01394216  0.230924  4.212754  1.3  307  -48
2.01394767  0.229640  4.166028  2.2  317  -43
2.01400421  0.226124  4.039421  0.0  277   50
2.01400184  0.228681  4.131305  2.7  287   49
2.01400113  0.228348  4.119292  2.2  291   54
2.01406538  0.233686  4.314125  0.3   95   26
2.01406764  0.233887  4.321532  0.0  280   61
2.01410577  0.234144  4.331041  0.4   25  -62
2.01411326  0.233186  4.295682  0.1  200  -76
2.01414919  0.228872  4.138208  0.1  257  -63
2.01418502  0.226431  4.050416  2.2  356   53
2.01418217  0.226551  4.054707  1.0  182   38
2.01419806  0.226595  4.056280  0.9  194   62
2.01419730  0.227611  4.092726  0.7   11   73
2.01422011  0.231943  4.250005  0.4  109   34
2.01427332  0.231916  4.249026  3.9  298  -38
2.01427491  0.232788  4.281027  3.9  291  -30
2.01432350  0.232210  4.259783  1.0    7   40
2.01437293  0.227203  4.078076  1.4  114   37
2.01437366  0.226993  4.070552  1.5  112   40
2.01438733  0.223708  3.953564  2.0   64   82
2.01438863  0.225558  4.019231  2.7   31   79
2.01438502  0.224749  3.990450  0.1   93   36
2.01441789  0.232900  4.285137  0.5  305  137
2.01444961  0.232259  4.261607  0.7  291   57
2.01449347  0.222814  3.922034  1.0  256   56
2.01451423  0.219738  3.814505  0.0   20   33
2.01451579  0.220193  3.830326  0.1   17   32
2.01455942  0.222877  3.924263  3.5  298   40
2.01455931  0.223716  3.953862  4.1  270   49
2.01457109  0.223778  3.956044  3.2  155   40
2.01463575  0.223697  3.953171  0.8  194   25
2.01463550  0.222701  3.918058  0.4  193   27
2.01464562  0.222472  3.910001  1.1   19  -13
2.01470159  0.222909  3.925393  0.4  335  -28
2.01472104  0.216713  3.710202  0.2  152  -60
2.01472118  0.215557  3.670722  0.3  332  -50
2.01472448  0.213231  3.591926  0.4  125  -54
2.01476150  0.224951  3.997650  0.1    8    2
2.01477437  0.228860  4.137787  1.0    6  -28
2.01480679  0.230056  4.181139  0.0  286   61
2.01482387  0.236538  4.420064  0.2  273   30
2.01482938  0.236125  4.404648  0.5   15   62
2.01489271  0.228522  4.125550  1.0  274 -138
2.01489028  0.226220  4.042863  0.1  207  -68
2.01489227  0.228428  4.122181  0.7   91  -44
2.01495153  0.236789  4.429464  1.0  322  -37
2.01495347  0.233752  4.316577  0.1  276  -13
2.01497255  0.234600  4.347947  0.1   60  -65
2.01497015  0.234703  4.351763  2.0  187  -37
2.01504012  0.230041  4.180576  1.2  328   82
2.01503742  0.230092  4.182433  2.4  297   81
2.01508453  0.236957  4.435732  2.5  188  -39
2.01507788  0.229944  4.177076  0.1  321  -47
2.01512671  0.227347  4.083247  0.0  288   97
2.01513401  0.230724  4.205439  0.0  315   60
2.01515744  0.231562  4.236049  0.0   37   77
2.01515769  0.230154  4.184681  0.0   38   77
2.01521452  0.228476  4.123908  1.0    1   18
2.01522392  0.223488  3.945787  1.0  301   66
2.01522478  0.222935  3.926287  0.6  299   65
2.01525822  0.228989  4.142434  0.2   76   63
2.01528301  0.231825  4.245696  0.0  106   46
2.01529740  0.231122  4.219980  4.4  350  -25
2.01534590  0.228411  4.121568  1.5   50   55
2.01535279  0.227957  4.105195  1.4   30   28
2.01540849  0.223831  3.957911  0.0   60  -83
2.01540864  0.223155  3.934050  0.1  329  -70
2.01540801  0.223104  3.932247  0.0   81  -72
2.01544966  0.236073  4.402716  0.2  246  -47
2.01548347  0.229855  4.173846  2.4  178  -33
2.01548405  0.228400  4.121162  1.2  177  -33
2.01548405  0.228366  4.119914  1.2  177  -33
2.01552714  0.229706  4.168431  0.0  103  -69
2.01554055  0.231862  4.247021  0.0  190   96
2.01556655  0.232847  4.283209  0.1  192   53
2.01557955  0.232802  4.281542  0.0  176   23
2.01561950  0.228163  4.112594  1.0  101   42
2.01562217  0.227251  4.079804  0.0  102   42
2.01566609  0.225968  4.033868  0.0   93   51
2.01567183  0.226564  4.055167  0.2  176   27
2.01566442  0.229756  4.170224  0.1  269   56
2.01571731  0.227352  4.083427  1.0   60  -84
2.01573900  0.232214  4.259960  1.0  186   55
2.01575610  0.220780  3.850754  0.0    4   47
2.01577197  0.226960  4.069361  0.5  107   -8
2.01582286  0.220179  3.829832  1.0  118   58
2.01582460  0.217319  3.730963  0.0  103   91
2.01582132  0.220957  3.856952  1.0    0   88
2.01583747  0.230354  4.191983  0.9  166   61
2.01590191  0.228980  4.142101  0.1  196  -46
2.01591807  0.225827  4.028818  1.0  285  -71
2.01591668  0.226690  4.059684  0.0  289  -67
2.01595475  0.229575  4.163655  0.2  185   58
2.01598608  0.230004  4.179258  0.0  309   77
2.01599370  0.231234  4.224070  0.0  297  -63
2.01601043  0.233856  4.320409  0.5  291  -13
2.01604781  0.229268  4.152546  0.4   70   87
2.01605015  0.230749  4.206353  0.0   44   85
2.01608461  0.237414  4.452878  0.2   34   69
2.01610034  0.234291  4.336485  0.6  188    4
2.01613100  0.228275  4.116650  1.0  309  -66
2.01616135  0.232935  4.286439  0.3  348  -28
2.01615960  0.234244  4.334733  0.1  327  -49
2.01622283  0.231020  4.216258  2.2  327   15
2.01622749  0.218803  3.782112  0.0  352  -76
2.01622551  0.222409  3.907805  0.0  200  -88
2.01622650  0.224165  3.969737  0.1  236  -88
2.01629362  0.222730  3.919069  0.2  173  -67
2.01629762  0.225649  4.022479  0.8    8  -57
2.01631356  0.232347  4.264830  0.4  198  -10
2.01634991  0.235312  4.374366  1.0   33   31
2.01636965  0.231286  4.225975  0.0   37   80
2.01639473  0.233426  4.304530  0.2  281   54
2.01643131  0.235940  4.397745  0.2   20  -10
2.01643536  0.228320  4.118273  1.0   11   24
2.01645912  0.230263  4.188658  0.1    8   49
2.01649223  0.219838  3.817981  1.4  201   31
2.01649705  0.218541  3.773060  1.3  192   40
2.01649943  0.218547  3.773258  1.5   28   46
2.01649937  0.221267  3.867756  1.9  194   28
2.01656364  0.231718  4.241758  0.8  342   10
2.01657107  0.232358  4.265239  0.4  162   -3
2.01660102  0.232314  4.263600  7.1  106    8
2.01660096  0.232484  4.269854  7.1  107    8
2.01664527  0.225320  4.010760  0.0  311  -60
2.01666101  0.226478  4.052094  0.0  316  -67
2.01671650  0.223635  3.950987  0.0  278   68
2.01671571  0.232290  4.262746  0.6  301   70
2.01671764  0.225773  4.026889  0.1  260   72
2.01676208  0.227418  4.085800  3.8  346  -20
2.01676941  0.222329  3.904972  0.1  204  -59
2.01676807  0.230655  4.202922  0.0  311  -81
2.01682314  0.225535  4.018421  0.1  190   14
2.01683042  0.233167  4.294967  1.0   27   43
2.01686126  0.228120  4.111064  0.2  183  -51
2.01687543  0.230641  4.202423  0.9   74  -75
2.01692602  0.233233  4.297412  3.1  110   24
2.01693936  0.227214  4.078486  0.1  180  -17
2.01695110  0.231512  4.234215  2.6   11  -19
2.01698203  0.231826  4.245709  0.4  186   66
2.01699383  0.230747  4.206282  1.0   30   42
2.01699434  0.228274  4.116625  0.8  194   40
2.01706220  0.230220  4.187111  1.5  309  -35
2.01706821  0.231476  4.232927  1.1   18  -64
2.01708416  0.231291  4.226131  2.6  280  -48
2.01713784  0.217263  3.729047  0.1  343   10
2.01713917  0.218044  3.755924  0.1  163   -4
2.01713836  0.222505  3.911171  0.0  163   -5
2.01719061  0.237325  4.449517  0.9   49  -91
2.01718934  0.236015  4.400544  1.1  161  -57
2.01720414  0.234301  4.336846  1.0  281   52
2.01725151  0.238360  4.488413  1.0  195   22
2.01726610  0.232193  4.259158  1.2  186   64
2.01726911  0.228207  4.114180  2.2  358   48
2.01727118  0.228783  4.134991  3.6  170   36
2.01732747  0.224997  3.999280  1.5  335   -1
2.01732825  0.225996  4.034869  1.0  333    0
2.01733204  0.224240  3.972392  0.1  149  -17
2.01739141  0.225936  4.032735  0.2  193  111
2.01739488  0.226406  4.049498  1.0  292   61
2.01739503  0.226099  4.038552  0.3  120   60
2.01746239  0.225748  4.026013  1.0  172  -29
2.01747452  0.227077  4.073543  0.0  310  -66
2.01747256  0.226700  4.060039  0.2  312  -63
2.01753579  0.230214  4.186892  1.0  165  -55
2.01753784  0.232119  4.256442  3.3  359  -43
2.01754313  0.231163  4.221462  2.7  308  -59
2.01759311  0.231040  4.216962  0.1  282  -40
2.01759601  0.232961  4.287384  0.2  109  -42
2.01761741  0.231575  4.236521  0.0  163   63
2.01765141  0.233296  4.299751  1.0   50  -25
2.01766517  0.237134  4.442354  0.0   23  -13
2.01771532  0.228917  4.139845  1.0  294   50
2.01771556  0.224015  3.964434  0.4  118   50
2.01771707  0.223732  3.954427  1.0  277   54
2.01771780  0.228319  4.118228  0.1  273   57
2.01775907  0.237089  4.440695  0.1  191   -9
2.01779667  0.235718  4.389460  0.3    1  -43
2.01782839  0.236957  4.435724  0.2    0  -21
2.01783961  0.236266  4.409898  0.8   61  -55
2.01787708  0.231654  4.239425  4.2  174  -54
2.01787719  0.231493  4.233518  3.7  174  -50
2.01790773  0.228172  4.112944  7.6  118  -40
2.01790749  0.227979  4.105995  7.8  118  -39
2.01796066  0.231768  4.243581  0.4  296   39
2.01796901  0.234035  4.327007  1.5   52   55
2.01797166  0.230993  4.215249  0.2  292   43
2.01801042  0.234626  4.348890  0.6   37   40
2.01803097  0.233602  4.311028  0.5  281   82
2.01805393  0.235657  4.387202  0.2   47   73
2.01809221  0.235282  4.373254  1.4  271   51
2.01811465  0.225355  4.011994  0.2  145  -57
2.01811692  0.223671  3.952268  0.0  147  -59
2.01811449  0.229715  4.168742  0.4  224  -82
2.01815844  0.230839  4.209634  0.0    3   84
2.01819763  0.232604  4.274265  1.0   52   75
2.01823122  0.220031  3.824687  0.0  156  -68
2.01823285  0.220421  3.838240  0.0  171  -68
2.01823254  0.219866  3.818933  0.0  186  -68
2.01828155  0.230505  4.197457  0.2  182   87
2.01828169  0.230694  4.204351  0.1   36  102
2.01835132  0.230599  4.200890  0.9  221   61
2.01834711  0.228764  4.134296  0.1   53   73
2.01835016  0.227311  4.081968  1.2   17   62
2.01839843  0.225075  4.002028  0.4    4   17
2.01841141  0.220773  3.850508  0.6    8  -16
2.01842427  0.218081  3.757191  0.2  186  -59
2.01842516  0.227968  4.105572  0.1  319  -65
2.01844907  0.234365  4.339233  0.0  200  -30
2.01848169  0.230346  4.191667  0.1   25   21
2.01853514  0.218853  3.783838  0.6   25  -75
2.01853751  0.219815  3.817168  0.1  174  -94
2.01853688  0.219492  3.805964  0.7  325  -79
2.01854248  0.225174  4.005556  1.4  216  -66
2.01860297  0.224530  3.982682  0.1  286   29
2.01860330  0.224840  3.993693  0.1  284   27
2.01864197  0.231829  4.245843  0.3  288   51
2.01864299  0.233514  4.307771  0.6  283   48
2.01868382  0.231630  4.238527  0.2   79   12
2.01868710  0.231106  4.219404  0.0  257   18
2.01874145  0.227046  4.072445  3.0   13   71
2.01874012  0.224847  3.993926  2.8   14   67
2.01874352  0.225845  4.029487  3.5   13   65
2.01880262  0.228740  4.133426  0.1   94   32
2.01881814  0.221782  3.885790  0.3  194   46
2.01881926  0.222900  3.925082  0.2  192   43
2.01886076  0.225014  3.999887  0.5  261   53
2.01886212  0.220669  3.846884  0.0  288  119
2.01892030  0.226897  4.067089  0.1  274  -13
2.01893187  0.226011  4.035380  0.1  260    0
2.01895067  0.221434  3.873622  0.2  268   55
2.01896924  0.226781  4.062929  0.1   64  -55
2.01896621  0.229196  4.149940  0.0  123  -84
2.01900648  0.236483  4.418020  0.6   26    6
2.01901520  0.231806  4.245002  0.1   22   10
2.01905264  0.227750  4.097718  0.2  311  -60
2.01909217  0.224968  3.998227  0.0  271 -112
2.01909556  0.226314  4.046227  0.0  313  -66
2.01910030  0.226758  4.062115  0.0  313  -67
2.01913799  0.229301  4.153726  0.3   13  -29
2.01918388  0.231064  4.217854  0.8   81   74
2.01919062  0.228327  4.118523  0.9   82   73
2.01920216  0.231561  4.236029  2.7  185   22
2.01922476  0.236289  4.410762  4.9  188  -30
2.01922475  0.236721  4.426902  4.8  188  -30
2.01929090  0.224448  3.979764  0.4  298   65
2.01929213  0.222067  3.895778  0.0  288   64
2.01933611  0.222399  3.907449  0.1  278   56
2.01933669  0.224375  3.977174  0.1   99   52
2.01933786  0.223795  3.956651  0.1   63   58
2.01936436  0.231407  4.230390  0.7  164   46
2.01941485  0.231874  4.247478  0.3  105  -14
2.01943350  0.231082  4.218509  2.3  359  -26
2.01943397  0.230732  4.205759  1.7  181  -40
2.01947082  0.231152  4.221065  0.0  170  -48
2.01948025  0.228286  4.117040  4.9  121  -33
2.01950487  0.236537  4.420041  0.4  349  -35
2.01952521  0.232563  4.272773  0.2   89  -56
2.01956431  0.231290  4.226100  0.0  287  -62
2.01956420  0.230620  4.201673  0.3   72  -57
2.01958605  0.227922  4.103914  0.0  289   53
2.01961143  0.226997  4.070683  0.1  205  -45
2.01961605  0.233857  4.320452  2.2  231  -70
2.01967158  0.234660  4.350156  1.4   44   61
2.01967448  0.236280  4.410441  1.9   43   70
2.01970405  0.238576  4.496551  3.7  308   41
2.01974702  0.234367  4.339316  1.3  334   62
2.01975803  0.229986  4.178609  0.8  273   51
2.01978338  0.223189  3.935268  1.0  287  -62
2.01978371  0.219722  3.813932  0.1  313  -59
2.01981530  0.232877  4.284322  2.2  331  -50
2.01986604  0.232701  4.277833  0.5  124   36
2.01985629  0.226974  4.069856  0.1  193  -57
2.01990416  0.231214  4.223347  1.3  281  -41
2.01990797  0.225763  4.026556  2.4  298  -36
2.01990634  0.225780  4.027156  2.3  291  -41
2.01992438  0.232243  4.261010  0.0  290   54
2.01997913  0.235501  4.381395  0.0   42   52
2.02000507  0.233783  4.317722  5.4  307  -45
2.02004067  0.220149  3.828766  5.3  298    1
2.02004579  0.224597  3.985046  4.9  295    0
2.02004668  0.219880  3.819416  5.6  294    3
2.02004852  0.223547  3.947887  5.9  292    1
2.02012182  0.223197  3.935543  1.3  280   65
2.02013084  0.222246  3.902054  1.3  271   49
2.02012604  0.223612  3.950180  1.7  288   61
2.02014271  0.225343  4.011591  0.1  198   70
2.02018520  0.221096  3.861806  0.1   69   58
2.02022235  0.229495  4.160775  0.1  278   56
2.02024618  0.230178  4.185587  0.1  285   44
2.02025346  0.229789  4.171452  1.0  304   17
2.02026517  0.229319  4.154388  0.0   70   18
2.02028733  0.230396  4.193516  0.1   49    9
2.02032312  0.229137  4.147791  0.6  181   43
2.02032429  0.228579  4.127615  0.6  177   40
2.02038443  0.227181  4.077291  1.8  174  -53
2.02039371  0.224767  3.991098  0.2   40  -60
2.02040357  0.224333  3.975710  1.1   35  -52
2.02039814  0.225899  4.031404  0.3   30  -54
2.02044636  0.220397  3.837420  0.1  288   51
2.02045232  0.221629  3.880431  0.1  151   23
2.02048901  0.226004  4.035157  0.1  297   58
2.02049125  0.234185  4.332553  0.2  260   70
2.02054694  0.228724  4.132842  1.9  158  -55
2.02054623  0.229351  4.155561  0.3  189  -62
2.02059417  0.225817  4.028475  0.4  144  -55
2.02059510  0.225909  4.031740  0.3   50  -44
2.02063764  0.228210  4.114289  0.8  257 -118
2.02063761  0.225608  4.021004  0.1   52  -67
2.02067592  0.227623  4.093161  0.2   97  -52
2.02067876  0.226518  4.053521  0.6  295  -42
2.02072390  0.215541  3.670170  0.3  298  -45
2.02072307  0.215406  3.665568  2.6   92  -52
2.02073589  0.219770  3.815621  0.6  310  -74
2.02077194  0.230469  4.196146  0.2  179  -52
2.02079341  0.229479  4.160195  0.3   11  -17
2.02079862  0.234023  4.326571  6.0  292   19
2.02085951  0.237896  4.470962  0.4  104   38
2.02087029  0.235139  4.367949  3.0  122   37
2.02087173  0.234371  4.339440  2.8  291   49
2.02091952  0.231898  4.248347  1.3   76   63
2.02092050  0.231196  4.222675  0.5   54   56
2.02096003  0.226724  4.060905  0.3  208   58
2.02096247  0.227329  4.082590  0.6   57   71
2.02100453  0.228196  4.113792  2.0  308   55
2.02100446  0.221977  3.892640  0.1  283   52
2.02104999  0.226038  4.036364  1.9  309   55
2.02104968  0.225657  4.022766  1.6  306   53
2.02106794  0.230095  4.182559  0.7   77  -70
2.02110140  0.228102  4.110402  0.9  202  -59
2.02110151  0.227832  4.100680  0.7  204  -58
2.02113385  0.225477  4.016340  2.5  302   34
2.02117929  0.226828  4.064633  1.0  276   66
2.02118067  0.225338  4.011386  0.0  277   66
2.02119747  0.224501  3.981645  0.3  104  -64
2.02124242  0.231268  4.225292  1.3   97  -44
2.02124333  0.229044  4.144448  2.0  101  -48
2.02127606  0.236956  4.435718  4.2  303  -52
2.02132290  0.228238  4.115300  0.4  247  -90
2.02132509  0.226664  4.058734  1.4  274  -69
2.02132367  0.223189  3.935246  0.0   57  -55
2.02136586  0.225713  4.024762  1.0  103  -41
2.02136360  0.230312  4.190448  0.9  288  -42
2.02136545  0.228251  4.115775  0.9  294  -40
2.02140809  0.237709  4.463940  0.5   77  -54
2.02147109  0.235440  4.379136  0.0  304   75
2.02147231  0.232814  4.281974  0.4   59   82
2.02147398  0.227902  4.103195  1.0  225   54
2.02151985  0.234329  4.337897  0.6  277   47
2.02151795  0.234318  4.337472  0.7  279   55
2.02155913  0.233899  4.321998  1.2  296   36
2.02159274  0.235486  4.380845  2.8  288   46
2.02160093  0.236355  4.413243  2.3  289   57
2.02160150  0.236231  4.408593  1.6  287   53
2.02165419  0.223002  3.928667  0.1   64   64
2.02165356  0.226781  4.062934  2.0   35   75
2.02168734  0.222205  3.900645  1.5   64   70
2.02169026  0.223951  3.962179  2.6   52   63
2.02173193  0.224498  3.981536  0.1  284   36
2.02173274  0.225809  4.028197  0.6  286   46
2.02176110  0.232779  4.280716  2.6  319  -32
2.02181909  0.224096  3.967308  2.8  346   29
2.02181710  0.225087  4.002471  1.8  343   43
2.02186933  0.220673  3.847026  0.5  122   34
2.02186904  0.218659  3.777146  0.1  121   35
2.02186776  0.218530  3.772677  0.1  122   57
2.02192347  0.223816  3.957396  3.1   98  -51
2.02192309  0.222272  3.902985  3.7  110  -49
2.02192399  0.222230  3.901504  3.8  111  -48
2.02196730  0.223589  3.949381  1.2   52  -49
2.02199110  0.228984  4.142258  1.9  170   64
2.02200932  0.231467  4.232564  0.6  188  -60
2.02209385  0.222920  3.925763  1.4  274 -113
2.02205644  0.225312  4.010463  4.5  109  -56
2.02209891  0.217852  3.749292  0.1   87  -52
2.02209421  0.221698  3.882862  1.0  310  -57
2.02214238  0.219361  3.801421  1.4  286  -63
2.02214096  0.216956  3.718520  0.1  267  -52
2.02214336  0.221841  3.887863  1.5  101  -45
2.02217746  0.226175  4.041249  1.3  113  -47
2.02222230  0.230219  4.187077  1.0  357  -45
2.02222314  0.234349  4.338653  0.7  199  -59
2.02226163  0.234941  4.360590  2.4  279  -56
2.02225955  0.234684  4.351031  1.5  205  -58
2.02230453  0.231919  4.249141  0.2  294   71
2.02230805  0.237778  4.466518  2.4  282   62
2.02233382  0.236959  4.435805  3.1  306   32
2.02237662  0.239609  4.535594  0.0  177  -27
2.02242958  0.207665  3.406842  0.1   87   46
2.02242565  0.199828  3.154560  0.0  279   49
2.02242779  0.205123  3.323952  0.1  267   52
2.02242588  0.200271  3.168576  0.0  279   47
2.02246355  0.231743  4.242666  1.5   61   56
2.02250362  0.220546  3.842608  0.2   78   87
2.02250394  0.219847  3.818292  0.5  295   75
2.02250338  0.221639  3.880786  0.1   82   74
2.02255644  0.226466  4.051670  0.7   16   16
2.02256496  0.226381  4.048609  0.1  201  -12
2.02259581  0.224373  3.977107  1.5   65  -39
2.02260880  0.226879  4.066448  2.2  256  -47
2.02261460  0.224506  3.981840  0.3  102  -54
2.02269862  0.213992  3.617602  2.7  310  -27
2.02269792  0.213661  3.606437  2.6  124  -35
2.02269907  0.213483  3.600411  2.6  123  -34
2.02270166  0.213739  3.609070  3.4  313  -25
2.02277477  0.225537  4.018490  0.1  154  -72
2.02277408  0.224265  3.973299  0.0  357  -63
2.02277451  0.229328  4.154703  0.5  108  -68
2.02283360  0.234569  4.346768  2.7  316   48
2.02283035  0.232987  4.288370  2.6  155   37
2.02284690  0.232974  4.287871  2.9  162   17
2.02290799  0.226655  4.058441  0.2  226   70
2.02290810  0.222690  3.917676  0.0  258  108
2.02289975  0.225148  4.004636  0.1  110   34
2.02296288  0.236799  4.429818  2.0  112   44
2.02299192  0.227659  4.094448  1.3  357  -35
2.02301779  0.224275  3.973631  2.3  291   75
2.02301574  0.223218  3.936262  2.0  283   60
2.02301635  0.224376  3.977217  2.3  283   61
2.02302968  0.226431  4.050409  2.5  126  -21
2.02308026  0.224755  3.990653  0.7  192   44
2.02310475  0.232265  4.261804  0.0   81   49
2.02312331  0.229122  4.147270  0.0  289  -55
2.02314417  0.230701  4.204612  1.0  339   59
2.02319314  0.227031  4.071887  0.2  284   39
2.02319224  0.229168  4.148935  0.3  289   46
2.02320236  0.231845  4.246430  0.1  270   53
2.02324007  0.225328  4.011047  0.1   86   52
2.02323983  0.228241  4.115439  0.0   45   82
2.02327660  0.223112  3.932550  0.5  286   41
2.02328046  0.227021  4.071537  0.2  277   43
2.02332173  0.222691  3.917717  0.8  271   44
2.02336440  0.221355  3.870840  2.4   85   62
2.02336167  0.221566  3.878234  1.7  275   53
2.02339851  0.226189  4.041773  3.4   19   21
2.02339892  0.226098  4.038510  3.2   19   20
2.02340010  0.226366  4.048095  3.4   20   23
2.02346124  0.229709  4.168523  4.0  274   50
2.02346183  0.227935  4.104402  3.5  275   52
2.02351534  0.217434  3.734937  0.0  279  -53
2.02351392  0.220272  3.833067  0.5   83  -49
2.02355388  0.219960  3.822212  0.6  299  -63
2.02355186  0.217602  3.740699  0.1   74  -78
2.02359488  0.218052  3.756199  1.1  306   23
2.02359813  0.219555  3.808155  0.7  301   23
2.02359681  0.224934  3.997022  1.4  295   21
2.02366020  0.217592  3.740367  0.3   86   89
2.02365951  0.214270  3.627025  0.0   60   83
2.02369940  0.235081  4.365778  2.9  160   37
2.02373320  0.220748  3.849637  4.1  311  -32
2.02373569  0.219865  3.818906  2.8  307  -45
2.02377029  0.216349  3.697735  0.1  197  -56
2.02377082  0.218882  3.784826  0.3  197  -58
2.02378419  0.232794  4.281267  0.7   88  -19
2.02378927  0.235146  4.368179  2.6  278  -11
2.02384129  0.214259  3.626661  0.0  176  -84
2.02384673  0.224734  3.989932  0.2  115  -63
2.02392485  0.230259  4.188521  0.2  316    1
2.02392697  0.227785  4.098981  1.0  320    0
2.02392713  0.226173  4.041176  0.0  320   -0
2.02394088  0.235527  4.382350  0.2    7  -48
2.02396034  0.234502  4.344312  0.0  315  -66
2.02401322  0.229254  4.152047  0.0  216   54
2.02401584  0.233888  4.321568  0.0  206   55
2.02404877  0.239535  4.532789  0.8   53   58
2.02405743  0.231767  4.243569  0.5  320  -37
2.02408702  0.227519  4.089419  0.0   77   64
2.02412246  0.231839  4.246200  2.3  282  -71
2.02412320  0.230318  4.190648  2.5  298  -65
2.02414374  0.228956  4.141249  0.0  301   33
2.02417536  0.225399  4.013588  0.3   76   85
2.02417536  0.224703  3.988817  1.0   25   87
2.02424500  0.229454  4.159267  2.0  342  -71
2.02424897  0.221478  3.875164  0.1  182  -49
2.02424725  0.221560  3.878034  0.5  198  -53
2.02428239  0.222063  3.895661  1.0  108  -41
2.02430454  0.226864  4.065908  2.3  296   80
2.02434691  0.229259  4.152230  0.9  272  -64
2.02435368  0.226903  4.067298  0.3  276  -55
2.02436585  0.231489  4.233399  0.2  298  -62
2.02438482  0.232854  4.283442  0.6  192  -57
2.02441755  0.223994  3.963688  0.2  180  -53
2.02444950  0.229066  4.145245  0.4  193  -48
2.02444964  0.229425  4.158228  0.3  194  -48
2.02448222  0.230591  4.200603  0.0  336  -74
2.02452156  0.233504  4.307420  1.7  276  -59
2.02453801  0.230090  4.182380  0.0   17  -12
2.02454095  0.232654  4.276086  0.1  195  -32
2.02459572  0.234935  4.360374  1.0  186  -38
2.02459205  0.232787  4.281004  0.0   68   78
2.02459662  0.230498  4.197230  0.0  262   73
2.02464742  0.228749  4.133756  0.9  258   43
2.02465249  0.226013  4.035451  0.5   72   58
2.02465755  0.226418  4.049936  0.1  172   62
2.02469405  0.228735  4.133242  2.8  316   66
2.02472470  0.220192  3.830277  0.1  204   -6
2.02473283  0.222752  3.919849  0.0  208  -12
2.02476604  0.218022  3.755153  0.0   76  -75
2.02477268  0.223236  3.936928  3.1   54   15
2.02478171  0.224272  3.973543  5.0  241    6
2.02477789  0.224660  3.987301  5.2  234    4
2.02482477  0.233903  4.322137  0.6  151   58
2.02489422  0.231640  4.238923  2.7   54   -3
2.02489698  0.229173  4.149109  1.3   63   14
2.02490442  0.229435  4.158602  1.1   60   16
2.02490384  0.227728  4.096932  2.5  100  -76
2.02493284  0.234265  4.335513  2.2  146  -65
2.02497314  0.236070  4.402579  0.3  156  -19
2.02498859  0.230372  4.192616  0.1  300  -51
2.02502749  0.226704  4.060183  0.3   58  -58
2.02503262  0.226851  4.065432  0.0  301  -77
2.02506970  0.237297  4.448492  2.1  171  -41
2.02509850  0.225934  4.032654  0.1  311  -58
2.02509830  0.226447  4.050977  0.3  313  -57
2.02514243  0.234440  4.342010  0.2   53  -65
2.02513763  0.241296  4.599688  0.8  313  -59
2.02517438  0.228572  4.127372  0.2  181   62
2.02517408  0.227671  4.094896  0.7   21   65
2.02523727  0.228513  4.125221  0.0  303   86
2.02523655  0.225423  4.014413  0.0  181   66
2.02529840  0.219172  3.794870  0.1  300   37
2.02529911  0.221567  3.878267  0.8  303   30
2.02529841  0.219045  3.790481  0.1  301   35
2.02530115  0.227466  4.087539  2.7  296   28
2.02535048  0.234677  4.350796  0.0   37  -64
2.02538195  0.227397  4.085051  0.6  206  -41
2.02538210  0.226891  4.066873  0.5  208  -43
2.02543188  0.229044  4.144422  6.4  310   23
2.02543725  0.229997  4.178994  5.4  307   20
2.02546649  0.227761  4.098141  1.2  192    9
2.02547472  0.221177  3.864605  0.0  194    1
2.02549153  0.233171  4.295117  0.3   47   69
2.02551520  0.222784  3.920981  0.1  321  -57
2.02551819  0.226566  4.055250  0.6  128  -68
2.02558637  0.229919  4.176152  1.3  195   32
2.02560617  0.212555  3.569197  0.0  201   22
2.02561261  0.215728  3.676530  0.0  202   18
2.02561024  0.218534  3.772828  0.2  198   28
2.02564833  0.225753  4.026196  0.7  194   59
2.02570425  0.228657  4.130433  3.2  335 -105
2.02572609  0.222267  3.902811  0.4  195   30
2.02572850  0.222295  3.903787  0.3  193   29
2.02572717  0.222040  3.894838  0.2   14   39
2.02577028  0.223920  3.961088  0.1  200   24
2.02577277  0.222802  3.921614  0.0  199   20
2.02580106  0.234921  4.359854  0.1  304  -59
2.02583323  0.227232  4.079125  0.2  292  -51
2.02587685  0.228691  4.131678  0.4   31  -68
2.02587663  0.226794  4.063402  0.5  304  -55
2.02588664  0.228002  4.106825  0.2  200  -76
2.02591076  0.231494  4.233572  2.8  294   50
2.02591436  0.233443  4.305145  2.7   29   61
2.02596221  0.235666  4.387545  0.2  188  -50
2.02597097  0.231867  4.247224  0.2  195  -49
2.02602568  0.232317  4.263720  0.6  214   58
2.02602976  0.231683  4.240483  0.1  184  -82
2.02603399  0.237043  4.438977  1.4   98   57
2.02609263  0.231019  4.216224  0.0  154  -81
2.02609420  0.224942  3.997309  0.1  296  -51
2.02609587  0.222459  3.909564  0.0  309  -54
2.02613224  0.225846  4.029502  0.1  287   37
2.02616888  0.224137  3.968761  0.7  319   51
2.02616922  0.226615  4.056982  3.1  150   35
2.02616867  0.226424  4.050155  4.0  321   45
2.02625389  0.229255  4.152080  0.3  292  -31
2.02628641  0.224314  3.975022  3.5  277   12
2.02628975  0.224074  3.966521  4.2  279   12
2.02628737  0.223741  3.954747  3.1  277   12
2.02629102  0.225784  4.027302  4.6  103    9
2.02632625  0.226319  4.046412  4.4  211  -41
2.02632527  0.227515  4.089269  4.8  211  -45
2.02639816  0.221479  3.875168  4.8  209   37
2.02640023  0.221622  3.880202  5.5   32   43
2.02643894  0.215641  3.673566  1.1   63   72
2.02644457  0.216738  3.711039  0.7  211   64
2.02645016  0.222237  3.901752  0.6  308  -48
2.02653359  0.224482  3.980994  3.4  264   55
2.02648045  0.228623  4.129212  3.5  324  -49
2.02651115  0.219713  3.813636  0.1  293   34
2.02656582  0.222373  3.906518  4.9  190   55
2.02656283  0.222056  3.895396  2.9  112   56
2.02660079  0.218289  3.764352  0.8  157   -6
2.02660284  0.224120  3.968163  1.0   61    1
2.02660475  0.218881  3.784790  1.2  337    4
2.02664556  0.222143  3.898456  0.7   28   57
2.02669622  0.212935  3.581952  2.7  250  -66
2.02670590  0.213393  3.597391  3.2   53  -53
2.02671151  0.215544  3.670263  2.5   60  -50
2.02674003  0.220595  3.844320  0.3   66  -12
2.02679182  0.221963  3.892133  1.6  297  -46
2.02679419  0.221039  3.859808  2.2  110  -50
2.02679431  0.221013  3.858910  2.2  110  -50
2.02679501  0.222087  3.896479  2.9  110  -46
2.02683176  0.225770  4.026810  2.5   91  -42
2.02691969  0.231775  4.243865  2.2  257  -54
2.02691627  0.228365  4.119882  1.0   48  -51
2.02691949  0.229082  4.145818  0.8  204  -65
2.02696034  0.229606  4.164787  0.6   52   30
2.02698246  0.224597  3.985078  0.5  183   36
2.02698338  0.224171  3.969950  0.3    2   50
2.02698373  0.227292  4.081256  0.4  183   34
2.02704739  0.232513  4.270913  0.2  187  -23
2.02706076  0.227215  4.078489  0.1  183  -18
2.02706109  0.225780  4.027166  0.0  183  -16
2.02708999  0.231398  4.230069  0.5   32  -13
2.02711877  0.228647  4.130084  0.1  186  -45
2.02716798  0.227317  4.082172  1.5  109    8
2.02717109  0.228706  4.132196  1.8  284   15
2.02717301  0.228281  4.116878  6.0  101   15
2.02718047  0.230085  4.182177  1.3  287   34
2.02723017  0.233644  4.312576  0.0  192  -54
2.02725551  0.223662  3.951935  0.0  192  -44
2.02726356  0.226452  4.051161  0.1    7  -36
2.02727400  0.234539  4.345683  1.6  209  -74
2.02729626  0.231767  4.243560  2.3  303  -50
2.02734497  0.238691  4.500891  1.0  304   50
2.02735416  0.234004  4.325868  2.6  290   32
2.02739837  0.228633  4.129578  0.3   75  -49
2.02739901  0.231391  4.229798  1.9   74  -50
2.02741829  0.238435  4.491255  2.0  297  -41
2.02743128  0.242543  4.647354  3.1   72   -9
2.02749193  0.234954  4.361073  1.3  131   21
2.02750693  0.233996  4.325581  7.1  192  -20
2.02750700  0.234363  4.339163  7.7  192  -20
2.02754877  0.232192  4.259126  0.1  312   63
2.02755165  0.232384  4.266189  0.0  201   30
2.02759575  0.235600  4.385070  0.0  208   63
2.02760126  0.231059  4.217671  0.4  186   54
2.02760575  0.234446  4.342241  0.0  187   46
2.02763619  0.234330  4.337927  1.9  284  -47
2.02766842  0.232347  4.264819  0.4   38  -37
2.02768411  0.236250  4.409312  0.1  259   36
2.02769682  0.237703  4.463727  0.5  314  -23
2.02774191  0.227834  4.100776  0.0  299  -66
2.02774409  0.226303  4.045845  0.8  116  -69
2.02774689  0.227951  4.104980  0.6  331  -63
2.02780732  0.231795  4.244575  1.5  312   20
2.02781010  0.230874  4.210939  0.9   13   53
2.02782933  0.235327  4.374922  0.1  188   16
2.02788733  0.233798  4.318277  0.4  178  -42
2.02788827  0.233744  4.316272  0.2  358  -31
2.02789015  0.235189  4.369808  2.8  146   10
2.02795415  0.224321  3.975281  0.4  342   58
2.02794774  0.226518  4.053513  1.1   24   42
2.02795380  0.223604  3.949899  0.4  161   46
2.02800516  0.232613  4.274603  2.1  191   12
2.02801175  0.231513  4.234266  2.7  191    5
2.02806258  0.230408  4.193929  0.1  316   33
2.02808849  0.232494  4.270206  0.7   14    1
2.02808969  0.232686  4.277282  1.7    2  -34
2.02809579  0.229442  4.158837  0.1   89  -67
2.02814100  0.228660  4.130546  0.3  304  -55
2.02815105  0.225880  4.030704  0.3  174    1
2.02815701  0.223959  3.962446  0.0  179  -15
2.02817355  0.227269  4.080462  0.0  184  -34
2.02822208  0.231118  4.219827  1.0  168  -60
2.02822128  0.230525  4.198198  1.1  355  -55
2.02824705  0.236790  4.429498  1.2  218  -45
2.02829337  0.234113  4.329886  0.3  300  -42
2.02829465  0.229821  4.172605  0.2  315  -33
2.02829270  0.229708  4.168497  0.4  316  -31
2.02836712  0.236722  4.426938  0.2  281   36
2.02839091  0.228998  4.142767  0.9   40  -50
2.02839236  0.228888  4.138803  1.0   39  -52
2.02842361  0.232368  4.265583  0.9   91  -55
2.02842569  0.230279  4.189231  0.0   84  -57
2.02842947  0.231699  4.241069  0.1  210  -56
2.02845769  0.241789  4.618480  3.6  297   42
2.02851102  0.235499  4.381315  2.1   61  -66
2.02851556  0.234654  4.349928  2.3  179  -71
2.02852019  0.235966  4.398705  2.8  254   -3
2.02859360  0.235260  4.372429  1.0   61   74
2.02859284  0.234752  4.353575  1.0  295   48
2.02859613  0.234800  4.355359  2.8   36   74
2.02864363  0.238524  4.494596  1.7   27   -6
2.02865880  0.237322  4.449405  0.1  178   46
2.02865796  0.235948  4.398033  0.0  176   46
2.02870670  0.234759  4.353847  1.0  298   45
2.02871228  0.233226  4.297162  0.0  295   51
2.02872699  0.235772  4.391479  3.6   14   18
2.02878952  0.230149  4.184520  4.0  193   21
2.02879336  0.228844  4.137179  5.6  190   18
2.02879104  0.228596  4.128238  4.1   10   39
2.02884391  0.227415  4.085694  4.6  192   52
2.02884955  0.227686  4.095436  3.6  174   24
2.02885732  0.229188  4.149642  0.9  344   42
2.02892449  0.228988  4.142423  2.4  123   27
2.02892257  0.228845  4.137218  0.0  202   -9
2.02892425  0.228666  4.130773  0.9  122   25
2.02892958  0.227209  4.078293  6.3  134  -39
2.02900357  0.229358  4.155798  0.1  289   58
2.02898858  0.226340  4.047155  1.0  121  -13
2.02902137  0.237098  4.441033  2.1  156  -31
2.02904270  0.228688  4.131550  0.1   33   56
2.02906484  0.231500  4.233800  2.1  320  -19
2.02912443  0.223535  3.947449  3.3  167  -45
2.02912176  0.221475  3.875035  3.8  157  -34
2.02912442  0.221145  3.863494  3.8  335  -26
2.02912081  0.223324  3.940010  5.9  329  -29
2.02917408  0.229637  4.165937  0.0  163   28
2.02919287  0.231996  4.251940  1.0  184  -65
2.02920037  0.234973  4.361772  4.3   51  -40
2.02924899  0.232392  4.266469  1.3  194  -54
2.02927020  0.228732  4.133136  0.0  175  -59
2.02928084  0.234028  4.326760  0.3  189  -59
2.02930808  0.232558  4.272562  0.1  282  -41
2.02932524  0.232265  4.261810  0.0  282  -36
2.02936999  0.233693  4.314392  0.9  292  -35
2.02939169  0.230716  4.205146  0.2   80   27
2.02939834  0.227961  4.105344  0.0   80   21
2.02944253  0.226691  4.059725  1.1  184  -33
2.02944169  0.226740  4.061487  1.0    5  -16
2.02944571  0.226537  4.054202  1.7  189  -26
2.02944618  0.225612  4.021175  2.4  189  -23
2.02951266  0.229190  4.149707  0.1  172   13
2.02951771  0.232706  4.278033  0.0  165   11
2.02957738  0.224304  3.974682  1.3   27  -18
2.02958402  0.223299  3.939140  0.4   28  -20
2.02958528  0.227343  4.083116  0.8   33  -19
2.02962091  0.222919  3.925749  0.0  204   34
2.02963839  0.227538  4.090125  0.0  202   17
2.02964453  0.231765  4.243495  0.3  196   31
2.02970957  0.225828  4.028872  0.1   73  -10
2.02971172  0.231271  4.225425  0.0  175  -26
2.02972042  0.225265  4.008802  0.3   68    1
2.02975155  0.234578  4.347110  0.1    3  -47
2.02977061  0.237838  4.468787  0.1  300  -18
2.02978885  0.236987  4.436861  2.1  282   37
2.02983696  0.224509  3.981930  0.1  106  -38
2.02983728  0.226075  4.037665  0.6  113  -30
2.02982444  0.228139  4.111752  0.0    1   64
2.02988820  0.228778  4.134809  0.1  301   64
2.02988530  0.233888  4.321593  0.6  299   54
2.02995079  0.230235  4.187635  2.2  301   43
2.02995067  0.231353  4.228405  0.1  120   26
2.02997656  0.232144  4.257373  0.7  298  -81
2.02997829  0.232232  4.260588  0.1  302  -70
2.03000621  0.231550  4.235615  0.2  185   31
2.03003880  0.232816  4.282042  1.0  193  -27
2.03006297  0.235122  4.367319  3.8  191  -59
2.03009109  0.230566  4.199709  1.6  306   75
2.03013169  0.229921  4.176218  0.6  195   42
2.03010879  0.228962  4.141451  0.0  196  -52
2.03015874  0.223104  3.932248  5.3  156  -23
2.03015479  0.221590  3.879061  5.1  165  -23
2.03020341  0.214931  3.649423  0.1  303   41
2.03020626  0.215173  3.657656  0.0  298   46
2.03020102  0.221157  3.863925  0.0  269   69
2.03026040  0.216027  3.686739  0.0  275   74
2.03026517  0.221801  3.886464  0.3  288   53
2.03028160  0.226654  4.058396  0.5  291   46
2.03034468  0.221278  3.868137  6.0  339    6
2.03034554  0.221325  3.869791  4.7  338   10
2.03034460  0.221232  3.866533  6.3  339    6
2.03038999  0.226178  4.041354  0.3  309   46
2.03040039  0.227100  4.074373  0.1  285   45
2.03044937  0.222674  3.917106  3.0  185   62
2.03045702  0.218499  3.771588  0.8  174   61
2.03048077  0.210951  3.515510  0.1   49   53
2.03048230  0.215521  3.669510  0.2   23   52
2.03052578  0.217393  3.733529  0.1   64   56
2.03054273  0.220795  3.851301  1.4  180  -68
2.03052236  0.219978  3.822837  0.0   81  118
2.03059984  0.221575  3.878533  0.4   33  -12
2.03059849  0.220968  3.857317  0.3   32  -12
2.03060848  0.224528  3.982598  0.1   36  -22
2.03065454  0.228547  4.126451  0.0  292   51
2.03065465  0.228840  4.137067  0.0  293   51
2.03069926  0.229160  4.148641  2.9  291   69
2.03072074  0.224913  3.996291  2.1   63  -44
2.03072643  0.222966  3.927378  0.3   31  -55
2.03071966  0.218512  3.772051  0.2  110  -41
2.03079365  0.231421  4.230898  0.4  300  -41
2.03079454  0.227891  4.102809  0.0  299  -40
2.03084768  0.234268  4.335634  2.6   58  -60
2.03085085  0.230332  4.191190  1.0  105   54
2.03085336  0.232373  4.265764  1.3  101  -57
2.03090200  0.225046  4.001014  0.0  308   32
2.03092220  0.229768  4.170667  0.6  354   41
2.03092168  0.229898  4.175404  0.6  173   30
2.03098442  0.233731  4.315785  1.0   82   43
2.03099561  0.223410  3.943049  0.0  193   71
2.03099482  0.223691  3.952974  0.0  184   70
2.03105113  0.217819  3.748153  0.1  311   21
2.03105109  0.215373  3.664458  0.0  322   36
2.03106228  0.226123  4.039382  1.8  353   -2
2.03109244  0.212560  3.569357  0.1   58   67
2.03113162  0.222751  3.919812  0.1  155   20
2.03112774  0.215510  3.669126  0.0  165   61
2.03117667  0.217928  3.751910  0.2  359   30
2.03118301  0.217571  3.739619  0.0  167   -6
2.03119949  0.216742  3.711205  0.0  170   -3
2.03123902  0.220967  3.857293  0.1  213   32
2.03124221  0.219178  3.795075  0.8   57   57
2.03124876  0.218230  3.762324  0.0   32   42
2.03131024  0.199852  3.155325  0.2  323   63
2.03131218  0.198104  3.100365  0.1  174   56
2.03131027  0.196855  3.061407  0.0  165   60
2.03137166  0.210542  3.501905  0.8  266   60
2.03138218  0.207966  3.416732  0.0  351   44
2.03138186  0.202361  3.235043  0.0  170   48
2.03138796  0.211753  3.542311  0.1  351   19
2.03145891  0.210778  3.509769  0.1  180  -56
2.03146023  0.211121  3.521199  0.1  181  -55
2.03151199  0.216412  3.699902  0.0  333   -0
2.03151930  0.210420  3.497840  0.0  162  -42
2.03153228  0.218878  3.784710  0.0   84  -47
2.03158120  0.213204  3.591036  0.2  171  -66
2.03158084  0.209498  3.467259  0.0  289  -61
2.03158092  0.207056  3.386915  0.0  105  -60
2.03158045  0.214802  3.645043  0.3  109  -74
2.03163622  0.222747  3.919687  0.2  200  -68
2.03165076  0.225240  4.007905  0.1  190  -26
2.03166606  0.225501  4.017192  0.1  312  -59
2.03169731  0.220481  3.840323  0.0  201  -86
2.03172281  0.220749  3.849670  0.2  282   48
2.03174316  0.223880  3.959647  1.1  201  -65
2.03174485  0.224173  3.970040  0.8  215  -65
2.03179598  0.223537  3.947546  0.0  198  -53
2.03179503  0.225183  4.005873  0.1  201  -53
2.03185013  0.224996  3.999247  0.0  180   -4
2.03186774  0.221193  3.865179  0.1   69  -63
2.03186963  0.216666  3.708595  1.4   92  -45
2.03187351  0.219401  3.802811  1.9  290  -40
2.03194573  0.220998  3.858366  0.2  182   59
2.03194789  0.220824  3.852280  0.2  186   57
2.03194815  0.218503  3.771741  0.1  169   53
2.03199302  0.222941  3.926495  0.0  300   68
2.03199292  0.220492  3.840734  0.0  265   68
2.03202780  0.224222  3.971762  0.0  299   33
2.03203393  0.222424  3.908317  0.1  271   61
2.03209063  0.230397  4.193545  0.0  177  -53
2.03209373  0.224966  3.998162  0.2  170   33
2.03212430  0.227024  4.071650  0.0  298  -77
2.03216487  0.218184  3.760734  0.8  315   75
2.03215891  0.212580  3.570018  0.2  172   51
2.03216225  0.213826  3.611987  0.3  347   62
2.03222507  0.225922  4.032223  1.6  289  -92
2.03222886  0.224776  3.991399  0.0  313  -56
2.03226519  0.230221  4.187117  0.8   63  -60
2.03227120  0.222267  3.902813  0.3  302  -44
2.03228988  0.227852  4.101414  0.3  295  -20
2.03229751  0.228756  4.133999  2.8  350   33
2.03235168  0.225471  4.016130  0.0  299   37
2.03235420  0.224259  3.973072  0.1   31   48
2.03235932  0.225800  4.027879  0.1   25   48
2.03242598  0.215491  3.668463  1.3    0  -14
2.03242619  0.214498  3.634737  0.0  180  -22
2.03244212  0.223880  3.959660  0.0  208  -87
2.03250745  0.229113  4.146922  1.4  267  -65
2.03249862  0.229141  4.147955  0.1  181   -1
2.03249504  0.223810  3.957181  0.1  159   29
2.03253404  0.231401  4.230155  0.1  313  -36
2.03256866  0.226869  4.066103  0.7  157    4
2.03256881  0.226532  4.054029  0.4  157    4
2.03262326  0.227053  4.072690  1.0  175  -15
2.03264050  0.225107  4.003165  0.4  291  -75
2.03264198  0.218716  3.779094  0.5  152  -65
2.03263975  0.216912  3.717014  0.1  334  -58
2.03268760  0.225886  4.030923  0.0  305   59
2.03273003  0.217183  3.726308  0.1  208   52
2.03273026  0.220483  3.840423  0.6   29   61
2.03276859  0.224040  3.965329  0.1  303  -52
2.03276916  0.224204  3.971134  0.0  291 -121
2.03278492  0.225940  4.032875  0.0  278   78
2.03283249  0.216269  3.695021  0.0  168  -59
2.03286582  0.218476  3.770820  1.9   12   52
2.03286695  0.220631  3.845557  2.1  187   48
2.03287646  0.222417  3.908083  2.5  261   62
2.03290797  0.223936  3.961647  0.3  198  -29
2.03292294  0.229926  4.176399  0.6   68  -62
2.03299365  0.223768  3.955681  1.0   79   68
2.03299022  0.223478  3.945468  2.8  260   52
2.03299777  0.224785  3.991730  3.4   61   74
2.03306184  0.215753  3.677394  1.0  186  -51
2.03305832  0.220885  3.854431  1.2  176  -39
2.03306264  0.214477  3.634016  0.6  187  -51
2.03306338  0.213500  3.601007  0.1    6  -39
2.03313316  0.225503  4.017292  0.1  185  -51
2.03314785  0.216241  3.694042  0.0  212   69
2.03314872  0.215888  3.682018  0.1   63   82
2.03319225  0.222479  3.910258  0.1  285  -56
2.03320778  0.221451  3.874210  0.2  193   58
2.03320734  0.219526  3.807151  0.0   28   79
2.03326609  0.226027  4.035980  8.4  178  -35
2.03328564  0.221984  3.892878  1.7   93   54
2.03328130  0.225035  4.000624  0.6  282   53
2.03328096  0.230423  4.194487  5.5   24  -45
2.03333759  0.223231  3.936750  0.5  175   29
2.03338609  0.219353  3.801142  0.0   67   55
2.03339646  0.219239  3.797209  0.2  177   -2
2.03339843  0.218027  3.755339  1.8  355   17
2.03340590  0.217670  3.743027  2.8  353   12
2.03345638  0.219171  3.794833  0.0  297   23
2.03347514  0.215368  3.664300  0.0  338   -3
2.03348591  0.215701  3.675625  0.0  179  -81
2.03352197  0.218897  3.785353  3.9  312   51
2.03351858  0.218656  3.777015  2.6  301   52
2.03356573  0.212119  3.554555  0.0  202   55
2.03357002  0.214562  3.636926  0.0  195   49
2.03356887  0.211969  3.549537  0.0   14   59
2.03361104  0.218177  3.760502  0.0  306  -66
2.03361126  0.218820  3.782682  0.2  108  -75
2.03366143  0.219747  3.814803  0.4  343  -26
2.03366442  0.221530  3.876957  1.7  345  -35
2.03372144  0.225474  4.016234  1.2  297   51
2.03372241  0.225212  4.006921  0.3  155   40
2.03372466  0.230996  4.215377  1.2  177    3
2.03380254  0.228011  4.107150  2.6   21  -31
2.03379085  0.221171  3.864403  0.2  346   22
2.03382997  0.220245  3.832132  0.4   93   83
2.03383115  0.220759  3.850039  0.0   60   77
2.03385555  0.224535  3.982845  1.3  173   -3
2.03385629  0.225830  4.028941  2.3  355    7
2.03392721  0.217580  3.739951  2.6  123  -63
2.03392543  0.217587  3.740176  1.6  326  -56
2.03394323  0.218462  3.770330  5.9  118  -39
2.03394534  0.219221  3.796560  4.7  111  -41
2.03399854  0.215718  3.676207  0.0  252  -65
2.03400695  0.220669  3.846896  0.0  301  -80
2.03402751  0.229102  4.146535  0.1   85   57
2.03406908  0.229394  4.157101  1.0  185   12
2.03406950  0.223078  3.931345  0.0  181  -74
2.03407412  0.227383  4.084540  0.1  207  -25
2.03413322  0.231803  4.244865  0.1   62  -76
2.03413287  0.231945  4.250092  0.3   63  -76
2.03420224  0.226072  4.037572  2.5  181  -14
2.03420548  0.226349  4.047480  1.0  188  -11
2.03420653  0.225380  4.012885  2.0  187  -13
2.03420675  0.226711  4.060436  1.0    7   -2
2.03425670  0.230416  4.194236  0.0  276   68
2.03429694  0.235804  4.392697  1.3   88   59
2.03435135  0.220520  3.841688  0.0   71    4
2.03434206  0.227620  4.093075  0.6  210   58
2.03435111  0.220492  3.840734  0.0   72    3
2.03437266  0.219557  3.808213  0.0  298   68
2.03437060  0.222997  3.928491  0.3  273   67
2.03436822  0.223118  3.932745  0.7  240   54
2.03444896  0.230081  4.182029  0.1  294  -46
2.03444647  0.230143  4.184285  0.5   90  -62
2.03447580  0.232884  4.284577  3.2  298   54
2.03448450  0.232868  4.283968  0.3  217  -73
2.03452380  0.235334  4.375175  0.3   61  -42
2.03455543  0.227235  4.079210  0.8  294   24
2.03455478  0.225015  3.999907  0.1  289   26
2.03455691  0.226187  4.041696  0.2  286   25
2.03461677  0.231494  4.233553  0.1   10   -8
2.03462633  0.235514  4.381866  0.6  200  -37
2.03468007  0.234835  4.356667  2.1  327  -22
2.03469449  0.222981  3.927908  0.0  171  -60
2.03469068  0.221639  3.880800  0.4  301  -20
2.03469631  0.227222  4.078753  0.3  307  -17
2.03469277  0.229205  4.150256  1.9  117  -38
2.03476480  0.229791  4.171522  0.5  159   38
2.03477092  0.234088  4.328990  3.1  164   46
2.03482911  0.235420  4.378394  0.2   10   17
2.03483937  0.232914  4.285672  2.6  178  -54
2.03484171  0.234163  4.331758  2.8  359  -20
2.03489491  0.234886  4.358545  0.8  197   27
2.03490803  0.232256  4.261483  0.8  186   -1
2.03490781  0.231772  4.243733  0.5    6   13
2.03491066  0.234127  4.330415  0.5  187    6
2.03496135  0.229784  4.171252  2.2  191  -57
2.03495950  0.230646  4.202598  1.8   17  -48
2.03503038  0.235319  4.374625  1.4   12    3
2.03504537  0.230263  4.188653  0.6  161  -38
2.03504525  0.226769  4.062500  0.1  168  -37
2.03509540  0.224371  3.977063  5.1  296   43
2.03509505  0.224085  3.966910  5.2  301   38
2.03509656  0.224276  3.973693  5.4  312   38
2.03513184  0.231622  4.238267  2.1  100   54
2.03517735  0.230721  4.205340  0.5   22  -66
2.03517931  0.233337  4.301239  0.4  344  -97
2.03524390  0.229749  4.169983  0.4  161  -52
2.03523951  0.231013  4.216001  1.5  349  -16
2.03525185  0.231464  4.232473  0.0   83   69
2.03525181  0.232243  4.261023  0.1  278   34
2.03532381  0.228148  4.112073  0.1  187   34
2.03532697  0.224068  3.966312  0.0   49   57
2.03532818  0.225793  4.027613  0.1   46   54
2.03536061  0.226206  4.042372  0.3  109   53
2.03539729  0.230155  4.184749  3.7  287   47
2.03539724  0.229610  4.164949  3.4  280   51
2.03540830  0.231038  4.216912  4.3   59  -81
2.03547024  0.228976  4.141961  0.6  194    5
2.03547216  0.228201  4.113992  0.5  191    3
2.03547235  0.228726  4.132933  1.2  190    3
2.03552462  0.227475  4.087844  0.4  282  -26
2.03554738  0.224130  3.968505  2.1  268  -50
2.03554804  0.223399  3.942668  2.7   69  -45
2.03559069  0.221829  3.887426  0.1  354  -43
2.03559527  0.222779  3.920824  0.2  355  -42
2.03561903  0.227458  4.087230  0.1  283   28
2.03562309  0.228695  4.131813  2.1  274   26
2.03567305  0.230920  4.212612  3.1  302  -36
2.03567371  0.227954  4.105077  1.0  110  -34
2.03567857  0.229701  4.168248  2.4  111  -19
2.03574060  0.219453  3.804622  1.0  275   62
2.03574121  0.220759  3.850023  0.0  295   64
2.03574207  0.224543  3.983131  1.0  328   50
2.03581527  0.232788  4.281026  4.0   46  -69
2.03581396  0.229125  4.147372  0.2  157   20
2.03586339  0.227884  4.102545  2.4   21  -34
2.03587706  0.228225  4.114861  4.2  358   -1
2.03587760  0.228414  4.121646  3.9  358   -2
2.03594730  0.219496  3.806115  5.9  132   28
2.03594639  0.217801  3.747549  5.1  305   36
2.03594621  0.217634  3.741803  5.1  306   36
2.03595083  0.223509  3.946551  0.2  176   29
2.03601068  0.224375  3.977198  0.0  351   -4
2.03601090  0.225322  4.010836  1.0  168   43
2.03604718  0.226997  4.070681  0.1  287   42
2.03608571  0.223584  3.949212  0.8  190    5
2.03608507  0.223728  3.954290  1.0   11   20
2.03608511  0.222756  3.919984  1.6   11   21
2.03615040  0.227530  4.089820  2.8  162    8
2.03615064  0.227611  4.092744  3.3  344   16
2.03615065  0.229361  4.155915  2.5  347   36
2.03621842  0.225698  4.024226  1.9  192  -54
2.03622380  0.223766  3.955625  0.3  183  -58
2.03622543  0.225690  4.023927  1.5  194  -59
2.03627621  0.231900  4.248414  0.9  275   47
2.03627672  0.230970  4.214418  0.3  276   38
2.03632865  0.225521  4.017931  1.1   47  -62
2.03633288  0.224417  3.978687  0.2  310  -82
2.03633063  0.224966  3.998151  0.7  186  -61
2.03633118  0.223898  3.960302  0.2  293  -80
2.03642586  0.229344  4.155311  1.0    4  -45
2.03642819  0.224094  3.967223  0.8  175  -68
2.03642958  0.224752  3.990572  1.6   13  -50
2.03646938  0.230346  4.191683  1.9   92    8
2.03647810  0.231630  4.238556  1.0   99   -2
2.03647920  0.232704  4.277930  0.5  280   -3
2.03656281  0.239821  4.543633  4.1   86  -59
2.03656758  0.235487  4.380871  2.7   79  -41
2.03656943  0.235734  4.390070  1.2  276  -34
2.03661406  0.232143  4.257356  4.4  254  -21
2.03661926  0.232104  4.255902  3.6  258  -19
2.03662019  0.232231  4.260557  3.6  259  -20
2.03666235  0.230998  4.215444  0.1  182  -52
2.03666763  0.234541  4.345750  1.2  195  -49
2.03671760  0.235528  4.382418  0.6  288  -39
2.03672304  0.237899  4.471096  0.8   14  -34
2.03673904  0.238201  4.482445  0.5  310  -57
2.03678351  0.230172  4.185353  1.0  163    2
2.03678431  0.229138  4.147836  0.3  163    1
2.03683074  0.226403  4.049398  0.1   79   45
2.03683413  0.227830  4.100614  0.1   71   44
2.03691013  0.233635  4.312246  3.0  203   51
2.03689633  0.225556  4.019174  0.1  174   56
2.03689848  0.230617  4.201547  0.5  173   54
2.03690047  0.224568  3.984034  0.1  359   68
2.03697891  0.223579  3.949011  4.0  308   19
2.03698175  0.223264  3.937889  4.0  310   21
2.03698095  0.224751  3.990531  3.4  130   12
2.03698180  0.223292  3.938883  4.0  309   20
2.03705659  0.229802  4.171918  1.0  107   13
2.03705903  0.226689  4.059646  0.0  105   12
2.03706405  0.228094  4.110132  0.7  281   21
2.03709155  0.228308  4.117838  3.7  295  -51
2.03709437  0.233157  4.294600  0.3  156   36
2.03714556  0.235777  4.391660  1.8  303  -38
2.03717804  0.234937  4.360446  3.0  167  -65
2.03720955  0.237580  4.459107  3.9  206   45
2.03724241  0.234907  4.359324  2.0  198   26
2.03723735  0.232823  4.282335  0.0  297   32
2.03724533  0.235245  4.371894  1.8   35   60
2.03730331  0.232884  4.284571  1.1  176   34
2.03731184  0.225546  4.018816  1.0  179   28
2.03733068  0.230441  4.195134  0.9  346   17
2.03734266  0.236432  4.416102  0.6  284   44
2.03736839  0.225054  4.001299  0.0  287   19
2.03736847  0.225837  4.029186  0.0  287   18
2.03740696  0.226689  4.059631  0.1   19   72
2.03744077  0.226225  4.043059  0.1  190   10
2.03744326  0.225378  4.012823  0.1   12   21
2.03749491  0.230827  4.209225  1.2  176  -70
2.03751836  0.225304  4.010173  0.9  275  -39
2.03751827  0.226623  4.057289  1.1  275  -37
2.03757269  0.226622  4.057253  0.4  353  -40
2.03758014  0.224585  3.984644  1.7  308  -35
2.03758880  0.223666  3.952104  2.4  305  -38
2.03759200  0.221399  3.872398  2.8  106  -48
2.03758943  0.225179  4.005732  2.7  110  -42
2.03764281  0.234768  4.354179  0.9   62  -43
2.03769924  0.230018  4.179765  0.1  302   62
2.03769777  0.233839  4.319788  1.6  298   62
2.03771561  0.232743  4.279383  0.5  297   59
2.03774805  0.233146  4.294220  0.1  297   36
2.03774788  0.234751  4.353552  0.4  294   39
2.03783230  0.233434  4.304811  2.7   71   29
2.03783296  0.234390  4.340166  4.3  317   53
2.03783386  0.233953  4.323990  1.0   72   27
2.03786050  0.238337  4.487559  4.6   42   69
2.03786435  0.238908  4.509094  0.3   54  -57
2.03791602  0.237709  4.463950  0.4  194   23
2.03792070  0.236422  4.415728  0.3  186   24
2.03795180  0.230107  4.182981  0.1   80   56
2.03796438  0.236332  4.412362  1.6   90   24
2.03798324  0.238635  4.498805  3.7  349  -15
2.03803811  0.237429  4.453423  2.5  192   39
2.03804109  0.234653  4.349900  2.0  195   22
2.03809621  0.222345  3.905548  0.5  124   48
2.03809684  0.222257  3.902442  0.6  126   49
2.03809746  0.222714  3.918531  0.4  291   51
2.03809648  0.223154  3.934004  0.2  294   51
2.03812744  0.240667  4.575717  4.6   23  -44
2.03816094  0.227536  4.090023  0.0  165   86
2.03819620  0.238429  4.491010  0.3  176   50
2.03823121  0.236627  4.423409  2.2  282   35
2.03824224  0.225572  4.019746  0.0   48  -74
2.03824136  0.228133  4.111541  0.0  299  -58
2.03827843  0.223859  3.958902  0.9  161   54
2.03829640  0.228671  4.130953  0.1  182   16
2.03829321  0.227341  4.083035  0.1    2   29
2.03836691  0.233034  4.290075  3.4  341   49
2.03837047  0.227527  4.089708  0.0  279  -17
2.03838320  0.229079  4.145702  0.3  271  -17
2.03839806  0.229631  4.165689  2.3   52   22
2.03843962  0.223622  3.950522  0.0  187  -49
2.03844783  0.222437  3.908778  0.0  176  -76
2.03849316  0.233152  4.294420  0.5  212   54
2.03851267  0.232673  4.276792  0.4  290  -51
2.03851807  0.232408  4.267063  1.8  294   27
2.03851834  0.228174  4.113008  5.0  274    4
2.03854973  0.232629  4.275191  1.0  313  -55
2.03858841  0.230581  4.200230  0.1   71   94
2.03859463  0.229127  4.147439  0.2  167   31
2.03865058  0.221477  3.875101  4.0  167  -66
2.03865371  0.219649  3.811399  2.9  179  -67
2.03865356  0.223796  3.956694  2.9  180  -67
2.03871186  0.224571  3.984155  0.4  186   24
2.03872010  0.223802  3.956884  0.1  195   23
2.03872141  0.224132  3.968570  0.6   14   31
2.03877736  0.226947  4.068874  2.7  178  -90
2.03878163  0.226285  4.045203  2.9  319  -86
2.03880075  0.228482  4.124124  0.0  113   61
2.03883220  0.230135  4.183996  4.2  172    3
2.03885588  0.230350  4.191842  3.4  180    3
2.03887124  0.228633  4.129580  1.0  187  -71
2.03890443  0.224613  3.985637  0.0  213   40
2.03893373  0.223852  3.958660  3.6  276  -54
2.03893743  0.224719  3.989386  2.6  271  -59
2.03893639  0.224023  3.964712  3.0  271  -61
2.03897967  0.229723  4.169055  0.1  298  -42
2.03899999  0.230776  4.207358  0.6  108  -47
2.03904194  0.227545  4.090365  1.5  301  -34
2.03904233  0.228011  4.107150  1.4  107  -37
2.03908317  0.217944  3.752463  0.0  194   16
2.03908434  0.218124  3.758663  0.1  189   15
2.03911470  0.220088  3.826662  0.0  162   67
2.03913481  0.227392  4.084870  1.8  305  -49
2.03916861  0.224694  3.988500  0.1  307   63
2.03917252  0.230059  4.181230  0.1  306   65
2.03921527  0.231277  4.225621  2.2   56   64
2.03926197  0.228072  4.109322  2.0  357  -46
2.03926389  0.227426  4.086100  1.1  175  -58
2.03926769  0.227544  4.090332  1.9  178  -57
2.03929455  0.230396  4.193500  0.3  186  -42
2.03930911  0.232124  4.256651  1.0  197  -32
2.03933761  0.233854  4.320310  0.1   45   67
2.03936104  0.232043  4.253676  0.3  308  -40
2.03938864  0.236938  4.435023  0.8  184  -39
2.03940834  0.230174  4.185436  1.2  341  -67
2.03941006  0.233522  4.308053  0.4  304  -49
2.03942674  0.232522  4.271256  0.2  302   -4
2.03947837  0.225569  4.019614  0.0  185   68
2.03947991  0.226266  4.044501  0.0  187   67
2.03953689  0.228933  4.140399  0.0  211   63
2.03954006  0.223602  3.949823  0.0  188   69
2.03954616  0.229003  4.142958  0.1  338   57
2.03959480  0.236626  4.423360  0.4  183  -65
2.03962237  0.232394  4.266548  0.1  183  -27
2.03962718  0.227362  4.083785  0.0  187  -75
2.03965681  0.225038  4.000715  0.0  176  -75
2.03967277  0.227761  4.098141  0.2   61   54
2.03967380  0.230162  4.184988  0.1   46   53
2.03970581  0.230293  4.189739  0.0   25   95
2.03975326  0.220377  3.836718  0.1  284  -46
2.03975336  0.219965  3.822382  0.4  293  -43
2.03975959  0.224258  3.973046  0.2  282  -25
2.03981728  0.224979  3.998613  0.1  181  -55
2.03981953  0.227571  4.091304  0.5  192  -62
2.03982868  0.228217  4.114559  0.3  212  -67
2.03988631  0.223972  3.962906  0.0   53  -75
2.03988581  0.227463  4.087419  0.0   75  -80
2.03988868  0.228587  4.127909  0.0   70  -77
2.03994452  0.231223  4.223655  3.7  322   57
2.03996955  0.228170  4.112863  0.0  302  -66
2.03997044  0.225549  4.018915  0.0  302  -68
2.04001536  0.234038  4.327127  4.0  283    7
2.04004595  0.221886  3.889447  1.0  192  -46
2.04004627  0.221130  3.862967  0.9  195  -46
2.04005002  0.220333  3.835196  0.9  198  -51
2.04010065  0.235550  4.383233  0.0   91   11
2.04011624  0.226511  4.053289  0.0  172  -67
2.04011660  0.226867  4.066012  0.0  172  -68
2.04014710  0.232395  4.266589  0.1  334  -71
2.04021611  0.233404  4.303713  2.4  164  -57
2.04021505  0.230828  4.209260  3.7  152  -53
2.04023149  0.230657  4.203008  2.2  195   51
2.04023356  0.230845  4.209855  1.2  190   46
2.04027947  0.236167  4.406223  0.0  317  -63
2.04034274  0.233360  4.302087  1.3   28   54
2.04034148  0.231493  4.233545  3.5  285   37
2.04034021  0.227870  4.102064  1.2   70   57
2.04038564  0.227445  4.086784  1.5  294   60
2.04038855  0.222631  3.915591  0.1  290   58
2.04039351  0.224509  3.981947  0.0  272   85
2.04043290  0.225755  4.026257  0.1  180   19
2.04046064  0.223614  3.950270  0.1  195   41
2.04046348  0.224017  3.964491  0.4  193   38
2.04049007  0.224346  3.976160  2.0  288   63
2.04051723  0.220834  3.852647  0.1  195   64
2.04051781  0.219323  3.800087  0.6   24   70
2.04055640  0.227070  4.073292  2.5  301   45
2.04059495  0.226566  4.055231  5.2  327   61
2.04061262  0.213950  3.616206  0.3   28  -52
2.04061226  0.218350  3.766454  1.3  210  -61
2.04063228  0.226899  4.067186  2.0  105  -44
2.04067244  0.224558  3.983682  0.9  176  -62
2.04067414  0.223979  3.963155  0.5  200  -73
2.04070713  0.232281  4.262389  0.8   79  -59
2.04075199  0.226906  4.067410  0.3   95  -60
2.04075562  0.228261  4.116138  0.2  300  -62
2.04079372  0.217128  3.724409  0.2   89  -44
2.04079319  0.218315  3.765252  2.3   90  -44
2.04083497  0.218312  3.765157  2.2  302  -69
2.04083536  0.217028  3.720978  3.4  324  -66
2.04083499  0.218637  3.776371  1.3  304  -70
2.04088483  0.227915  4.103675  0.2   38   35
2.04088623  0.236903  4.433711  2.4   91  -59
2.04092565  0.240762  4.579353  0.2  355   15
2.04099134  0.228840  4.137037  0.9  301  -73
2.04099144  0.228601  4.128402  0.6  301  -72
2.04099652  0.228405  4.121356  2.1  206  -45
2.04102564  0.227428  4.086141  0.6   57  -54
2.04106362  0.224808  3.992541  0.0  166  -38
2.04108195  0.236257  4.409583  0.3  188   60
2.04108378  0.233779  4.317554  0.1  190   54
2.04110430  0.242868  4.659808  2.7  293   55
2.04114812  0.231630  4.238545  0.2  185   55
2.04115432  0.229254  4.152038  0.1  186   48
2.04120081  0.235440  4.379123  0.8  289   14
2.04120832  0.225505  4.017339  0.0  279   48
2.04120953  0.231577  4.236621  1.8  302   42
2.04125275  0.233514  4.307777  0.1  305  137
2.04125521  0.233518  4.307923  1.7  303   46
2.04129794  0.233622  4.311774  0.8   44  -69
2.04132332  0.226724  4.060902  0.1  307  -40
2.04132347  0.226264  4.044421  1.0  119  -43
2.04132371  0.227540  4.090166  2.1  117  -44
2.04139447  0.231921  4.249207  0.1  192   28
2.04139260  0.232749  4.279589  0.2  192   28
2.04141649  0.240052  4.552371  0.0  165  -69
2.04144755  0.226375  4.048409  0.1   20  -37
2.04145247  0.224562  3.983833  0.1   85  -59
2.04149117  0.220259  3.832600  0.0  298  -40
2.04153042  0.231685  4.240573  0.4  181  -64
2.04153412  0.232208  4.259715  0.1  301  -52
2.04153310  0.233193  4.295925  0.0  320  -66
2.04158126  0.233533  4.308471  0.5  194  -51
2.04158888  0.235223  4.371059  0.2   57  -47
2.04162867  0.236189  4.407026  0.8  286  -58
2.04166528  0.232353  4.265045  0.5   14  -73
2.04167339  0.231544  4.235396  2.2  179   61
2.04167052  0.229267  4.152494  0.2  274  -58
2.04171547  0.230117  4.183342  0.1  314  -42
2.04172918  0.227834  4.100764  0.0  100   24
2.04178108  0.226052  4.036864  1.0   78   41
2.04178290  0.222820  3.922256  0.1   72   50
2.04178981  0.224906  3.996016  0.0   43   54
2.04182888  0.225230  4.007559  0.6  285   50
2.04188044  0.225895  4.031246  1.7  209    1
2.04187917  0.225831  4.028974  1.4  208    0
2.04187660  0.225177  4.005679  0.1   25   70
2.04188927  0.226787  4.063162  1.9   24    9
2.04195193  0.221061  3.860572  0.3  283   60
2.04195991  0.222460  3.909589  0.3  282   39
2.04195123  0.221659  3.881489  0.8  282   58
2.04200471  0.216580  3.705641  0.0  289   60
2.04200636  0.217112  3.723870  0.0  276   61
2.04204396  0.223607  3.950010  0.1  290   44
2.04209091  0.229093  4.146205  0.0  335   83
2.04210482  0.222649  3.916231  0.1  164  -85
2.04210406  0.221375  3.871553  1.0   76  -73
2.04215052  0.222245  3.902043  1.4  277  -51
2.04214936  0.216248  3.694281  0.2  204  -48
2.04215009  0.222935  3.926306  0.6  116  -44
2.04219228  0.233927  4.323043  1.0  109  -39
2.04223032  0.233765  4.317038  0.6  197   58
2.04224332  0.226939  4.068586  0.1  298  -55
2.04230414  0.228181  4.113248  6.5  288   18
2.04229424  0.226117  4.039165  0.0  105  -36
2.04230620  0.226846  4.065261  4.8  114    8
2.04233125  0.231283  4.225853  0.3   74  -54
2.04237526  0.224324  3.975382  0.4  280  -73
2.04237275  0.221110  3.862264  0.1   55  -65
2.04241282  0.221886  3.889456  0.1  297   61
2.04241192  0.223007  3.928847  0.6  261   65
2.04244523  0.229721  4.168952  1.3  170  -69
2.04248434  0.224844  3.993820  1.4  135   48
2.04248393  0.225064  4.001636  1.9  137   52
2.04252693  0.224472  3.980636  0.7   65   52
2.04252853  0.227121  4.075139  1.3   49   51
2.04256282  0.225462  4.015816  0.6  187   20
2.04257967  0.224067  3.966280  3.7  190  -59
2.04256479  0.224177  3.970161  0.1  280   59
2.04263298  0.230080  4.182022  3.4  162  -62
2.04266126  0.228113  4.110810  0.6  193   44
2.04266353  0.226841  4.065086  0.1  185   39
2.04267997  0.222665  3.916790  0.0  296  -53
2.04271752  0.223300  3.939154  0.0   73  -37
2.04271822  0.223967  3.962734  0.2  310  -36
2.04274338  0.222607  3.914749  0.5  278   45
2.04278747  0.218400  3.768190  0.2  112   59
2.04278802  0.219072  3.791401  0.1   55  114
2.04279002  0.226170  4.041076  0.1  202   68
2.04286956  0.231357  4.228573  0.4  351   56
2.04286460  0.227184  4.077399  0.1   32   59
2.04287863  0.234126  4.330395  0.3  297  -45
2.04289999  0.233016  4.289436  1.0   67  -49
2.04294246  0.226956  4.069218  0.3  298  -64
2.04294025  0.218703  3.778664  0.0  205  -51
2.04298499  0.227882  4.102501  2.1  321  -37
2.04301622  0.221401  3.872437  0.1   43  -54
2.04301632  0.219710  3.813542  0.2  202  -71
2.04306290  0.232808  4.281759  0.1  287  -30
2.04306457  0.222153  3.898805  0.1  191  -50
2.04306875  0.222070  3.895884  0.1  217  -58
2.04311662  0.232579  4.273331  0.4  280  -63
2.04314832  0.220490  3.840659  3.3  306   58
2.04314831  0.220564  3.843213  3.6  306   58
2.04314929  0.220631  3.845548  3.4  144   43
2.04322130  0.237040  4.438866  0.4  191   53
2.04324427  0.221347  3.870568  1.4  257  -69
2.04324564  0.219539  3.807585  0.8   45  -57
2.04326881  0.225048  4.001075  0.1   99   49
2.04328273  0.227314  4.082055  3.9  189  -11
2.04328971  0.229873  4.174498  4.8  189  -10
2.04335233  0.223507  3.946478  0.6    1   54
2.04335333  0.223696  3.953147  1.6  185   46
2.04335315  0.221465  3.874684  0.5  184   45
2.04341851  0.225349  4.011784  7.3  186  -34
2.04341669  0.225820  4.028572  7.2  183  -32
2.04343551  0.228201  4.113974  5.9  197  -27
2.04344809  0.230813  4.208690  0.0   32   51
2.04349147  0.228915  4.139752  0.6  183   51
2.04349654  0.231160  4.221349  1.3  266   66
2.04352461  0.231968  4.250931  1.7  292  -47
2.04358370  0.222746  3.919646  0.2  103   62
2.04358351  0.223392  3.942422  0.2  282   60
2.04358356  0.217598  3.740548  0.0  269   55
2.04363074  0.223215  3.936173  1.0  184  -38
2.04363398  0.222092  3.896663  0.3  197  -49
2.04363956  0.222322  3.904725  0.9  198  -51
2.04368981  0.232545  4.272086  0.0  278  -72
2.04372755  0.231596  4.237316  0.1   45  -59
2.04372714  0.233095  4.292319  0.7  348  -76
2.04377222  0.228425  4.122056  2.9  125  -24
2.04377296  0.227920  4.103850  2.9  126  -23
2.04377380  0.228538  4.126125  2.9  131  -21
2.04381609  0.231381  4.229420  0.2   61  -50
2.04385400  0.230910  4.212237  0.2   12  -48
2.04385928  0.227035  4.072055  0.1   98  -44
2.04386331  0.226206  4.042350  0.4  110  -43
2.04391078  0.234081  4.328706  0.6  301  -42
2.04394846  0.238610  4.497843  0.5  175  -57
2.04395305  0.235709  4.389131  0.1  101  -46
2.04397955  0.239014  4.513094  0.0   73  -65
2.04399724  0.231646  4.239118  0.1   91  -38
2.04399958  0.235209  4.370530  0.2  284  -34
2.04406100  0.236059  4.402177  0.5  263   43
2.04406277  0.236813  4.430339  1.0   67   55
2.04410299  0.230801  4.208246  0.4  278   40
2.04410564  0.233296  4.299732  0.4  303   43
2.04414520  0.217865  3.749753  0.8  109   59
2.04414491  0.212860  3.579429  0.4  288   57
2.04418561  0.219194  3.795652  0.3  355   53
2.04418589  0.216358  3.698055  0.0  351   57
2.04423946  0.227733  4.097123  0.1  195   18
2.04424367  0.225754  4.026208  0.1  196    9
2.04426798  0.235341  4.375460  1.7  155   23
2.04431383  0.225787  4.027411  1.9  289   60
2.04431247  0.223500  3.946234  0.7  172   71
2.04433374  0.219270  3.798272  0.0  190    6
2.04437223  0.216072  3.688280  3.8  273   54
2.04437204  0.215992  3.685558  5.0  271   56
2.04442215  0.217016  3.720592  0.3  314  -41
2.04442577  0.215793  3.678751  0.1  301 -134
2.04442219  0.217222  3.727659  0.3  314  -41
2.04442499  0.219058  3.790931  0.1  300  -30
2.04447393  0.228562  4.126993  1.4  109  -32
2.04452834  0.221665  3.881699  0.8  277  -64
2.04456617  0.216766  3.712024  0.8  284  -62
2.04456780  0.220903  3.855054  2.7  104  -53
2.04456770  0.217656  3.742552  0.6   69  -67
2.04460847  0.223300  3.939168  4.4   93  -50
2.04460950  0.220640  3.845871  1.3  292  -50
2.04465004  0.223280  3.938466  0.6   54  -57
2.04461160  0.220378  3.836751  2.9  103  -47
2.04472269  0.226838  4.065000  3.5  123   47
2.04472632  0.224668  3.987569  0.0    1  -52
2.04473055  0.223943  3.961891  0.7  297  -54
2.04472880  0.222966  3.927383  0.4   95  -57
2.04479072  0.232800  4.281462  0.4  166  -16
2.04479521  0.225223  4.007309  1.0  167  -19
2.04479140  0.224443  3.979613  0.0  350   -3
2.04484395  0.225747  4.025992  1.7  142   39
2.04484252  0.225157  4.004957  1.0  322   49
2.04491378  0.231828  4.245783  2.7  351   46
2.04491642  0.231528  4.234819  2.8  175   28
2.04491682  0.231346  4.228172  2.3  176   27
2.04498994  0.231948  4.250188  3.8  151  -32
2.04499495  0.228066  4.109130  0.1  278  -27
2.04499500  0.227425  4.086046  0.0  284  -32
2.04500703  0.233694  4.314433  1.3  277   -8
2.04506092  0.230821  4.208989  0.0   41  -36
2.04507174  0.226805  4.063812  0.3   17   65
2.04507487  0.229582  4.163921  0.9   24   61
2.04511078  0.228854  4.137551  0.8  299   58
2.04515413  0.228818  4.136256  0.0  213   63
2.04514131  0.230045  4.180753  0.2  347  -66
2.04518358  0.230749  4.206357  5.9  317  -17
2.04518662  0.230561  4.199508  1.6  180  -56
2.04524063  0.234298  4.336742  2.3   31  -58
2.04526200  0.230580  4.200207  1.1  276  -55
2.04526408  0.229375  4.156420  0.9  302  -46
2.04530772  0.222057  3.895423  0.2   46  -62
2.04531003  0.220970  3.857402  0.1  310  -51
2.04534286  0.219868  3.819009  1.0   13  -40
2.04534763  0.226342  4.047225  1.2   45  -48
2.04538885  0.233647  4.312696  0.4   87  -44
2.04538126  0.236198  4.407359  0.2   63  -57
2.04542273  0.229962  4.177716  0.3   55   58
2.04545102  0.237131  4.442256  1.2  280   23
2.04549790  0.224434  3.979283  0.0  287   65
2.04549675  0.222551  3.912800  0.0  307   65
2.04550483  0.225367  4.012432  0.0  168   58
2.04550440  0.227829  4.100578  0.1  343   61
2.04557522  0.222454  3.909382  3.0  106   33
2.04557546  0.221693  3.882660  3.6  109   35
2.04557520  0.221701  3.882953  3.5  289  146
2.04565165  0.230031  4.180221  0.5   15  -11
2.04563525  0.224010  3.964253  0.2  280   41
2.04568586  0.221852  3.888260  0.5  279   52
2.04569347  0.219975  3.822724  1.2  351   67
2.04569837  0.222099  3.896904  1.3  347   41
2.04571514  0.230904  4.212022  2.5    0   27
2.04577156  0.216128  3.690178  0.2  339   45
2.04577323  0.220874  3.854023  0.2  162   31
2.04579074  0.230707  4.204839  2.3  289  -47
2.04584027  0.221152  3.863763  1.9  176  -64
2.04584003  0.219858  3.818652  1.0  173  -69
2.04586334  0.227811  4.099927  3.4  289  -22
2.04590160  0.226160  4.040736  6.0  304   22
2.04592172  0.229860  4.174026  0.4    2  -48
2.04595286  0.226396  4.049150  2.0  292   62
2.04594861  0.226983  4.070167  1.0  169   56
2.04599891  0.224992  3.999084  0.2   89  122
2.04601140  0.220394  3.837316  0.0  270   56
2.04601141  0.223964  3.962630  0.1  265   10
2.04604932  0.229023  4.143680  0.4    3   37
2.04607996  0.222658  3.916542  0.0  320   56
2.04609397  0.225774  4.026946  1.9  176   27
2.04614072  0.219770  3.815592  1.4  293   -6
2.04614508  0.217573  3.739698  2.3   61  -59
2.04614330  0.218965  3.787717  3.7   84  -56
2.04613773  0.219567  3.808551  2.3  108  -19
2.04621478  0.229969  4.177963  3.3  299   -7
2.04622367  0.228130  4.111433  2.0  120   -7
2.04628289  0.227986  4.106223  2.2  355    2
2.04628232  0.228667  4.130802  2.9  355   10
2.04629194  0.232099  4.255718  1.0  350    1
2.04635083  0.230513  4.197754  1.3  378   62
2.04635601  0.223786  3.956329  1.1  105   52
2.04635682  0.223624  3.950594  0.1  106   52
2.04636836  0.229246  4.151744  0.3  203  -67
2.04642498  0.208210  3.424772  0.2  158   45
2.04642526  0.211494  3.533651  0.4  157   51
2.04642606  0.212948  3.582406  0.7  159   46
2.04648470  0.229472  4.159926  3.6  304   -4
2.04649393  0.222952  3.926900  5.2  331    1
2.04649383  0.224535  3.982867  3.5  160   -4
2.04656176  0.211196  3.523697  3.1   16   27
2.04656489  0.209087  3.453677  0.1  195   15
2.04656141  0.210334  3.494985  0.2  205   16
2.04662686  0.210418  3.497796  0.0  175  -51
2.04669997  0.213883  3.613936  0.9  241  -50
2.04669333  0.214076  3.620451  0.1  208 -114
2.04669842  0.211041  3.518522  1.2  184  -50
2.04669199  0.211198  3.523749  0.3  186  -69
2.04669504  0.213735  3.608931  1.0  177  -32
2.04675757  0.229385  4.156770  0.0  132  -67
2.04676887  0.221567  3.878250  0.0  176  -12
2.04676924  0.223073  3.931146  0.0  359  -10
2.04683306  0.229515  4.161500  1.9  165   11
2.04683711  0.227409  4.085480  1.7  342   15
2.04689070  0.219563  3.808428  0.0   88   31
2.04690305  0.215367  3.664245  1.5  183   26
2.04690370  0.213721  3.608455  1.3  181   27
2.04690354  0.214049  3.619540  0.0  180   27
2.04691040  0.224418  3.978714  1.7   61   38
2.04697716  0.225694  4.024087  0.0  164  -43
2.04699520  0.224660  3.987309  1.1  106  -27
2.04703701  0.212717  3.574647  0.1   30   -8
2.04703684  0.214514  3.635277  0.3   28   -9
2.04704550  0.210821  3.511178  0.0  206  -27
2.04707453  0.226359  4.047824  1.0  180  -75
2.04709215  0.232587  4.273655  1.3  314  -50
2.04713573  0.231330  4.227571  0.2   65   94
2.04717783  0.224507  3.981873  1.5  295  -38
2.04717008  0.225194  4.006283  1.1  355  -50
2.04717943  0.224509  3.981952  2.5  295  -37
2.04717530  0.227314  4.082055  1.0  196  -76
2.04725369  0.229481  4.160269  1.5  295   -9
2.04727689  0.218387  3.767731  1.7  304   28
2.04730225  0.220856  3.853429  4.5  168    3
2.04727777  0.218728  3.779515  2.4  304   28
2.04730206  0.220460  3.839601  4.4  168    5
2.04734116  0.225402  4.013697  0.0  284   25
2.04734676  0.227608  4.092616  1.3  283   37
2.04740612  0.222239  3.901811  1.3  166   32
2.04740529  0.221345  3.870508  0.2  345   44
2.04746297  0.219528  3.807206  2.7  343   61
2.04746565  0.221371  3.871392  3.4  185   47
2.04748631  0.218696  3.778392  4.0  173  -25
2.04748723  0.219005  3.789080  4.1  172  -25
2.04748521  0.221464  3.874642  0.0  104  -87
2.04755561  0.221864  3.888674  0.4  176  -16
2.04755969  0.222322  3.904731  0.2  354  -12
2.04761032  0.224254  3.972916  4.6  350   16
2.04762413  0.222322  3.904755  1.1  172  -51
2.04761463  0.224598  3.985082  4.3  348   11
2.04767742  0.226028  4.036003  1.0  357  -12
2.04768415  0.224841  3.993724  1.0  182  -34
2.04768676  0.224727  3.989693  0.6  191  -39
2.04773299  0.224485  3.981075  0.0   54   88
2.04774318  0.224637  3.986487  0.1   13    2
2.04774113  0.228313  4.118004  2.2  177  -63
2.04780836  0.224131  3.968543  0.1   11  -56
2.04780958  0.226057  4.037030  0.3    3  -56
2.04781199  0.218610  3.775435  0.0  215  -74
2.04788748  0.223793  3.956596  0.6  197  -21
2.04788811  0.224195  3.970810  0.8  197  -21
2.04793579  0.216456  3.701394  0.0  207   51
2.04794446  0.211091  3.520182  0.0  200   49
2.04794374  0.208678  3.440188  0.0  199   50
2.04794627  0.215407  3.665620  0.2   14   61
2.04795427  0.223821  3.957567  1.4  185   34
2.04803527  0.219642  3.811182  1.1  150  -34
2.04803740  0.220694  3.847752  0.0  321  -39
2.04804100  0.217730  3.745090  0.9  324  -23
2.04807839  0.218207  3.761523  1.0  350   52
2.04814830  0.221832  3.887550  1.4  121   44
2.04814705  0.218124  3.758667  0.9  114   26
2.04814456  0.219825  3.817512  1.3  292   32
2.04814817  0.219029  3.789911  0.4  288   38
2.04821352  0.218527  3.772573  0.7  189   -6
2.04821372  0.216997  3.719919  0.1  190   -6
2.04825943  0.213554  3.602806  0.3  319   87
2.04826084  0.210586  3.503377  0.3    4   82
2.04825909  0.211154  3.522285  0.0  337   82
2.04829475  0.212378  3.563242  0.3  312  -51
2.04834968  0.218150  3.759556  0.6  158  -47
2.04834667  0.215742  3.677039  0.0  337  -34
2.04834553  0.217184  3.726331  0.1  337  -33
2.04841750  0.225408  4.013901  1.3  180    3
2.04842821  0.224015  3.964437  0.7  269  -41
2.04841617  0.223509  3.946534  1.3    2   14
2.04846970  0.228404  4.121305  0.4  346    9
2.04847086  0.226709  4.060370  1.4  174   -6
2.04847176  0.227440  4.086597  0.3  166   -4
2.04854852  0.227878  4.102360  0.9  180  -25
2.04855042  0.228056  4.108754  1.5  178  -28
2.04860899  0.227637  4.093664  1.6  347    6
2.04861479  0.227583  4.091719  0.4  283  -59
2.04861516  0.226048  4.036725  0.2  288  -56
2.04868103  0.227205  4.078157  0.2  165  -42
2.04868084  0.227161  4.076560  0.1  348  -23
2.04867177  0.227721  4.096707  0.1  191  -47
2.04867319  0.229630  4.165676  0.1  200  -53
2.04873991  0.231432  4.231303  2.2  199    0
2.04873929  0.229450  4.159121  1.3  200   -2
2.04879949  0.228690  4.131646  0.5  216   54
2.04880012  0.228086  4.109852  0.7  167  -19
2.04879908  0.228469  4.123650  3.0  238   43
2.04887006  0.227019  4.071468  0.0  251  -90
2.04886976  0.224914  3.996307  0.0  188  -85
2.04889400  0.226519  4.053553  0.0  315  -80
2.04893401  0.225311  4.010438  0.2  198   23
2.04894080  0.225322  4.010817  2.1  198   -1
2.04894721  0.224856  3.994260  1.6  202   -9
2.04894730  0.224249  3.972724  0.9  202   -9
2.04901107  0.221218  3.866048  0.0  171   23
2.04901033  0.221376  3.871584  0.3  165   29
2.04907272  0.219754  3.815045  0.6  183  -32
2.04906872  0.219124  3.793194  0.4  178  -31
2.04907040  0.219067  3.791230  1.0  188  -20
2.04914044  0.205748  3.344232  0.3  349   50
2.04913770  0.208802  3.444270  0.2    2   56
2.04913613  0.204642  3.308402  0.0  359   57
2.04920621  0.218813  3.782454  5.5  113   52
2.04920714  0.218449  3.769872  6.0  113   49
2.04920627  0.218388  3.767756  6.0  282   51
2.04927162  0.216204  3.692801  1.7  214   27
2.04927170  0.215790  3.678659  5.4   18   13
2.04927175  0.215678  3.674847  4.6   18   13
2.04927166  0.215659  3.674191  4.8   18   13
2.04934794  0.221490  3.875581  3.9  160    2
2.04934936  0.221256  3.867396  4.1  160    2
2.04940385  0.227690  4.095573  0.4  180    1
2.04941125  0.218486  3.771149  0.2  358  -15
2.04941316  0.217543  3.738667  0.0  175  -27
2.04942297  0.225933  4.032625  0.3  201  -45
2.04948821  0.229999  4.179055  0.1  161  -40
2.04949196  0.229655  4.166581  0.1  160  -16
2.04949106  0.235377  4.376792  3.4   96  -44
2.04954148  0.227924  4.104016  5.7   51  -54
2.04954402  0.228808  4.135909  5.7  251  -56
2.04957594  0.232977  4.287972  1.2  193   34
2.04960212  0.236627  4.423376  4.9  303   58
2.04964820  0.231458  4.232244  5.6   79   65
2.04964608  0.233311  4.300292  2.2  258   42
2.04966874  0.228687  4.131534  1.0  300  -45
2.04971101  0.228912  4.139665  1.6  323   -6
2.04971783  0.228083  4.109720  2.2  321  -10
2.04977043  0.222369  3.906394  2.4  304   12
2.04977003  0.220846  3.853072  0.2  311   57
2.04977047  0.222459  3.909557  2.3  303   12
2.04979283  0.229718  4.168875  0.3  303   40
2.04985322  0.227375  4.084264  0.4  340   44
2.04984700  0.229960  4.177657  0.3   55   61
2.04985356  0.227850  4.101350  0.4  345   40
2.04992081  0.226168  4.040998  0.4  163  -25
2.04992212  0.226205  4.042324  1.6  358  -12
2.04993296  0.229294  4.153466  3.5  195  -16
2.04998642  0.223933  3.961518  3.0   13   40
2.04999015  0.222114  3.897424  1.7  198   16
2.04999991  0.219924  3.820947  0.2  195   17
2.05000095  0.221619  3.880077  0.8  195   10
2.05005174  0.228346  4.119222  0.1  170  -75
2.05004918  0.224208  3.971252  0.1  177   57
2.05012632  0.219932  3.821245  0.9  197  -13
2.05012185  0.214832  3.646059  0.5   18    3
2.05012912  0.210897  3.513724  0.0   21    4
2.05012893  0.214323  3.628828  0.1  199  -12
2.05019644  0.233131  4.293657  0.1  352   -6
2.05020819  0.233692  4.314339  0.0  304   -9
2.05026152  0.227766  4.098294  1.3  136  -83
2.05027144  0.221691  3.882618  1.0  160  -62
2.05027559  0.223732  3.954436  0.4  292  -95
2.05027561  0.224515  3.982152  0.7  114  -84
2.05033956  0.220757  3.849974  0.1  329   47
2.05033360  0.223832  3.957972  0.1  193   59
2.05033459  0.226047  4.036695  0.6  177   54
2.05039411  0.228606  4.128593  0.8   96   49
2.05039903  0.230763  4.206883  0.5  306  -48
2.05045355  0.222628  3.915492  0.0   76   57
2.05046702  0.216726  3.710650  0.1  175    5
2.05046630  0.215489  3.668411  0.0  176    5
2.05046507  0.215019  3.652436  0.0  176    9
2.05053353  0.218580  3.774416  0.2  181   32
2.05053096  0.219089  3.792010  1.7  350   47
2.05054964  0.225111  4.003334  1.0  117  -32
2.05061039  0.216529  3.703902  0.0  354  -37
2.05063039  0.216026  3.686715  1.3  333   58
2.05063224  0.217067  3.722337  1.9  185   55
2.05064770  0.215642  3.673624  0.0  181   14
2.05064770  0.213958  3.616478  0.0    1   27
2.05070277  0.218495  3.771481  0.4   43   72
2.05071211  0.212280  3.559972  0.0  357  -31
2.05078215  0.223139  3.933492  0.2  155  -18
2.05078258  0.222348  3.905640  0.2  153  -25
2.05078065  0.227157  4.076428  3.6    6    7
2.05084569  0.219854  3.818513  2.5  316   -2
2.05083776  0.225441  4.015068  1.1  189   51
2.05084551  0.224327  3.975482  0.1  310  -20
2.05084479  0.222388  3.907065  1.0  312  -17
2.05090619  0.217227  3.727829  0.0  298   29
2.05091975  0.224055  3.965856  0.2  304   66
2.05091638  0.219522  3.807016  0.1  336   59
2.05098440  0.223418  3.943333  0.1  178  -24
2.05098538  0.222367  3.906315  0.0  176  -24
2.05098233  0.224626  3.986082  0.1  355   -1
2.05106030  0.226270  4.044649  3.9  163  -18
2.05106049  0.226790  4.063255  4.2  165  -16
2.05106205  0.227080  4.073659  3.1  170  -18
2.05112371  0.218637  3.776377  0.1  302  -62
2.05112366  0.217753  3.745884  0.0   55  -67
2.05112267  0.217179  3.726158  0.0   90  -59
2.05119064  0.229344  4.155311  4.0  203   10
2.05120266  0.221306  3.869137  0.1  164  -67
2.05120184  0.221059  3.860501  0.0  316  -74
2.05125740  0.222461  3.909613  0.6  346   44
2.05125860  0.224871  3.994786  2.4  182  -61
2.05126640  0.227615  4.092878  4.0  186   33
2.05133057  0.226002  4.035086  2.4   11   -7
2.05133166  0.224320  3.975246  3.0  189  -16
2.05133240  0.224100  3.967454  1.0  187  -17
2.05139655  0.223833  3.957986  0.8  178   11
2.05139472  0.223586  3.949262  0.4  182   12
2.05139662  0.221841  3.887861  0.2  176   11
2.05147052  0.223540  3.947654  0.2   11  -48
2.05146617  0.221414  3.872902  0.1  181  -48
2.05149741  0.220735  3.849208  0.3   78  106
2.05149713  0.217381  3.733099  0.2  301   68
2.05150086  0.221983  3.892856  3.1   19   58
2.05154108  0.226290  4.045374  0.4  190  -27
2.05154050  0.227113  4.074855  0.3  188  -28
2.05161334  0.224905  3.996007  3.4  181   42
2.05163357  0.223332  3.940296  0.0  310   81
2.05163397  0.219726  3.814067  0.1   94   76
2.05168185  0.222408  3.907775  3.6   89   52
2.05168159  0.221381  3.871771  4.9  289   59
2.05168012  0.222812  3.921968  4.1  270   57
2.05172315  0.232245  4.261066  3.3  305   -0
2.05176429  0.220771  3.850438  4.0  311   47
2.05176484  0.220657  3.846474  5.0  308   45
2.05178473  0.224879  3.995082  0.8  329  -49
2.05182305  0.229004  4.142979  0.1  155  -53
2.05185642  0.231047  4.217226  0.1  341  -37
2.05187864  0.221846  3.888033  4.5  125  -43
2.05191358  0.221975  3.892574  0.7  322  -40
2.05191747  0.220696  3.847831  0.5  135  -49
2.05191604  0.219607  3.809947  0.8  299 -127
2.05195792  0.226074  4.037654  3.8  310  -37
2.05195859  0.225306  4.010271  3.6  311  -36
2.05204443  0.230491  4.196949  1.0  359  -50
2.05204360  0.222988  3.928168  0.3  177  -49
2.05204566  0.223889  3.959988  1.3  176  -56
2.05204664  0.235175  4.369266  3.5  294  -77
2.05210605  0.235320  4.374679  1.9  187  -48
2.05210785  0.232372  4.265727  1.5  311  -43
2.05212484  0.233947  4.323757  2.4  195  -57
2.05214003  0.231379  4.229377  3.1  312  -19
2.05218070  0.230458  4.195765  0.0  323   11
2.05218312  0.231418  4.230774  0.2  144   -3
2.05225380  0.224479  3.980877  5.7  201   39
2.05224964  0.223547  3.947896  0.0  176   -6
2.05225822  0.216309  3.696380  0.0  201  -74
2.05230145  0.227082  4.073718  0.8  188   36
2.05230896  0.227085  4.073833  0.3    1   40
2.05234942  0.222544  3.912556  0.0  190   61
2.05237118  0.219730  3.814233  0.1  189   14
2.05237741  0.218151  3.759602  0.1    9   28
2.05242037  0.217269  3.729264  0.1   44   57
2.05242054  0.217557  3.739151  0.5   44   57
2.05242513  0.218714  3.779014  0.4  208  120
2.05248705  0.227696  4.095785  1.2  299   44
2.05251328  0.220946  3.856560  1.7   17  -16
2.05252313  0.212329  3.561607  0.1  207  -20
2.05251979  0.210980  3.516508  0.2   28   -6
2.05256778  0.226921  4.067957  0.5  184   40
2.05256783  0.227293  4.081322  0.4  179   37
2.05260538  0.228292  4.117252  0.1  276   50
2.05264342  0.227642  4.093860  0.5  107   43
2.05264344  0.225384  4.013028  0.2  281   41
2.05267614  0.225351  4.011857  0.2   46  -53
2.05266746  0.223168  3.934521  0.7   38  -51
2.05271828  0.228523  4.125587  0.7  159  -69
2.05272611  0.228083  4.109709  0.1  357   -7
2.05276784  0.221850  3.888166  0.2  294  -39
2.05276730  0.227390  4.084773  0.1   96  -63
2.05284659  0.225851  4.029671  0.4    0   12
2.05284312  0.227487  4.088293  0.2  182   11
2.05284605  0.227498  4.088688  0.2   61  -47
2.05290752  0.223988  3.963476  0.4   76   83
2.05290622  0.222172  3.899460  0.1   80   85
2.05290683  0.224425  3.978951  2.2  349   70
2.05290746  0.223518  3.946868  0.6  173   63
2.05299230  0.223861  3.958997  0.0  109   37
2.05299351  0.223392  3.942429  0.1  274   42
2.05299335  0.224709  3.989022  1.1  273   49
2.05303842  0.227199  4.077940  0.9  295   25
2.05304684  0.229912  4.175905  0.7  283   23
2.05306768  0.231607  4.237691  0.5  112  -38
2.05306748  0.230523  4.198125  0.1  112  -38
2.05313663  0.235171  4.369120  4.9  312   39
2.05314073  0.234733  4.352866  3.5  302   40
2.05317889  0.226689  4.059657  0.1  285  -55
2.05318216  0.225999  4.034967  0.0   83  -61
2.05322170  0.222954  3.926973  1.0  304   37
2.05322419  0.229475  4.160046  1.0  284   50
2.05327321  0.219564  3.808474  0.1  104   52
2.05327305  0.221360  3.871029  0.2  100   53
2.05331113  0.220160  3.829151  1.5  286   51
2.05331126  0.220149  3.828767  1.4  285   52
2.05335256  0.222834  3.922745  0.6   68   43
2.05335592  0.216874  3.715715  0.0   55   42
2.05339977  0.227424  4.086030  0.0  105   80
2.05341970  0.219504  3.806387  4.0  286  -63
2.05342528  0.220670  3.846928  4.2  317  -53
2.05348363  0.213654  3.606196  1.0  283   33
2.05348194  0.213159  3.589519  0.6  102  147
2.05348323  0.212839  3.578722  0.1  283   32
2.05354860  0.222667  3.916849  0.1  272  -53
2.05355353  0.215260  3.660627  0.0  290  -45
2.05355659  0.216107  3.689481  0.0   89  -62
2.05358904  0.217844  3.749040  0.7  298  -45
2.05359557  0.212880  3.580097  0.0  105  -36
2.05364449  0.232161  4.258005  0.0  189   17
2.05369722  0.226289  4.045317  0.2  294  -58
2.05369682  0.223979  3.963162  0.3  266  -65
2.05369806  0.226126  4.039489  0.8   65  -60
2.05372327  0.231412  4.230584  2.7  167    2
2.05376557  0.231382  4.229465  2.9  175  -24
2.05377736  0.231691  4.240791  4.8  175  -54
2.05378527  0.231179  4.222038  1.0  354  -29
2.05382148  0.232898  4.285073  1.7  297  -65
2.05383895  0.235071  4.365401  4.2  174  -56
2.05385105  0.231973  4.251091  0.3  279   49
2.05389328  0.233150  4.294355  0.5   63   60
2.05393473  0.232705  4.277972  0.4  126   70
2.05393167  0.219397  3.802664  0.2   58   52
2.05393818  0.223070  3.931041  0.2   32   51
2.05397118  0.226816  4.064202  0.0   65   61
2.05401521  0.229884  4.174880  0.1   43   63
2.05401823  0.230519  4.197975  0.5  188   50
2.05401815  0.232920  4.285886  0.4  288   49
2.05407973  0.229672  4.167174  1.7  319   16
2.05408634  0.227996  4.106577  2.6  313   -3
2.05412007  0.232960  4.287362  1.5   33  -41
2.05415363  0.227538  4.090101  0.1  126   15
2.05415930  0.228454  4.123112  0.0  310  -28
2.05415252  0.225620  4.021450  0.0  126   21
2.05420761  0.226315  4.046276  1.1  322   43
2.05427060  0.228903  4.139343  0.7  125   53
2.05427133  0.227901  4.103156  0.7  126   57
2.05428815  0.219121  3.793122  0.0  316  -27
2.05428579  0.221157  3.863915  0.2  313  -29
2.05429183  0.217197  3.726784  0.0  314  -25
2.05435150  0.216466  3.701758  3.1  298   32
2.05435138  0.216146  3.690825  2.5  298   33
2.05435218  0.217381  3.733095  0.9  132   25
2.05439893  0.226119  4.039260  0.4   94  -57
2.05443865  0.221440  3.873806  0.0  108  -48
2.05443854  0.222163  3.899167  0.0  109  -48
2.05449802  0.216474  3.702015  1.0  292 -150
2.05449612  0.217493  3.736969  0.0  110  -26
2.05450034  0.219886  3.819645  0.6  114  -38
2.05455311  0.219842  3.818111  0.2   99  120
2.05455088  0.220892  3.854685  0.5  274   58
2.05459680  0.234424  4.341406  0.5   58   64
2.05462235  0.229419  4.158008  3.3    1  -25
2.05463352  0.228107  4.110581  1.9  170  -43
2.05464179  0.223000  3.928597  1.4  168  -54
2.05468342  0.218715  3.779054  0.1  296   43
2.05468417  0.220439  3.838885  0.9  301   35
2.05469609  0.225324  4.010899  0.0  297  -69
2.05473065  0.230224  4.187246  0.1   28   51
2.05476919  0.233703  4.314747  2.1  203  -46
2.05477459  0.231369  4.228990  1.7  198  -52
2.05481587  0.232323  4.263948  1.0  113    6
2.05481957  0.228021  4.107479  0.5  279   56
2.05482042  0.225188  4.006062  0.1  295  131
2.05484916  0.229909  4.175783  0.0   40   39
2.05485972  0.235276  4.373029  0.1  209   26
2.05492064  0.237067  4.439851  3.1  315  -18
2.05496799  0.225516  4.017755  1.2  284 -128
2.05496943  0.223740  3.954697  0.8  276  -56
2.05497492  0.226641  4.057912  0.5  291  -53
2.05501482  0.227601  4.092366  0.2  311  -40
2.05501538  0.228223  4.114768  0.1  313  -36
2.05506248  0.227251  4.079804  0.1  173   50
2.05506188  0.227440  4.086571  0.1  168   47
2.05510504  0.235506  4.381584  0.0  301  -63
2.05510671  0.232937  4.286519  0.0  302  -63
2.05514648  0.234343  4.338423  1.0  298  -44
2.05514573  0.235026  4.363722  1.9   96  -49
2.05516794  0.233958  4.324164  1.8   36   66
2.05521557  0.238788  4.504551  1.0  302  -35
2.05526712  0.232330  4.264187  4.1   10  -51
2.05527311  0.227910  4.103503  0.7  298  -38
2.05527207  0.230979  4.214768  2.6  298  -51
2.05527278  0.227975  4.105838  1.7   85  -54
2.05527244  0.227809  4.099857  1.9  298  -48
2.05534074  0.229842  4.173359  0.0  178   47
2.05534261  0.232345  4.264742  0.2  179   46
2.05541112  0.225954  4.033354  2.9  308   25
2.05541583  0.226266  4.044500  2.7  306   39
2.05541833  0.222899  3.925039  1.2  147   25
2.05541840  0.224496  3.981481  1.6  318   32
2.05548206  0.233169  4.295044  0.7  191   32
2.05552300  0.230746  4.206259  0.6  289   40
2.05552758  0.231375  4.229232  0.7   96   47
2.05552783  0.228789  4.135222  0.1  266   41
2.05557436  0.228858  4.137705  2.5    5  -15
2.05558221  0.229007  4.143110  1.7   10  -40
2.05558515  0.235834  4.393810  0.7  289  -34
2.05563803  0.234065  4.328136  0.1  309  -56
2.05568789  0.224705  3.988878  0.3  150  -60
2.05568865  0.224178  3.970189  0.3  351  -34
2.05568731  0.225492  4.016898  0.1  329  -52
2.05571909  0.233116  4.293107  0.0  317  -64
2.05576170  0.235653  4.387052  0.2   52  -58
2.05576313  0.235470  4.380238  0.1   63  -58
2.05580615  0.240552  4.571372  1.7   54  -51
2.05584305  0.238756  4.503356  2.5   72  -42
2.05584727  0.235612  4.385524  2.0   71  -45
2.05584824  0.234503  4.344327  1.3   84  -48
2.05588145  0.231453  4.232081  0.0   49   66
2.05591205  0.234460  4.342752  0.0  208   86
2.05584859  0.236394  4.414694  1.9  287  -51
2.05595973  0.236060  4.402234  0.1  298   42
2.05600212  0.234028  4.326776  0.1  130   53
2.05600159  0.234443  4.342127  0.4   56   71
2.05600333  0.233578  4.310120  0.4  283   69
2.05603872  0.238281  4.485460  0.7   49  -39
2.05607982  0.233598  4.310857  1.2  267  -52
2.05608150  0.234771  4.354291  2.4   66  -50
2.05611874  0.235036  4.364128  0.1  282  -48
2.05615596  0.233364  4.302227  0.7  159  -94
2.05615759  0.225345  4.011641  0.0  176  -89
2.05619411  0.236906  4.433841  0.2  202    5
2.05620084  0.233622  4.311774  0.4  313  -56
2.05623331  0.232447  4.268490  0.4  301   45
2.05624048  0.233203  4.296296  1.1  193  -55
2.05628016  0.227274  4.080640  0.8  298   52
2.05628470  0.227765  4.098270  2.3  280   49
2.05632628  0.235170  4.369093  0.3  274   72
2.05633001  0.236498  4.418585  0.2   67   98
2.05634240  0.236076  4.402818  1.4  294   45
2.05642210  0.227103  4.074502  2.4  288   38
2.05642332  0.226393  4.049065  1.0  286   35
2.05642192  0.225610  4.021075  0.5  288   39
2.05646727  0.224435  3.979325  3.4  128   54
2.05646712  0.224253  3.972880  3.3  293   61
2.05646981  0.231367  4.228925  1.2   26  114
2.05652457  0.234101  4.329457  0.2  197  -42
2.05652336  0.225420  4.014326  0.1  120  -30
2.05655290  0.238109  4.478976  4.0  260    2
2.05658931  0.236942  4.435173  0.1  167  -80
2.05661332  0.235766  4.391280  1.7  283  -50
2.05662066  0.234167  4.331906  0.6  308  -60
2.05666180  0.233909  4.322368  2.2  285  -53
2.05666122  0.222578  3.913740  0.1  127  -43
2.05670513  0.226416  4.049873  0.1   95   60
2.05670576  0.230846  4.209898  0.3  289   68
2.05674558  0.238672  4.500187  2.5  297  -50
2.05675116  0.235608  4.385398  3.0  299  -32
2.05679842  0.243933  4.700774  0.5  302   45
2.05682489  0.239132  4.517549  0.0  286  -10
2.05682325  0.232849  4.283273  0.0  195   28
2.05685915  0.234263  4.335458  4.1  331  -58
2.05689805  0.232196  4.259288  0.9  103  -53
2.05689870  0.229586  4.164080  0.0  299  -47
2.05690079  0.233147  4.294253  0.6  114  -51
2.05694128  0.237851  4.469276  0.2  185  -49
2.05697372  0.235310  4.374288  0.2  311   26
2.05697997  0.232209  4.259761  0.9  288   54
2.05698791  0.231056  4.217569  0.1  212  -18
2.05705565  0.238207  4.482646  0.2  299   57
2.05706189  0.234546  4.345953  0.1   61   61
2.05706665  0.235071  4.365415  0.4   53   61
2.05712383  0.228185  4.113405  0.5  291   32
2.05712508  0.222558  3.913026  0.1  120   30
2.05713666  0.221666  3.881731  0.1  159   72
2.05717235  0.229025  4.143748  0.2  185   39
2.05718027  0.235926  4.397221  0.8  168   36
2.05721075  0.237150  4.442953  0.2  296  -40
2.05725185  0.230291  4.189676  0.3  329  -48
2.05725120  0.226817  4.064233  1.6   84  -54
2.05726694  0.228632  4.129539  3.0  300    2
2.05727208  0.229113  4.146946  0.2  108  -12
2.05731929  0.232457  4.268855  0.0  313  -76
2.05736774  0.234778  4.354525  0.1  304  -53
2.05736452  0.230511  4.197701  0.1   68  -57
2.05741001  0.229789  4.171449  3.3  166  -58
2.05740771  0.229297  4.153588  1.9  107  -49
2.05741553  0.231163  4.221458  0.6   88  -50
2.05746640  0.234332  4.338006  1.1   18   65
2.05746546  0.234490  4.343855  1.6   17   65
2.05754445  0.230720  4.205294  1.3   23  -36
2.05755161  0.229133  4.147654  3.3   21  -57
2.05755046  0.231160  4.221374  3.6   17  -61
2.05755198  0.227823  4.100368  3.4  203  -69
2.05762165  0.236135  4.405037  1.3  323  116
2.05762694  0.233791  4.318010  0.9  296   65
2.05762670  0.235702  4.388879  0.7  278   66
2.05767169  0.238577  4.496589  4.4  176   26
2.05771004  0.236972  4.436294  1.7  133  -69
2.05771148  0.231646  4.239146  0.2  282  -52
2.05771014  0.230535  4.198566  0.1  283  -52
2.05775196  0.232916  4.285758  0.0   44  -69
2.05777771  0.236944  4.435258  0.2   76  -30
2.05780629  0.236077  4.402868  2.9  351   21
2.05782354  0.235283  4.373285  1.7  280  -44
2.05782092  0.232676  4.276896  1.2  319  -46
2.05785889  0.240510  4.569747  2.1   80    2
2.05792529  0.243360  4.678715  2.8   53   68
2.05793543  0.228393  4.120898  0.0  317   18
2.05793917  0.231845  4.246434  0.5  313   15
2.05795835  0.230434  4.194905  1.9    8  -32
2.05796239  0.234763  4.353986  3.7  316  -61
2.05796972  0.237086  4.440562  4.4  123  -45
2.05801511  0.236484  4.418068  0.7  191  -60
2.05805899  0.232525  4.271362  6.8    5   37
2.05805856  0.234314  4.337340  6.9  184   20
2.05808482  0.232135  4.257043  0.1  305  -56
2.05812239  0.234585  4.347393  5.8  313   25
2.05812201  0.237769  4.466202  4.6  188   55
2.05818663  0.236499  4.418626  4.9  291  142
2.05818882  0.240307  4.562055  1.2  108   32
2.05820725  0.237467  4.454870  1.0  184   24
2.05820825  0.236509  4.418982  0.3  184   22
2.05828211  0.241940  4.624248  0.9  173  -43
2.05829278  0.241552  4.609429  0.2  200   41
2.05828665  0.239475  4.530527  2.0  193  -51
2.05834078  0.235936  4.397599  0.1  201   58
2.05834199  0.234007  4.325976  0.0  201   61
2.05835647  0.235966  4.398726  3.8  304  -11
2.05835696  0.235087  4.366018  4.1  303 -166
2.05841210  0.239106  4.516560  1.9  294   30
2.05842866  0.233486  4.306753  0.1  297   47
2.05846226  0.234694  4.351406  4.3  287 -121
2.05847286  0.238143  4.480266  1.1  350   40
2.05848747  0.238861  4.507313  3.3  288  -11
2.05853323  0.236776  4.428972  0.1  278  -36
2.05855700  0.235147  4.368243  2.1  151  -23
2.05855488  0.235167  4.368969  1.7  328  -11
2.05860057  0.231247  4.224527  0.1  183  -15
2.05861291  0.232807  4.281729  0.6    5   -3
2.05864702  0.234373  4.339523  0.3   23   14
2.05866358  0.239275  4.522950  0.8   25   24
2.05868227  0.237338  4.450003  0.7   44   41
2.05873261  0.232045  4.253752  2.4  109   31
2.05873861  0.231584  4.236862  2.1  111   32
2.05873280  0.231361  4.228723  1.8  287   64
2.05877653  0.231577  4.236607  0.1  314   50
2.05878101  0.235461  4.379926  1.2  296   67
2.05885133  0.234306  4.337057  0.8    7  -63
2.05884586  0.231233  4.224030  0.3  190  -53
2.05884933  0.234038  4.327115  1.5  203  -54
2.05887954  0.235236  4.371530  1.0  143   41
2.05888862  0.234731  4.352793  2.0  161   66
2.05892459  0.238128  4.479683  1.0    1  -42
2.05898063  0.238848  4.506836  1.0  172  -36
2.05897880  0.237606  4.460062  2.8  351  -15
2.05897973  0.239400  4.527664  3.3  218  -45
2.05901940  0.238457  4.492090  3.0   38   40
2.05908643  0.233377  4.302728  0.4  283   64
2.05908743  0.233462  4.305862  0.3  286   59
2.05908698  0.226650  4.058261  0.1  172   40
2.05908895  0.228363  4.119811  0.6  169   40
2.05915233  0.236658  4.424553  0.6  295   69
2.05915432  0.236293  4.410901  0.2  186   60
2.05915534  0.236017  4.400629  0.0   35   82
2.05920471  0.239222  4.520930  1.0  308   12
2.05922486  0.237627  4.460847  0.5  291   40
2.05925821  0.236698  4.426052  4.2  289  -56
2.05927020  0.235539  4.382795  1.0  283   -8
2.05926915  0.236523  4.419519  0.0  279  -13
2.05932336  0.231357  4.228546  0.3   48  -50
2.05932728  0.230945  4.213508  0.2   47  -50
2.05933752  0.231100  4.219170  2.8  322  -45
2.05940919  0.224081  3.966774 10.4  317    2
2.05940149  0.228933  4.140399  7.0  312    2
2.05940603  0.224266  3.973339 10.8  316    2
2.05940889  0.226470  4.051786  9.4  316    5
2.05947107  0.233480  4.306526  0.0  300  -66
2.05949068  0.239751  4.540979  0.2   13  -26
2.05952027  0.233814  4.318864  0.0  171  -54
2.05954025  0.235972  4.398931  0.1  284   -7
2.05955360  0.239963  4.548983  1.0   28   37
2.05957847  0.241251  4.597948  1.0  314  -42
2.05962879  0.237275  4.447644  3.2  298   28
2.05962863  0.237848  4.469163  3.0  298   27
2.05963025  0.236242  4.409021  0.1  169   21
2.05968177  0.233230  4.297288  0.1  289   53
2.05968179  0.233841  4.319839  0.0  289   53
2.05975477  0.231447  4.231835  1.0  116   38
2.05975547  0.228700  4.131999  2.4   13   52
2.05975869  0.227583  4.091713  0.9  355   47
2.05975854  0.227059  4.072912  1.2  176   35
2.05983987  0.231583  4.236842  0.0  191  -34
2.05984049  0.232484  4.269863  1.6  188  -40
2.05984286  0.231203  4.222935  1.4  196  -39
2.05989189  0.222853  3.923410  0.3   18   44
2.05989232  0.224462  3.980258  1.0   18   43
2.05992253  0.231215  4.223384  2.2  201   42
2.05994426  0.232988  4.288403  1.3  298   29
2.05996998  0.233029  4.289898  3.7  191  -69
2.05997681  0.233691  4.314305  3.5  212  -47
2.06001441  0.234481  4.343526  4.0   18  -38
2.06003670  0.232114  4.256287  0.1  179  -70
2.06006955  0.229711  4.168608  4.0  209   60
2.06007422  0.226303  4.045821  3.5  195   60
2.06007826  0.225990  4.034654  2.8   25   66
2.06010699  0.232956  4.287211  0.7  300  -26
2.06017350  0.225482  4.016544  2.8  308  -55
2.06017415  0.225005  3.999545  2.0  307  -58
2.06017532  0.225499  4.017134  2.6  110  -63
2.06022067  0.235519  4.382076  4.1  287  -27
2.06022862  0.236789  4.429446  3.0   98  -25
2.06025481  0.239742  4.540604  2.0  196  -10
2.06029083  0.238474  4.492722  0.9   12   12
2.06032634  0.231829  4.245830  1.0   15  -34
2.06033442  0.232104  4.255907  2.8   20  -37
2.06035966  0.230742  4.206118  2.2   21  -67
2.06037244  0.232082  4.255093  1.9  197  -42
2.06037885  0.231650  4.239258  0.3   13  -34
2.06039413  0.234726  4.352618  0.9  106  -45
2.06043475  0.235401  4.377686  0.7  271   34
2.06047178  0.235315  4.374472  1.7   73  -46
2.06049284  0.236286  4.410639  0.6  108   22
2.06051533  0.237782  4.466684  0.2  169   33
2.06055266  0.233682  4.313985  0.4  306   27
2.06055958  0.229740  4.169641  0.0   64   44
2.06060458  0.227183  4.077361  0.5   72   40
2.06060145  0.224724  3.989557  0.0  299  121
2.06060198  0.227315  4.082112  0.0  269   63
2.06063325  0.238644  4.499111  1.4  180   31
2.06067276  0.234811  4.355753  0.2   64   36
2.06068224  0.235515  4.381925  1.6   46   47
2.06074271  0.230628  4.201958  4.0   20   64
2.06075361  0.227567  4.091145  3.4  187   29
2.06075400  0.228121  4.111092  3.8  183   28
2.06075677  0.228165  4.112672  3.2  190   16
2.06082588  0.216891  3.716283  0.6  281   43
2.06082673  0.217032  3.721125  0.1  279   45
2.06082630  0.216561  3.704978  0.4  280   43
2.06087388  0.224706  3.988934  3.1  298   51
2.06087631  0.226717  4.060631  2.0  292   54
2.06090366  0.231722  4.241906  2.6   80  -29
2.06095887  0.217963  3.753131  0.0  162   18
2.06096029  0.217983  3.753823  0.0  160   19
2.06095937  0.217842  3.748962  0.0  162   18
2.06102692  0.225289  4.009649  3.2  178  -51
2.06102668  0.225079  4.002195  3.1  177  -50
2.06103159  0.225323  4.010852  2.8  177  -52
2.06108835  0.227795  4.099355  0.3  174    3
2.06110911  0.221176  3.864573  0.1   52  -61
2.06110885  0.222452  3.909322  1.0   65  -61
2.06115088  0.223759  3.955392  0.2  355  -31
2.06115842  0.225492  4.016891  0.8  185  -47
2.06221495  0.228848  4.137355  4.3  283   65
2.06123679  0.233264  4.298573  0.1  160  -54
2.06124522  0.232426  4.267739  0.0   80  -47
2.06124078  0.232751  4.279654  1.6  188  -32
2.06130766  0.233245  4.297869  1.1  278  -28
2.06131323  0.234201  4.333177  2.1  276  -28
2.06131324  0.233954  4.324028  1.7  277  -28
2.06131220  0.234700  4.351652  1.4  277  -23
2.06136959  0.240266  4.560486  1.0  183   -4
2.06140531  0.237474  4.455122  1.1   91  -50
2.06144710  0.234901  4.359097  1.0  192  -48
2.06145459  0.230673  4.203580  0.1  285   55
2.06145655  0.234721  4.352414  0.0  107   65
2.06149685  0.231503  4.233884  1.0  276   52
2.06150462  0.237099  4.441072  1.4  305   72
2.06154538  0.234084  4.328838  1.2  195   43
2.06154551  0.233430  4.304664  1.0  188   38
2.06155476  0.230785  4.207684  1.0  157   23
2.06162137  0.226954  4.069157  0.4  179   61
2.06162131  0.226859  4.065724  1.0  182   57
2.06168759  0.219610  3.810058  1.0  133   45
2.06168625  0.220464  3.839735  2.9  296   24
2.06168795  0.219665  3.811950  3.7  293   55
2.06169025  0.219996  3.823474  1.3   94  122
2.06174343  0.225881  4.030762  6.7   14   31
2.06174327  0.225786  4.027369  6.3  193   20
2.06178354  0.230983  4.214895  1.2  264   43
2.06182908  0.215757  3.677543  4.9  320  -13
2.06182940  0.215630  3.673203  5.0  316  -13
2.06182993  0.215685  3.675085  1.0  316  -14
2.06189661  0.215493  3.668528  1.2  330   54
2.06188917  0.218362  3.766887  1.1  276   30
2.06188878  0.218989  3.788546  0.0  275   30
2.06197051  0.217391  3.733436  0.2  174   -6
2.06197020  0.217351  3.732092  1.1  175   -5
2.06197062  0.217452  3.735558  0.6  174   -5
2.06202757  0.220477  3.840213  4.1  323   16
2.06202983  0.220648  3.846149  2.9  326   19
2.06203218  0.222355  3.905906  2.4  154    6
2.06209545  0.220236  3.831824  0.4  173   -1
2.06209591  0.218363  3.766919  0.2  174    0
2.06210908  0.220574  3.843567  3.0  194  -24
2.06216059  0.212289  3.560257  0.1  188   35
2.06216684  0.206098  3.355622  0.0  198   29
2.06216892  0.205951  3.350847  0.0  196   26
2.06224083  0.203467  3.270493  1.0  149  -49
2.06224114  0.203338  3.266351  0.6  149  -50
2.06224406  0.202933  3.253363  0.6  194  -74
2.06231333  0.202007  3.223741  0.4  166  -62
2.06231275  0.202615  3.243171  0.1  165  -61
2.06231294  0.205653  3.341163  0.8    9  -41
2.06231749  0.210587  3.503415  0.2  216  -47
2.06236707  0.220877  3.854155  3.3  106  -42
2.06236956  0.220990  3.858092  3.1  111  -30
2.06244001  0.225386  4.013126  1.5  333  -24
2.06248029  0.226260  4.044300  4.0  274   27
2.06248613  0.222184  3.899898  3.0  213   50
2.06248820  0.220071  3.826082  1.0   65   70
2.06248932  0.220481  3.840343  3.6   47   70
2.06248816  0.219769  3.815567  3.0   65   70
2.06260316  0.223184  3.935060  4.7   96   48
2.06260362  0.223128  3.933095  4.2  256   44
2.06260374  0.223211  3.936043  4.4  256   43
2.06260597  0.222459  3.909570  1.0   79   48
2.06260757  0.228603  4.128485  5.3  180   53
2.06260630  0.222116  3.897507  4.3   81   47
2.06264864  0.228714  4.132481  2.6  330  -57
2.06273618  0.229682  4.167550  2.5   78  -37
2.06274262  0.230101  4.182756  3.5   94  -31
2.06275594  0.225272  4.009047  3.0   47  -43
2.06275605  0.224885  3.995278  1.0  242  -50
2.06276532  0.226419  4.049997  3.8   80  -42
2.06282884  0.235552  4.383285  1.0  307   73
2.06288216  0.222864  3.923793  1.9  262  -64
2.06288246  0.223923  3.961196  2.0  257  -72
2.06288251  0.223516  3.946790  1.9  279  -64
2.06290313  0.219216  3.796386  0.0  162   17
2.06295678  0.228732  4.133132  3.0  134   30
2.06295932  0.225287  4.009569  0.2    3   37
2.06302184  0.206798  3.378483  5.8  113   54
2.06302309  0.204935  3.317854  4.3  103   56
2.06302829  0.203842  3.282572  3.0   14   53
2.06302861  0.203627  3.275650  2.5    4   53
2.06302819  0.204745  3.311718  2.8    1   55
2.06303402  0.215996  3.685681  1.4  333   40
2.06311552  0.219606  3.809910  1.7  175  -77
2.06317158  0.216760  3.711802  1.5   10   -9
2.06317182  0.218175  3.760437  2.6  190  -18
2.06317167  0.217077  3.722666  2.2   10   -8
2.06317613  0.218699  3.778523  2.1  194  -26
2.06323594  0.229636  4.165881  2.4  180   21
2.06323647  0.228694  4.131787  3.1  179   18
2.06330839  0.224544  3.983188  1.0    3  -27
2.06330853  0.224347  3.976180  2.7    3  -28
2.06330848  0.224101  3.967488  2.4    3  -27
2.06336723  0.209362  3.462769  6.6  166   24
2.06336713  0.209309  3.461003  6.9  165   23
2.06336716  0.209327  3.461595  6.6  166   23
2.06336770  0.209401  3.464037  6.2  171   23
2.06344477  0.213332  3.595333  0.0  157   32
2.06344601  0.212209  3.557570  0.0  159   33
2.06349252  0.225924  4.032307  1.2   49   23
2.06351711  0.218169  3.760226  2.3  292  -68
2.06351614  0.217954  3.752798  0.1  322  -77
2.06351907  0.219996  3.823457  1.0   91  -66
2.06359886  0.218815  3.782503  5.2  262  -30
2.06359219  0.219969  3.822506  5.4  260  -40
2.06363346  0.217158  3.725460  5.3  282  -54
2.06363540  0.216794  3.712955  5.0   62  -44
2.06363568  0.216091  3.688943  5.4   75  -45
2.06361365  0.220126  3.827978  4.7  273  -10
2.06372010  0.230016  4.179678  1.0  279  -36
2.06371967  0.226704  4.060191  0.3  182  -26
2.06373652  0.227676  4.095074  0.1  193  -27
2.06377763  0.226352  4.047600  0.6   97   37
2.06378252  0.227823  4.100367  0.8  266   42
2.06382620  0.222708  3.918305  1.5  302   68
2.06382817  0.223549  3.947943  0.0  302   61
2.06384571  0.225722  4.025070  0.6  180   23
2.06391274  0.202419  3.236901  0.4  205   48
2.06391244  0.199097  3.131516  0.0   31   58
2.06390832  0.202139  3.227948  0.6   43   67
2.06392889  0.213657  3.606282  1.2   42   46
2.06397032  0.221732  3.884057  0.1   66   49
2.06403022  0.220729  3.848994  0.3  239   25
2.06403549  0.219051  3.790668  0.0   14   10
2.06404912  0.215266  3.660828  1.0   46   -6
2.06404620  0.211746  3.542086  0.2  211  -12
2.06408386  0.214628  3.639144  0.9   90   30
2.06408218  0.218778  3.781253  1.3  268   28
2.06417694  0.224026  3.964817  3.4  272   36
2.06418759  0.221573  3.878488  3.7   78   51
2.06418296  0.221745  3.884484  3.9   70   31
2.06419350  0.221913  3.890389  3.3   91   52
2.06421153  0.222044  3.894983  0.2  306  -44
2.06424724  0.222291  3.903658  0.2  159   29
2.06424700  0.221605  3.879580  0.1  158   32
2.06433408  0.223173  3.934687  1.2  185   31
2.06433793  0.221988  3.893022  2.7  184   22
2.06434159  0.221726  3.883818  2.2  179   17
2.06437306  0.216853  3.714981  0.3  302   -5
2.06437560  0.215460  3.667419  0.1  302   -4
2.06443221  0.213122  3.588270  0.1  329   32
2.06443663  0.212635  3.571870  1.6  306   48
2.06444557  0.214809  3.645277  2.9  181   49
2.06444694  0.215954  3.684269  4.5  187   21
2.06452648  0.202522  3.240201  0.2   51  -66
2.06452658  0.203239  3.263178  0.6   74  -57
2.06452439  0.200715  3.182648  0.0  220  -52
2.06452767  0.208664  3.439722  0.4  239  -87
2.06460141  0.212272  3.559704  0.0   39  -35
2.06459006  0.214562  3.636916  1.2  177  -16
2.06459640  0.210285  3.493347  0.1  204  -37
2.06466014  0.218853  3.783846  0.1  108  -25
2.06465995  0.221452  3.874230  0.1  121  -28
2.06472679  0.210812  3.510893  1.0  173  -43
2.06472158  0.211206  3.524022  0.1  165  -31
2.06472793  0.211711  3.540898  0.3  182  -42
2.06478207  0.216733  3.710869  0.4  354   13
2.06478178  0.216226  3.693539  0.3  354   13
2.06479044  0.222968  3.927448  1.4  176    2
2.06486250  0.214470  3.633785  2.7   37  -37
2.06486330  0.214013  3.618339  2.8  223  -49
2.06492783  0.216046  3.687383  3.7  175  -50
2.06492789  0.215772  3.678059  4.1  357  -39
2.06492765  0.216469  3.701844  3.5  176  -51
2.06492961  0.222089  3.896570  1.0   14  -34
2.06496234  0.224515  3.982146  0.1   48   72
2.06500760  0.231617  4.238076  0.4   72   63
2.06503305  0.229253  4.152007  0.2   57  -66
2.06503454  0.229918  4.176106  0.3   79  -63
2.06506953  0.225048  4.001073  0.2  290  -47
2.06516049  0.223434  3.943882  0.0  111  -40
2.06510889  0.223484  3.945671  0.0  300  -60
2.06511061  0.225217  4.007082  0.5  325  -62
2.06515895  0.222131  3.898023  0.1  293  -50
2.06517863  0.232984  4.288253  1.0  289   46
2.06516948  0.229274  4.152755  0.0  277   -6
2.06523731  0.234853  4.357335  0.7  315   45
2.06524416  0.235801  4.392550  0.6  296   49
2.06530968  0.213472  3.600048  3.4  294   47
2.06531312  0.211862  3.545948  0.7  197   40
2.06531462  0.211121  3.521205  0.0   15   51
2.06530965  0.211857  3.545792  0.0  286   48
2.06537526  0.219543  3.807732  0.3  306   45
2.06537804  0.224049  3.965629  1.3  266   62
2.06537807  0.221370  3.871362  0.0  280   34
2.06545163  0.213221  3.591606  0.6  175   -1
2.06545262  0.213460  3.599650  0.1  184    1
2.06551284  0.209381  3.463383  1.0  348   32
2.06551259  0.210007  3.484143  0.3  347   33
2.06551207  0.210060  3.485906  1.0  347   33
2.06551258  0.207976  3.417052  0.1  167   23
2.06558736  0.208241  3.425788  1.0  330   19
2.06558856  0.207268  3.393845  0.0  343   -7
2.06565218  0.208178  3.423716  0.1  351   25
2.06566011  0.206147  3.357240  0.1  168   -8
2.06565914  0.206563  3.370783  0.2  170  -10
2.06565920  0.206677  3.374528  0.2  170  -11
2.06572884  0.209693  3.473705  0.0   12  -58
2.06572550  0.208922  3.448228  0.1  176  -76
2.06572846  0.208158  3.423061  0.1  333  -43
2.06573011  0.212540  3.568680  0.1  308  -47
2.06579258  0.213096  3.587383  1.6  190   -9
2.06579400  0.212700  3.574072  1.4  191  -13
2.06579342  0.213754  3.609579  1.9  192  -12
2.06585305  0.222052  3.895264  2.3  355   42
2.06587262  0.223581  3.949083  0.0  310  -36
2.06593593  0.212992  3.583899  2.7  302  -46
2.06594048  0.209114  3.454556  5.4   64  -57
2.06594011  0.207391  3.397882  2.3   91  -47
2.06594112  0.211114  3.520968  1.9  286  -45
2.06600142  0.211446  3.532037  0.0  169  -29
2.06600497  0.209650  3.472310  0.0  175  -32
2.06605987  0.231209  4.223132  1.6  148  -46
2.06605339  0.231677  4.240258  0.8  186  -64
2.06609069  0.230979  4.214747  2.6  295  -51
2.06609839  0.232655  4.276127  1.8  312  -57
2.06613773  0.228913  4.139691  0.1  358  -32
2.06613512  0.233804  4.318464  0.1   78  -54
2.06620969  0.237132  4.442312  4.2  352  -26
2.06621912  0.236085  4.403160  3.6   42  -58
2.06621858  0.235473  4.380359  2.8  170  -69
2.06625669  0.235527  4.382355  0.0  281   68
2.06625952  0.237046  4.439080  0.4  171   73
2.06626016  0.237873  4.470113  0.0  114   66
2.06632318  0.236305  4.411376  0.3  323   31
2.06632535  0.236533  4.419870  1.3  354   25
2.06639176  0.224589  3.984779  0.4  213   63
2.06639069  0.221664  3.881660  1.0  191   41
2.06639208  0.222289  3.903596  0.1  189   41
2.06644605  0.237351  4.450499  0.6  119   34
2.06645970  0.234805  4.355554  0.3   77   62
2.06647796  0.233664  4.313299  0.1  190   56
2.06651722  0.225143  4.004459  0.6  359   27
2.06651746  0.222687  3.917555  0.2  178   37
2.06652877  0.219773  3.815705  0.1  175    3
2.06652890  0.220098  3.827022  0.2  175    3
2.06659355  0.229762  4.170467  0.8  352   31
2.06660020  0.231917  4.249055  1.0  172   11
2.06666148  0.225574  4.019820  0.1  320   23
2.06666584  0.221985  3.892921  1.7    5    8
2.06673118  0.220507  3.841245  2.0  307   77
2.06673377  0.213342  3.595672  2.4  159   29
2.06672897  0.211948  3.548819  2.8  334   42
2.06673079  0.213134  3.588664  2.6  159   29
2.06673409  0.214311  3.628423  2.5  155   29
2.06681495  0.216175  3.691786  1.0  270  -57
2.06680910  0.216139  3.690577  0.1  167  -51
2.06681500  0.216894  3.716409  1.0   94  -53
2.06687058  0.223981  3.963220  1.9  187   -7
2.06686897  0.222482  3.910358  0.3  319   -7
2.06686859  0.219563  3.808416  0.0  319   -5
2.06693689  0.226517  4.053498  0.2  161   14
2.06693252  0.229215  4.150616  1.9  350   44
2.06700937  0.218304  3.764862  1.0  330  -52
2.06701118  0.218218  3.761893  2.0  149  -70
2.06701769  0.215162  3.657280  0.4  171  -57
2.06702260  0.217345  3.731865  0.3  323  -77
2.06707799  0.230676  4.203690  1.0  157  -40
2.06708573  0.234370  4.339425  1.4    5   -3
2.06708184  0.234138  4.330814  1.8  304  -39
2.06713681  0.232290  4.262731  0.0  269   55
2.06715483  0.234221  4.333914  0.2  269   60
2.06719218  0.229200  4.150084  0.0  305   85
2.06719569  0.229855  4.173833  0.1  285   76
2.06722244  0.230813  4.208683  2.3  124  -48
2.06722262  0.232188  4.258978  3.2  123  -38
2.06728875  0.227593  4.092081  0.2  212   65
2.06728771  0.227826  4.100474  0.3   46   58
2.06731323  0.230645  4.202576  0.4   45   49
2.06732066  0.234702  4.351707  1.0   36   48
2.06737526  0.235320  4.374660  0.5  302  -91
2.06736587  0.234201  4.333156  2.8  202  -78
2.06740321  0.235219  4.370904  3.4   60   30
2.06744151  0.227190  4.077612  0.1   61  -72
2.06744287  0.227116  4.074939  0.1   79  -67
2.06746963  0.230326  4.190973  0.2  191   -9
2.06749148  0.231344  4.228094  0.0   16    3
2.06751810  0.228960  4.141401  0.1   18   26
2.06751851  0.230847  4.209922  0.0  197   11
2.06753745  0.233065  4.291215  0.0   45   34
2.06758437  0.235639  4.386550  0.9  195  -63
2.06758164  0.235252  4.372125  0.8  178  -51
2.06763001  0.236742  4.427706  3.2  197   50
2.06767864  0.237597  4.459729  1.0  288  -61
2.06767625  0.235060  4.364986  0.9  270  -66
2.06774203  0.226788  4.063181  0.1  137   38
2.06773690  0.223775  3.955931  0.0  196   19
2.06774417  0.224386  3.977571  1.7  191    8
2.06780846  0.208799  3.444161  0.4   71   60
2.06780833  0.203679  3.277321  1.9  123   49
2.06781284  0.203932  3.285484  1.2  172   42
2.06781241  0.203207  3.262150  0.7  171   42
2.06787090  0.223065  3.930867  0.9  159   50
2.06788987  0.222531  3.912076  3.9  170   -3
2.06794502  0.213280  3.593572  1.9  185    1
2.06794374  0.210695  3.506984  1.9    7   16
2.06794336  0.209451  3.465705  0.5    6   18
2.06794370  0.209991  3.483589  1.0    5   16
2.06796597  0.228750  4.133810  2.0   98  -58
2.06801769  0.229367  4.156136  0.3  329    9
2.06807829  0.215856  3.680901  1.0  358    7
2.06808507  0.214621  3.638924  3.8  361    1
2.06807849  0.215962  3.684529  1.9  359    7
2.06808708  0.218773  3.781055  2.4  179  -13
2.06814513  0.225638  4.022101  1.8  172  -52
2.06815050  0.225768  4.026720  1.0  303  -54
2.06820938  0.225688  4.023872  0.1    5  -32
2.06821010  0.225119  4.003612  0.1    7  -40
2.06821437  0.223801  3.956873  0.2   19  -40
2.06822048  0.223496  3.946084  0.4  216  -52
2.06827820  0.230500  4.197308  1.0  183   43
2.06828357  0.228317  4.118169  0.1   20   35
2.06835404  0.230730  4.205659  0.3  110  -42
2.06835238  0.227399  4.085102  0.0  111  -45
2.06839941  0.231803  4.244884  1.4  291   -1
2.06838314  0.230979  4.214764  3.6  193  -65
2.06838791  0.230927  4.212844  4.2  311  -57
2.06841254  0.227928  4.104129  0.0  170   -2
2.06844320  0.233459  4.305763  0.1  309  -49
2.06847731  0.238272  4.485122  0.4   55  -61
2.06850870  0.230760  4.206777  0.0  267  -49
2.06855780  0.227899  4.103095  1.3  136  -44
2.06855355  0.227951  4.104977  1.0  251  -23
2.06855653  0.227299  4.081532  2.3  313  -48
2.06862237  0.230155  4.184729  0.0  273  -33
2.06861717  0.229198  4.149988  0.2   83  -30
2.06862925  0.233374  4.302607  3.0  197  -56
2.06862955  0.235851  4.394436  0.5  194   34
2.06868959  0.234153  4.331390  3.8  305   64
2.06870058  0.233394  4.303340  3.1  190   49
2.06874195  0.230872  4.210867  2.1  313  144
2.06874963  0.227851  4.101386  0.6  266   42
2.06877194  0.233823  4.319187  2.3  171   29
2.06879223  0.231996  4.251939  0.3  250    9
2.06887018  0.212796  3.577276  1.0  300   30
2.06886923  0.211117  3.521054  1.4  121   20
2.06887173  0.210141  3.488572  1.0  139   35
2.06887300  0.209745  3.475428  0.1  138   35
2.06887202  0.208460  3.433004  0.0  138   33
2.06893189  0.216745  3.711303  0.1   53   34
2.06897432  0.215799  3.678979  4.4  231  -54
2.06896873  0.210918  3.514410  3.1  206  -45
2.06897268  0.215525  3.669625  3.4  213  -49
2.06903277  0.228995  4.142660  1.1  284  -52
2.06907199  0.223296  3.939039  3.5  307   40
2.06907100  0.225098  4.002857  1.5   65   80
2.06909734  0.224632  3.986304  0.2  165  -21
2.06909696  0.224139  3.968808  0.0  167  -18
2.06914998  0.224323  3.975354  1.0  261   34
2.06915667  0.223638  3.951118  1.0  252   38
2.06921466  0.223721  3.954036  3.7  311   16
2.06921465  0.223577  3.948935  3.8  311   16
2.06922915  0.223502  3.946308  0.0  325  -14
2.06922358  0.228777  4.134772  1.6  283  -56
2.06930969  0.223831  3.957910  4.0   30  -24
2.06930780  0.221774  3.885516  2.7  199  -32
2.06930827  0.221627  3.880380  3.0  201  -33
2.06932292  0.223179  3.934899  1.0  218  -60
2.06934144  0.229055  4.144818  0.4   24   60
2.06941569  0.231507  4.234042  0.6  185   70
2.06944466  0.226611  4.056843  2.8  259 -112
2.06944310  0.224288  3.974095  1.0  292  -33
2.06944820  0.223815  3.957356  1.4   54  -58
2.06944187  0.226777  4.062813  1.0  295  -49
2.06950273  0.228613  4.128850  2.4  180  -51
2.06950450  0.229874  4.174535  0.9  100  -50
2.06958702  0.231886  4.247921  8.8  303    2
2.06958308  0.232741  4.279306  3.5  290   39
2.06959449  0.231990  4.251719  2.9   99   41
2.06959347  0.232672  4.276749  2.6   34   56
2.06962986  0.234311  4.337231  0.6  303  -63
2.06963583  0.235104  4.366640  0.1  310  -66
2.06970045  0.227011  4.071193  0.4  187  -15
2.06973148  0.223985  3.963385  1.4   94   37
2.06973835  0.222423  3.908276  1.0   93   36
2.06974312  0.222265  3.902728  1.0  253   36
2.06975357  0.230209  4.186716  1.0  269   47
2.06978257  0.229475  4.160042  2.0  283  -38
2.06983326  0.231769  4.243621  2.7  282   55
2.06987471  0.221780  3.885733  3.2   66   49
2.06987374  0.218641  3.776514  7.1   53   28
2.06987594  0.223110  3.932458  5.1   59  132
2.06987532  0.220840  3.852856  5.5  249  130
2.06990471  0.223986  3.963413  6.5   91  -31
2.06996824  0.231887  4.247942  4.7  138  -29
2.06998789  0.230757  4.206672  2.0  299  -59
2.07002512  0.226677  4.059206  1.0  293   -2
2.07002941  0.222799  3.921525  0.5   81  -45
2.07003161  0.222814  3.922046  0.7   77  -50
2.07004359  0.225973  4.034057  1.0   86  -41
2.07009912  0.234943  4.360669  1.0  311  -23
2.07012954  0.230600  4.200920  2.9  281  126
2.07016415  0.230215  4.186905  3.7  125   -4
2.07016239  0.229287  4.153236  3.8   49  -53
2.07022957  0.226316  4.046310  0.3  199   49
2.07023175  0.227307  4.081794  1.5  205   57
2.07023280  0.227712  4.096364  2.0  206   52
2.07023341  0.228586  4.127861  3.1  153   48
2.07030980  0.228921  4.139983  1.0  171  -20
2.07031244  0.226993  4.070531  0.4  190   21
2.07031319  0.226457  4.051347  0.3  190   21
2.07038223  0.225669  4.023201  1.6    9    8
2.07038139  0.225842  4.029371  1.5  188   -1
2.07037378  0.225580  4.020035  0.8   14   20
2.07038100  0.225561  4.019339  1.1  189    1
2.07042643  0.228049  4.108493  2.9  300   23
2.07045669  0.229944  4.177073  0.2  343  -12
2.07051813  0.218267  3.763602  1.1  181  -65
2.07051489  0.218923  3.786242  1.4  209  -47
2.07051726  0.216879  3.715899  0.0   28  -59
2.07057072  0.224021  3.964630  2.5  280  -42
2.07057160  0.222980  3.927888  1.9   89  -47
2.07056876  0.222881  3.924393  1.5  299  -57
2.07059076  0.236019  4.400708  2.7  186  -39
2.07065806  0.232444  4.268397  0.2  308   42
2.07065752  0.233008  4.289128  0.4  307   42
2.07069424  0.232406  4.266987  3.9  296  -45
2.07073504  0.229441  4.158793  5.1   20  -35
2.07072730  0.230996  4.215373  5.1  201  -38
2.07073318  0.229026  4.143793  5.7   15  -39
2.07078584  0.233761  4.316909  3.7  102   51
2.07078600  0.233520  4.308001  4.6  102   51
2.07083686  0.235186  4.369668  1.4  193   37
2.07083433  0.232022  4.252890  2.1   24   51
2.07087517  0.235198  4.370118  0.1  163  -26
2.07089386  0.238060  4.477143  1.6   95   27
2.07090658  0.236781  4.429139  2.6  291   65
2.07094412  0.235344  4.375547  0.5   79  -36
2.07096760  0.229654  4.166534  0.2  179   38
2.07097544  0.238321  4.486972  0.5  286   39
2.07102143  0.233949  4.323821  0.7   74   59
2.07102373  0.232460  4.268967  0.1   36   64
2.07106319  0.232650  4.275955  4.9  299  -60
2.07106426  0.230823  4.209068  4.6   82  -63
2.07110480  0.234644  4.349557  1.0   10  -62
2.07111068  0.236268  4.409996  4.8  268   27
2.07117539  0.230028  4.180131  0.5  280  -74
2.07117978  0.225965  4.033759  0.1   56  -73
2.07118226  0.224240  3.972401  0.4   99  -71
2.07118274  0.224413  3.978534  0.2   98  -70
2.07124599  0.235267  4.372686  3.7  119   54
2.07124270  0.231400  4.230140  2.0  121   58
2.07126153  0.237807  4.467619  1.9   41   63
2.07130400  0.237322  4.449402  0.6  174   33
2.07133756  0.238199  4.482379  2.9  283   -4
2.07134833  0.236734  4.427412  0.4   43   34
2.07140016  0.235124  4.367385  2.2  292  -61
2.07139933  0.235660  4.387333  0.5  194  -65
2.07145798  0.228723  4.132832  1.0  194   33
2.07145680  0.227002  4.070849  0.6  191   37
2.07148966  0.218915  3.785986  1.0   96   33
2.07149364  0.219326  3.800197  0.0  269   39
2.07149618  0.221712  3.883344  0.2  266   47
2.07149788  0.226527  4.053858  0.1   81   62
2.07154311  0.227869  4.102024  0.1  282   66
2.07160400  0.229989  4.178715  5.5  272   22
2.07161465  0.226292  4.045449  1.0  273   53
2.07161561  0.225014  3.999890  3.9  257   56
2.07161630  0.224283  3.973915  4.3  105   46
2.07165405  0.230873  4.210903  2.8   98  -66
2.07173861  0.228790  4.135234  1.3   89   57
2.07174065  0.229227  4.151066  1.1   77   58
2.07174213  0.230045  4.180733  1.7   76   62
2.07173815  0.231222  4.223638  2.4  250   55
2.07177702  0.229074  4.145524  3.2   60  -57
2.07177712  0.233817  4.318972  3.1  181   46
2.07184091  0.235457  4.379742  1.0  316  -38
2.07189346  0.224027  3.964845  1.9  271  -60
2.07189829  0.221489  3.875542  2.6  273  -51
2.07189698  0.221388  3.872006  3.0  274  -50
2.07189985  0.222143  3.898442  2.9   87  -52
2.07193130  0.230235  4.187651  1.7  323  -53
2.07198447  0.230989  4.215132  0.1  271  -28
2.07201002  0.232004  4.252233  1.4  282  -37
2.07201060  0.228037  4.108082  0.1  101  -47
2.07204592  0.228340  4.118979  1.0  105  -48
2.07204603  0.228744  4.133568  1.6  309  -47
2.07206403  0.229064  4.145158  0.0  291  -17
2.07208907  0.235588  4.384628  1.0  285   68
2.07214062  0.231843  4.246327  0.9  114  -17
2.07214653  0.232242  4.260984  0.7  299  -13
2.07214936  0.232572  4.273095  1.1  297  -12
2.07219273  0.239509  4.531797  1.3  171    9
2.07223334  0.239570  4.534127  0.8  338  -25
2.07227204  0.238516  4.494312  1.8  195   56
2.07227998  0.236341  4.412715  1.8  170   54
2.07228322  0.233568  4.309760  2.2    7   65
2.07232448  0.226227  4.043128  1.8  291   87
2.07232444  0.225968  4.033851  1.4  274   93
2.07234355  0.238363  4.488522  1.0   14   -6
2.07237351  0.239991  4.550058  0.4   48   54
2.07241796  0.235710  4.389172  4.3  312    1
2.07243291  0.236493  4.418384  4.2  310   47
2.07246370  0.235376  4.376749  0.2   70  -20
2.07248343  0.233077  4.291649  0.0  284  -52
2.07251470  0.235221  4.370974  1.2  189   32
2.07251863  0.228699  4.131967  0.0  276   37
2.07256330  0.225570  4.019673  2.6   62   69
2.07256410  0.224951  3.997623  0.4   86   62
2.07260652  0.232464  4.269105  1.0  210   58
2.07260962  0.229961  4.177679  1.4  218   58
2.07266103  0.229778  4.171037  3.2   92   53
2.07265779  0.230490  4.196938  3.1   95   41
2.07266398  0.230947  4.213594  1.9  285   24
2.07271688  0.232045  4.253740  0.8  283  -54
2.07272230  0.230764  4.206912  1.5   91  -65
2.07275785  0.231094  4.218953  0.1  294  -68
2.07278313  0.229271  4.152667  1.3  317   50
2.07279599  0.228974  4.141886  1.6  278   63
2.07280963  0.225338  4.011391  0.2  295  -36
2.07285747  0.228980  4.142132  0.2  201   50
2.07285784  0.229621  4.165347  0.2  200   50
2.07285491  0.232850  4.283315  1.0   35   33
2.07292979  0.235932  4.397431  1.1  270    8
2.07295588  0.228944  4.140806  1.9  356  -58
2.07295923  0.227137  4.075712  2.1   50  -45
2.07295760  0.225864  4.030132  1.4  318  -59
2.07298175  0.232902  4.285234  0.4  274  -23
2.07301766  0.234349  4.338621  0.0   59  -19
2.07303240  0.236492  4.418358  1.0   66  -28
2.07307812  0.231428  4.231168  2.9  293  -50
2.07307774  0.230892  4.211573  2.9  308  -54
2.07312995  0.229199  4.150027  0.1  293  -23
2.07312943  0.228175  4.113033  0.1  293  -25
2.07312780  0.229318  4.154350  0.1  106  -28
2.07320926  0.225500  4.017164  2.4  112   -3
2.07321111  0.225114  4.003445  2.9  291    2
2.07324138  0.222460  3.909585  0.0   63   51
2.07323864  0.222310  3.904309  0.8  278   43
2.07327148  0.235244  4.371847  4.5  285   49
2.07328045  0.235380  4.376914  0.6  201  -52
2.07335054  0.226076  4.037722  0.1   44  -16
2.07336675  0.223778  3.956039  3.2  213   63
2.07336639  0.224242  3.972464  3.5  213   64
2.07336809  0.225851  4.029689  4.2    9   71
2.07340905  0.234474  4.343273  1.0  306   -2
2.07343151  0.234555  4.346275  0.1  183  -53
2.07344174  0.239116  4.516941  2.6  317  -50
2.07351450  0.226222  4.042945  0.0  274  -69
2.07352038  0.229804  4.171989  0.6  288  -72
2.07351677  0.227218  4.078631  0.4   61  -65
2.07351913  0.232333  4.264326  0.9   74  -66
2.07356000  0.237134  4.442371  4.0  320  -13
2.07362538  0.234727  4.352650  3.9  324   34
2.07363434  0.225202  4.006576  0.0  259  -76
2.07364590  0.228108  4.110620  0.3  295  -71
2.07364615  0.228030  4.107799  0.6  294  -67
2.07369047  0.229174  4.149138  1.2   91  -43
2.07370133  0.230326  4.190948  0.3   99  -34
2.07373840  0.228875  4.138309  0.6  308   44
2.07373779  0.226354  4.047648  0.0  142   35
2.07376912  0.231253  4.224757  0.5  300   58
2.07376837  0.232997  4.288706  3.8   94  -57
2.07379124  0.235190  4.369819  4.0   55   -3
2.07385483  0.235824  4.393420  3.6   35   -7
2.07387872  0.234797  4.355257  3.0   49    6
2.07391342  0.230720  4.205299  1.0  189   22
2.07391718  0.228626  4.129326  2.9  190   19
2.07392278  0.228803  4.135704  2.8  187   20
2.07392541  0.232883  4.284519  1.2  305  -17
2.07399889  0.230795  4.208042  0.2  104   44
2.07399713  0.232704  4.277926  0.7   56   69
2.07403732  0.226556  4.054870  0.8   49   63
2.07403987  0.225077  4.002127  0.5   37   58
2.07406830  0.232130  4.256857  2.9  124  -18
2.07406879  0.231889  4.248037  3.0  124  -13
2.07410143  0.236370  4.413809  1.1  200   13
2.07417354  0.234488  4.343793  1.5  302   45
2.07418075  0.232986  4.288314  2.9  300   45
2.07418302  0.232330  4.264193  3.2  301   33
2.07422856  0.230458  4.195758  6.3  299   43
2.07423284  0.231215  4.223355  5.4  293   46
2.07423145  0.231474  4.232834  5.0  122   40
2.07427874  0.234788  4.354914  0.7  303  126
2.07428468  0.236553  4.420621  0.7  171   43
2.07433876  0.234519  4.344941  0.1  179  -64
2.07433549  0.235460  4.379869  3.8    3  -46
2.07437197  0.235119  4.367208  1.7  178  -63
2.07438836  0.238856  4.507119  0.5  207  -84
2.07442550  0.229400  4.157332  0.1  307  -48
2.07443160  0.229698  4.168141  0.5  278  -60
2.07446986  0.233753  4.316598  0.7  206  -48
2.07447518  0.229730  4.169308  1.5   98  -45
2.07450482  0.230906  4.212073  0.0  188   32
2.07450892  0.234601  4.347964  1.0  188   27
2.07456138  0.240909  4.584925  0.0   66  -51
2.07460610  0.236517  4.419281  1.1   76   43
2.07460389  0.235914  4.396771  1.0   80   47
2.07462757  0.232415  4.267305  1.3   48   18
2.07463916  0.234271  4.335756  1.4  205   -7
2.07466112  0.238258  4.484598  0.5  208  -16
2.07471761  0.232549  4.272249  1.0  202   69
2.07472122  0.229997  4.178994  0.0  175   47
2.07477800  0.224628  3.986169  2.1   96   30
2.07477423  0.225295  4.009885  2.1  272   27
2.07478279  0.224476  3.980783  0.6   24   36
2.07478981  0.227203  4.078088  2.0   20   40
2.07478833  0.224514  3.982132  1.4  199   24
2.07486981  0.230611  4.201326  2.5  169  -42
2.07486942  0.230753  4.206499  2.6  170  -38
2.07492517  0.230228  4.187405  2.5  174   -8
2.07492519  0.230267  4.188822  2.6  174   -7
2.07492664  0.230552  4.199177  2.4  174   -6
2.07497226  0.234413  4.341012  1.8  191   13
2.07499265  0.229770  4.170746  1.1  300   43
2.07500678  0.232791  4.281137  4.5  300  -47
2.07502830  0.234568  4.346766  2.2   23  -22
2.07506693  0.232370  4.265671 12.4  314   25
2.07506616  0.233649  4.312740  4.0  288  -56
2.07510920  0.235948  4.398050  5.8  284   67
2.07515180  0.225427  4.014572  4.0  180  -14
2.07515287  0.224887  3.995363  2.8  182  -16
2.07515273  0.223824  3.957684  2.9  181  -16
2.07519586  0.222040  3.894834  1.3  159  -69
2.07523845  0.231877  4.247602  4.7  322  -52
2.07523580  0.231050  4.217357  4.0  338  -60
2.07528521  0.227237  4.079295  0.4  193  -54
2.07528530  0.228248  4.115673  0.9  193  -58
2.07528995  0.228904  4.139361  1.0  198  -67
2.07532242  0.231018  4.216163  3.6   97  -23
2.07535809  0.233178  4.295397  4.6  282  -10
2.07535789  0.232505  4.270643  5.2  280  -17
2.07537343  0.234833  4.356576  4.4  269   10
2.07542930  0.235014  4.363300  1.0  305  -53
2.07546260  0.234660  4.350169  0.6  181  -58
2.07550733  0.234082  4.328738  2.9   99   61
2.07552361  0.233246  4.297894  2.9   44  -12
2.07552425  0.232500  4.270427  1.1   46  -20
2.07554241  0.225678  4.023503  0.0  306   48
2.07558669  0.216230  3.693675  0.1  286   63
2.07558638  0.217337  3.731581  0.4  289   62
2.07558719  0.218053  3.756206  0.9  139   56
2.07562975  0.232510  4.270805  0.5  288   58
2.07565806  0.229708  4.168510  0.2   51  -13
2.07567653  0.229679  4.167435  1.0   19  -42
2.07571660  0.229741  4.169710  0.8    8    7
2.07572249  0.227455  4.087133  0.2  360   12
2.07573486  0.231063  4.217814  0.2    2   -6
2.07578837  0.222796  3.921396  0.2  123  -58
2.07578802  0.221302  3.868978  0.0  309  -48
2.07578611  0.222002  3.893513  0.2  300  -46
2.07586941  0.237547  4.457870  1.8  150  -51
2.07587172  0.233058  4.290984  0.1   55  -54
2.07587207  0.232824  4.282344  4.1  319  -39
2.07590657  0.239846  4.544576  0.1   50   47
2.07594498  0.238009  4.475209  1.0  310  -46
2.07594414  0.238907  4.509063  4.2  304  -45
2.07600735  0.240562  4.571747  0.2  304   38
2.07602392  0.237315  4.449155  2.8  301  -51
2.07602173  0.237743  4.465211  2.5  290  -49
2.07605901  0.238309  4.486488  1.0  290    9
2.07607558  0.234426  4.341491  0.1  296   15
2.07610114  0.230399  4.193601  0.3   31  -55
2.07610482  0.232165  4.258148  0.4  180  -65
2.07614449  0.233618  4.311611  3.9  169  -39
2.07616771  0.236991  4.437012  1.8    3  -36
2.07621174  0.232816  4.282053  0.0   44   44
2.07620950  0.233252  4.298129  0.1   54   53
2.07621455  0.234463  4.342855  0.2   27   39
2.07622270  0.240061  4.552721  0.7  291  -42
2.07626021  0.240448  4.567406  1.2   37   61
2.07629816  0.236066  4.402448  1.8  296   53
2.07634428  0.232277  4.262260  5.1  309   61
2.07634401  0.231614  4.237968  4.0  309   58
2.07634470  0.232060  4.254288  0.3  189   44
2.07638506  0.241086  4.591665  1.5   52   65
2.07644964  0.236907  4.433865  0.6  137   35
2.07644797  0.236711  4.426533  1.0  302   42
2.07648923  0.226716  4.060594  2.6  271   45
2.07649330  0.226121  4.039308  2.4  259   45
2.07649447  0.225892  4.031134  2.4  252   40
2.07649525  0.228602  4.128458  3.3  141   46
2.07657616  0.216999  3.720002  1.1  196   26
2.07657634  0.216929  3.717600  1.0  196   26
2.07658045  0.217732  3.745175  1.6  194   22
2.07665070  0.226890  4.066832  1.0   54  -53
2.07666249  0.225214  4.006991  1.0  314  -44
2.07665883  0.228720  4.132698  4.0   56  -47
2.07666331  0.225286  4.009563  3.3  310  -42
2.07672063  0.225272  4.009051  2.5  178    4
2.07674104  0.227782  4.098892  0.1  308    3
2.07677588  0.223217  3.936251  2.3  271  -82
2.07677810  0.225005  3.999542  3.2  188  -76
2.07677680  0.226006  4.035229  4.5  170  -69
2.07686986  0.225645  4.022342  6.5  318   -1
2.07686966  0.225141  4.004388  6.2  317   -2
2.07688251  0.227180  4.077235  3.0  305  -23
2.07692870  0.218660  3.777157  0.4  316   14
2.07693216  0.220056  3.825533  1.9  312   14
2.07692876  0.218776  3.781178  1.3  316   14
2.07693219  0.229297  4.153592  1.0  179    2
2.07698922  0.233867  4.320813  3.5  314   53
2.07702307  0.231772  4.243727  1.0  302   47
2.07702204  0.231163  4.221484  8.4  300   44
2.07707647  0.221458  3.874460  0.1  169  -20
2.07707319  0.222105  3.897128  0.5  354   -7
2.07708191  0.228030  4.107808  2.4  299  -43
2.07714645  0.233203  4.296325  5.6  293    0
2.07714506  0.232745  4.279465  6.0  293    6
2.07714678  0.232987  4.288337  5.7  293   -1
2.07721031  0.233937  4.323397  0.3  182   16
2.07720414  0.233083  4.291899  0.1   40   76
2.07721103  0.236285  4.410616  0.2    2   27
2.07726824  0.236658  4.424553  1.0  285   59
2.07726458  0.236628  4.423435  0.1  292   62
2.07729746  0.236052  4.401923  3.6  334   -8
2.07733283  0.232925  4.286070  1.5  318    5
2.07734829  0.235736  4.390156  6.6  156    0
2.07739240  0.241192  4.595711  3.6   32   59
2.07740994  0.236909  4.433960  0.1  302  -70
2.07744912  0.232889  4.284740  3.6   22   35
2.07745763  0.232084  4.255167  2.8  198   16
2.07748465  0.231030  4.216602  2.1  196  -33
2.07747941  0.230105  4.182916  0.2  214   21
2.07749530  0.230774  4.207263  1.0  197  -52
2.07754839  0.241669  4.613911  0.4  193   55
2.07759813  0.229467  4.159738  0.1  131   17
2.07760311  0.228025  4.107635  0.1   10  -12
2.07760787  0.229216  4.150656  0.6  187  -17
2.07766497  0.229577  4.163733  1.2  268   60
2.07766470  0.226099  4.038556  1.2  111   42
2.07766149  0.226891  4.066872  1.7  291   43
2.07773532  0.224285  3.973990  4.7  296  -50
2.07773624  0.225432  4.014765  4.4  293  -50
2.07773788  0.223605  3.949927  4.6  303  -47
2.07781121  0.222745  3.919600  0.1   21  -17
2.07781426  0.221917  3.890510  0.1   18  -26
2.07781302  0.222467  3.909840  0.1  198  -38
2.07781836  0.222540  3.912409  0.1  201  -36
2.07781846  0.223905  3.960540  0.1  202  -34
2.07788689  0.234351  4.338716  0.1   21    6
2.07788849  0.232490  4.270063  0.2  201   -7
2.07794010  0.234710  4.352003  0.2   57  -58
2.07794103  0.234932  4.360266  0.3   67  -60
2.07796470  0.234456  4.342612  2.9  112  -31
2.07802025  0.229803  4.171961  0.5   79   62
2.07802464  0.226095  4.038385  0.1   65   65
2.07802753  0.227526  4.089687  1.6    6    9
2.07809737  0.218901  3.785495  1.2  351    7
2.07809835  0.213766  3.609968  2.7  171   -5
2.07809836  0.213819  3.611751  2.9  171   -5
2.07809911  0.215418  3.665997  1.8  169   -6
2.07816640  0.222907  3.925304  4.1  335    0
2.07816833  0.223886  3.959862  2.5  175   -8
2.07823270  0.226695  4.059862  0.6  142  -10
2.07823172  0.226202  4.042204  0.2  323    2
2.07824761  0.233684  4.314061  0.1  284  -54
2.07830134  0.232056  4.254135  3.2  337   13
2.07831075  0.230316  4.190573  0.1  287  -43
2.07831318  0.230543  4.198870  0.8   96  -31
2.07831316  0.231273  4.225480  0.8   94  -29
2.07837010  0.228957  4.141287  0.1   59   44
2.07837952  0.234231  4.334262  0.0   79  -70
2.07846664  0.229635  4.165855  2.0  304   26
2.07844182  0.236699  4.426093  2.4  309   13
2.07847015  0.227410  4.085495  1.4  133   17
2.07852925  0.228681  4.131322  4.8  135   27
2.07853002  0.219726  3.814096  2.2  181   45
2.07852714  0.217885  3.750440  1.0  191   50
2.07853648  0.219668  3.812085  1.0  201   46
2.07853601  0.217997  3.754305  1.0  200   50
2.07861487  0.220777  3.850640  0.1  309  -10
2.07861169  0.223420  3.943390  2.5  121  -32
2.07867375  0.220443  3.839013  2.0  298   -5
2.07867293  0.220271  3.833039  1.5  297   -4
2.07867300  0.220043  3.825082  1.0  302   -2
2.07868022  0.223731  3.954395  0.1  189  -10
2.07869725  0.231038  4.216902  0.0   76   -4
2.07874678  0.236941  4.435158  1.6   39   67
2.07880057  0.219237  3.797110  0.1    9  -32
2.07881016  0.217667  3.742921  0.3  193  -50
2.07881198  0.217532  3.738305  1.0   10  -46
2.07881885  0.224758  3.990784  2.8  191  -66
2.07890102  0.234122  4.330250  2.0   16    4
2.07890053  0.234060  4.327945  1.7   17    9
2.07891082  0.230821  4.208971  0.0  175   38
2.07896683  0.228586  4.127856  0.7  124   47
2.07896559  0.228852  4.137504  0.1  164   56
2.07896712  0.228397  4.121046  0.3  159   51
2.07904072  0.234071  4.328348  3.9  194   -3
2.07904626  0.233064  4.291204  5.3  190    2
2.07904648  0.233162  4.294779  5.3  191    2
2.07910278  0.228576  4.127510  2.6   19   28
2.07910694  0.228463  4.123441  3.1    6   34
2.07910309  0.227878  4.102341  2.1   25   26
2.07917736  0.226304  4.045855  0.0    4  -29
2.07917787  0.227175  4.077083  0.0    3  -30
2.07919569  0.236328  4.412229  1.4  181  -64
2.07924291  0.229393  4.157059  2.1  192    3
2.07924998  0.227093  4.074124  0.0  177  -52
2.07925036  0.231098  4.219108  1.9  357   24
2.07925225  0.231394  4.229917  1.0  177   15
2.07932555  0.231937  4.249784  3.5  143   20
2.07932638  0.231272  4.225457  3.4  143   20
2.07939677  0.225459  4.015725  5.2  136    5
2.07939808  0.223497  3.946133  6.3  135    4
2.07939854  0.224161  3.969604  3.7  138    2
2.07940512  0.226022  4.035792  3.5  154  -18
2.07943729  0.232012  4.252525  0.1  271   49
2.07950366  0.216732  3.710836  1.0  288   35
2.07950803  0.216057  3.687783  1.0  122   30
2.07951471  0.214254  3.626474  3.6  331   38
2.07951233  0.214047  3.619485  2.8  354   67
2.07954984  0.223944  3.961925  2.9  123  -39
2.07959869  0.229059  4.144956  2.8  186  -50
2.07959996  0.228716  4.132583  2.9  186  -47
2.07965001  0.224569  3.984067  0.2  196   -1
2.07965662  0.216794  3.712969  0.1  185   -7
2.07966461  0.222863  3.923782  1.7  191  -21
2.07968057  0.231815  4.245305  0.5  292  -38
2.07972841  0.227220  4.078681  1.0  298  -49
2.07979216  0.221847  3.888058  1.1    3  -37
2.07979448  0.221647  3.881070  2.8  182  -63
2.07979409  0.221873  3.888967  0.0  181  -56
2.07979901  0.222397  3.907387  2.7  185  -52
2.07985463  0.228825  4.136500  1.0  168  -16
2.07985466  0.233551  4.309143  0.0  168  -16
2.07986280  0.228991  4.142517  0.7  167  -27
2.07991887  0.225370  4.012531  0.0  159  -46
2.07991963  0.228595  4.128191  0.2  344  -36
2.07999516  0.229245  4.151720  1.0  218   32
2.07999779  0.226351  4.047557  0.8   45   55
2.07999858  0.225920  4.032159  1.5  218   39
2.08001106  0.237516  4.456706  2.9  166   64
2.08004929  0.239675  4.538080  1.1  163   18
2.08010743  0.238509  4.494051  1.3   90   26
2.08011694  0.227868  4.101979  0.3  208    1
2.08011995  0.222522  3.911759  0.1   26    7
2.08013232  0.225641  4.022192  0.1  198   -2
2.08013199  0.226866  4.065995  0.3  201   -4
2.08019782  0.237544  4.457738  0.1  153  -29
2.08019847  0.239023  4.513442  1.1   13   35
2.08025139  0.229104  4.146590  4.8  339   29
2.08025497  0.228028  4.107732  5.1  349   17
2.08026221  0.230633  4.202138  2.9    1   14
2.08027625  0.232626  4.275064  1.1  272  -83
2.08034032  0.225002  3.999433  2.6  126   46
2.08033967  0.226751  4.061852  2.7  284   58
2.08040447  0.229730  4.169307  4.5  174   12
2.08040524  0.229385  4.156770  4.1  174   12
2.08040490  0.229454  4.159284  4.4  174    9
2.08045656  0.235667  4.387565  0.0  200   49
2.08046785  0.231233  4.224034  0.0  269   54
2.08046908  0.230530  4.198371  0.1  272   56
2.08051904  0.230072  4.181715  1.8  292   41
2.08052486  0.227641  4.093802  2.4  101   48
2.08053992  0.229736  4.169500  3.1  167   17
2.08060530  0.222507  3.911249  0.7  355    9
2.08061016  0.221739  3.884303  0.1  174    5
2.08060749  0.221914  3.890415  0.4  356   11
2.08062163  0.223494  3.946016  3.2  329  -24
2.08065784  0.227708  4.096241  2.1  298   13
2.08068938  0.227798  4.099448  1.6  189  -47
2.08069434  0.226108  4.038851  0.7  201  -58
2.08071643  0.231747  4.242820  0.8  295   72
2.08076157  0.236432  4.416114  0.6  158  -23
2.08081125  0.223714  3.953794  1.7  319  -26
2.08081194  0.225131  4.004046  2.4  313  -24
2.08081541  0.223570  3.948699  2.9  302  -37
2.08088056  0.233138  4.293917  0.1  251  -59
2.08087691  0.232241  4.260950  1.6  304  -31
2.08087992  0.232327  4.264099  0.0  198  -51
2.08093437  0.237208  4.445149  2.9  304   30
2.08094459  0.237614  4.460355  1.6  288   91
2.08098174  0.234044  4.327342  1.3  308   42
2.08099057  0.234297  4.336703  1.6  264   62
2.08106565  0.232831  4.282627  3.0  125   58
2.08106492  0.230059  4.181262  0.6  192   39
2.08106231  0.228821  4.136350  0.3   12   56
2.08107189  0.233459  4.305762  0.6   20   43
2.08112612  0.234500  4.344224  1.0  326   43
2.08112300  0.233079  4.291755  1.3  156   27
2.08115318  0.231613  4.237939  0.9  180  -69
2.08115733  0.234732  4.352843  3.6  322  -45
2.08120913  0.233980  4.324991  0.5  168   16
2.08123145  0.235242  4.371765  1.4  178  -72
2.08127929  0.236825  4.430819  1.4  302  -57
2.08128040  0.221516  3.876485  0.0  333   48
2.08127914  0.221933  3.891084  0.0  156   36
2.08135043  0.229011  4.143244  0.0  191   10
2.08135328  0.222323  3.904772  2.2  173  -21
2.08135298  0.222603  3.914606  0.1  183   -7
2.08141418  0.210857  3.512395  2.5   55   54
2.08141393  0.212576  3.569903  1.8   51   50
2.08141681  0.209090  3.453787  2.7   38   51
2.08149800  0.208106  3.421356  2.3  175  -32
2.08149551  0.212379  3.563283  2.8  171  -22
2.08149536  0.211899  3.547210  3.0  172  -23
2.08149784  0.212044  3.552051  2.7  175  -29
2.08156062  0.214753  3.643380  0.0  353   -1
2.08156063  0.212401  3.564021  0.0  353   -1
2.08162895  0.207701  3.408029  1.9  176   -3
2.08162989  0.208583  3.437053  1.9  176   -5
2.08163212  0.207219  3.392228  1.6  177   -4
2.08164070  0.215765  3.677818  1.0  181   -9
2.08169893  0.218647  3.776705  0.0  174  -17
2.08169732  0.217751  3.745817  0.0  355   -3
2.08169881  0.218190  3.760927  0.3  354   -6
2.08176710  0.232681  4.277096  0.6    0  -15
2.08177124  0.226626  4.057380  2.6  315  -42
2.08184799  0.221714  3.883410  0.7  129   29
2.08183663  0.223256  3.937607  1.0  345   -5
2.08184611  0.214608  3.638484  0.0  151   43
2.08184679  0.215567  3.671054  0.0  149   43
2.08186267  0.237441  4.453897  2.3  338  -36
2.08192272  0.235804  4.392661  0.4  166   31
2.08194859  0.237084  4.440501  1.0  283  -51
2.08199952  0.223125  3.933014  0.0  133  -20
2.08200092  0.222247  3.902089  0.2  129  -17
2.08200024  0.221668  3.881816  0.2  131  -19
2.08200489  0.225235  4.007729  1.2  313  -11
2.08200063  0.222650  3.916281  0.1  311  -10
2.08205379  0.229753  4.170113  2.0  141  -27
2.08210208  0.233582  4.310283  0.0  213  -29
2.08212809  0.234243  4.334720  1.4  198  -52
2.08213237  0.233169  4.295060  1.5  207  -52
2.08212463  0.234846  4.357064  1.9  261  -53
2.08221282  0.233429  4.304626  0.0  191   58
2.08221953  0.234245  4.334798  0.2   42   41
2.08222796  0.234627  4.348942  0.1  273   51
2.08228773  0.227974  4.105815  1.0  274   32
2.08230341  0.227517  4.089353  0.1   16   47
2.08229993  0.225501  4.017212  1.1   22   62
2.08231021  0.223534  3.947443  0.0  190   26
2.08230272  0.227959  4.105248  0.5   14   61
2.08238399  0.232271  4.262025  0.7  184  -71
2.08244353  0.220506  3.841192  0.2   17   -2
2.08245106  0.220712  3.848374  0.8  199  -17
2.08245096  0.221336  3.870166  0.9  199  -16
2.08245114  0.223988  3.963491  1.0  199  -14
2.08249164  0.237426  4.453309  3.8  324  -35
2.08249877  0.238493  4.493440  0.1  307   19
2.08258451  0.233874  4.321060  1.8  256  -63
2.08258117  0.227570  4.091247  1.0  197  -45
2.08258074  0.227774  4.098611  0.9  196  -46
2.08258271  0.228750  4.133790  0.5   18  -31
2.08264097  0.226513  4.053351  0.3  169   60
2.08264955  0.230871  4.210798  1.8  302  -49
2.08265173  0.233955  4.324048  2.1   65  -35
2.08271525  0.235347  4.375655  0.1  295   62
2.08271486  0.235316  4.374529  0.1  291   63
2.08272612  0.237314  4.449115  5.7  320  -38
2.08279747  0.238427  4.490933  2.3  195   20
2.08280462  0.237836  4.468717  2.2  190   15
2.08280473  0.237781  4.466635  2.0  189   15
2.08287430  0.232072  4.254747  3.7  156  -30
2.08287462  0.231902  4.248513  4.1  155  -30
2.08287544  0.234061  4.327968  1.2  189  -62
2.08292292  0.233734  4.315887  0.2  287  -60
2.08294332  0.239891  4.546273  1.0  192  -27
2.08295471  0.233335  4.301183  1.0   11  -24
2.08298418  0.231733  4.242324  0.4  117   38
2.08300396  0.231038  4.216898  2.5  151   20
2.08301176  0.231540  4.235260  1.3  150   17
2.08308025  0.230656  4.202958  5.0  327   19
2.08308245  0.234380  4.339790  1.0  322   18
2.08309358  0.238941  4.510316  0.2  183   51
2.08314382  0.230774  4.207289  5.3  131  -33
2.08316537  0.228470  4.123699  1.0  116   41
2.08316511  0.228162  4.112572  1.0  293   58
2.08319832  0.227615  4.092864  0.1  170   15
2.08319769  0.227490  4.088387  0.1  353   32
2.08323942  0.234682  4.350982  1.1  290   20
2.08325735  0.231995  4.251920  2.5  352   50
2.08327588  0.232528  4.271486  0.1  191  -80
2.08333109  0.230325  4.190923  1.0  166  -23
2.08334027  0.226789  4.063211  1.0  173  -35
2.08334070  0.223391  3.942365  0.4    1  -23
2.08339251  0.224739  3.990102  1.0  323   71
2.08338727  0.225044  4.000926  0.3   45   70
2.08339333  0.226177  4.041327  0.0  285   68
2.08345751  0.235018  4.363438  0.6    0  -25
2.08346544  0.233556  4.309335  1.1  180  -45
2.08347060  0.234175  4.332178  0.5   32  -55
2.08353848  0.227660  4.094497  1.6  355  -55
2.08354670  0.221293  3.868676  1.3   35  -60
2.08355047  0.222510  3.911359  3.3  111  -62
2.08355463  0.223578  3.948971  3.0  113  -62
2.08360163  0.233276  4.299004  0.7   58  -39
2.08360604  0.238129  4.479733  0.6  151    6
2.08367665  0.227279  4.080806  0.6  190   -3
2.08368058  0.227841  4.101014  1.8  198    3
2.08368323  0.227896  4.102987  1.0  193   -4
2.08374845  0.234777  4.354489  0.6  157  -61
2.08374571  0.234373  4.339518  2.2  177  -63
2.08379887  0.235730  4.389935  1.0  152  -72
2.08379420  0.233863  4.320658  0.5   54  -60
2.08381662  0.226479  4.052115  1.4   25  -31
2.08381800  0.225531  4.018281  0.5  210  -42
2.08388106  0.233112  4.292946  3.9   14   33
2.08388153  0.232696  4.277633  4.1  190   13
2.08388779  0.232755  4.279813  4.2  188   12
2.08388528  0.233927  4.323027  3.8    6   28
2.08394953  0.235547  4.383104  0.1  171   28
2.08401739  0.225294  4.009843  0.2  349   43
2.08401889  0.224445  3.979667  0.4  176   27
2.08402088  0.225923  4.032260  1.2  177   19
2.08401644  0.223985  3.963373  0.6   11   37
2.08408316  0.227484  4.088162  0.5  292   33
2.08408370  0.226964  4.069494  1.0  295   36
2.08409701  0.233630  4.312040  1.1  299   41
2.08416588  0.229127  4.147433  1.0   17  -31
2.08416703  0.226836  4.064898  3.1   15  -31
2.08416640  0.228968  4.141693  3.1   16  -32
2.08417174  0.227672  4.094926  5.3  214  -51
2.08422566  0.233346  4.301590  4.4  312   10
2.08424161  0.234225  4.334048  0.3  201  -35
2.08429487  0.228327  4.118521  0.1  358  -25
2.08429597  0.228633  4.129556  0.5  358  -33
2.08431719  0.232422  4.267582  4.8  318  -39
2.08431658  0.231164  4.221501  4.9  317  -40
2.08437089  0.237487  4.455612  3.4  171   -5
2.08438370  0.235857  4.394656  0.0  185   29
2.08443953  0.236569  4.421211  2.4  297 -132
2.08443755  0.235471  4.380295  1.8  303  -37
2.08444124  0.235266  4.372662  1.1  297  -44
2.08449721  0.243050  4.666810  4.4   11   -1
2.08451243  0.241368  4.602415  2.1  186  -20
2.08454002  0.236835  4.431162  0.0   34  -71
2.08458256  0.237900  4.471125  0.9  359  -16
2.08458412  0.235183  4.369565  0.4  178  -33
2.08459189  0.235008  4.363075  0.6  189  -39
2.08463053  0.240158  4.556407  1.9  189    9
2.08464220  0.240463  4.567991  2.9  181  -43
2.08464980  0.237441  4.453894  2.1   12  -34
2.08471773  0.234545  4.345916  0.3   40  -25
2.08472057  0.233378  4.302742  0.1   49  -22
2.08472088  0.233714  4.315163  0.1   50  -25
2.08476171  0.231638  4.238826  1.9  192   18
2.08476189  0.232869  4.284002  0.4  190   15
2.08483825  0.238720  4.502007  3.7   12  -15
2.08484128  0.237956  4.473209  1.0  194  -36
2.08490714  0.236869  4.432444  2.9  299  -54
2.08490187  0.233946  4.323711  1.0  192   -8
2.08489438  0.233841  4.319836  3.8   12    7
2.08490066  0.233742  4.316202  4.6   14    7
2.08495534  0.226674  4.059114  0.1  355   67
2.08495881  0.228800  4.135619  1.6  336   42
2.08499679  0.233319  4.300599  0.1  180   71
2.08500313  0.235137  4.367882  0.0  172   76
2.08504516  0.238384  4.489325  2.1  173   42
2.08504511  0.235260  4.372441  0.9  250   71
2.08508947  0.234600  4.347947  0.2   14   48
2.08511547  0.231884  4.247847  0.2  181   22
2.08511753  0.232661  4.276374  0.5  177   16
2.08511609  0.233301  4.299933  0.6  179   22
2.08519654  0.235231  4.371364  0.9  174  -67
2.08519644  0.235649  4.386923  1.5  308  -61
2.08524318  0.226235  4.043386  0.1   30  -48
2.08524782  0.226180  4.041441  2.4  353   43
2.08524825  0.226495  4.052700  2.8  353   43
2.08532318  0.225397  4.013493  1.7  117  -44
2.08532195  0.221572  3.878447  2.0  313  -45
2.08532225  0.221576  3.878590  2.0  313  -45
2.08532452  0.223869  3.959280  3.0  127  -50
2.08540252  0.229532  4.162120  0.1  317  -12
2.08539761  0.229189  4.149672  0.1  320  -26
2.08545010  0.238179  4.481612  2.1  306   48
2.08547264  0.238441  4.491470  3.6  188   -9
2.08545357  0.239465  4.530130  2.4  295   50
2.08551263  0.237765  4.466035  0.0   75   38
2.08553295  0.233342  4.301446  3.5  177  -27
2.08557842  0.233832  4.319508  1.6  296   52
2.08553096  0.232124  4.256644  0.8  193  -56
2.08563530  0.229200  4.150073  1.1  116   44
2.08563456  0.230294  4.189774  0.7  278   49
2.08563446  0.230171  4.185314  1.1  279   49
2.08563909  0.232570  4.273012  1.4  281   58
2.08570733  0.236855  4.431939  0.9    8   24
2.08571205  0.235191  4.369856  0.2  355   14
2.08573864  0.231808  4.245064  0.1  308  -60
2.08573734  0.232301  4.263121  0.2  126  -67
2.08578257  0.236508  4.418962  3.0  342    7
2.08578846  0.236682  4.425440  0.2   12   -2
2.08584892  0.238421  4.490726  0.5  357   12
2.08584096  0.240386  4.565065  0.1  174    7
2.08589305  0.241152  4.594198  0.1  115   44
2.08592369  0.228964  4.141530  1.7  297 -120
2.08592414  0.230543  4.198857  0.5  298  -55
2.08592420  0.230558  4.199392  1.2  316  -53
2.08597378  0.230454  4.195617  1.0  193  -57
2.08599967  0.227577  4.091499  0.1  187   14
2.08600373  0.229529  4.161995  0.1  189   15
2.08600509  0.228943  4.140788  0.5  189   10
2.08606357  0.237519  4.456810  2.0  190   50
2.08606928  0.235869  4.395118  0.5  150   55
2.08614680  0.225808  4.028136  3.5   15   -8
2.08614643  0.224865  3.994586  4.0  197  -23
2.08614687  0.225693  4.024056  4.0   15   -9
2.08616446  0.234534  4.345478  5.4   21   -1
2.08619537  0.238208  4.482719  3.0   16   10
2.08622137  0.233421  4.304343  1.0  192   42
2.08622387  0.236347  4.412949  1.0  176   46
2.08629683  0.238708  4.501551  1.6  122   41
2.08628560  0.237578  4.459028  3.6  196  -46
2.08629468  0.239497  4.531328  1.3  281   45
2.08636340  0.222833  3.922707  0.0  299   40
2.08636390  0.222450  3.909222  0.0  300   39
2.08636150  0.221653  3.881257  0.2  130   33
2.08640671  0.230748  4.206333  2.4   57  -32
2.08642335  0.227238  4.079326  1.0   98   45
2.08647337  0.234317  4.337465  0.1  252   33
2.08649297  0.228981  4.142165  3.9   27   22
2.08649237  0.229334  4.154945  4.3   27   22
2.08649076  0.229967  4.177909  4.3   26   31
2.08655523  0.229156  4.148495  3.2  186   35
2.08655975  0.227442  4.086654  3.3    1   37
2.08658382  0.232340  4.264551  0.0   87  -51
2.08665045  0.227720  4.096658  0.6  270  -57
2.08665085  0.227989  4.106328  0.7  269  -55
2.08665590  0.223774  3.955919  0.0  303  -57
2.08666601  0.233868  4.320837  0.6   83  -29
2.08671659  0.236311  4.411574  1.0  285  -53
2.08672187  0.233068  4.291349  0.4  305    3
2.08672356  0.235253  4.372190  0.7  295   -3
2.08677590  0.239886  4.546060  2.4  294  -55
2.08681951  0.240007  4.550684  0.5  191  -27
2.08682270  0.239023  4.513413  0.9  294  -54
2.08682383  0.241057  4.590566  1.0    7  -24
2.08688561  0.240639  4.574665  0.5  299  -50
2.08689178  0.237642  4.461435  0.1   83  -48
2.08695098  0.235478  4.380553  0.3  312   -4
2.08694887  0.236384  4.414305  1.3  289  -19
2.08694731  0.236386  4.414405  0.6  102  -23
2.08695228  0.237043  4.438949  1.6  290  -20
2.08704807  0.236731  4.427280  0.2   99   32
2.08705493  0.231685  4.240574  0.0  264   38
2.08705645  0.232635  4.275387  0.0  264   39
2.08705762  0.233165  4.294923  0.1  272   37
2.08709105  0.236493  4.418381  0.5  123  -19
2.08713887  0.227659  4.094467  1.0  309   44
2.08715036  0.228194  4.113733  0.5  309   41
2.08715580  0.233062  4.291128  0.4  303   53
2.08719233  0.232607  4.274392  0.4  220   -7
2.08722274  0.231861  4.247006  0.6  295   67
2.08722352  0.232025  4.253003  1.0  298   64
2.08727511  0.231643  4.239036  0.0  106    1
2.08731370  0.223856  3.958793  1.0  149  -64
2.08731113  0.223898  3.960288  3.4  172  -53
2.08730978  0.226369  4.048185  5.8  315  -60
2.08737821  0.237597  4.459751  2.1  196   -6
2.08737578  0.233563  4.309587  1.8  313  -52
2.08741578  0.232325  4.264004  0.5  307   39
2.08741802  0.224731  3.989824  1.0  316  -57
2.08744417  0.229096  4.146305  0.2  193   46
2.08747061  0.232378  4.265965  3.0  303  -24
2.08746937  0.231484  4.233213  2.1  302  -20
2.08752625  0.234148  4.331199  0.1  177   74
2.08756166  0.228911  4.139621  1.6   62   18
2.08757046  0.230300  4.190027  2.1   55   31
2.08758533  0.228986  4.142324  2.2  176   19
2.08758579  0.230936  4.213174  1.0  180   20
2.08764121  0.235034  4.364038  0.2  103   59
2.08767178  0.234869  4.357923  4.0   16  -48
2.08768510  0.231629  4.238515  0.6  280  -24
2.08768557  0.230560  4.199485  0.2   90  -19
2.08773931  0.230556  4.199312  1.0    8  -35
2.08773927  0.229091  4.146120  5.5   10  -38
2.08775227  0.228131  4.111470  0.1   75  -15
2.08780086  0.234381  4.339832  0.4  304  -65
2.08780228  0.234540  4.345723  0.0  323  -49
2.08785192  0.235488  4.380928  3.2  308  -35
2.08785224  0.235083  4.365851  3.3  309  -34
2.08790634  0.243378  4.679413  1.1  295   36
2.08792819  0.238563  4.496078  2.3  312   53
2.08792753  0.238026  4.475865  1.5  186   79
2.08797511  0.240060  4.552672  2.2  198   54
2.08801405  0.236531  4.419817  0.3  279  -39
2.08801053  0.238525  4.494658  0.1  290  -56
2.08802249  0.238686  4.500719  0.0  262   23
2.08808444  0.234849  4.357173  0.7  278  -58
2.08808735  0.230085  4.182190  0.4  298  -63
2.08808794  0.230578  4.200124  0.1   96  -62
2.08815143  0.244489  4.722202  0.5  290  -45
2.08814639  0.242163  4.632779  4.4   98    7
2.08817437  0.240989  4.587996  4.0  191   40
2.08820198  0.235117  4.367117  1.5  189   47
2.08820291  0.234838  4.356755  0.4   26   57
2.08820684  0.236346  4.412886  1.1    9   57
2.08825172  0.240638  4.574638  0.0  273   60
2.08826896  0.240665  4.575634  4.1  313  -44
2.08830198  0.242915  4.661604  2.2  324   61
2.08833423  0.240657  4.575330  3.7  298   47
2.08836379  0.240297  4.561677  0.7  297  -50
2.08836997  0.237234  4.446123  0.8   17  -44
2.08840349  0.238600  4.497484  0.5  306   46
2.08845332  0.235849  4.394347  0.0   76   12
2.08845888  0.236066  4.402438  0.1   82   19
2.08847383  0.227321  4.082297  0.1   81   35
2.08849080  0.229930  4.176556  0.7   44   62
2.08852256  0.231305  4.226655  0.9  289   59
2.08852219  0.230379  4.192890  0.5  271   60
2.08859057  0.234977  4.361920  0.1   32  -71
2.08859746  0.231138  4.220542  0.2   49  -68
2.08859715  0.229808  4.172110  0.6   88  -62
2.08864649  0.233055  4.290838  0.4   31  -42
2.08864435  0.235793  4.392269  1.9  207  -54
2.08868199  0.240785  4.580231  1.2  302  -54
2.08868373  0.241623  4.612168  1.6  107  -58
2.08873474  0.237830  4.468497  0.5  158  -63
2.08873678  0.237874  4.470124  1.8  312  -47
2.08877754  0.238628  4.498531  0.1   72  -41
2.08878149  0.238429  4.491012  0.5   86  -49
2.08884232  0.240739  4.578455  2.5  184   11
2.08884255  0.241037  4.589804  1.0  184   12
2.08884252  0.240622  4.574014  2.4  185   14
2.08890992  0.240463  4.567990  1.0   99   33
2.08892195  0.237291  4.448239  1.3  292   53
2.08892342  0.236905  4.433807  1.2  285   52
2.08898291  0.241575  4.610329  1.8  117    9
2.08898403  0.240292  4.561486  1.9  246   10
2.08900006  0.238325  4.487109  0.3   12  -18
2.08903327  0.240664  4.575620  1.8  199  -14
2.08905303  0.240381  4.564858  1.8   63  -45
2.08907534  0.236041  4.401501  3.0  174  -54
2.08909677  0.235444  4.379294  1.0  315  -37
2.08909771  0.235453  4.379595  3.2  320  -47
2.08912082  0.242173  4.633172  3.8  282  -27
2.08916857  0.240749  4.578854  0.4   59  -75
2.08919767  0.239397  4.527563  0.6   59  -22
2.08921786  0.240734  4.578277  0.2   65   -6
2.08922055  0.240886  4.584072  0.8   66   -4
2.08925035  0.244499  4.722597  2.8  127   -9
2.08932065  0.244288  4.714442  2.6   57  -72
2.08933070  0.239819  4.543528  1.0   60   30
2.08933451  0.238135  4.479945  0.6  286   37
2.08933528  0.237166  4.443572  0.7  287   37
2.08940353  0.237938  4.472547  0.2  289   41
2.08940407  0.238330  4.487302  0.3  289   40
2.08940762  0.237416  4.452933  0.1  285   21
2.08945593  0.242403  4.641985  3.5   15  -14
2.08947538  0.236886  4.433080  2.9  305   12
2.08949205  0.240914  4.585118  0.9  193  -17
2.08953321  0.237850  4.469235  1.0  102   46
2.08952435  0.237637  4.461222  2.6   26   34
2.08957693  0.236138  4.405147  0.0  308   90
2.08958536  0.232009  4.252428  0.7  192   41
2.08960131  0.230877  4.211037  1.0  178   54
2.08961149  0.234699  4.351621  1.1   49   37
2.08964602  0.237647  4.461604  0.0   58   38
2.08968948  0.236833  4.431110  0.0  263    3
2.08972625  0.232399  4.266727  1.0  196    1
2.08972426  0.231860  4.246980  1.9  192   -6
2.08973527  0.235050  4.364622  1.7  194    0
2.08977613  0.235818  4.393213  0.1   15   56
2.08980024  0.235997  4.399884  0.2   79  100
2.08980184  0.233552  4.309189  0.5  341   52
2.08986834  0.235833  4.393759  0.0  203  -32
2.08988125  0.239017  4.513183  1.4  198  -28
2.08987698  0.234610  4.348302  0.1  213  -22
2.08992415  0.238412  4.490401  0.1   85  -46
2.08992522  0.238403  4.490061  0.1   83  -46
2.08995974  0.238702  4.501331  1.0  292  -44
2.08997795  0.241674  4.614089  0.2  103  -18
2.09000438  0.239251  4.522053  0.2  201   54
2.09001362  0.240186  4.557467  0.7   21  -48
2.09005267  0.242804  4.657336  0.1   11  -42
2.09008929  0.243575  4.686961  1.5  118  -31
2.09008925  0.243046  4.666648  1.2  118  -31
2.09014835  0.236012  4.400449  1.0  313   -5
2.09014568  0.232865  4.283853  5.7  311   24
2.09017606  0.234389  4.340126  2.0  312   59
2.09017826  0.235946  4.397958  2.2  287   53
2.09023141  0.235805  4.392698  1.1  281   59
2.09023048  0.235771  4.391447  1.8  288   62
2.09025454  0.238080  4.477891  0.6   70   48
2.09029951  0.240034  4.551685  1.7  295  -28
2.09029912  0.240084  4.553578  2.4  113  -37
2.09034167  0.243020  4.665626  1.0  188   52
2.09038498  0.234101  4.329466  0.7  273   -6
2.09038468  0.235336  4.375252  1.9   95   -7
2.09038454  0.233456  4.305639  1.4   92   -8
2.09043706  0.236451  4.416802  2.5  289  -39
2.09044068  0.237936  4.472452  1.8  200  -74
2.09045163  0.238671  4.500131  2.7   13  -58
2.09049195  0.234242  4.334676  0.8   39   45
2.09052562  0.235175  4.369266  4.0   85   48
2.09052752  0.237010  4.437722  3.2  257   46
2.09052928  0.239735  4.540370  4.4  285   35
2.09059230  0.238875  4.507826  2.4  181   73
2.09063146  0.234171  4.332060  1.4  196   21
2.09063890  0.233824  4.319215  1.6  193    9
2.09067962  0.233410  4.303922  3.3  190   42
2.09067828  0.232799  4.281417  0.8   40   45
2.09068805  0.234045  4.327399  0.7   40   45
2.09073089  0.239935  4.547923  1.1  187  -74
2.09075595  0.237306  4.448812  0.2  281   46
2.09080314  0.234510  4.344590  0.7   25   23
2.09084051  0.226344  4.047310  0.5  368   54
2.09083479  0.223644  3.951310  1.3   25   56
2.09083531  0.224148  3.969129  0.9   31   65
2.09084274  0.227916  4.103723  1.4   25   53
2.09090232  0.228669  4.130861  3.5  310   53
2.09090592  0.229057  4.144884  0.5  160   50
2.09094228  0.227466  4.087517  4.7  298   57
2.09094580  0.227960  4.105293  4.4  291   58
2.09099230  0.237687  4.463132  3.9  284  -23
2.09101771  0.236725  4.427069  1.0  296  -48
2.09105188  0.233056  4.290898  3.6  301   19
2.09105315  0.231588  4.237025  1.1  124   13
2.09109085  0.235121  4.367282  0.9  282   29
2.09110962  0.229759  4.170359  1.4  249  -81
2.09110975  0.229695  4.168014  1.0  280  -57
2.09114082  0.228485  4.124224  3.1  296   46
2.09117131  0.231946  4.250111  3.2   47   62
2.09117801  0.232612  4.274550  3.5   31   57
2.09120823  0.236365  4.413615  3.5  114  -43
2.09120349  0.236503  4.418764  2.9  216  -56
2.09128794  0.227604  4.092499  1.8   68   -3
2.09128792  0.224430  3.979128  2.1  255  -10
2.09133876  0.227235  4.079231  0.0  359 -123
2.09133723  0.226835  4.064880  0.1  185  -58
2.09134396  0.229618  4.165217  0.0  201  -68
2.09139226  0.231231  4.223949  2.2  291  -43
2.09139538  0.233583  4.310332  1.8  101  -45
2.09143581  0.227947  4.104827  3.5  173  -45
2.09144673  0.227916  4.103701  1.4  328  -57
2.09145103  0.228685  4.131435  2.5  323  -53
2.09146391  0.237076  4.440189  1.0   96  -48
2.09152224  0.237947  4.472876  3.3   74  -30
2.09152462  0.236817  4.430504  2.8   74  -23
2.09155629  0.238030  4.476023  0.2  294  -24
2.09157841  0.233541  4.308777  0.0  307  -18
2.09158413  0.236917  4.434259  0.7  255   17
2.09163656  0.239758  4.541239  2.1  307  -19
2.09166460  0.237898  4.471043  0.0  196   23
2.09169262  0.238042  4.476445  0.1  243   27
2.09170068  0.239681  4.538303  0.2   68   20
2.09172546  0.240261  4.560289  3.3   22   22
2.09173468  0.240470  4.568257  1.7  200    9
2.09178722  0.233607  4.311205  1.0   58   -2
2.09180073  0.231113  4.219633  0.9   58    3
2.09181265  0.235405  4.377813  1.2   59    5
2.09183949  0.238336  4.487505  2.2   43   41
2.09185619  0.237667  4.462349  2.1   28  -15
2.09192247  0.237647  4.461626  0.5  174  -38
2.09194185  0.232042  4.253622  1.7  303  -47
2.09193783  0.232617  4.274726  1.4  303  -46
2.09194144  0.232938  4.286554  0.0  304  -46
2.09198906  0.239227  4.521120  7.6  312   22
2.09200133  0.240458  4.567776  1.9  260   17
2.09201058  0.243248  4.674401  2.4  247   33
2.09207949  0.225683  4.023696  2.2  109   55
2.09208307  0.224696  3.988559  2.0  108   62
2.09208012  0.226196  4.042015  2.4  276   59
2.09210202  0.232494  4.270240  0.1   43   56
2.09222152  0.227530  4.089810  0.0   65   22
2.09220842  0.227480  4.088041  0.5  119   14
2.09220791  0.223429  3.943738  0.4  289    3
2.09221777  0.224054  3.965821  0.3  284   11
2.09224641  0.225359  4.012146  0.1   95   33
2.09225692  0.233238  4.297599  2.3  301   66
2.09224908  0.230677  4.203747  0.9  257   34
2.09229085  0.236240  4.408955  3.3    8   37
2.09236379  0.218811  3.782394  3.1  268  -64
2.09236425  0.218690  3.778196  3.8   56  -48
2.09236439  0.218678  3.777787  3.8   55  -49
2.09237226  0.221597  3.879329  3.4   71  -49
2.09243803  0.231077  4.218324  0.9  175  -33
2.09243827  0.229970  4.177997  0.4  176  -33
2.09243811  0.230955  4.213881  0.7  178  -31
2.09249934  0.238201  4.482423  0.5  103  -26
2.09250368  0.237525  4.457030  1.8  290  -20
2.09250232  0.239431  4.528855  1.5  106  -24
2.09260593  0.238746  4.502977  2.5  287   44
2.09260338  0.236436  4.416246  1.4   55   65
2.09260421  0.236780  4.429117  1.5   40   60
2.09265431  0.236305  4.411364  2.1  282   55
2.09265422  0.236225  4.408378  3.3  290   51
2.09266942  0.239353  4.525907  3.8  100   -4
2.09272067  0.236587  4.421898  1.7  300  -60
2.09272155  0.237412  4.452785  2.1  312  -60
2.09276793  0.235476  4.380465  0.1   54  -50
2.09277769  0.236101  4.403750  1.6   78  -51
2.09279295  0.234652  4.349858  1.0  265  -42
2.09280087  0.235481  4.380662  1.3   87  -31
2.09280192  0.234668  4.350448  1.2  285  -55
2.09287939  0.235362  4.376211  1.1  310   73
2.09287989  0.234324  4.337728  3.6  279   62
2.09291083  0.240239  4.559463  3.1   54   40
2.09294346  0.234921  4.359829  2.4  192  -62
2.09294509  0.235967  4.398744  3.1  191  -60
2.09299474  0.234589  4.347542  1.0  310  -55
2.09299874  0.233788  4.317884  5.3  309  -53
2.09303169  0.231585  4.236898  1.1  310  -42
2.09303236  0.231355  4.228486  0.9  310  -39
2.09307945  0.232945  4.286807  3.5  305  -18
2.09308374  0.233899  4.322003  4.1  104  -35
2.09308208  0.232545  4.272096  3.6  116  -25
2.09315718  0.229171  4.149035  3.2   77   46
2.09316803  0.232812  4.281897  3.9   90   49
2.09317081  0.232425  4.267700  2.2   13   57
2.09324458  0.229170  4.149002  0.2   17  -12
2.09324377  0.225851  4.029672  0.0  202   -4
2.09326313  0.227364  4.083843  1.0  206  -20
2.09330057  0.227434  4.086379  2.7  202    8
2.09330296  0.226710  4.060411  3.8  197   16
2.09330441  0.226510  4.053235  3.4   19   22
2.09339211  0.235215  4.370772  0.7  112   28
2.09340013  0.236676  4.425241  1.7  106   32
2.09342074  0.231393  4.229881  2.8   43  -19
2.09342610  0.234415  4.341063  3.3  223  -24
2.09342554  0.232456  4.268815  2.5   47  -20
2.09347772  0.237167  4.443588  0.1  274  -31
2.09350925  0.234629  4.349008  0.2    8  -44
2.09354334  0.237495  4.455908  0.5  345    8
2.09354444  0.238128  4.479708  1.1  347   11
2.09354703  0.239015  4.513118  0.3   96    6
2.09361014  0.238424  4.490821  2.0  318   26
2.09361217  0.234478  4.343400  0.4  149   17
2.09363283  0.237979  4.474095  0.0  183  -54
2.09367607  0.238900  4.508800  0.5  172   -1
2.09368582  0.238371  4.488856  1.4  353   -3
2.09368441  0.239040  4.514052  0.6    1  -25
2.09376120  0.236878  4.432773  0.6  294  -35
2.09375745  0.235433  4.378873  1.0  119  -25
2.09376307  0.241434  4.604942  0.0  298  -63
2.09382023  0.236801  4.429889  0.1   71  -29
2.09383847  0.237936  4.472465  0.0  329   33
2.09382669  0.238005  4.475079  0.5  314  -41
2.09387594  0.236516  4.419239  0.4   58   52
2.09391491  0.237914  4.471631  0.3  152  -23
2.09397899  0.228596  4.128240  0.9  103   10
2.09397956  0.227134  4.075597  1.0  280   12
2.09398067  0.226978  4.070010  0.7  281   14
2.09397948  0.227089  4.073978  0.7  281   12
2.09399798  0.232369  4.265634  0.5  273   29
2.09405418  0.235840  4.394008  1.3  280  -57
2.09405384  0.234538  4.345643  0.3  281  -57
2.09412624  0.233927  4.323014  3.8  285   26
2.09412283  0.233821  4.319114  0.1  160  -71
2.09412423  0.232730  4.278908  0.1  186  -66
2.09413397  0.232266  4.261845  0.2  229  -60
2.09414408  0.234977  4.361939  3.8  269   45
2.09421624  0.231380  4.229411  0.9   72   69
2.09421493  0.232484  4.269839  0.0  284   71
2.09426785  0.232192  4.259146  2.7  293   63
2.09426952  0.230548  4.199050  1.6  270   67
2.09426955  0.234935  4.360361  2.0  159   55
2.09432288  0.239112  4.516773  0.3  164  -60
2.09434663  0.239979  4.549620  1.5   66   47
2.09438005  0.239828  4.543864  1.6   47  -73
2.09441736  0.230116  4.183314  7.8    9   19
2.09441709  0.230010  4.179462  7.8    8   20
2.09441886  0.231340  4.227943  3.1   28   55
2.09441845  0.231440  4.231599  6.8  191    8
2.09449557  0.232543  4.272030  0.3   28   67
2.09450279  0.232075  4.254830  3.5  299   56
2.09456936  0.220645  3.846036  1.1  176  -14
2.09457173  0.220392  3.837243  1.2  176  -15
2.09457281  0.220266  3.832861  0.7  356   -7
2.09457517  0.220382  3.836879  0.6  175  -23
2.09463195  0.228285  4.117004  1.0  181   30
2.09463741  0.228621  4.129155  0.0  354   38
2.09471977  0.221519  3.876594  1.1  330   28
2.09471393  0.219145  3.793952  0.4  157    2
2.09471407  0.219188  3.795414  0.5  159    2
2.09471879  0.218370  3.767144  0.6  152   19
2.09477508  0.223629  3.950772  0.1  169   16
2.09478280  0.222786  3.921051  0.3  170   17
2.09485531  0.222044  3.894971  3.3  354   41
2.09485514  0.221960  3.892038  3.1  353   41
2.09485643  0.221905  3.890113  1.0  353   39
2.09485642  0.221772  3.885432  3.2  353   41
2.09485518  0.221861  3.888558  2.9  355   45
2.09493309  0.226336  4.047008  6.3  288  -48
2.09493328  0.226596  4.056304  6.4  290  -52
2.09499414  0.229568  4.163418  7.1  281   63
2.09499422  0.229687  4.167730  8.0  277   64
2.09501750  0.228622  4.129180  2.5   65  -43
2.09499684  0.230453  4.195585  4.4  330   71
2.09507499  0.218830  3.783043  4.7  120  -32
2.09507658  0.220323  3.834852  1.0  125  -29
2.09507416  0.219239  3.797187  5.0  307  -23
2.09514973  0.229729  4.169245  1.6    1  -27
2.09515522  0.227934  4.104359  0.0  178  -42
2.09515280  0.231727  4.242109  2.5  197  -42
2.09521669  0.231163  4.221473  2.0  348  -23
2.09522313  0.233354  4.301872  0.1  278   54
2.09528529  0.230842  4.209752  1.3  334  -45
2.09528808  0.231163  4.221474  1.5  154  -62
2.09528977  0.230219  4.187049  2.4   90  -63
2.09528902  0.230098  4.182662  2.3  110  -57
2.09537337  0.236876  4.432698  2.4   57   79
2.09537513  0.233800  4.318331  1.2   67   52
2.09537419  0.233682  4.313968  1.7  254  123
2.09542877  0.234257  4.335227  2.5   14   -8
2.09543039  0.236667  4.424882  3.6  195  -19
2.09549192  0.239987  4.549897  3.6   85  145
2.09549842  0.238563  4.496079  3.9  299   46
2.09551340  0.237982  4.474182  3.6  308   49
2.09551509  0.237319  4.449305  3.2  251   42
2.09557382  0.238540  4.495211  2.1  276   -4
2.09560360  0.235756  4.390903  1.0  203   13
2.09564929  0.222460  3.909578  0.1  109   26
2.09565113  0.222459  3.909546  1.0  276   37
2.09565583  0.221896  3.889787  1.0  102   39
2.09565636  0.226290  4.045358  0.0  270   38
2.09565443  0.226429  4.050321  0.9  277   32
2.09572924  0.230873  4.210901  1.5  354   52
2.09578749  0.227902  4.103204  3.3   22   22
2.09579903  0.221423  3.873219  1.1  202   -6
2.09579890  0.222877  3.924246  1.0  203   -4
2.09580136  0.222367  3.906307  0.8  206   -6
2.09580681  0.224342  3.976035  1.2  205  -12
2.09587232  0.231705  4.241292  6.7  324   -5
2.09590901  0.222086  3.896466  0.6   66   55
2.09590910  0.225049  4.001135  2.1   65   60
2.09592219  0.225444  4.015180  5.1  346   34
2.09593697  0.226429  4.050324  0.0   44  -24
2.09599003  0.231999  4.252054  0.2  348   21
2.09602204  0.224644  3.986735  7.4  313   -2
2.09602220  0.225066  4.001718  8.0  313   -2
2.09607514  0.219038  3.790244  1.0  276   38
2.09607822  0.217022  3.720782  2.7  269   49
2.09608287  0.217197  3.726783  3.2  266   51
2.09608646  0.215975  3.684979  3.1  269   64
2.09617052  0.230815  4.208778  0.1  103   24
2.09618893  0.221866  3.888737  1.0  210  -59
2.09619487  0.221563  3.878120  1.0   76  -99
2.09619552  0.219498  3.806164  2.0   33  -40
2.09622032  0.224941  3.997288  1.5  101  -26
2.09624266  0.230811  4.208631  7.3  187   -6
2.09625120  0.233380  4.302835  1.0  190  -12
2.09633703  0.230072  4.181712  0.5  266   61
2.09633935  0.227647  4.094015  0.3  107   64
2.09637026  0.212038  3.551854  2.2   79  -53
2.09636969  0.211372  3.529584  0.3   81  -51
2.09636966  0.211122  3.521225  0.4   81  -51
2.09649580  0.231477  4.232958  5.3   71 -128
2.09645871  0.226614  4.056953  0.1  257   58
2.09650288  0.228871  4.138165  4.9   91  -43
2.09650441  0.228331  4.118680  1.0  275  -50
2.09650377  0.226151  4.040393  4.3   70  -49
2.09650634  0.227661  4.094549  4.2  276  -44
2.09656535  0.232831  4.282609  0.5  278  -60
2.09660132  0.231717  4.241713  2.4   12   24
2.09660804  0.227108  4.074666  1.6   90  -50
2.09662937  0.227409  4.085480  4.0  283  -13
2.09664153  0.227056  4.072795  2.0  288   -5
2.09665904  0.227338  4.082907  0.4  319  -33
2.09666749  0.226125  4.039461  0.0  191  -10
2.09675727  0.221556  3.877883  8.4  320   32
2.09676137  0.222320  3.904653  7.6  319   38
2.09675961  0.223169  3.934535  5.7  319   50
2.09676042  0.222418  3.908109  7.5  145   27
2.09682163  0.231140  4.220628  0.2  289    7
2.09682208  0.233559  4.309436  0.7  290    6
2.09683017  0.233835  4.319624  0.1  286   19
2.09692011  0.226889  4.066803  0.9  281   17
2.09692367  0.226100  4.038567  1.1  104   20
2.09692588  0.230740  4.206028  2.5  292   36
2.09694897  0.228430  4.122245  1.2  280   47
2.09698768  0.230561  4.199510  4.9  304   41
2.09701180  0.229005  4.143038  3.6  189  -16
2.09705069  0.231270  4.225374  0.8  206   19
2.09705979  0.230488  4.196859  1.6  201   21
2.09707019  0.231749  4.242901  7.3    3  -16
2.09712592  0.226002  4.035091  3.6  187   33
2.09712511  0.226110  4.038927  4.4  180   19
2.09712592  0.226338  4.047067  4.5  183   21
2.09719939  0.224223  3.971805  2.8  309   28
2.09719995  0.219696  3.813029  0.6  345   12
2.09720254  0.220077  3.826294  0.6  343   10
2.09720565  0.221930  3.890984  4.9  318   -2
2.09720779  0.221174  3.864524  4.5  136  -13
2.09727760  0.226720  4.060738  0.0   30   68
2.09735085  0.224887  3.995347  3.9  330   26
2.09734851  0.210660  3.505817  0.0  321    9
2.09734847  0.213155  3.589366  1.0  314    6
2.09734691  0.213100  3.587523  1.0  313    2
2.09739435  0.229992  4.178824  4.7  110   -0
2.09742838  0.229897  4.175358  1.0  171  -30
2.09749618  0.220902  3.855012  1.4    6    2
2.09749914  0.218074  3.756958  0.9  176  -11
2.09750012  0.219515  3.806772  1.6  182  -15
2.09749827  0.220528  3.841987  1.9  187   -7
2.09755189  0.230462  4.195892  1.4  294   63
2.09755838  0.230403  4.193770  0.6   35   66
2.09757637  0.233264  4.298542  4.0   11  -39
2.09764520  0.216161  3.691315  1.5   15  -50
2.09764336  0.216165  3.691451  1.7   11  -47
2.09764537  0.216258  3.694633  2.0   14  -50
2.09770908  0.229469  4.159831  0.1  174  -40
2.09772093  0.225480  4.016458  0.3  290  -52
2.09772021  0.224073  3.966476  0.7  309  -45
2.09777476  0.231903  4.248538  2.4  300  -25
2.09777724  0.227884  4.102544  0.0  285  -37
2.09778125  0.230585  4.200404  0.1  281  -27
2.09785726  0.226567  4.055277  1.0   68   29
2.09785666  0.226539  4.054282  0.5   67   29
2.09786167  0.227268  4.080408  1.0  258   48
2.09787597  0.235897  4.396162  5.9  353    7
2.09790204  0.235934  4.397537  3.1  282   58
2.09795913  0.237499  4.456051  3.3  190   21
2.09799875  0.227234  4.079189  0.9  288  -52
2.09802303  0.224375  3.977187  4.3  118   34
2.09802082  0.223540  3.947651  5.3  290   42
2.09802837  0.223580  3.949060  3.3   29   63
2.09809495  0.224998  3.999297  2.6  314   30
2.09809594  0.224098  3.967385  2.7  314   35
2.09809864  0.226297  4.045605  3.5  331   51
2.09814871  0.224938  3.997163  0.9  111   48
2.09814799  0.226287  4.045245  2.4  282   48
2.09814576  0.226455  4.051258  1.0  282   42
2.09822984  0.226516  4.053451  1.4  184   16
2.09823107  0.225647  4.022422  2.7    4   28
2.09823560  0.225743  4.025833  3.5    2   25
2.09829630  0.227673  4.094969  6.0  355  -24
2.09830742  0.224173  3.970036  3.4   48  -59
2.09831033  0.223397  3.942596  1.0    9  -38
2.09831210  0.223626  3.950690  5.1    9  -38
2.09839327  0.224071  3.966433  1.9  121   36
2.09839156  0.224233  3.972154  1.0  286   47
2.09839515  0.226496  4.052746  2.1   95   52
2.09846095  0.220020  3.824303  3.1  317   60
2.09846071  0.222191  3.900153  2.2  304   81
2.09846448  0.220813  3.851929  2.4  164   37
2.09851996  0.219907  3.820362  3.3  295   -6
2.09852041  0.219900  3.820134  2.9  295   -5
2.09860430  0.219397  3.802684  1.2  353   14
2.09860599  0.219593  3.809452  1.8  357   15
2.09860968  0.219384  3.802222  1.8  178   -4
2.09860682  0.219804  3.816800  1.0  359   13
2.09868057  0.221324  3.869755  0.8  156  -37
2.09868677  0.218135  3.759058  1.0  261  -76
2.09868936  0.218370  3.767138  0.9   45  -66
2.09874986  0.212590  3.570363  2.4  166  -47
2.09874793  0.207669  3.406972  0.0   25  -50
2.09874935  0.209773  3.476358  0.3   22  -53
2.09874990  0.214138  3.622564  1.0  229  -61
2.09882451  0.233601  4.310992  0.7  334  -19
2.09882460  0.235244  4.371821  0.5   66  -48
2.09886434  0.234312  4.337253  3.9  299  -67
2.09886378  0.233569  4.309806  3.7   81  -70
2.09890740  0.242084  4.629781  3.3  196  -56
2.09886390  0.234370  4.339409  3.9   91  -80
2.09896231  0.239627  4.536263  1.0   55    4
2.09898474  0.236931  4.434785  0.3  135  -49
2.09898686  0.237029  4.438431  0.4  119  -57
2.09903431  0.233830  4.319445  0.1   68  -34
2.09903643  0.235524  4.382252  0.1   71  -29
2.09910425  0.239794  4.542603  0.6  197  -45
2.09912869  0.239813  4.543300  4.3  196   28
2.09911447  0.237390  4.451979  0.1  203  -43
2.09913529  0.239674  4.538029  1.0  195   15
2.09913709  0.240903  4.584717  4.6  197   29
2.09921914  0.235113  4.366965  0.0  278   15
2.09921430  0.236886  4.433078  1.0  282   24
2.09925131  0.234975  4.361832  0.2   81  114
2.09926785  0.236448  4.416707  1.0  173   35
2.09927667  0.239504  4.531614  1.0   75  -73
2.09929135  0.240095  4.553996  1.0  169  -17
2.09937196  0.233634  4.312208  2.3   60   54
2.09936633  0.228406  4.121390  0.4  316   38
2.09936676  0.227153  4.076268  0.2  316   38
2.09936804  0.226169  4.041052  0.1  145   29
2.09942897  0.226647  4.058154  0.4  167   11
2.09943019  0.227474  4.087822  0.5  164   14
2.09949752  0.222487  3.910526  1.0   18   33
2.09950297  0.221528  3.876884  0.5  188   11
2.09950763  0.222389  3.907086  0.9    6   17
2.09951443  0.227654  4.094267  0.1  191   -4
2.09951306  0.224875  3.994937  1.1  179   -0
2.09958789  0.228206  4.114167  0.1  357  -40
2.09964869  0.227735  4.097179  0.2    2  -22
2.09965570  0.224429  3.979107  0.1   11  -34
2.09965997  0.222020  3.894150  0.1   86  -62
2.09965949  0.221889  3.889544  1.0  315  -37
2.09971250  0.233638  4.312342  0.5  291  126
2.09972936  0.233806  4.318561  0.2  302   63
2.09972605  0.235550  4.383216  4.5  313   -2
2.09979903  0.234539  4.345669  6.1  168  -15
2.09979849  0.235228  4.371257  5.5  172  -15
2.09984512  0.232489  4.270029  2.5  198   46
2.09986679  0.226321  4.046459  0.6  165  -30
2.09986976  0.226356  4.047709  0.6  168  -32
2.09991390  0.230085  4.182181  2.5   65   42
2.09993759  0.229414  4.157814  0.5  288  -61
2.09993729  0.228723  4.132824  0.1  270  -64
2.09993768  0.228030  4.107805  0.3  304  -62
2.10000385  0.230513  4.197771  0.3   41  -47
2.10001245  0.228455  4.123145  0.1   59  -49
2.10008774  0.229320  4.154411  5.2  326  -27
2.10001906  0.229938  4.176861  0.4   93  -34
2.10009177  0.230477  4.196452  5.1  139  -42
2.10009492  0.232650  4.275972  4.0  312  -39
2.10011106  0.236102  4.403783  4.3  192  -50
2.10013810  0.236408  4.415220  0.0  306   10
2.10021296  0.235299  4.373892  6.8  314   52
2.10021474  0.234904  4.359220  7.0  301   58
2.10021615  0.235833  4.393762  7.2  304   51
2.10021330  0.237567  4.458608  6.6  156   52
2.10029030  0.230346  4.191683  0.4  174  -63
2.10028991  0.230738  4.205975  1.8  354  -59
2.10028946  0.233538  4.308673  2.4  330  -50
2.10035411  0.239142  4.517909  2.2   22  -31
2.10035339  0.234400  4.340542  0.0  152   31
2.10040941  0.231766  4.243525  0.1   78   58
2.10040986  0.228903  4.139328  0.1  235   61
2.10042831  0.237672  4.462556  0.2  302  -32
2.10041019  0.237994  4.474663  0.0  332   76
2.10049560  0.231956  4.250491  2.4   46   63
2.10049582  0.232000  4.252104  2.6   46   63
2.10052066  0.231320  4.227195  3.0   51   44
2.10053042  0.231391  4.229788  4.3  215   23
2.10053054  0.231211  4.223228  4.1  215   22
2.10060034  0.234322  4.337655  0.3   54   69
2.10062424  0.233518  4.307931  1.0   78  -46
2.10066040  0.221893  3.889674  0.1   72  -51
2.10066198  0.224027  3.964846  1.0   85  -47
2.10069368  0.231879  4.247657  1.7   80  -15
2.10073899  0.228877  4.138374  1.9  353   36
2.10074146  0.229228  4.151079  2.4  177   30
2.10074699  0.230214  4.186867  2.3  353   36
2.10074516  0.230453  4.195585  2.2  352   38
2.10081731  0.223070  3.931049  0.9  309  -17
2.10081693  0.224210  3.971333  0.8  308  -18
2.10088974  0.233138  4.293921  0.8  190    4
2.10089017  0.233105  4.292706  0.6  189    4
2.10089072  0.234338  4.338244  2.1  190    1
2.10094723  0.235299  4.373895  1.3   38  -44
2.10096480  0.227063  4.073054  0.1  198   45
2.10096457  0.230932  4.213035  1.4  332   26
2.10096571  0.229870  4.174392  0.1   21   44
2.10103660  0.227876  4.102270  3.1  169  -34
2.10103523  0.228372  4.120138  3.0  350  -21
2.10109107  0.225410  4.013969  0.7  346   52
2.10110033  0.225913  4.031908  1.0  349   28
2.10110041  0.225675  4.023400  0.7  353   29
2.10109891  0.225717  4.024900  0.5  348   36
2.10118401  0.223177  3.934845  0.9  141  -38
2.10118423  0.221893  3.889688  0.1  142  -40
2.10118536  0.222878  3.924281  0.5  139  -43
2.10125383  0.224464  3.980356  0.2  184  -43
2.10125263  0.221281  3.868242  1.0    5  -36
2.10126028  0.225214  4.006983  0.2  205  -37
2.10125732  0.224292  3.974229  0.1  200  -35
2.10132712  0.226605  4.056643  0.0   67  -53
2.10132867  0.227405  4.085325  0.0   75  -50
2.10138418  0.227738  4.097309  0.2  180  -65
2.10138326  0.228828  4.136605  3.6   72  -54
2.10139556  0.231247  4.224557  2.1   18  -53
2.10145273  0.232005  4.252297  0.6  354  -50
2.10146876  0.234135  4.330711  0.0  294  -48
2.10148275  0.235067  4.365251  1.2  292   11
2.10153663  0.234206  4.333349  0.8  179   47
2.10150207  0.232027  4.253089  1.4  238  -60
2.10159597  0.231268  4.225314  0.2   66   47
2.10160303  0.228925  4.140136  1.4  227   39
2.10160782  0.230094  4.182520  1.0  197   24
2.10162858  0.229163  4.148726  4.1   49   45
2.10162935  0.227941  4.104627  3.4   41   43
2.10163853  0.235933  4.397491  3.9  100  -55
2.10176583  0.231789  4.244374  5.2  301   36
2.10176562  0.231802  4.244858  5.1  300   37
2.10177403  0.230377  4.192803  5.9  289   43
2.10179619  0.224687  3.988269  5.0  111   -9
2.10179615  0.224770  3.991203  5.2  111   -8
2.10179592  0.224333  3.975693  4.6  111   -8
2.10185977  0.220115  3.827586  0.8   73   55
2.10185501  0.222023  3.894232  1.2  243   52
2.10187199  0.227411  4.085530  1.2   39   52
2.10191885  0.227277  4.080750  0.1  103   15
2.10192782  0.226732  4.061185  0.3  282   14
2.10194523  0.227630  4.093431  0.9  183  -34
2.10200329  0.226887  4.066742  1.2  123    8
2.10200724  0.227661  4.094540  2.5  160   14
2.10202398  0.231789  4.244366  4.7  186  -31
2.10206402  0.231625  4.238367  4.9    5   52
2.10206397  0.232079  4.254982  1.0    5   51
2.10208399  0.231835  4.246039  1.8  293  -14
2.10214988  0.226995  4.070622  3.3  130  -28
2.10215071  0.228241  4.115436  1.5  312   -6
2.10215927  0.230329  4.191079  3.2  317  -22
2.10220507  0.225227  4.007448  0.4  255  108
2.10220734  0.226156  4.040594  0.5   41   71
2.10220968  0.228012  4.107175  0.4  299   67
2.10222441  0.231141  4.220670  5.5  296  -37
2.10229972  0.232387  4.266288  1.8   48  -39
2.10229956  0.233460  4.305776  1.1   23  -47
2.10234261  0.229707  4.168462  2.2   52   15
2.10236926  0.228576  4.127514  2.3  192  -36
2.10236675  0.226853  4.065534  0.3   19  -15
2.10236695  0.229539  4.162355  1.0  110  -31
2.10245577  0.236254  4.409466  2.5   44  -11
2.10245697  0.235603  4.385203  3.3  221    7
2.10251931  0.227256  4.079992  0.3  342  -65
2.10250774  0.226487  4.052429  2.1   93  -28
2.10250796  0.227033  4.071986  2.7   96  -27
2.10256734  0.231130  4.220249  0.6  347  -44
2.10257258  0.228562  4.127018  0.1   21  -22
2.10259098  0.233850  4.320167  0.5  201  -31
2.10260324  0.234470  4.343121  0.3  208  -40
2.10265433  0.232916  4.285722  2.2  262  -34
2.10264782  0.235045  4.364438  1.0  227  -28
2.10270629  0.235173  4.369184  0.9   62  -52
2.10271606  0.233293  4.299618  1.2   50  -54
2.10271564  0.232362  4.265362  2.0   49  -29
2.10277250  0.238752  4.503205  1.8   61  -49
2.10274294  0.238878  4.507950  6.1   72   16
2.10282727  0.234591  4.347607  1.1   92    7
2.10282645  0.233011  4.289235  0.3   91    6
2.10285374  0.234273  4.335819  2.1  349  -21
2.10286898  0.237449  4.454193  1.2   58   31
2.10288596  0.239451  4.529603  1.8   58   36
2.10295532  0.235511  4.381779  0.0  320   16
2.10297911  0.230792  4.207935  0.4   57   35
2.10298215  0.230058  4.181220  0.2   47   39
2.10301212  0.229613  4.165045  2.3  214   66
2.10301305  0.228856  4.137626  2.1   56   67
2.10305807  0.240459  4.567817  0.2  199   61
2.10305755  0.233162  4.294807  0.0   39   42
2.10311159  0.230409  4.193961  2.0  307   10
2.10311296  0.229591  4.164233  2.1  308    6
2.10311412  0.231853  4.246722  3.4  131   -2
2.10312329  0.233788  4.317877  0.7    3   41
2.10312739  0.234052  4.327653  1.0  299   -0
2.10317754  0.236997  4.437233  2.1  162   80
2.10326364  0.225991  4.034696  0.5    9    8
2.10326854  0.228959  4.141347  0.9   25  -10
2.10326446  0.226892  4.066919  1.0    8    7
2.10327427  0.231298  4.226391  3.4  187  -22
2.10326930  0.231469  4.232656  0.6  284    1
2.10333356  0.236309  4.411516  1.0   18   47
2.10338778  0.228521  4.125538  0.4   53   35
2.10342236  0.225102  4.003019  0.9  236 -123
2.10342271  0.224684  3.988150  1.1   43  -43
2.10342675  0.226542  4.054389  2.1   89   35
2.10346606  0.230627  4.201932  0.1   76  -58
2.10352349  0.229352  4.155591  2.5  236  140
2.10353344  0.225682  4.023663  2.7   68   62
2.10353330  0.225500  4.017180  2.2  263  100
2.10353412  0.225162  4.005131  1.9  265  102
2.10358393  0.230355  4.192013  0.8  266  -39
2.10362455  0.227306  4.081767  0.0   21  -26
2.10363011  0.224781  3.991581  0.0   25  -26
2.10363463  0.227927  4.104123  0.1  206  -42
2.10369898  0.227564  4.091049  4.4  184  -36
2.10370077  0.226533  4.054056  3.1  197  -26
2.10370495  0.228986  4.142317  4.2   14  -13
2.10370514  0.228263  4.116231  4.5   10    2
2.10377187  0.235477  4.380494  2.4   19  -64
2.10382959  0.231507  4.234036  3.1  280  -45
2.10383595  0.229652  4.166473  3.2  281  -40
2.10383569  0.230047  4.180796  3.3   82  -49
2.10387243  0.230607  4.201191  4.6  175  -46
2.10387234  0.232361  4.265331  1.4  296  -21
2.10388099  0.231898  4.248364  1.1  102  -31
2.10395561  0.236917  4.434245  0.0   36  -38
2.10396300  0.233501  4.307288  0.2  297  -46
2.10400913  0.228327  4.118532  3.0  107  -33
2.10400867  0.228875  4.138305  3.1  107  -35
2.10400843  0.228300  4.117553  2.4  106  -37
2.10408566  0.240458  4.567790  1.5  293   39
2.10412974  0.232306  4.263321  0.0   29  -10
2.10412958  0.230655  4.202921  0.4   26   -1
2.10414304  0.229394  4.157108  0.6  206  -20
2.10414733  0.229965  4.177837  2.3  209  -51
2.10415100  0.229266  4.152452  2.3  216  -45
2.10416446  0.234928  4.360110  0.0  302   15
2.10428495  0.228576  4.127520  6.1    5   29
2.10428525  0.230599  4.200900  7.3  123   40
2.10428579  0.227386  4.084635  6.6  176   12
2.10428480  0.227084  4.073793  6.5  176   16
2.10428964  0.227882  4.102501  6.1    2   26
2.10429337  0.228710  4.132339  6.3  180    7
2.10437075  0.232498  4.270356  0.1   75   25
2.10440503  0.226212  4.042581  0.1  163   -3
2.10440350  0.226834  4.064828  0.4  162   -3
2.10443915  0.223501  3.946271  0.3  168  -19
2.10444665  0.227644  4.093904  3.2  297   57
2.10445073  0.228819  4.136288  0.6  150   53
2.10456209  0.222281  3.903285  6.2   63    1
2.10456090  0.220878  3.854196  5.7  244   -6
2.10456077  0.222214  3.900930  6.4  244   -6
2.10457054  0.219699  3.813144  5.6   56    2
2.10456757  0.222570  3.913446  6.7  240   -6
2.10458839  0.229160  4.148647  3.3  172   19
2.10465752  0.230713  4.205043  2.5  319  -24
2.10469775  0.227736  4.097240  1.2  135  -66
2.10469905  0.229286  4.153201  2.9  303  -54
2.10469959  0.225197  4.006369  1.2  114  -67
2.10473705  0.227444  4.086715  3.7   15   26
2.10478743  0.225928  4.032419  1.8  332   49
2.10478310  0.226743  4.061595  0.9  168   43
2.10479693  0.231018  4.216162  1.0   77   10
2.10482730  0.235707  4.389058  4.3  203  -40
2.10484305  0.237645  4.461542  0.9  199   50
2.10490178  0.239146  4.518061  5.7  256   14
2.10492646  0.236186  4.406936  4.4  309   62
2.10495018  0.235408  4.377955  0.8  288  -18
2.10494637  0.232952  4.287079  1.0   51   35
2.10499591  0.226022  4.035798  3.6  280  -21
2.10499824  0.226268  4.044596  3.7  279  -21
2.10499972  0.227324  4.082423  4.6   91  -23
2.10503917  0.229634  4.165818  6.5  199   64
2.10511130  0.232258  4.261557  0.7  100   -4
2.10511118  0.229836  4.173149  0.0  102   -0
2.10511307  0.231091  4.218837  1.7  278   -1
2.10514116  0.230996  4.215382  0.5   25  -52
2.10511554  0.231568  4.236292  1.6   99   -7
2.10519554  0.233094  4.292278  3.5  291  -54
2.10523459  0.232613  4.274610  1.0   93   -2
2.10525377  0.229232  4.151233  2.4  275   13
2.10527930  0.227598  4.092261  1.6  207   60
2.10527965  0.227523  4.089579  1.6  208   60
2.10528223  0.228543  4.126326  2.0  200   62
2.10535606  0.224592  3.984890  0.2  275   14
2.10536596  0.224706  3.988916  0.2  100   16
2.10539384  0.229877  4.174620  5.3  307   42
2.10537736  0.228327  4.118518  0.6  271   21
2.10541749  0.228307  4.117794  3.8  289   51
2.10548767  0.217392  3.733494  2.7   11   27
2.10549419  0.216423  3.700261  2.8  193   17
2.10549761  0.215460  3.667412  2.0  193   16
2.10549704  0.216442  3.700923  2.9  193   16
2.10551657  0.220595  3.844318  1.3  252   36
2.10556418  0.222485  3.910468  5.7   16  -40
2.10556551  0.222270  3.902917  6.8  198  -50
2.10563908  0.223525  3.947104  0.6   38   -4
2.10564714  0.223605  3.949946  0.4  115    1
2.10566597  0.218680  3.777841  0.1  197   49
2.10569600  0.220647  3.846136  3.2   98  -44
2.10569615  0.220569  3.843404  2.9   98  -44
2.10570508  0.220205  3.830732  1.8   96  -36
2.10577473  0.225207  4.006724  5.9  316  -31
2.10577458  0.225382  4.012975  5.9  315  -31
2.10582486  0.220960  3.857029  5.3  266  -50
2.10582649  0.220834  3.852650  5.4   79  -46
2.10582943  0.221783  3.885820  5.5   78  -46
2.10584617  0.223124  3.932947  5.1   98  -38
2.10592773  0.220002  3.823666  1.6  279  -76
2.10592771  0.220305  3.834198  3.5  176  -75
2.10592760  0.221228  3.866402  5.0  169  -74
2.10597040  0.218638  3.776402  1.2   53  -32
2.10599414  0.222632  3.915651  0.7  200  -36
2.10599778  0.221764  3.885175  2.8  202  -37
2.10608781  0.224251  3.972795  4.8  116  -11
2.10608602  0.226343  4.047249  4.7  264  -45
2.10608988  0.221726  3.883848  4.3  298   -7
2.10608989  0.221902  3.890005  4.4  298   -7
2.10610544  0.222447  3.909116  4.1  314 -147
2.10611438  0.228303  4.117654  5.0  181  -57
2.10620690  0.227763  4.098200  0.1  194  -36
2.10622149  0.225703  4.024399  0.2   35  -22
2.10623240  0.225768  4.026728  1.2   47 -379
2.10624158  0.230116  4.183300  1.8   49  -33
2.10627656  0.235497  4.381247  3.8  294  -35
2.10631438  0.232239  4.260857  0.1    2  -67
2.10631741  0.233744  4.316276  0.2   14  -71
2.10631542  0.234065  4.328141  0.2  320  -63
2.10637848  0.236808  4.430174  2.4  190  -33
2.10638484  0.235991  4.399630  0.2  112  -15
2.10639255  0.236902  4.433698  2.1  193  -36
2.10647750  0.239045  4.514245  1.8  131   33
2.10648220  0.239632  4.536443  1.6  124   43
2.10651466  0.237983  4.474223  3.3    3   29
2.10652747  0.237803  4.467484  1.6  319    0
2.10653746  0.238159  4.480862  0.1   87  -18
2.10654445  0.239108  4.516653  2.7  176   -9
2.10660754  0.238081  4.477920  4.0  295   50
2.10660992  0.235518  4.382044  3.0  295   43
2.10664436  0.237301  4.448635  2.1  280   65
2.10664176  0.238218  4.483067  1.9  286   57
2.10668657  0.240944  4.586257  1.6  183  -28
2.10668707  0.238970  4.511434  0.3  181  -30
2.10676267  0.245087  4.745326  0.4  290  -17
2.10676296  0.242290  4.637653  0.2   96  -43
2.10676650  0.242292  4.637746  2.3   49   47
2.10682698  0.233220  4.296941  0.5  125   37
2.10682553  0.230836  4.209521  1.4  290   42
2.10683643  0.231065  4.217909  1.7  121   40
2.10689177  0.236317  4.411821  0.0  121   71
2.10689073  0.238099  4.478613  0.4  298   67
2.10689208  0.234466  4.342962  0.1  276   69
2.10693501  0.242282  4.637351  0.9  313  -60
2.10695143  0.243116  4.669320  0.1  301  -57
2.10698374  0.242785  4.656634  5.9  306    8
2.10703611  0.240117  4.554828  1.1  345  -53
2.10705095  0.237337  4.449971  0.2  321   36
2.10704828  0.237558  4.458271  2.4  192  -51
2.10710925  0.239598  4.535153  2.8  208   36
2.10712264  0.232124  4.256641  0.8  208   41
2.10711891  0.231452  4.232046  0.6   41   58
2.10716211  0.237347  4.450364  0.7   68   67
2.10716631  0.239014  4.513085  1.2   27   64
2.10720560  0.239244  4.521765  1.9  308   45
2.10721160  0.240739  4.578465  0.9  289   52
2.10726706  0.234831  4.356509  0.9   82  -25
2.10728004  0.233458  4.305726  0.2  289  -38
2.10730927  0.229258  4.152191  3.8  298   40
2.10730911  0.228354  4.119486  3.9  297   40
2.10741699  0.232359  4.265253  2.6  291  -43
2.10735005  0.234906  4.359284  2.0  262   50
2.10740049  0.239554  4.533490  5.2   20  -39
2.10741801  0.229828  4.172859  4.0  201  -56
2.10741890  0.231687  4.240645  2.1  100  -39
2.10745072  0.234314  4.337357  6.8  259   18
2.10745392  0.232872  4.284137  6.2  261  158
2.10751607  0.233496  4.307127  0.3   48  -57
2.10751752  0.235510  4.381728  1.2   64  -64
2.10758015  0.238510  4.494073  1.0  269   29
2.10759019  0.234256  4.335178  0.2  272   24
2.10762691  0.230826  4.209173  0.1  237   73
2.10762077  0.233022  4.289623  0.3   91   57
2.10762315  0.235369  4.376479  0.6  281   65
2.10768487  0.239065  4.515026  4.2  310   51
2.10768751  0.238054  4.476923  3.2  154   53
2.10775363  0.234903  4.359177  4.1  146   53
2.10775428  0.232054  4.254080  4.2  309   65
2.10775620  0.230355  4.192015  3.8  306   67
2.10775588  0.235503  4.381486  4.6   11   72
2.10781686  0.237157  4.443229  0.9  180  -14
2.10780842  0.237092  4.440789  2.6   20   58
2.10787172  0.235025  4.363693  0.8   64   66
2.10790006  0.235565  4.383795  0.5  107  -12
2.10790687  0.233946  4.323710  0.5  111  -11
2.10791646  0.235199  4.370161  2.1  296  -40
2.10796368  0.232444  4.268377  0.8  351  -15
2.10801862  0.232545  4.272104  0.9  199   -9
2.10802093  0.232905  4.285341  1.1  199   -8
2.10802494  0.231770  4.243658  0.7   18    3
2.10802889  0.231757  4.243200  0.6  197   -7
2.10804074  0.233374  4.302624  3.2  228  -40
2.10809995  0.237437  4.453735  2.2  178  -59
2.10810856  0.238514  4.494224  1.1   14  -52
2.10817106  0.239130  4.517470  1.1  196  -24
2.10817071  0.237175  4.443910  0.3   15  -12
2.10818275  0.236211  4.407872  0.1   15  -20
2.10822884  0.235067  4.365258  1.8  185   33
2.10827608  0.233363  4.302216  1.0  283   11
2.10824077  0.233665  4.313358  0.4  188   36
2.10827705  0.232733  4.279008  0.2  283   13
2.10831056  0.232668  4.276633  0.1    6  -30
2.10832730  0.233866  4.320753  0.1  299  -48
2.10832821  0.235248  4.371976  0.8  298  -51
2.10832671  0.231776  4.243904  0.0  111  -57
2.10841780  0.239641  4.536797  1.6   66   20
2.10843773  0.237132  4.442288  0.9  268  123
2.10849457  0.237854  4.469391  1.9  279  -60
2.10847134  0.237668  4.462388  0.3   50   29
2.10849474  0.237405  4.452536  1.5  277  -59
2.10854940  0.229810  4.172194  5.9  259   21
2.10854950  0.229832  4.173005  6.1  259   21
2.10855354  0.229773  4.170838  1.0  259   31
2.10855908  0.233043  4.290430  4.6   21   71
2.10860758  0.234990  4.362400  5.7  157   54
2.10861705  0.239906  4.546851  3.3  252  -21
2.10868665  0.241117  4.592858  0.9  189   42
2.10869114  0.236781  4.429159  4.3  293   63
2.10874313  0.232877  4.284311  0.9  253  -45
2.10874712  0.231568  4.236292  5.0  360   23
2.10875710  0.230814  4.208745  4.3  356   23
2.10875793  0.233083  4.291871  4.2  178   10
2.10881712  0.241876  4.621799  4.1  167  -39
2.10885422  0.236655  4.424455  0.0  110   57
2.10886037  0.238249  4.484247  4.1  312  -48
2.10889818  0.236170  4.406311  0.0  200   52
2.10889821  0.232610  4.274498  0.0    8   -1
2.10891531  0.235214  4.370740  0.2  113   -3
2.10898395  0.231532  4.234948  1.8   68   46
2.10898156  0.231236  4.224119  0.0   84   44
2.10902954  0.230000  4.179094  4.0  310    5
2.10903371  0.229902  4.175524  4.1  309    8
2.10905749  0.228248  4.115671  4.8  159    4
2.10905771  0.228399  4.121108  5.1  160    3
2.10913396  0.230078  4.181945  2.4  183   53
2.10913365  0.220535  3.842231  0.3  311   29
2.10913967  0.221117  3.862513  0.9  121   14
2.10917494  0.226570  4.055383  0.1  285   10
2.10917122  0.230799  4.208189  0.3   35   28
2.10917324  0.229265  4.152423  0.0   35   26
2.10927754  0.227216  4.078537  6.0  321   16
2.10927211  0.230236  4.187690  4.6  320   36
2.10927849  0.226668  4.058892  4.1  313   15
2.10934009  0.216627  3.707251  5.4  196   41
2.10933665  0.220404  3.837669  5.5  202   40
2.10933758  0.218401  3.768236  5.4   17   50
2.10934105  0.215946  3.683977  5.3  191   38
2.10941259  0.226996  4.070646  0.3  318  -31
2.10943341  0.225886  4.030923  2.9   13  -42
2.10944165  0.225661  4.022922  2.8   68  -51
2.10943859  0.227527  4.089732  2.2  287  -70
2.10944299  0.229140  4.147907  2.7  278  -61
2.10949272  0.228523  4.125584  0.1  165   -5
2.10957392  0.231237  4.224172  4.5   10  -43
2.10951468  0.232454  4.268743  0.9  129  -37
2.10957947  0.233668  4.313464  4.7  200  -52
2.10960168  0.234859  4.357543  3.4   19  -36
2.10964639  0.234743  4.353254  0.1  312   54
2.10965269  0.235094  4.366281  1.0  195   30
2.10971488  0.226809  4.063927  1.1   65   16
2.10970087  0.227500  4.088739  2.0   70  -14
2.10970075  0.230007  4.179356  2.8  250  -17
2.10972719  0.228269  4.116431  0.0  289   55
2.10976716  0.230496  4.197149  2.5  321  -35
2.10980154  0.233961  4.324297  0.1   39  -38
2.10981924  0.236130  4.404837  0.6  193  -32
2.10987315  0.232296  4.262964  0.1  121  -41
2.10987613  0.229601  4.164629  0.0  307    3
2.10987449  0.230750  4.206407  0.3  300  -34
2.10990994  0.234673  4.350630  0.1   28   -9
2.10995406  0.242882  4.660360  0.8  285  -44
2.10996794  0.242232  4.635427  0.6  203   -2
2.11001853  0.234471  4.343167  2.3  190   41
2.11001874  0.233281  4.299190  2.0  194   49
2.11001941  0.233653  4.312907  1.7  190   49
2.11008564  0.233039  4.290272  0.1  206   34
2.11008954  0.233690  4.314271  0.4  204   33
2.11009333  0.236184  4.406846  0.6  200   30
2.11015761  0.233798  4.318253  0.1  246   48
2.11016024  0.233110  4.292872  0.0   79   54
2.11018488  0.235616  4.385685  1.9  291  -47
2.11018486  0.233156  4.294574  2.2   81  -55
2.11025694  0.222808  3.921829  5.1  313   49
2.11025876  0.223728  3.954267  4.8  308   51
2.11025612  0.224754  3.990649  4.9  142   40
2.11027075  0.230661  4.203159  1.1  189   30
2.11034195  0.236024  4.400889  3.1   12  -39
2.11033087  0.237318  4.449261  1.8  154   42
2.11040200  0.235396  4.377488  2.3  171   13
2.11040595  0.234188  4.332663  0.1  169  -14
2.11039911  0.233709  4.314978  1.1  289    6
2.11045786  0.234802  4.355428  1.7  317  -24
2.11045846  0.233078  4.291717  1.8  121  -46
2.11048196  0.239772  4.541743  1.3  292   24
2.11054207  0.236668  4.424943  0.5  310   50
2.11055626  0.231305  4.226667  1.3   74  -72
2.11055764  0.231795  4.244591  2.5   90  -64
2.11055494  0.229598  4.164513  4.3  303  -44
2.11062056  0.229847  4.173537  2.9  303  -37
2.11062236  0.230084  4.182159  2.0  300  -41
2.11065671  0.232764  4.280137  0.2   22   36
2.11069716  0.233862  4.320614  1.6  180  -56
2.11069487  0.235759  4.391002  1.0  253   27
2.11069937  0.235355  4.375950  0.1  251   34
2.11077626  0.232439  4.268185  0.7  198   26
2.11080505  0.230014  4.179606  0.1   24   37
2.11080513  0.230016  4.179675  0.1   24   36
2.11082017  0.233956  4.324104  1.7   36   39
2.11082851  0.232845  4.283134  0.3   33   26
2.11086481  0.235613  4.385561  4.8  311  -45
2.11093146  0.231760  4.243291  7.2   84   26
2.11094518  0.228063  4.108989  5.3   87   52
2.11094857  0.227777  4.098694  6.9   76   50
2.11094606  0.226625  4.057342  6.8  253   46
2.11099159  0.226875  4.066300  3.9   58  108
2.11099885  0.224217  3.971600  0.5   30   30
2.11100162  0.225278  4.009247  1.0  207   18
2.11107679  0.235697  4.388691  0.4  167  -68
2.11107758  0.233596  4.310784  0.0  191  -72
2.11112364  0.233146  4.294210  0.6   50  -32
2.11114591  0.231539  4.235217  0.6   70  -12
2.11114596  0.231098  4.219087  0.4   71  -12
2.11116253  0.234922  4.359869  0.4  314   17
2.11120487  0.238788  4.504574  0.1  195  -14
2.11124369  0.232664  4.276468  4.7  164  -71
2.11124860  0.233689  4.314219  4.3   58  -98
2.11126415  0.234778  4.354544  3.9   26  -48
2.11130717  0.234704  4.351791  2.1  312   48
2.11129592  0.235382  4.376968  5.4  301 -132
2.11137489  0.233901  4.322073  2.4  138   51
2.11137695  0.229713  4.168660  0.1  289   57
2.11137704  0.228769  4.134494  0.1  287   57
2.11139907  0.231929  4.249477  2.8  203  -36
2.11143977  0.235434  4.378923  1.8   11  -41
2.11147585  0.232864  4.283830  1.3  301  -62
2.11152197  0.225481  4.016493  1.2    9   12
2.11152155  0.225267  4.008870  0.7    9   13
2.11152302  0.225507  4.017408  1.0    6   14
2.11153256  0.228525  4.125661  2.3    5   -1
2.11159579  0.230129  4.183790  4.6  129  -31
2.11159379  0.230201  4.186407  4.1  127  -44
2.11159250  0.229886  4.174947  4.7  314  -28
2.11167557  0.234918  4.359718  0.8  329   -9
2.11167941  0.233850  4.320190  0.7  149  -20
2.11168142  0.237697  4.463492  1.6  123  -16
2.11173181  0.235261  4.372471  0.4  272  -39
2.11173361  0.234766  4.354105  0.3  283  -41
2.11174953  0.239294  4.523679  0.9   34   52
2.11182295  0.236808  4.430179  1.8  157  -22
2.11183430  0.237268  4.447405  1.4   29  -58
2.11185677  0.238108  4.478935  1.0  292   -5
2.11188548  0.235347  4.375677  4.0  304   21
2.11188438  0.235057  4.364910  3.6  303   21
2.11188500  0.235070  4.365361  3.8  304   21
2.11197550  0.240164  4.556606  2.4   79  -43
2.11196641  0.243169  4.671370  6.0  190  -41
2.11197452  0.242656  4.651670  5.6  195  -38
2.11202793  0.242072  4.629326  4.5    6   20
2.11204440  0.238425  4.490883  0.8  120  -40
2.11207774  0.238473  4.492698  0.0  325   56
2.11207327  0.241267  4.598572  0.2  178   58
2.11211071  0.242788  4.656735  2.4  284  -49
2.11216709  0.240504  4.569515  4.5   10  -30
2.11216624  0.239561  4.533758  3.9  189  -42
2.11217927  0.238269  4.485010  1.9  288  -53
2.11218435  0.238320  4.486905  3.5  310  -46
2.11222575  0.239973  4.549358  0.1  202   55
2.11227040  0.236034  4.401240  0.1  302  -50
2.11226898  0.239836  4.544178  0.4  301  -53
2.11227075  0.238124  4.479549  1.0  311  -47
2.11230636  0.240931  4.585778  1.4  181  -27
2.11233205  0.241279  4.599041  0.9   39   28
2.11236460  0.239080  4.515595  0.1   68   20
2.11238502  0.238075  4.477701  1.0   65   29
2.11240193  0.241712  4.615556  2.3  299   58
2.11244096  0.246015  4.781342  3.3  197   49
2.11248555  0.232604  4.274259  0.1  203   32
2.11249764  0.233937  4.323383  1.0  196   25
2.11250675  0.234203  4.333230  0.4  190   45
2.11254384  0.235901  4.396288  2.0   20   17
2.11254960  0.237269  4.447413  3.0   13   14
2.11262127  0.229182  4.149439  2.0  315   41
2.11262194  0.229041  4.144326  1.6  304   39
2.11262133  0.229474  4.160012  1.6  302   39
2.11268779  0.227311  4.081968  0.9  211   62
2.11268664  0.226889  4.066823  0.8   58   65
2.11269078  0.226933  4.068393  0.8  104   64
2.11277131  0.226632  4.057620  6.5  300   37
2.11277140  0.226741  4.061507  6.4  299   35
2.11277161  0.226629  4.057481  6.6  300   36
2.11277291  0.226751  4.061868  6.2  297   35
2.11277376  0.228025  4.107644  7.2  133   24
2.11281138  0.229554  4.162911  5.0  181   35
2.11285257  0.233215  4.296747  1.3  138   -0
2.11289788  0.232567  4.272922  3.1  321  -30
2.11292229  0.229438  4.158710  0.5   50   62
2.11297852  0.232224  4.260305  2.5  161  -36
2.11297747  0.231321  4.227238  0.7  345  -22
2.11298308  0.231846  4.246454  0.2  164  -33
2.11298833  0.232606  4.274322  6.5  313  163
2.11307054  0.229140  4.147906  4.4   14  -57
2.11307617  0.222869  3.923971  4.8  190  -58
2.11308121  0.224111  3.967845  3.1   31  -51
2.11307849  0.221709  3.883245  3.5  212  -63
2.11310524  0.233767  4.317110  3.1  283  -46
2.11313649  0.234862  4.357640  0.9  210  -50
2.11320951  0.226148  4.040283  0.8   24   -1
2.11321892  0.219758  3.815194  0.3  203  -19
2.11322045  0.219866  3.818955  0.5  202  -17
2.11322368  0.218819  3.782643  1.0  202  -18
2.11322684  0.222744  3.919581  0.6   21   -9
2.11328448  0.237321  4.449373  1.1   72  -51
2.11336166  0.232355  4.265114  0.1   43  -27
2.11336192  0.229901  4.175516  0.0   41  -28
2.11336188  0.228710  4.132339  0.2   76  -66
2.11335844  0.232365  4.265476  0.2  305  -43
2.11340347  0.237562  4.458406  0.0  301  -38
2.11341563  0.236145  4.405391  0.0  312  -48
2.11345367  0.240616  4.573799  0.3  192  -37
2.11347950  0.238324  4.487071  0.0  200  -69
2.11354041  0.232312  4.263535  3.8  185   50
2.11354229  0.231729  4.242153  2.4  189   45
2.11354123  0.232368  4.265608  3.1  185   50
2.11354568  0.234169  4.331976  1.4  190   27
2.11361301  0.230926  4.212832  0.1   97   42
2.11362335  0.233856  4.320405  3.5  130   49
2.11362106  0.235806  4.392762  4.4  305   48
2.11368750  0.234605  4.348127  0.0  192   40
2.11369444  0.237587  4.459371  0.4  184   29
2.11369578  0.236776  4.428961  0.1  181    0
2.11374796  0.239830  4.543941  0.3  191   41
2.11376843  0.236284  4.410562  2.7  319   11
2.11376840  0.236099  4.403672  3.1  319   10
2.11383623  0.236375  4.413996  3.0  158  -31
2.11383266  0.235678  4.387995  3.5  337  -21
2.11389981  0.230988  4.215099  0.4  299   14
2.11389983  0.230972  4.214503  0.4  299   15
2.11390964  0.232357  4.265196  0.7  300   22
2.11391418  0.233067  4.291307  0.5  127    1
2.11397807  0.229185  4.149530  2.5  300   48
2.11398344  0.229149  4.148237  0.7   55   57
2.11397901  0.230153  4.184659  2.7  306   41
2.11404759  0.231794  4.244538  2.6  194   35
2.11405187  0.231934  4.249674  3.2  186   19
2.11405034  0.231748  4.242862  1.0  188   24
2.11412959  0.229581  4.163905  6.7  311   -1
2.11412906  0.228642  4.129887  6.5  312   -1
2.11412916  0.229490  4.160577  6.7  312   -1
2.11413000  0.229896  4.175313  5.1  313  -10
2.11413454  0.231641  4.238954  2.9  309  -22
2.11420060  0.237068  4.439908  0.7    6   23
2.11425988  0.234158  4.331574  0.0    5  -16
2.11427292  0.234748  4.353440  2.4  291  -64
2.11426184  0.233690  4.314268  0.0    6  -15
2.11427377  0.236364  4.413580  3.6  306  -23
2.11435753  0.233412  4.304001  3.4  303   45
2.11436615  0.230610  4.201301  0.5  303   55
2.11441869  0.231236  4.224120  2.3   86   79
2.11441958  0.228306  4.117764  1.8  307  106
2.11441920  0.228970  4.141765  2.8  286   69
2.11442359  0.229613  4.165037  1.5  163   44
2.11449911  0.234196  4.332992  3.8  327  -28
2.11452772  0.234009  4.326074  0.1  285   33
2.11454672  0.232232  4.260595  0.8   48   18
2.11455430  0.232114  4.256279  0.6   46   24
2.11456509  0.230142  4.184250  0.4   40   27
2.11459242  0.236064  4.402384  1.0  202  -32
2.11465163  0.236290  4.410814  2.9  291   53
2.11465002  0.236482  4.417963  2.4  279   54
2.11465323  0.236647  4.424149  1.6  273   56
2.11470259  0.233319  4.300579  1.5   68   -8
2.11472946  0.235919  4.396953  0.1  177   54
2.11472829  0.235637  4.386460  0.1  197  -66
2.11479908  0.238443  4.491565  2.6  184   25
2.11482322  0.224699  3.988668  0.2  273  -62
2.11482311  0.224577  3.984347  0.1  280  -64
2.11482195  0.225447  4.015293  0.3  228  -67
2.11488073  0.230763  4.206872  0.9  167   18
2.11488410  0.228031  4.107858  0.6  339   22
2.11490663  0.235053  4.364730  0.7   81   12
2.11493779  0.233687  4.314143  5.5   43   14
2.11494176  0.233425  4.304497  5.5   41   13
2.11496375  0.240267  4.560535  3.3   21  -38
2.11502734  0.227876  4.102286  5.0   25   61
2.11502901  0.226573  4.055476  4.6  169   45
2.11502937  0.227617  4.092960  4.4  170   44
2.11510562  0.225035  4.000617  0.5  164  -49
2.11510896  0.224009  3.964208  0.3  163  -40
2.11510357  0.229411  4.157740  0.3  303   16
2.11518515  0.228338  4.118911  0.0  352  -38
2.11518487  0.228591  4.128058  0.0  351  -37
2.11518392  0.228735  4.133254  0.1  314  -70
2.11519136  0.232895  4.284965  0.4   84  -54
2.11525624  0.232363  4.265423  2.4  293  -49
2.11525874  0.231880  4.247696  2.5  311  -46
2.11529245  0.235379  4.376853  1.7  309  -74
2.11532987  0.227403  4.085246  8.2  134  -20
2.11532837  0.228155  4.112309  6.0  313  -30
2.11532884  0.225063  4.001624  6.0  313  -32
2.11539327  0.239084  4.515730  1.8  312  -10
2.11541614  0.242071  4.629287  1.9  298   56
2.11543566  0.239928  4.547661  0.3  321  -30
2.11548247  0.236731  4.427290  1.1  344  -18
2.11548866  0.236889  4.433211  0.2   13    1
2.11547587  0.233048  4.290592  1.3  167  -32
2.11554844  0.233500  4.307258  0.0  194   51
2.11554757  0.234918  4.359740  0.1   32   62
2.11556954  0.239854  4.544883  0.1   84  -30
2.11558993  0.238549  4.495547  1.2    6    9
2.11562369  0.237447  4.454124  1.1   15  -29
2.11563760  0.230247  4.188093  0.0  221  -23
2.11569717  0.239491  4.531134  1.9  288  -31
2.11571011  0.234076  4.328542  0.0  271  -29
2.11571301  0.232404  4.266930  0.1  306  -50
2.11575628  0.236512  4.419094  0.2  203  -46
2.11575638  0.238323  4.487048  0.1  214  -70
2.11577591  0.232387  4.266296  1.0  233  -30
2.11578392  0.239976  4.549495  0.9   56  -20
2.11582766  0.240988  4.587941  0.0   83  -36
2.11585488  0.240465  4.568065  3.5    5  -58
2.11585156  0.239676  4.538106  2.3  141  -48
2.11593353  0.238627  4.498500  2.7   22   16
2.11593646  0.237647  4.461612  2.6  199    6
2.11593529  0.237725  4.464551  2.4   20   16
2.11599529  0.241587  4.610795  0.7   53   24
2.11601516  0.235317  4.374550  0.4  217   46
2.11601743  0.236243  4.409041  0.4   41   53
2.11601841  0.237634  4.461131  0.3  300   44
2.11608329  0.240494  4.569141  0.3  297  -43
2.11612423  0.238980  4.511795  0.1   57  -25
2.11614227  0.238623  4.498320  0.8  151  -29
2.11614611  0.241003  4.588524  0.5   75   44
2.11616759  0.242389  4.641452  1.2  194   33
2.11621750  0.241311  4.600260  0.9   68   35
2.11623409  0.245116  4.746481  2.8   52   29
2.11625122  0.235651  4.386976  2.2  304    3
2.11624996  0.233274  4.298930  1.0  126   -5
2.11631639  0.239158  4.518518  0.4  301   38
2.11630171  0.238035  4.476206  0.4  159   28
2.11629980  0.237294  4.448362  0.3  337   41
2.11638064  0.234944  4.360684  1.2  301 -122
2.11638444  0.234134  4.330667  2.9  315 -127
2.11645513  0.233786  4.317831  0.1  303   18
2.11645412  0.234466  4.342961  0.2  303   19
2.11646256  0.236262  4.409768  1.8  321   36
2.11650118  0.234755  4.353686  0.0  300   43
2.11651446  0.230912  4.212314  0.0  301    5
2.11657437  0.228692  4.131691  1.0  285   58
2.11657496  0.225662  4.022935  1.4  290   56
2.11658173  0.227650  4.094138  0.4  109   56
2.11657762  0.227699  4.095889  1.7  278   59
2.11660183  0.239999  4.550363  0.8    7   22
2.11665933  0.235507  4.381635  1.4  323  -43
2.11667007  0.235190  4.369816  0.7  206  -61
2.11667481  0.236204  4.407594  1.8  211  -69
2.11672985  0.232821  4.282247  0.1   21  -11
2.11673034  0.233736  4.315969  0.2  202  -25
2.11675946  0.238867  4.507536  0.6  315  -20
2.11679450  0.240446  4.567314  1.0  174   16
2.11682449  0.243698  4.691710  0.3  294   56
2.11687058  0.227225  4.078878  0.7  304  -56
2.11687141  0.226932  4.068344  0.5  301  -53
2.11687144  0.226812  4.064069  0.4  301  -54
2.11693545  0.240306  4.562008  0.5  307 -139
2.11693618  0.241268  4.598608  2.0  309  -44
2.11693609  0.239909  4.546941  1.8  318  -37
2.11698569  0.238652  4.499418  0.2  218   -7
2.11698203  0.241234  4.597310  1.0  215   -2
2.11706612  0.234462  4.342811  0.2  307  136
2.11706522  0.233341  4.301385  1.0  296   50
2.11706559  0.235384  4.377057  1.0  295   51
2.11711709  0.236243  4.409066  1.4   24  -50
2.11711537  0.236404  4.415052  1.4  314  -50
2.11719426  0.239506  4.531684  4.4  313   39
2.11716361  0.239864  4.545242  1.1   95  -52
2.11721029  0.236154  4.405745  2.9  309   19
2.11721040  0.235976  4.399085  2.6  308   15
2.11722139  0.237783  4.466725  0.2  290   -3
2.11726393  0.244057  4.705560  0.1   46  -39
2.11732173  0.238763  4.503615  1.3  115   53
2.11732978  0.231645  4.239099  0.0   87   43
2.11732962  0.232067  4.254564  0.1   85   40
2.11732893  0.232182  4.258756  0.1   88   44
2.11741758  0.229440  4.158764  3.4  339   58
2.11741972  0.228097  4.110235  1.3  189   51
2.11742679  0.226136  4.039879  0.0   39   61
2.11749332  0.226828  4.064627  0.1  282   36
2.11749363  0.228335  4.118798  0.7  271   25
2.11749353  0.226023  4.035809  0.0  284   38
2.11749135  0.228884  4.138626  0.5  127   49
2.11758005  0.234108  4.329717  0.4   13  -15
2.11758184  0.232873  4.284175  0.2  194  -28
2.11763689  0.226165  4.040892  2.2  298   -3
2.11763796  0.226608  4.056755  1.0  298   -4
2.11763672  0.224541  3.983071  2.6  118  -10
2.11763789  0.225259  4.008597  2.8  118  -10
2.11770403  0.233943  4.323608  0.4  341    6
2.11770431  0.232408  4.267048  1.0  341   10
2.11778707  0.233599  4.310925  0.5    5  -27
2.11778517  0.231975  4.251184  0.6    1  -29
2.11779381  0.230174  4.185409  0.9  138  -45
2.11779248  0.232244  4.261051  1.0  181  -49
2.11786224  0.228781  4.134912  0.4  357  -10
2.11786782  0.228649  4.130147  0.1  184  -52
2.11786914  0.230987  4.215044  0.2  200  -63
2.11793062  0.232579  4.273352  2.5   47  -39
2.11792870  0.233402  4.303639  2.6   51  -41
2.11795154  0.232557  4.272548  0.0  276   37
2.11799906  0.230061  4.181330  2.2   68   66
2.11799955  0.229679  4.167438  1.1  275   57
2.11800024  0.229186  4.149575  2.0  235   59
2.11807558  0.241399  4.603610  2.7  321   66
2.11807664  0.240442  4.567191  2.3  298   60
2.11811435  0.242353  4.640045  0.8  187   34
2.11815912  0.233029  4.289884  1.1  306  -56
2.11816386  0.232171  4.258363  1.5  306  -61
2.11816616  0.232006  4.252318  0.2   91  -82
2.11816504  0.232547  4.272173  0.9  288  -62
2.11821955  0.235566  4.383821  0.3  193  -41
2.11820843  0.239120  4.517104  0.3  259 -120
2.11827026  0.239622  4.536081  1.4  194  -45
2.11834984  0.238404  4.490079  0.1  112  113
2.11832063  0.236605  4.422564  0.1   43   59
2.11834676  0.233763  4.316967  0.0  316   65
2.11835524  0.233239  4.297642  0.0   16   70
2.11841716  0.237105  4.441294  1.0  103   29
2.11842487  0.233703  4.314756  0.1   77   30
2.11842461  0.235638  4.386511  0.1  248   33
2.11845272  0.237422  4.453160  0.6  304  -56
2.11849527  0.230360  4.192193  0.0   39  -51
2.11853024  0.231842  4.246304  0.1  290  -53
2.11852978  0.233213  4.296682  0.1   96  -54
2.11857676  0.233657  4.313051  0.2  287  -35
2.11858426  0.234848  4.357122  0.1   84  -18
2.11861887  0.241647  4.613054  0.2   54   22
2.11862171  0.241066  4.590916  0.3  287   29
2.11863674  0.241438  4.605107  0.2  308   16
2.11871120  0.237916  4.471735  4.8  317   47
2.11871848  0.239466  4.530180  3.3  112   36
2.11871842  0.239407  4.527924  3.0  110   36
2.11877547  0.241539  4.608938  1.7  154  -71
2.11877912  0.239928  4.547680  1.5  191  -55
2.11878994  0.239992  4.550101  2.2   47   78
2.11883570  0.238575  4.496521  2.8  199   33
2.11884098  0.235274  4.372960  1.8   19   41
2.11888599  0.239932  4.547818  1.3  201   51
2.11890632  0.237686  4.463073  1.0  190   23
2.11893686  0.235467  4.380117  2.7  292  -17
2.11893866  0.235830  4.393634  3.6  292  -14
2.11899019  0.229352  4.155570  1.0  302   33
2.11898997  0.229294  4.153466  6.6  301   32
2.11898958  0.229177  4.149263  1.0  300   33
2.11898918  0.229944  4.177068  6.6  301   33
2.11907302  0.233608  4.311227  3.8  277   39
2.11909019  0.237352  4.450548  2.8   38   44
2.11913044  0.234415  4.341086  1.1  277   -7
2.11914588  0.231039  4.216934  0.1    9  -15
2.11916396  0.228232  4.115106  0.0    9  -30
2.11918308  0.230330  4.191088  0.7  193  -78
2.11922860  0.230065  4.181447  7.5  318   24
2.11924465  0.230597  4.200820  5.2  137   20
2.11924272  0.230024  4.179957  5.8  312   30
2.11924441  0.230200  4.186374  6.9  315   32
2.11931397  0.235139  4.367930  1.4   14   -8
2.11929487  0.235139  4.367935  3.8  345 -134
2.11935819  0.236263  4.409791  1.0  314  -43
2.11935916  0.236658  4.424563  3.2  313  -48
2.11937232  0.237033  4.438572  3.1  297   20
2.11943367  0.230924  4.212743  0.8   50   85
2.11944364  0.228542  4.126274  5.0  183   52
2.11945653  0.232775  4.280538  0.1  183   15
2.11952546  0.228335  4.118819  2.2    7  -35
2.11952857  0.228546  4.126420  1.9    9  -39
2.11954297  0.227648  4.094050  2.2  202  -80
2.11954400  0.229405  4.157520  1.3  201  -79
2.11954566  0.232348  4.264857  3.1  245  -68
2.11960095  0.233611  4.311364  1.3   30   -5
2.11960063  0.233621  4.311712  1.0   34  -10
2.11969965  0.236794  4.429627  5.8  171  -31
2.11969034  0.238381  4.489216  1.0  294  -33
2.11970296  0.236796  4.429729  6.3  174  -33
2.11974051  0.236389  4.414507  0.0   78  -20
2.11971933  0.236461  4.417175  8.3    1  -21
2.11974153  0.238587  4.496960  0.0  261  -19
2.11983363  0.235409  4.377975  0.1  218   54
2.11983425  0.235141  4.368013  0.1  221   55
2.11983142  0.236906  4.433825  0.8   39   57
2.11988864  0.238428  4.490979  0.9   97   49
2.11988922  0.238474  4.492704  1.5  258   52
2.11995443  0.237685  4.463025  0.2  207   10
2.11996103  0.235302  4.374008  1.0  198   37
2.11996721  0.235946  4.397959  0.5  199   26
2.11998777  0.237558  4.458255  1.8  194  -12
2.11999042  0.237268  4.447400  0.6  196  -19
2.12007276  0.235762  4.391132  1.6  136  -63
2.12007553  0.236089  4.403318  0.9  315  -52
2.12007453  0.235803  4.392656  1.2  319  -52
2.12015753  0.236827  4.430860  0.7  264  -29
2.12015698  0.235926  4.397218  1.0  265  -31
2.12015754  0.235755  4.390869  0.9   75  -27
2.12019500  0.233111  4.292930  0.0  292 -122
2.12019677  0.233676  4.313764  0.9  319  -55
2.12023837  0.237862  4.469704  1.0  106   40
2.12027551  0.238113  4.479116  0.2   48  -41
2.12029407  0.237913  4.471608  0.8  304   69
2.12032182  0.239027  4.513561  3.0  308  -26
2.12032295  0.238645  4.499171  2.5  308  -28
2.12038211  0.238941  4.510335  1.7  292  -21
2.12038611  0.234928  4.360094  0.1  293  -15
2.12038330  0.238817  4.505647  0.7  206  -72
2.12044706  0.237736  4.464943  1.6  354  -52
2.12044938  0.237810  4.467720  0.3  185  -67
2.12046851  0.238842  4.506591  0.6  180  -72
2.12049170  0.243949  4.701388  1.4  288   56
2.12052926  0.237325  4.449546  0.6   58  -49
2.12053000  0.237327  4.449587  0.8   56  -50
2.12056101  0.235202  4.370282  1.4   19  -41
2.12056701  0.232793  4.281198  3.7  124  -43
2.12062537  0.241736  4.616461  0.5  301   29
2.12064445  0.241007  4.588667  2.3  315  -31
2.12068688  0.237246  4.446562  0.5  189   51
2.12068606  0.236201  4.407492  1.0  186   53
2.12071266  0.243910  4.699875  0.1  170   33
2.12075784  0.240667  4.575732  1.0   94    4
2.12078132  0.237624  4.460760  1.0  181   39
2.12078215  0.237134  4.442369  0.0  180   35
2.12080059  0.238641  4.499027  0.9  105  -33
2.12083816  0.246153  4.786730  0.8  298  -86
2.12086784  0.240108  4.554483  0.7  177  -62
2.12088987  0.239121  4.517137  0.1  195   54
2.12093233  0.238627  4.498476  4.6   65   15
2.12093229  0.238409  4.490277  1.0   65   15
2.12095858  0.236074  4.402739  0.3  121   43
2.12095778  0.240482  4.568701  0.1   35   44
2.12103769  0.238076  4.477740  2.5  197   -8
2.12103867  0.238452  4.491892  2.6  196   -6
2.12104398  0.237903  4.471237  2.5   16  -10
2.12108322  0.237595  4.459654  0.4  109  -68
2.12108644  0.236352  4.413136  0.1  313  -56
2.12111623  0.237687  4.463102  1.0  190   40
2.12115860  0.240678  4.576142  0.1  156  -42
2.12118556  0.231792  4.244472  0.0   11  -24
2.12119089  0.233811  4.318748  2.3   14  -33
2.12119447  0.234526  4.345203  1.8  203  -47
2.12125976  0.240536  4.570731  0.6  139  -72
2.12125640  0.239825  4.543777  1.2  310  -63
2.12130115  0.240276  4.560865  4.6  303   36
2.12133040  0.234714  4.352155  4.6  300  -23
2.12132765  0.235024  4.363656  4.3  298  -27
2.12133045  0.234570  4.346808  4.8  290  -19
2.12139230  0.236933  4.434848  0.1  177   63
2.12139894  0.236980  4.436591  0.1  165   50
2.12140499  0.241247  4.597823  2.4  204  -43
2.12146832  0.243276  4.675467  1.3  288   10
2.12146567  0.241948  4.624578  1.2  195  -14
2.12153964  0.238168  4.481204  1.7  188   18
2.12153791  0.238849  4.506857  0.7    5   34
2.12155126  0.237477  4.455222  2.0    9   19
2.12156974  0.240212  4.558445  2.6    6   18
2.12160479  0.239369  4.526522  1.6  273   40
2.12161496  0.239510  4.531827  0.9  290  -33
2.12169602  0.237840  4.468852  0.1  237  -59
2.12169418  0.239224  4.521006  0.2   37  -46
2.12169212  0.237600  4.459843  0.9  311  -49
2.12169984  0.235696  4.388651  0.1   45  -44
2.12172132  0.241623  4.612163  5.7  281   49
2.12177784  0.244314  4.715444  3.0   60   22
2.12178116  0.245124  4.746762  3.6   57   15
2.12183017  0.241502  4.607533  1.3  202   31
2.12184397  0.242002  4.626647  2.4  169   -5
2.12188083  0.239291  4.523549  3.2  217   48
2.12189561  0.235793  4.392269  1.1  202   44
2.12190513  0.233048  4.290585  0.3  195   31
2.12197645  0.229872  4.174457  1.0  195   43
2.12198597  0.225893  4.031181  0.0   26   11
2.12199665  0.229479  4.160174  0.9  204   19
2.12199038  0.225475  4.016270  0.0  209   -1
2.12199435  0.227956  4.105160  0.0  210   -1
2.12203818  0.231762  4.243365  0.1   30   46
2.12207641  0.241059  4.590645  1.6  298   51
2.12213429  0.226765  4.062379  2.0  211  -57
2.12213655  0.226297  4.045605  2.2   31  -48
2.12216448  0.228501  4.124787  3.4  204  -39
2.12216809  0.229152  4.148344  2.7  199  -34
2.12217509  0.231005  4.215688  2.8  202  -33
2.12224757  0.236424  4.415809  1.0   56   78
2.12224735  0.236892  4.433296  1.0   53   79
2.12225628  0.237213  4.445343  5.0  323  -35
2.12229498  0.238273  4.485134  3.3    6  -50
2.12232258  0.233412  4.304019  0.4  193  -47
2.12232945  0.235045  4.364452  1.1  119  -34
2.12238543  0.221520  3.876602  0.0    0   65
2.12238883  0.223378  3.941907  0.1  349   58
2.12243009  0.239760  4.541310  2.4  301   65
2.12243087  0.240527  4.570395  3.3  301   59
2.12250140  0.240023  4.551269  3.1   37  -60
2.12249587  0.235685  4.388233  6.5  314  -47
2.12249701  0.235801  4.392560  6.4  312  -46
2.12254083  0.237254  4.446869  1.7  298   28
2.12256061  0.241338  4.601267  0.8  173  -13
2.12259416  0.235625  4.386015  2.0  304  -58
2.12260808  0.235577  4.384239  2.7  302  -56
2.12264178  0.235451  4.379547  3.1  312  -47
2.12264401  0.235363  4.376265  1.5  310  -33
2.12271757  0.238487  4.493222  1.1  129   65
2.12268803  0.238691  4.500901  4.0  322  -42
2.12272346  0.242083  4.629746  3.3  285   50
2.12277641  0.241170  4.594890  3.3   25  -74
2.12277391  0.240889  4.584181  1.2  100  -24
2.12282014  0.240912  4.585067  4.8  194    7
2.12283008  0.242271  4.636928  4.7  194    9
2.12284880  0.241383  4.602979  1.6   53  -42
2.12290667  0.238837  4.506420  1.6  123    3
2.12291234  0.235765  4.391241  2.1  308  -12
2.12293288  0.236603  4.422501  0.0   83  -32
2.12291675  0.237000  4.437352  0.7  123  -22
2.12292893  0.238590  4.497096  1.6   97  -50
2.12299689  0.239643  4.536858  4.0  303   54
2.12300284  0.239190  4.519718  2.5  170   50
2.12304184  0.240073  4.553180  2.5   61  -44
2.12307674  0.237943  4.472716  2.9  189  -15
2.12308055  0.237951  4.473026  2.0    6   -8
2.12311460  0.237140  4.442591  2.6  304  -34
2.12311461  0.238623  4.498338  3.8  320  -46
2.12316098  0.238628  4.498504  3.8  309  -37
2.12316282  0.239310  4.524262  1.0  307  -35
2.12320465  0.239599  4.535221  0.6   19  -19
2.12323481  0.240243  4.559623  2.2   18  -17
2.12326135  0.242534  4.646998  0.0  175   16
2.12330114  0.235935  4.397554  1.0  204   56
2.12329916  0.238074  4.477665  0.1  258   52
2.12333590  0.236846  4.431573  1.4  133   55
2.12333759  0.236535  4.419952  1.0  299   63
2.12334923  0.244316  4.715549  1.4  301  -49
2.12337859  0.242491  4.645336  0.1   88   25
2.12344932  0.244146  4.708956  0.4  284   55
2.12345693  0.240393  4.565326  1.3   10   25
2.12346779  0.238243  4.484031  0.0   64   55
2.12351852  0.240492  4.569090  0.1  311   67
2.12352587  0.240316  4.562373  1.3  301   62
2.12353442  0.240810  4.581181  1.0   32   46
2.12355323  0.239632  4.536457  0.8  112  -45
2.12360321  0.241496  4.607300  1.0  317  -37
2.12362600  0.235219  4.370913  2.1  297 -123
2.12362440  0.234594  4.347708  1.0  315  -46
2.12362644  0.234453  4.342497  2.0  314  -48
2.12370205  0.237063  4.439696  1.0   59  -44
2.12370613  0.236747  4.427893  1.7   77  -48
2.12374928  0.235108  4.366788  0.6  295   26
2.12376602  0.238086  4.478105  1.3  196   50
2.12376763  0.241027  4.589414  1.3   22   61
2.12382566  0.241793  4.618646  2.2  124    1
2.12383129  0.243048  4.666731  1.4  185  -27
2.12387500  0.237967  4.473639  0.7  187  -86
2.12387642  0.236743  4.427749  0.4   98  -76
2.12395177  0.237106  4.441303  1.9  128   21
2.12396118  0.233604  4.311097  0.1  322   26
2.12395625  0.233584  4.310365  1.2  302   35
2.12395659  0.233075  4.291579  1.0  303   35
2.12398662  0.241335  4.601180  3.8   58  -18
2.12401945  0.241000  4.588400  0.5  155   49
2.12407240  0.241230  4.597171  2.2  100   22
2.12408764  0.234437  4.341900  2.5  295    2
2.12410928  0.232736  4.279118  5.1  109   19
2.12411018  0.232057  4.254202  5.6  108   18
2.12411130  0.233065  4.291214  5.4  286   14
2.12414708  0.234664  4.350296  3.8  295   43
2.12419131  0.238255  4.484464  0.0   90   13
2.12424243  0.236696  4.425958  1.5  279  -28
2.12423219  0.232174  4.258470  1.1  115  -49
2.12425387  0.234734  4.352906  1.9  303  -50
2.12429619  0.233595  4.310753  1.8  299  -52
2.12429688  0.233804  4.318480  1.5  298  -50
2.12434541  0.235261  4.372479  4.8  293   35
2.12435834  0.238363  4.488537  4.6  296   34
2.12438269  0.238919  4.509504  1.9   98   43
2.12439515  0.239695  4.538860  0.6  267   49
2.12445308  0.232766  4.280212  2.7   78   41
2.12445335  0.232712  4.278248  3.0  248   40
2.12446126  0.236746  4.427839  5.0  268   62
2.12455006  0.236101  4.403753  3.0  338  -49
2.12455063  0.234025  4.326664  0.8  292  -38
2.12455123  0.234546  4.345929  3.3  308  -45
2.12455621  0.235754  4.390829  1.6  104  -44
2.12460567  0.238238  4.483840  2.1  357    4
2.12464856  0.239288  4.523452  1.0   56   30
2.12465048  0.240833  4.582034  5.8  306  -36
2.12464739  0.241803  4.619043  0.2  375  -59
2.12469999  0.241230  4.597168  0.4  212  -30
2.12473002  0.238265  4.484851  0.1   46   46
2.12475678  0.238831  4.506178  6.0  322  -26
2.12475602  0.239604  4.535409  5.8  323  -24
2.12483775  0.239017  4.513214  2.7  284  -77
2.12483669  0.237879  4.470329  2.0   40  -73
2.12483583  0.238173  4.481389  1.6  180  -81
2.12487569  0.239396  4.527511  0.6  291  -34
2.12488377  0.242146  4.632147  2.7  290    2
2.12490769  0.243418  4.680935  0.8  182  -58
2.12494138  0.237969  4.473695  1.8  101   47
2.12498691  0.239928  4.547688  0.8   94   -6
2.12500966  0.231928  4.249465  1.0  316  -78
2.12501451  0.235911  4.396669  1.0  185  -82
2.12502519  0.236485  4.418075  1.0  311  -27
2.12506750  0.238964  4.511202  1.0  187   29
2.12508961  0.237617  4.460486  3.3  301   49
2.12511715  0.237322  4.449404  1.0    6  -50
2.12511565  0.237577  4.458975  1.2  190  -68
2.12515563  0.242559  4.647957  0.3  280   52
2.12519222  0.239988  4.549945  2.9  300  -48
2.12522214  0.234009  4.326074  0.1   22   44
2.12522223  0.233326  4.300831  0.1   22   44
2.12526898  0.235750  4.390653  2.9  300  -48
2.12527107  0.235074  4.365513  1.0  315  -50
2.12526123  0.240637  4.574583  4.8  185  -15
2.12533718  0.239178  4.519269  2.8  302  -47
2.12534200  0.238745  4.502948  2.3  312  -52
2.12539978  0.235581  4.384390  1.7   74  -60
2.12540085  0.236244  4.409091  2.4  297  -53
2.12543120  0.236319  4.411879  3.8  286  -22
2.12543998  0.235797  4.392427  2.4  277  -30
2.12544231  0.237510  4.456485  2.6   86  -29
2.12544282  0.235761  4.391082  1.0   78  -26
2.12551050  0.242924  4.661962  0.4  284   14
2.12554488  0.244541  4.724236  1.2  195  -64
2.12556797  0.238040  4.476380  0.3    1  -32
2.12558146  0.243043  4.666523  0.2   47   41
2.12562525  0.243904  4.699626  0.3  290 -122
2.12565305  0.238139  4.480101  2.1  132   40
2.12565754  0.236584  4.421778  0.9  109   60
2.12571853  0.237793  4.467113  1.6  298   49
2.12571872  0.238741  4.502765  1.7  307   54
2.12572270  0.241673  4.614067  0.5   29   71
2.12576405  0.240654  4.575231  1.0  167   57
2.12579626  0.239466  4.530180  0.4  310   40
2.12579900  0.237575  4.458901  1.4  291   56
2.12584787  0.230841  4.209703  0.2   69   85
2.12584748  0.232102  4.255831  0.1  191   66
2.12584984  0.231333  4.227687  0.2  115  114
2.12588602  0.242325  4.639001  1.1    7   25
2.12595423  0.233242  4.297744  2.5  289  -37
2.12595742  0.233331  4.301043  2.3  300  -45
2.12595814  0.232162  4.258032  2.8  308  -42
2.12608694  0.220835  3.852683  0.1  279   68
2.12603136  0.234455  4.342572  0.1   56   87
2.12608745  0.220400  3.837516  0.1  279   67
2.12608715  0.220688  3.847563  0.3  112   57
2.12608704  0.220707  3.848218  1.0  278   67
2.12609954  0.235564  4.383758  1.8  194  -13
2.12615829  0.235253  4.372190  0.1  184   28
2.12617271  0.235410  4.378020  1.2  198    4
2.12619712  0.230915  4.212410  0.8  197   26
2.12623050  0.230493  4.197024  0.6  339    8
2.12625568  0.230903  4.211994  3.3  283  -63
2.12625435  0.230954  4.213850  1.0  307  -56
2.12630071  0.235713  4.389307  1.9    2  -50
2.12631278  0.230794  4.208005  2.0   10  -32
2.12633019  0.231587  4.236969  1.5   26  -55
2.12638807  0.229608  4.164869  0.1  172  -53
2.12638684  0.227868  4.101985  1.0  351  -41
2.12638971  0.231759  4.243248  0.4  327  -52
2.12639293  0.232274  4.262136  0.7  128  -46
2.12645913  0.236874  4.432619  0.3    8  -49
2.12647490  0.239198  4.520053  1.5  288   32
2.12653398  0.235206  4.370420  0.3  211  -55
2.12653508  0.236589  4.421979  1.0   37  -53
2.12653992  0.232346  4.264787  0.1   53  -49
2.12658080  0.242332  4.639260  1.0  292  -44
2.12665565  0.243875  4.698515  0.4  278    2
2.12665761  0.242829  4.658304  1.7  204   22
2.12665113  0.241279  4.599045  2.4  192    7
2.12665118  0.242484  4.645092  2.1  192   -0
2.12669929  0.242633  4.650791  0.3   72  -22
2.12670396  0.242659  4.651791  0.6   71  -26
2.12674602  0.242239  4.635714  1.1   54   22
2.12679563  0.233283  4.299265  2.4   66   49
2.12680384  0.233162  4.294806  2.1  214   51
2.12680253  0.231843  4.246348  1.6   44   55
2.12680849  0.234517  4.344844  2.5   32   60
2.12688811  0.235925  4.397172  1.2  174   27
2.12691039  0.235322  4.374727  1.3   91   24
2.12694294  0.230109  4.183061  2.2  277   13
2.12694606  0.228982  4.142197  1.8  273   17
2.12694758  0.229766  4.170613  2.3  274   15
2.12695905  0.231061  4.217728  0.1   52   49
2.12703278  0.228967  4.141647  7.4  321   36
2.12703303  0.228961  4.141435  7.6  321   34
2.12709843  0.218449  3.769878  5.3    2   50
2.12709796  0.218487  3.771192  5.9  180   38
2.12709675  0.218425  3.769050  6.5  177   43
2.12710018  0.218631  3.776169  6.9  174   44
2.12716236  0.231335  4.227763  0.3   66   56
2.12717509  0.231378  4.229311  0.3  167  -25
2.12723483  0.231392  4.229830  8.4  318   21
2.12723743  0.232154  4.257737  1.0  290   -2
2.12726199  0.230920  4.212581  3.3  104  -31
2.12726821  0.230878  4.211056  3.2  284  -36
2.12732140  0.227618  4.093003  0.0  176  -14
2.12732353  0.227577  4.091524  4.8  355   -1
2.12732612  0.228430  4.122241  1.3  178  -17
2.12738270  0.223701  3.953316  7.1  357  -52
2.12738278  0.223342  3.940663  1.0  358  -52
2.12738374  0.222775  3.920660  6.8  351  -48
2.12747182  0.230645  4.202563  1.0  133  -20
2.12747058  0.229936  4.176780  2.2  313 -159
2.12746900  0.232006  4.252310  2.6  307  -18
2.12753174  0.233162  4.294796  1.1  187  152
2.12754774  0.233447  4.305304  2.9  177  -27
2.12753343  0.234722  4.352445  0.6   81  -28
2.12755349  0.234921  4.359855  3.5  186  -36
2.12761852  0.238343  4.487785  0.1   98   -1
2.12767522  0.236379  4.414122  0.6  285   17
2.12767615  0.236694  4.425901  0.5  286   17
2.12770224  0.233018  4.289483  0.4   51  -42
2.12770837  0.232559  4.272594  0.1  190   58
2.12770739  0.232044  4.253716  0.1   40  -37
2.12777339  0.239616  4.535847  0.7  291  -53
2.12777051  0.239132  4.517557  0.1   67  -47
2.12782236  0.233934  4.323297  0.9  274  -38
2.12782572  0.234153  4.331376  1.6  274  -28
2.12782717  0.232911  4.285540  0.9  277  -24
2.12788273  0.242385  4.641289  0.0  288   54
2.12792926  0.242445  4.643594  1.7  187   24
2.12792966  0.242951  4.662982  2.4  190   28
2.12796478  0.236177  4.406599  0.7   86  -51
2.12796304  0.238187  4.481905  0.9   80  -54
2.12801745  0.237920  4.471859  0.9   98   19
2.12801720  0.237302  4.448656  0.1   99   19
2.12803987  0.240367  4.564320  0.0   66   23
2.12808527  0.238075  4.477687  0.2  123   48
2.12808981  0.240087  4.553705  0.1  198   45
2.12813215  0.239319  4.524618  3.5  270   -8
2.12816252  0.236342  4.412753  3.7  308   35
2.12816699  0.233659  4.313143  2.1  303   26
2.12817163  0.233396  4.303410  1.4  335   55
2.12823373  0.234285  4.336259  1.1  352  -12
2.12823927  0.234737  4.353032  1.9  175  -24
2.12821238  0.234435  4.341821  0.6   14   71
2.12829465  0.231811  4.245181  2.4    9   40
2.12831210  0.232323  4.263959  2.0  175   32
2.12831198  0.230491  4.196972  1.7  354   46
2.12838852  0.225899  4.031407  0.0  180  -40
2.12838845  0.227379  4.084395  0.0  180  -39
2.12839190  0.230086  4.182209  0.1    8  -42
2.12840225  0.235889  4.395852  0.1   55  -45
2.12846500  0.227981  4.106037  0.0  173  -17
2.12847261  0.233256  4.298278  0.5  179  -31
2.12851303  0.235635  4.386398  0.2  342   37
2.12853352  0.234002  4.325798  0.2  343   11
2.12857036  0.233875  4.321119  0.4  303   31
2.12859723  0.230529  4.198329  0.1  129   13
2.12865141  0.217695  3.743894  0.0  299   36
2.12864419  0.220909  3.855278  0.6  203   31
2.12865115  0.218382  3.767577  0.1  299   38
2.12864583  0.220103  3.827188  0.5   25   40
2.12864871  0.221320  3.869634  0.5   21   39
2.12876219  0.225910  4.031773  1.3   40  -42
2.12878878  0.220335  3.835265  2.2   49   25
2.12878695  0.220628  3.845460  1.0   47   24
2.12878750  0.219998  3.823535  1.7   45   21
2.12879324  0.222172  3.899457  1.3   32   27
2.12882376  0.227030  4.071853  1.5  213  -46
2.12882925  0.227153  4.076290  0.6  221  -48
2.12892504  0.225622  4.021508  6.5  260   19
2.12895344  0.223894  3.960153  3.1  205   60
2.12895301  0.221769  3.885351  3.7  205   60
2.12895355  0.223435  3.943916  4.1   29   70
2.12895607  0.222312  3.904399  4.4  196   57
2.12899446  0.228753  4.133911  4.2  194   33
2.12907748  0.224525  3.982510  5.1  108   56
2.12908227  0.223242  3.937117  5.1  260   70
2.12909282  0.223422  3.943457  6.9  155   29
2.12910117  0.222915  3.925612  7.2  155   27
2.12909738  0.223459  3.944767  1.0  332   39
2.12911674  0.225911  4.031812  4.4  283  -46
2.12911298  0.225381  4.012919  5.2  105  -64
2.12921502  0.227065  4.073138  4.4   14  -26
2.12924899  0.215157  3.657112  4.0   17  -60
2.12925013  0.215371  3.664379  5.0  192  -68
2.12925107  0.215720  3.676262  4.2  208  -74
2.12925614  0.226853  4.065537  6.3  107  -14
2.12935165  0.230776  4.207364  1.0  302  190
2.12937912  0.221496  3.875762  2.6  292   -7
2.12937990  0.221080  3.861242  2.7  291   -7
2.12938028  0.221148  3.863614  2.6  291   -7
2.12937924  0.221086  3.861425  2.5  291   -7
2.12938097  0.223003  3.928705  2.7  108  -11
2.12943582  0.237859  4.469585  2.5  135  -44
2.12951266  0.233737  4.316004  5.0  276   15
2.12952234  0.232929  4.286223  5.6  279    4
2.12952339  0.233955  4.324069  6.3  276   10
2.12957857  0.237817  4.467997  1.8  192   43
2.12958190  0.234804  4.355514  0.3  181   36
2.12959353  0.230254  4.188348  0.0  169   38
2.12966018  0.231171  4.221748  4.3  347  -13
2.12966331  0.231259  4.224990  4.3  167  -27
2.12969768  0.229816  4.172427  1.6  187   44
2.12971781  0.230511  4.197693  0.2   13   26
2.12972284  0.227195  4.077802  0.0   14   24
2.12973750  0.228195  4.113747  0.4  194  -15
2.12977273  0.229542  4.162473  0.3  266   53
2.12981139  0.228507  4.125015 11.8  139    6
2.12984508  0.229690  4.167856  5.4  284  -43
2.12987550  0.229246  4.151750  0.6  178  -41
2.12987869  0.229431  4.158449  0.2  308  -67
2.12988270  0.233259  4.298371  0.9  210  -33
2.12996659  0.222802  3.921632  1.0  200  -57
2.12997069  0.222702  3.918085  1.0  160  -72
2.12997565  0.218841  3.783421  4.2  195  -75
2.12997509  0.217849  3.749199  3.5  211  -41
2.13001094  0.233509  4.307602  3.5  191  -69
2.13004459  0.237440  4.453834  1.3   75  -69
2.13010871  0.225455  4.015572  0.6  180  -28
2.13010880  0.225374  4.012683  1.1  180  -27
2.13012804  0.224485  3.981100  1.0  359  -20
2.13013113  0.227063  4.073042  0.7   14  -12
2.13013660  0.229579  4.163798  3.7  111  -11
2.13012651  0.228397  4.121059  4.0  112  -11
2.13018990  0.238499  4.493645  4.7  323  -16
2.13026407  0.231112  4.219590  1.3  167  -21
2.13026316  0.232384  4.266200  1.8  173  -27
2.13028334  0.234602  4.347995  0.1  193  -26
2.13030245  0.239556  4.533581  0.1  103  -23
2.13033198  0.238623  4.498324  0.3   91  -54
2.13035097  0.240731  4.578159  2.1  180  -65
2.13038791  0.243287  4.675887  0.6  171   40
2.13040962  0.244811  4.734643  3.4   10  -37
2.13042073  0.240641  4.574727  1.1  332  -20
2.13050436  0.234105  4.329594  0.3  266   39
2.13050213  0.235404  4.377798  0.3  122   -2
2.13050301  0.233509  4.307608  0.1  267   43
2.13056460  0.241686  4.614554  0.4  296   75
2.13057132  0.240661  4.575518  0.3   90  -41
2.13057922  0.238783  4.504356  0.0  352   42
2.13065724  0.233509  4.307599  0.4  108   30
2.13065619  0.228869  4.138087  0.7  200   27
2.13065782  0.229978  4.178297  0.1  203   29
2.13065646  0.231773  4.243766  2.2   23   41
2.13071239  0.232724  4.278690  0.1   27   44
2.13073881  0.222537  3.912308  0.0  189   25
2.13073948  0.224591  3.984840  0.2   10   36
2.13074088  0.225079  4.002200  0.2  187   26
2.13080104  0.231650  4.239283  1.9  296   38
2.13080336  0.231093  4.218917  0.5  284   34
2.13087253  0.216399  3.699458  4.9   16   23
2.13087233  0.217451  3.735509  1.0   16   24
2.13087271  0.216527  3.703815  4.9   16   23
2.13087264  0.216476  3.702070  5.0   16   23
2.13095977  0.226198  4.042082  2.6  132  -15
2.13096741  0.227340  4.083005  1.0   88  -38
2.13096575  0.224874  3.994890  0.1   84  -36
2.13102512  0.225560  4.019290  2.0  290   24
2.13103238  0.227759  4.098062  2.7  291   27
2.13108980  0.232723  4.278657  1.3  129   52
2.13109801  0.232849  4.283282  1.0  351   27
2.13110481  0.232489  4.270041  0.4  344   16
2.13110981  0.233309  4.300212  0.7  178   14
2.13116414  0.236457  4.417049  2.1  279   36
2.13119383  0.234510  4.344585  2.7   30  -57
2.13123169  0.232075  4.254862  4.6  189   27
2.13123923  0.230865  4.210599  3.5  186   24
2.13124685  0.230829  4.209292  2.1    4   27
2.13126122  0.229458  4.159424  0.1  189  -35
2.13132797  0.229259  4.152222  0.7  298  -46
2.13132769  0.227376  4.084282  1.5  314  -47
2.13132893  0.227773  4.098565  1.1  310  -48
2.13140299  0.228677  4.131159  0.4  292  -37
2.13140241  0.228496  4.124627  0.6  293  -38
2.13140292  0.228160  4.112484  0.2  295  -40
2.13148222  0.230430  4.194751  2.7  289  -34
2.13147951  0.230919  4.212566  0.1   76  -48
2.13149008  0.231805  4.244944  5.0  309  -42
2.13152197  0.234994  4.362548  1.0  104   -2
2.13154115  0.234715  4.352208  3.0   93  -55
2.13154179  0.232609  4.274434  2.9  110  -43
2.13161061  0.234843  4.356949  0.3  292   -8
2.13161205  0.235744  4.390452  1.0  292   -9
2.13164617  0.234927  4.360078  1.0   42   25
2.13167869  0.230276  4.189151  0.0  284  -72
2.13168562  0.229986  4.178577  0.0  208  -50
2.13169915  0.238443  4.491542  1.6  239  -58
2.13172513  0.236787  4.429362  0.2  202  -43
2.13179877  0.234199  4.333085  2.0  317   37
2.13180096  0.231050  4.217343  1.7  299   34
2.13180106  0.231168  4.221641  1.0  299   34
2.13183881  0.238045  4.476573  1.4  123   41
2.13186585  0.240540  4.570895  0.1  198  -72
2.13193542  0.235845  4.394192  3.7  268  153
2.13194266  0.235957  4.398363  5.0  296   59
2.13194736  0.235937  4.397620  5.5  297   68
2.13194607  0.236683  4.425472  5.8  142   58
2.13199366  0.238066  4.477359  4.8  302   50
2.13201637  0.232052  4.254016  1.1  179   31
2.13201635  0.231151  4.221023  0.5  179   23
2.13206924  0.234191  4.332781  0.7  102   37
2.13207433  0.234858  4.357514  0.7  101   38
2.13211271  0.238077  4.477760  1.3   98   32
2.13213518  0.230851  4.210098  0.1  181   72
2.13217130  0.232372  4.265747  1.0  287   11
2.13219924  0.232153  4.257694  1.8  309   -7
2.13220040  0.232077  4.254919  1.6  310   -7
2.13223125  0.233338  4.301280  6.3  188  -61
2.13225480  0.232532  4.271612  4.8  288  -39
2.13225201  0.231866  4.247204  4.8  286  -37
2.13232875  0.228037  4.108070  2.2  312  -26
2.13235759  0.223875  3.959488  1.0  310   -3
2.13237238  0.217785  3.746989  2.2  113  -25
2.13237220  0.218997  3.788817  1.9  114  -23
2.13236541  0.218912  3.785882  0.7  304  -12
2.13237146  0.217996  3.754267  1.4  299  -16
2.13243060  0.236085  4.403141  0.5   81  -41
2.13251423  0.225896  4.031307  0.1  105    1
2.13251247  0.226124  4.039416  0.3  286    4
2.13252158  0.228166  4.112719  3.1    1  -21
2.13251263  0.226317  4.046336  0.4  286    4
2.13254627  0.230251  4.188222  1.1   18  -42
2.13264760  0.235118  4.367144  2.6  100   10
2.13263822  0.234659  4.350120  2.7  196   60
2.13265392  0.233268  4.298709  7.7  350    7
2.13265329  0.233260  4.298396  7.7  350    7
2.13265284  0.233987  4.325244  7.4  353    8
2.13268394  0.236256  4.409538  1.9   75  -55
2.13278943  0.231055  4.217512  2.6  111   17
2.13278933  0.231078  4.218381  3.2  112   19
2.13279110  0.231258  4.224945  2.9  110   23
2.13280348  0.233284  4.299281  1.1  289   34
2.13282446  0.236724  4.427035  0.3  121   49
2.13284814  0.237997  4.474777  1.7  308   30
2.13291089  0.237389  4.451917  4.0  312   68
2.13292317  0.229151  4.148304  2.4  291   39
2.13293802  0.229080  4.145748  3.1  129   37
2.13297387  0.229366  4.156088  3.7  219  -26
2.13297836  0.229138  4.147846  3.9  226  -25
2.13297790  0.228731  4.133105  4.2  226  -19
2.13306263  0.233242  4.297756  0.0  308   -3
2.13306878  0.227646  4.093975  0.4   68   52
2.13307713  0.230010  4.179447  3.2   55   50
2.13308173  0.231496  4.233654  4.6  195   24
2.13309295  0.232037  4.253446  3.8   18   50
2.13314217  0.233519  4.307944  1.0  189   48
2.13319299  0.230791  4.207879  2.1  198   58
2.13323821  0.230152  4.184619  2.1  128  -34
2.13321104  0.233200  4.296200  2.7  167   42
2.13323850  0.228257  4.116012  1.3  316  -29
2.13325030  0.229255  4.152071  1.9  300  -26
2.13331307  0.237888  4.470670  1.0  299  -16
2.13331441  0.234765  4.354054  1.0  303   58
2.13336708  0.228024  4.107610  2.7  234  -35
2.13336888  0.228823  4.136429  2.7   51  -24
2.13337637  0.227139  4.075774  0.6  278  -43
2.13338771  0.237386  4.451817  1.0  292   -6
2.13345754  0.242230  4.635339  2.0   21  -52
2.13349111  0.235058  4.364914  3.2   29  -43
2.13350561  0.233147  4.294239  4.0   55  -10
2.13349468  0.234725  4.352570  1.7  199  -63
2.13351354  0.233976  4.324842  2.4   42    9
2.13352206  0.236548  4.420451  4.0  116  -19
2.13356191  0.243089  4.668286  0.5  308  -21
2.13360856  0.246883  4.815146  1.9   98  -78
2.13367185  0.234558  4.346363  0.3  305  157
2.13367231  0.233863  4.320646  0.1  290   34
2.13367170  0.232815  4.282033  0.0  294   29
2.13372313  0.234395  4.340351  3.5  254   30
2.13374352  0.235467  4.380143  0.0  207   66
2.13374599  0.232246  4.261115  0.4  272   50
2.13374619  0.232162  4.258021  1.2  270   51
2.13382384  0.233809  4.318647  1.0  292   38
2.13384248  0.229633  4.165760  1.4  192  -42
2.13384234  0.229536  4.162257  1.3  193  -42
2.13384577  0.229969  4.177975  2.4  193  -39
2.13394615  0.219862  3.818797  0.0   66   34
2.13393931  0.223148  3.933800  0.1   66   32
2.13394566  0.218981  3.788262  1.0   64   29
2.13395375  0.222202  3.900530  0.0  242   22
2.13398684  0.227451  4.086968  2.2  127  -21
2.13405790  0.230911  4.212287  2.4  331   50
2.13406266  0.223349  3.940901  0.9   11   35
2.13409229  0.217919  3.751616  1.5  248   36
2.13409359  0.216368  3.698407  1.2  247   33
2.13409222  0.215756  3.677503  0.2  247   27
2.13412029  0.231056  4.217564  5.1  209  -23
2.13416119  0.230246  4.188057  3.9  313  -48
2.13420964  0.233112  4.292962  7.0  321   26
2.13422639  0.222060  3.895526  1.0   64   35
2.13422635  0.222183  3.899841  4.6   62   34
2.13423073  0.222882  3.924441  4.6   58   39
2.13429214  0.228235  4.115188  0.4  289  -59
2.13429498  0.227196  4.077811  0.8  304  -61
2.13435655  0.218695  3.778386  0.0   93   52
2.13435297  0.223554  3.948125  1.1  273   64
2.13439199  0.223366  3.941512  1.1  258   61
2.13439398  0.222284  3.903402  1.0   99   62
2.13445363  0.231507  4.234058  0.8  250  -50
2.13447564  0.230664  4.203271  4.0   78    0
2.13452681  0.227551  4.090592  2.2  299   -7
2.13453128  0.226760  4.062183  7.8  356   -5
2.13454181  0.225948  4.033165  7.4  170  -28
2.13453365  0.225438  4.014966  2.3  297  -11
2.13454298  0.225872  4.030443  7.1  174  -27
2.13461154  0.231810  4.245135  0.6  197   -4
2.13463096  0.235033  4.364015  2.5  190   13
2.13468300  0.219933  3.821279  0.0  118   52
2.13468344  0.221947  3.891582  0.2  215  -24
2.13468251  0.224016  3.964466  0.5  290   54
2.13468225  0.222758  3.920064  0.3  291   53
2.13477537  0.231918  4.249108  6.5  126   26
2.13478892  0.228066  4.109120  4.0  109   49
2.13483080  0.222520  3.911702  4.0   21   20
2.13482745  0.223562  3.948410  5.2  199   14
2.13483174  0.222759  3.920092  4.5  201   10
2.13484745  0.226987  4.070316  1.0   92  -46
2.13492168  0.232932  4.286321  0.7  280   -7
2.13492241  0.232226  4.260376  0.5  280   -7
2.13497412  0.224449  3.979826  5.8  340  162
2.13497302  0.224500  3.981615  6.2  338   28
2.13497730  0.226045  4.036617  7.1  344   12
2.13499615  0.227995  4.106563  1.4   94   -7
2.13503502  0.232231  4.260557  0.1    9   -5
2.13509924  0.232585  4.273581  6.2  286   -7
2.13512680  0.227260  4.080128  6.1  292   -7
2.13512401  0.226343  4.047243  6.1  291  -12
2.13512444  0.226714  4.060543  6.0  292  -13
2.13512789  0.226380  4.048588  5.3  110  -21
2.13519483  0.240636  4.574567  3.2  292  -17
2.13521793  0.238260  4.484654  1.8   12  -15
2.13522968  0.233817  4.318956  0.3  204  -33
2.13526465  0.234904  4.359200  0.7  193  -53
2.13527748  0.236874  4.432652  1.5  199  -55
2.13531365  0.236137  4.405089  0.6  296   52
2.13533014  0.235065  4.365202  1.0  198  -63
2.13536671  0.230107  4.183001  0.3  269  -73
2.13536761  0.229913  4.175952  0.8   89  -64
2.13536887  0.229739  4.169637  1.0   92  -60
2.13542678  0.229166  4.148860  1.0  212  -49
2.13542921  0.228196  4.113794  0.3  224  -41
2.13543926  0.236015  4.400525  1.0  280  -40
2.13551136  0.244322  4.715777  1.7  300  -57
2.13556750  0.234663  4.350253  6.9  271  -21
2.13556406  0.231648  4.239215  4.9  203  -65
2.13556445  0.229524  4.161833  4.9  200  -69
2.13558702  0.239534  4.532761  4.5  194  -53
2.13561446  0.239857  4.544973  2.0  308  -46
2.13565032  0.235154  4.368513  0.1  173   62
2.13567472  0.236833  4.431084  0.1  272   58
2.13570135  0.238902  4.508864  0.8  180  -41
2.13574466  0.235533  4.382577  0.1  280  -12
2.13575484  0.224750  3.990493  0.0   14   57
2.13575506  0.226363  4.047986  0.3  180   55
2.13576756  0.235884  4.395661  1.0  181    2
2.13583260  0.235817  4.393166  0.8  207   52
2.13584923  0.233523  4.308098  0.6   53  -49
2.13585015  0.233096  4.292370  0.3   55  -56
2.13588217  0.227467  4.087544  0.0  110  -37
2.13591790  0.236229  4.408510  1.0   78   52
2.13591255  0.232165  4.258137  0.1  352  -27
2.13595408  0.241506  4.607682  1.8   57   65
2.13595315  0.241009  4.588726  1.7   55   64
2.13600698  0.243525  4.685068  2.0  300  -47
2.13605247  0.239436  4.529046  0.2  278    6
2.13608958  0.235593  4.384839  0.1  114   42
2.13606581  0.234526  4.345193  5.4  318  -17
2.13611815  0.239911  4.547015  1.0  312   30
2.13613906  0.236069  4.402542  2.4  153  -14
2.13621065  0.223499  3.946184  0.7  287   63
2.13621328  0.220663  3.846696  0.7   92   68
2.13621276  0.220754  3.849863  1.0  270   65
2.13621232  0.219953  3.821951  0.6  112   64
2.13624742  0.234422  4.341330  0.0  149   38
2.13625017  0.233234  4.297450  2.6  285   61
2.13629805  0.235539  4.382811  0.4  291  -46
2.13632994  0.233554  4.309233  0.0  288   50
2.13635412  0.225554  4.019083  0.0  298  184
2.13637898  0.229075  4.145547  0.9  340  -41
2.13638781  0.227821  4.100280  1.4   86   47
2.13638760  0.229148  4.148187  1.7  259  116
2.13648529  0.231809  4.245109  0.0   71   12
2.13650074  0.230979  4.214744  0.3  116   23
2.13652283  0.226139  4.039986  0.2   64   33
2.13650111  0.225996  4.034872  2.3  319  -38
2.13653024  0.227490  4.088388  0.2   55   39
2.13655945  0.226319  4.046395  0.7   63  -69
2.13656304  0.229480  4.160228  1.7   45  -69
2.13668143  0.223963  3.962599  3.7  210   41
2.13667827  0.226243  4.043691  1.0  211   50
2.13668123  0.224187  3.970529  3.7  211   42
2.13668355  0.224067  3.966267  3.2  213   41
2.13668434  0.225589  4.020342  2.8  287   13
2.13668385  0.226043  4.036545  2.7  288    8
2.13679777  0.232693  4.277528  1.0   66   63
2.13681410  0.225893  4.031187  5.9  355   39
2.13682199  0.221233  3.866584  2.4   57   67
2.13682788  0.221702  3.882976  3.0   40   66
2.13682762  0.223342  3.940642  4.2   25   63
2.13684797  0.234594  4.347697  1.9  293  -10
2.13695782  0.230993  4.215247  3.8  282   19
2.13695787  0.231599  4.237417  1.0  281   19
2.13697156  0.230753  4.206499  4.8  163    3
2.13698634  0.231957  4.250531  1.0  251  -68
2.13699400  0.230581  4.200226  1.0   63  -36
2.13700479  0.233980  4.324981  0.2   73  -34
2.13707622  0.235697  4.388708  1.0  301   39
2.13711970  0.226527  4.053833  1.9  279   41
2.13711933  0.226306  4.045930  2.6  279   41
2.13711990  0.226891  4.066871  2.2  279   41
2.13714092  0.231681  4.240418  3.5  198  -68
2.13718263  0.236099  4.403668  0.1  287  -62
2.13718076  0.239204  4.520281  1.0  327  -71
2.13724710  0.233950  4.323887  0.7   37   12
2.13726388  0.230131  4.183879  0.7   42    9
2.13726274  0.228005  4.106902  0.4   41    9
2.13728273  0.231938  4.249828  0.2   35   12
2.13733379  0.239813  4.543315  0.6  194   63
2.13733607  0.242081  4.629654  1.0  316  -53
2.13739286  0.238868  4.507577  3.7   30   32
2.13742178  0.232050  4.253920  2.9  281  -23
2.13742765  0.228320  4.118258  1.2  295  -58
2.13742871  0.224003  3.964027  0.2   94  -68
2.13743408  0.230941  4.213376  1.0  331  -74
2.13749110  0.238269  4.484980  0.0  183  -67
2.13755079  0.228093  4.110099  0.3  331   75
2.13757361  0.224582  3.984536  0.5  263  -29
2.13755056  0.226210  4.042501  0.0  153   66
2.13757178  0.224625  3.986039  0.4   79  -24
2.13758515  0.233331  4.301029  1.8  178  -31
2.13762977  0.235684  4.388207  0.0  309  -53
2.13768430  0.238320  4.486903  2.8   64  -49
2.13768446  0.236271  4.410102  3.5  178  -79
2.13771309  0.236923  4.434471  3.4  168  -47
2.13774014  0.238428  4.490970  0.2   46   55
2.13778794  0.240687  4.576480  4.4  288   36
2.13780401  0.233016  4.289405  1.7  186   56
2.13781489  0.230992  4.215209  1.0  117   19
2.13781206  0.235048  4.364544  2.5  188   44
2.13786997  0.233299  4.299831  1.0  198  -34
2.13786942  0.232427  4.267745  1.8  203  -29
2.13787736  0.235018  4.363443  1.0   17  -21
2.13792780  0.236316  4.411784  1.2  300  -18
2.13796586  0.231707  4.241360  1.1   63   35
2.13798084  0.230595  4.200768  0.2  287   82
2.13802569  0.234800  4.355347  1.2  249  -39
2.13803227  0.232477  4.269592  1.5  266  -39
2.13805609  0.231502  4.233876  0.0   53   90
2.13806786  0.232522  4.271234  0.9   83  -63
2.13809759  0.231462  4.232408  2.1  200  -55
2.13812789  0.229895  4.175296  0.1  296    8
2.13812918  0.233538  4.308646  0.2  296    6
2.13816764  0.237018  4.438026  1.0  207  -28
2.13818636  0.237175  4.443893  0.7  207  -98
2.13827198  0.225743  4.025833  2.2  118   57
2.13827006  0.225239  4.007871  2.3  267   62
2.13827226  0.225769  4.026753  2.4  267   49
2.13826730  0.228764  4.134303  2.6  126   57
2.13834192  0.228480  4.124036  0.9  195   36
2.13833731  0.228048  4.108467  0.5  205   36
2.13834647  0.227286  4.081049  1.1  182   37
2.13843216  0.227580  4.091627  2.2  112  -52
2.13843473  0.225774  4.026949  1.8   47  -67
2.13843417  0.223488  3.945805  0.6  219  -85
2.13843571  0.222575  3.913614  0.1  225  -88
2.13850308  0.231423  4.230968  0.0  180  -42
2.13855955  0.224704  3.988847  1.0  111   61
2.13855843  0.224475  3.980728  0.1  249   69
2.13855747  0.223851  3.958648  0.0  256   63
2.13855806  0.225799  4.027822  0.1  276   62
2.13860820  0.237582  4.459174  0.1  208  -29
2.13864063  0.234991  4.362455  1.5   24  -48
2.13866010  0.237012  4.437789  1.5  106   67
2.13870162  0.234665  4.350339  2.3   67  -54
2.13870040  0.235066  4.365239  2.4   72  -50
2.13873961  0.237061  4.439627  4.4  188  -19
2.13874510  0.236059  4.402168  4.3  188  -19
2.13878724  0.240578  4.572363  0.0  161  -37
2.13883201  0.228366  4.119927  0.5   56  -73
2.13883272  0.230346  4.191693  0.4  282  -56
2.13883160  0.229800  4.171835  1.0   79  -67
2.13888206  0.230441  4.195150  0.5   99  -30
2.13888650  0.230071  4.181689  3.9  297  -28
2.13892700  0.233632  4.312129  1.0  274   49
2.13896299  0.239012  4.513012  1.4    5  -30
2.13899230  0.235535  4.382679  1.3   38   41
2.13902011  0.235079  4.365713  2.2  296  -54
2.13902496  0.234597  4.347832  1.0  149   20
2.13903232  0.235862  4.394828  0.7  154   32
2.13907685  0.237015  4.437897  0.1   48   -1
2.13912122  0.231458  4.232263  1.0   60   47
2.13913307  0.229821  4.172601  0.5  279   22
2.13914051  0.228086  4.109833  0.5  103   17
2.13919402  0.235981  4.399280  0.1  335  -68
2.13919270  0.240855  4.582866  0.1  180  -82
2.13923075  0.235067  4.365268  0.0   68   19
2.13927430  0.228128  4.111343  0.1   90   52
2.13928366  0.223837  3.958150  1.0   71   51
2.13928390  0.224683  3.988120  0.4   72   52
2.13929449  0.236331  4.412319  1.9  305  -28
2.13934801  0.235989  4.399592  0.3  202   35
2.13941883  0.231385  4.229598  1.0  124   55
2.13942426  0.230608  4.201222  1.3  124   60
2.13942233  0.230725  4.205488  0.0  180   42
2.13942154  0.230804  4.208356  1.9  279   64
2.13950135  0.230804  4.208375  2.3  323   28
2.13950702  0.229742  4.169713  0.4  178   -1
2.13950298  0.228822  4.136417  0.1  359   17
2.13953946  0.234948  4.360859  1.0  287   69
2.13958640  0.220803  3.851578  1.9  231  -57
2.13959037  0.221311  3.869305  2.2   64  -63
2.13959150  0.223836  3.958117  0.9   93  -43
2.13964546  0.232485  4.269877  2.6  356   13
2.13965392  0.230186  4.185880  1.6  170   -7
2.13971960  0.225879  4.030672  0.0  307   18
2.13973391  0.226834  4.064829  1.0  190    3
2.13973445  0.223281  3.938492  1.0  189    2
2.13974145  0.221131  3.862998  0.0   17    9
2.13974761  0.228991  4.142513  0.7  198   -4
2.13980351  0.228015  4.107294  0.2  326 -142
2.13981878  0.231857  4.246856  2.4  164   -5
2.13989364  0.228376  4.120305  2.3   92  -56
2.13989676  0.226730  4.061104  1.8   53  -42
2.13989675  0.226982  4.070134  1.0  300  -55
2.13989098  0.228508  4.125050  0.2  332  -15
2.13996404  0.231692  4.240797  0.1  214  -52
2.13996282  0.232318  4.263753  0.4   21  -53
2.14001908  0.234998  4.362714  0.4  104  -24
2.14005263  0.234037  4.327107  0.9  208   26
2.14006932  0.231009  4.215845  0.1  281   44
2.14006931  0.230089  4.182335  0.1  281   44
2.14011998  0.229103  4.146582  0.2  106   -9
2.14012476  0.230423  4.194498  1.0  108  -11
2.14012954  0.230832  4.209391  0.1  288   -7
2.14018785  0.234392  4.340232  1.0  187  -43
2.14019354  0.234718  4.352298  6.3  195  -39
2.14023594  0.233661  4.313182  4.1  181  -47
2.14023425  0.233116  4.293098  4.7    1  -34
2.14027246  0.236352  4.413124  3.8   85  -43
2.14037028  0.233999  4.325669  4.9  276    2
2.14033954  0.240807  4.581066  2.1  271  -24
2.14035189  0.240138  4.555641  3.9  274   -3
2.14038056  0.235133  4.367729  4.4   98    5
2.14041693  0.234798  4.355268  3.2  206   53
2.14042360  0.230085  4.182204  3.3  200   49
2.14042485  0.232140  4.257212  3.7   16   60
2.14050049  0.236012  4.400439  0.0  359   81
2.14050036  0.234799  4.355303  0.0   25   84
2.14056867  0.239692  4.538721  2.5  195  -19
2.14056912  0.237974  4.473917  3.1  190  -17
2.14056914  0.238066  4.477348  3.3  190  -17
2.14058704  0.237236  4.446188  1.7  189  -51
2.14059273  0.238503  4.493792  1.3  190  -50
2.14060176  0.237990  4.474503  1.0  288  -63
2.14071575  0.237898  4.471038  4.9   80  -28
2.14070051  0.238491  4.493370  3.6  293  -79
2.14071442  0.237301  4.448634  3.1  212  -62
2.14072287  0.237051  4.439252  2.9  280  -31
2.14073428  0.239044  4.514226  0.7  101  -35
2.14078337  0.243129  4.669836  0.0  308  -58
2.14082938  0.235717  4.389435  0.1  300   62
2.14084764  0.234723  4.352508  0.0  103   43
2.14083264  0.236106  4.403952  0.7  281   58
2.14087943  0.241571  4.610183  1.8  302   45
2.14091078  0.240092  4.553874  0.0  296   51
2.14092372  0.239367  4.526436  0.2   33   54
2.14098132  0.237861  4.469661  0.3  344   65
2.14097459  0.237809  4.467699  0.1   50   66
2.14100161  0.237954  4.473150  1.9  307  -55
2.14100718  0.243306  4.676641  4.3  195  -52
2.14102955  0.242070  4.629236  0.2  273   40
2.14109853  0.236678  4.425311  0.7  289  -64
2.14110291  0.236604  4.422524  0.6   53  -69
2.14115419  0.231485  4.233229  0.3  300   21
2.14113652  0.236829  4.430953  0.1  196  -11
2.14117385  0.235190  4.369846  0.1  299  -63
2.14117729  0.237260  4.447098  0.3   75  -66
2.14126456  0.225437  4.014924  0.1  119   16
2.14127058  0.227625  4.093253  0.3  120   15
2.14126787  0.228218  4.114603  0.0  291   19
2.14127381  0.227751  4.097787  0.1  292   18
2.14133320  0.235701  4.388834  0.0  303  -57
2.14130730  0.236292  4.410888  1.2   61    9
2.14139711  0.236779  4.429076  0.0  288   57
2.14141138  0.235802  4.392618  0.3  284   34
2.14142828  0.233608  4.311246  4.9  190   17
2.14143288  0.233660  4.313179  4.9  188   19
2.14146398  0.238183  4.481764  6.1   67   -8
2.14147573  0.238124  4.479546  1.1  310   22
2.14156658  0.225473  4.016211  8.5   66   16
2.14156668  0.225487  4.016705  8.5   66   16
2.14156730  0.228293  4.117301  7.7   63   18
2.14158076  0.228475  4.123850  5.1  213   38
2.14159645  0.232904  4.285286  4.5   45   68
2.14161460  0.238768  4.503801  4.3   20   61
2.14169551  0.225478  4.016386  0.2   80   24
2.14169966  0.226614  4.056964  0.7   77   26
2.14170297  0.226366  4.048071  0.4  252   21
2.14170529  0.226956  4.069224  0.9  249   22
2.14170607  0.232615  4.274667  2.5   71   31
2.14179845  0.239808  4.543132  0.3  197   53
2.14185953  0.224810  3.992607  4.9   58   13
2.14185904  0.224910  3.996178  4.3   58   11
2.14186540  0.225156  4.004924  3.6   56   16
2.14187099  0.232861  4.283724  1.0  281   30
2.14189143  0.235476  4.380471  6.6   21  -19
2.14186867  0.230888  4.211450  1.1  236   25
2.14199212  0.233652  4.312874  0.6  283  -36
2.14200944  0.226634  4.057672  1.5  187   13
2.14202850  0.220105  3.827249  0.0  190    3
2.14202959  0.221024  3.859280  0.2  189    3
2.14202834  0.219785  3.816127  0.0  190    3
2.14202972  0.224472  3.980625  0.0   11   18
2.14214279  0.231103  4.219265  4.9  285    6
2.14216422  0.226736  4.061329  3.2  282   12
2.14216367  0.226956  4.069213  1.0  283   11
2.14216348  0.227770  4.098448  4.2  283   11
2.14216863  0.226495  4.052702  3.8  282   13
2.14227637  0.226886  4.066712  4.5  277   16
2.14227883  0.226577  4.055628  4.6  277   17
2.14227854  0.224954  3.997731  4.5  277   16
2.14231597  0.217723  3.744845  4.8  283   55
2.14232506  0.219079  3.791643  5.1  298   51
2.14232682  0.216216  3.693185  5.1  286   54
2.14232948  0.217577  3.739857  4.3  272   59
2.14242519  0.232332  4.264284  3.4   14  -30
2.14242830  0.231942  4.249966  3.8    7  -31
2.14245765  0.231148  4.220912  6.2  189   43
2.14248107  0.220890  3.854612 10.1  183    1
2.14247363  0.225135  4.004183  8.7  360   21
2.14248173  0.221700  3.882921 10.1    3   13
2.14255905  0.221165  3.864200  0.1  210   57
2.14256096  0.223497  3.946139  0.1   81   68
2.14262003  0.227972  4.105739  5.5   55  -52
2.14262046  0.224880  3.995093  4.2  287  -56
2.14262290  0.224798  3.992196  3.8  286  -50
2.14263555  0.225523  4.018001  7.2  201  -23
2.14272154  0.223113  3.932575  1.9  293  -39
2.14272516  0.221644  3.880975  2.4  292  -44
2.14276280  0.222744  3.919584  3.2  287  -15
2.14276885  0.220662  3.846658  2.5  316  -54
2.14278220  0.220567  3.843320  5.2   14  -14
2.14276947  0.222115  3.897454  2.7  103  -21
2.14287257  0.226008  4.035275  1.9  283  -52
2.14287684  0.226808  4.063909  2.9  281  -61
2.14287763  0.225009  3.999688  3.3  283  -47
2.14287801  0.224432  3.979211  3.2   89  -43
2.14291711  0.228675  4.131098  2.2  110  -21
2.14291680  0.228645  4.130015  0.7  298  -17
2.14302635  0.227710  4.096297  0.0  268  -27
2.14302174  0.223136  3.933374  1.3  202  -44
2.14302596  0.224049  3.965623  0.5  204  -45
2.14305975  0.224707  3.988983  0.1  114   -9
2.14306123  0.223770  3.955776  0.0  117  -11
2.14308438  0.232000  4.252107  0.1  286    8
2.14311720  0.235366  4.376375  0.1  110  -43
2.14316467  0.237183  4.444202  0.8   79  -34
2.14319867  0.230648  4.202677  0.0   83  -14
2.14320681  0.231397  4.230014  0.2  267  -20
2.14320907  0.234647  4.349661  1.6   78  -21
2.14325446  0.233633  4.312184  1.0  312   17
2.14327793  0.234901  4.359096  1.3  187   38
2.14326438  0.230838  4.209592  3.3  315   14
2.14335508  0.231553  4.235738  3.5   85   -8
2.14335121  0.228916  4.139802  0.3   88  -16
2.14336202  0.231136  4.220497  3.4   87  -12
2.14339200  0.234271  4.335754  0.1  281   52
2.14341033  0.232628  4.275142  1.0  266   43
2.14346954  0.227464  4.087459  0.1   77   51
2.14346804  0.227528  4.089755  1.0  255   46
2.14346442  0.233126  4.293470  0.6  297 -100
2.14350328  0.230213  4.186858  2.0  126  -34
2.14355992  0.220923  3.855766  0.1  317   44
2.14355871  0.227199  4.077918  1.3  168   52
2.14358183  0.232888  4.284725  0.4  181  -78
2.14364990  0.231816  4.245354  3.7  296  -29
2.14364958  0.229012  4.143267  3.2  316  -35
2.14371392  0.226767  4.062435  1.0  294   13
2.14371514  0.226367  4.048107  5.3  294  168
2.14371548  0.226130  4.039664  4.9  295    9
2.14371630  0.225881  4.030764  4.7  295    9
2.14371504  0.226825  4.064524  4.9  293   19
2.14380609  0.234391  4.340175  0.9  184  -26
2.14381716  0.232157  4.257870  0.3  193  -29
2.14383855  0.236774  4.428887  3.0  190  -11
2.14382646  0.230500  4.197305  0.1  357  -32
2.14388756  0.235353  4.375897  0.3   50   31
2.14392366  0.235915  4.396809  0.0  158  -61
2.14391533  0.234654  4.349925  0.0   67  -14
2.14397372  0.238373  4.488908  4.0  192  -16
2.14400711  0.235716  4.389392  4.1   17  -11
2.14402097  0.231715  4.241660  1.1  219  -44
2.14402955  0.230215  4.186922  4.2  311  -45
2.14405960  0.238262  4.484749  0.6  290   52
2.14411378  0.239485  4.530881  0.1   42  -56
2.14411449  0.237045  4.439036  1.0  306  -42
2.14416708  0.234828  4.356398  2.7  197   16
2.14416045  0.233403  4.303688  1.4   20   31
2.14418268  0.232728  4.278827  0.4  123    5
2.14420155  0.233385  4.302999  2.7  297   47
2.14421338  0.237775  4.466422  1.8  115    7
2.14428538  0.233665  4.313350  0.6  112    9
2.14428864  0.229838  4.173206  0.0  282    7
2.14429700  0.231576  4.236583  0.3  277    5
2.14434538  0.232642  4.275650  3.0   31   50
2.14434841  0.232388  4.266336  2.9   32   54
2.14435166  0.233483  4.306624  3.7   21   58
2.14443031  0.234653  4.349900  0.0  200   52
2.14444249  0.233028  4.289870  1.2   69   23
2.14444475  0.232619  4.274834  0.5  246   24
2.14448021  0.232006  4.252334  0.0  258   30
2.14451851  0.230666  4.203350  1.5  304  -58
2.14451585  0.230795  4.208028  2.3  108  -58
2.14451837  0.230464  4.195976  2.3  305  -59
2.14458191  0.235721  4.389587  4.2  191  -10
2.14458155  0.235585  4.384522  3.3  171   -2
2.14464700  0.233468  4.306070  2.3  290    2
2.14465877  0.229386  4.156808  5.4   15   -7
2.14465876  0.226775  4.062728  5.5   16   -6
2.14467128  0.235076  4.365594  1.0   17   -4
2.14473045  0.232959  4.287314  6.4   16   13
2.14473037  0.233520  4.307999  6.9  195    3
2.14479666  0.230415  4.194207  2.0  265  -32
2.14480688  0.226141  4.040025  2.1   68  -27
2.14481028  0.226518  4.053526  1.0   65  -30
2.14480700  0.226543  4.054422  2.6   72  -25
2.14480787  0.228014  4.107236  3.7  261  -24
2.14489128  0.237597  4.459718  2.9   88  -50
2.14495612  0.229081  4.145775  0.3  242  -32
2.14495741  0.228363  4.119824  0.5  204  -37
2.14495874  0.227939  4.104545  0.3  204  -37
2.14496296  0.227606  4.092552  0.6  204  -28
2.14504432  0.237782  4.466684  2.5  349   21
2.14504626  0.237510  4.456476  1.0  171    5
2.14508050  0.233353  4.301823  4.0  353   -1
2.14509849  0.231868  4.247263  2.9   12   -5
2.14512123  0.229332  4.154852  0.0  313   58
2.14511744  0.230786  4.207710  2.9   17  -29
2.14516810  0.230076  4.181873  0.4  322   69
2.14518938  0.235764  4.391188  3.0  281  -51
2.14523610  0.233570  4.309843  1.9   69  -29
2.14524492  0.228110  4.110709  0.0   70  -25
2.14524645  0.231181  4.222129  0.9   67  -19
2.14527392  0.233599  4.310897  0.3   78  177
2.14532049  0.230344  4.191608  0.0  166  -68
2.14533665  0.236120  4.404464  0.4  101  -59
2.14536693  0.235321  4.374702  0.1   33  -47
2.14538155  0.231234  4.224068  0.3  187  -58
2.14541061  0.239107  4.516599  0.9   93   -6
2.14543099  0.238751  4.503167  0.1  280   11
2.14546624  0.234409  4.340861  0.2  165  -53
2.14547616  0.239367  4.526419  1.6  324  -46
2.14547422  0.238883  4.508141  2.5  330  -46
2.14551800  0.242044  4.628236  0.9  304   45
2.14556868  0.236842  4.431450  2.7  316   61
2.14557072  0.234011  4.326121  0.3  172   64
2.14559257  0.236680  4.425364  1.0  196   43
2.14564618  0.237182  4.444180  1.0  285   60
2.14564249  0.234378  4.339709  1.6  300   56
2.14567535  0.243902  4.699559  0.5  317   68
2.14569671  0.239005  4.512765  0.0   33    3
2.14571240  0.241292  4.599514  0.2  347   34
2.14575069  0.236276  4.410269  0.0  168   22
2.14577239  0.235445  4.379329  1.7  189   57
2.14579517  0.238978  4.511731  0.3   61   46
2.14583641  0.240264  4.560404  0.1   54  -79
2.14588816  0.229630  4.165652  1.0  290   54
2.14588994  0.232198  4.259363  0.6  308   52
2.14588882  0.233740  4.316104  1.0  290   54
2.14594847  0.233507  4.307523  0.6  281   42
2.14593527  0.234433  4.341741  0.8   52   58
2.14597031  0.233963  4.324372  0.1  309  -44
2.14600771  0.234530  4.345356  0.0  130   74
2.14604973  0.234805  4.355554  3.7  302   45
2.14604876  0.235346  4.375632  1.0  303   44
2.14608038  0.231486  4.233291  3.0  198   40
2.14610948  0.230547  4.198990  0.9  206   69
2.14610835  0.227447  4.086851  1.0  181   72
2.14618143  0.233244  4.297801  0.2  305   37
2.14618264  0.231768  4.243612  1.1  305   32
2.14619990  0.230861  4.210433  0.9   56   38
2.14621709  0.230845  4.209869  1.0   50   51
2.14621387  0.231450  4.231968  1.0  230   22
2.14622528  0.231627  4.238433  3.5   35   51
2.14626513  0.235128  4.367516  1.6  197  -17
2.14633743  0.227195  4.077778  3.4   54  -32
2.14634724  0.225588  4.020295  3.4   52  -91
2.14634457  0.229544  4.162545  2.6  191  -79
2.14639854  0.230956  4.213896  2.4   79  -43
2.14639696  0.227776  4.098670  0.5   79  -40
2.14641552  0.232027  4.253102  2.0  208  -70
2.14648581  0.230228  4.187391  3.9  200   24
2.14651035  0.228680  4.131255  1.5  296  -52
2.14650959  0.229683  4.167572  1.0  295  -57
2.14651424  0.232828  4.282487  3.2  123   17
2.14654777  0.235899  4.396209  5.0  325  -42
2.14657935  0.234076  4.328538  0.8  343  -19
2.14664772  0.236631  4.423560  2.0  311   29
2.14664037  0.233611  4.311345  1.1   45   -5
2.14666856  0.234450  4.342373  2.1   58    5
2.14669063  0.225819  4.028545  0.0   67  -33
2.14669703  0.224930  3.996899  0.0   69  -34
2.14670187  0.226053  4.036895  0.0   67  -35
2.14672369  0.225978  4.034221  0.0  281   74
2.14678982  0.232441  4.268270  2.9  300  -52
2.14678994  0.233367  4.302340  3.8  314  -52
2.14680075  0.234285  4.336269  2.9   21  -45
2.14684341  0.238599  4.497418  1.0   57   73
2.14688723  0.236147  4.405451  0.0  160  -80
2.14688829  0.235367  4.376395  0.0  309  -30
2.14693941  0.229649  4.166360  0.2  197   42
2.14694644  0.233019  4.289520  0.2  190   32
2.14694522  0.235082  4.365818  1.0  114  -47
2.14700919  0.229374  4.156382  0.0  183   60
2.14704219  0.232397  4.266666  1.6  306   13
2.14704255  0.232152  4.257654  1.3  304   12
2.14710259  0.232537  4.271805  0.5  315   29
2.14710820  0.233135  4.293813  0.0  113   -7
2.14710677  0.233185  4.295653  1.0  295    2
2.14716243  0.232064  4.254447  0.8  310   68
2.14716538  0.233101  4.292551  1.3  298   59
2.14719220  0.234428  4.341558  1.3  328  -13
2.14724434  0.232982  4.288186  2.2  308   30
2.14725690  0.230927  4.212845  1.0  290   10
2.14726065  0.230309  4.190354  0.1  291   12
2.14727060  0.230869  4.210729  1.8  225  -77
2.14731294  0.231578  4.236638  2.9   96   -2
2.14735770  0.223696  3.953165  0.1  174  -66
2.14735767  0.223087  3.931653  0.0  175  -69
2.14739719  0.235734  4.390065  0.1  271   52
2.14742871  0.236761  4.428390  1.8  177   -5
2.14744985  0.233148  4.294297  0.0   32  -14
2.14746026  0.229219  4.150760  0.0   29  -43
2.14748705  0.236324  4.412080  0.4   23   48
2.14750243  0.237189  4.444441  1.0  127   23
2.14757781  0.232980  4.288110  0.4   16  -34
2.14758410  0.232005  4.252293  1.0  320   83
2.14758251  0.232685  4.277247  2.0   14  -36
2.14761271  0.238743  4.502860  0.8  163   38
2.14766370  0.239307  4.524162  0.9   93  -22
2.14767922  0.233334  4.301127  2.5  286   27
2.14772063  0.232479  4.269670  0.9   16  -19
2.14772040  0.232728  4.278820  1.9   16  -23
2.14773359  0.232925  4.286088  0.2  312  -25
2.14776507  0.231666  4.239865  0.0   10  -31
2.14781699  0.231782  4.244105  0.6   69  -15
2.14782005  0.232551  4.272301  2.0   70  -23
2.14784163  0.229422  4.158136  1.2  253  -20
2.14784594  0.229500  4.160954  1.1  301  -45
2.14786190  0.233380  4.302827  1.0   74  -10
2.14789128  0.233111  4.292919  2.0  177   55
2.14796361  0.231628  4.238454  2.8    2   15
2.14796765  0.230741  4.206079  3.3  181   -2
2.14800148  0.232208  4.259728  0.8  166  -60
2.14800474  0.231054  4.217480  1.2  185  -71
2.14800458  0.230371  4.192588  0.5  185  -73
2.14805829  0.237805  4.467552  2.0  311  -11
2.14808401  0.234558  4.346387  0.6  143  -67
2.14813212  0.231747  4.242818  3.5  108  -40
2.14813033  0.231655  4.239453  1.6  103  -49
2.14812975  0.231595  4.237257  0.3  106  -50
2.14819736  0.231022  4.216321  8.3  314  -17
2.14819783  0.231233  4.224024  1.0  314  -16
2.14826858  0.228355  4.119542  7.7  304    1
2.14826876  0.228260  4.116105  7.4  304    1
2.14827933  0.229596  4.164439  6.1  120   -3
2.14828408  0.232661  4.276351  6.5  306    3
2.14831438  0.231413  4.230603  1.3  143   55
2.14835774  0.233450  4.305430  2.1  321   50
2.14835599  0.230759  4.206736  1.0  148  -11
2.14840475  0.235037  4.364140  2.3  171  -65
2.14844562  0.226170  4.041068  0.1   68  -51
2.14844545  0.227163  4.076633  0.0  275  -87
2.14849516  0.233728  4.315661  0.0  276  -64
2.14850918  0.234079  4.328642  0.4  319    1
2.14851426  0.233632  4.312136  0.5    2  -30
2.14851802  0.235413  4.378130  1.7  310 -157
2.14861228  0.234137  4.330783  0.3  362   62
2.14861166  0.237087  4.440619  0.8  200   49
2.14861494  0.233257  4.298284  0.0  186   62
2.14865679  0.238376  4.489011  0.3  303    3
2.14865901  0.238288  4.485727  1.0  305   -1
2.14873379  0.238105  4.478841  1.0  328   25
2.14873189  0.237831  4.468525  2.6  189   20
2.14873165  0.238074  4.477658  2.9  189   20
2.14877819  0.234815  4.355910  0.2  268  -50
2.14878075  0.236428  4.415948  1.5  300  -59
2.14881011  0.236657  4.424522  0.8  301  -48
2.14885663  0.237776  4.466464  0.7  178   53
2.14889232  0.237053  4.439349  0.2  189  -40
2.14890663  0.233891  4.321702  0.6   61  -89
2.14890634  0.233642  4.312501  0.4  308  -94
2.14896656  0.237030  4.438479  1.0  312   -5
2.14896701  0.235988  4.399532  1.3  313   -7
2.14899099  0.238963  4.511158  0.5  238  -34
2.14902657  0.235648  4.386867  1.9  185  -66
2.14903087  0.235320  4.374664  1.8  201  -69
2.14909131  0.238777  4.504125  0.7  282   49
2.14905494  0.240081  4.553488  2.7  127  -52
2.14911442  0.242469  4.644517  2.5  312   52
2.14914111  0.240363  4.564169  1.3  282   78
2.14915150  0.241233  4.597276  1.1   33   47
2.14919273  0.244296  4.714770  1.7   11   18
2.14919974  0.242688  4.652918  2.7  318   -6
2.14925199  0.239081  4.515608  0.1  320   54
2.14928124  0.234197  4.333028  0.0  275 -100
2.14931375  0.229931  4.176581  0.2  144  -73
2.14931752  0.228908  4.139517  0.0   16   53
2.14931687  0.227973  4.105753  0.0   17   55
2.14935887  0.233721  4.315417  0.0   22  -40
2.14937235  0.232632  4.275292  0.0  289   75
2.14940960  0.240669  4.575801  2.4  187    3
2.14943569  0.241986  4.626013  0.2   41   44
2.14942379  0.240979  4.587604  1.9  190  -15
2.14950023  0.243839  4.697140  1.7  203  -59
2.14949862  0.242279  4.637216  2.0  211  -61
2.14954913  0.236706  4.426358  0.2   47  -44
2.14954872  0.238271  4.485071  0.2   48  -43
2.14958017  0.241760  4.617395  4.7  194   28
2.14962953  0.242080  4.629599  1.8   93   52
2.14962543  0.240196  4.557825  1.5  285   53
2.14966755  0.233130  4.293630  0.1  345   15
2.14967169  0.232596  4.273973  0.5  164   -2
2.14968539  0.241959  4.624994  1.0  336  -53
2.14974295  0.235569  4.383945  1.0  296  -40
2.14977953  0.232902  4.285240  1.2  308  122
2.14978548  0.234170  4.331995  1.3  191   46
2.14981294  0.233400  4.303556  8.3  318   12
2.14985433  0.235479  4.380568  1.8   31   55
2.14985444  0.236182  4.406766  0.6  279   20
2.14986936  0.235408  4.377934  2.8  197   27
2.14988680  0.234982  4.362097  1.9   20   29
2.14994508  0.236039  4.401431  2.2  301   37
2.14995821  0.234502  4.344299  3.0  299  -55
2.14996575  0.235962  4.398575  0.8   22  -28
2.15000663  0.232362  4.265393  3.2  291  -33
2.15002640  0.234387  4.340043  4.1  347   11
2.15002975  0.233796  4.318202  4.0  161    7
2.15009066  0.233477  4.306404  0.9   93    8
2.15010685  0.233499  4.307231  1.1  102   22
2.15011486  0.232229  4.260486  0.5  280   26
2.15015186  0.234613  4.348408  2.4   29  -40
2.15018802  0.236238  4.408847  3.0  250   -7
2.15019292  0.235268  4.372724  2.7   68   -1
2.15020748  0.238693  4.500983  3.3  249    1
2.15029883  0.229617  4.165189  0.0  233  -26
2.15028357  0.233815  4.318869  5.1  178  -17
2.15029924  0.230749  4.206368  0.1   48  -21
2.15030824  0.233253  4.298135  0.1  237  -24
2.15033696  0.233384  4.302979  5.5  324  -21
2.15036621  0.244982  4.741277  1.0  168  -46
2.15042975  0.236135  4.405018  0.1   61  -48
2.15043154  0.231316  4.227071  0.0   74  -18
2.15043284  0.232600  4.274118  0.1   74  -13
2.15044148  0.233167  4.294979  0.1   74   -8
2.15048532  0.240352  4.563752  0.1   69  -21
2.15054584  0.230337  4.191349  0.2  225   76
2.15055075  0.228514  4.125291  0.1   67   84
2.15055478  0.234819  4.356067  0.2   26   77
2.15059453  0.233412  4.304008  0.1  290   62
2.15059836  0.235143  4.368091  0.3  179   38
2.15065486  0.228482  4.124114  1.2  248   65
2.15065441  0.229402  4.157410  1.0  265   65
2.15069779  0.233076  4.291636  0.5  294  -57
2.15070071  0.234264  4.335496  0.8  293  -57
2.15074516  0.235246  4.371924  0.2  288   46
2.15069829  0.232749  4.279596  0.1  293  -54
2.15081714  0.238095  4.478464  0.3   12  -65
2.15082180  0.233427  4.304576  0.1    8  -34
2.15084103  0.234440  4.341998  0.1  295   51
2.15084091  0.234477  4.343383  0.1  297   53
2.15089034  0.239066  4.515068  0.1  170   64
2.15089817  0.241499  4.607422  2.1  306   -8
2.15093195  0.237371  4.451236  1.3  305   50
2.15096543  0.240013  4.550902  0.7  181   30
2.15097295  0.239964  4.549028  3.2  177   -9
2.15101020  0.239247  4.521906  2.8  179  -28
2.15105658  0.233330  4.300978  1.0   86  -57
2.15105893  0.227463  4.087421  1.0  109  -53
2.15106034  0.227418  4.085794  1.5  122  -48
2.15113316  0.234768  4.354179  0.1  184  -17
2.15114472  0.232798  4.281402  0.1  189  -37
2.15119163  0.234863  4.357674  2.4  178   11
2.15119353  0.235406  4.377866  2.2  175   11
2.15119715  0.235521  4.382123  1.7  174    5
2.15120485  0.236214  4.407970  1.8  177  -10
2.15127269  0.232252  4.261327  2.7  305  -21
2.15128135  0.234294  4.336612  0.6   57  -44
2.15131627  0.237994  4.474661  1.0   66   25
2.15131627  0.236658  4.424565  0.2   34   37
2.15136061  0.233832  4.319516  1.0  198  -25
2.15136626  0.233080  4.291771  0.3   18  -20
2.15141502  0.238080  4.477867  0.3  206   37
2.15141776  0.238929  4.509864  0.0  292   56
2.15146438  0.240373  4.564562  3.4  256    1
2.15150552  0.237609  4.460200  1.0  207  -46
2.15150433  0.235685  4.388262  2.7  317  -48
2.15153315  0.232286  4.262593  0.1  286   22
2.15156347  0.233127  4.293490  0.0   70   57
2.15157719  0.232275  4.262184  0.2    0  -35
2.15158427  0.230200  4.186383  0.2  318  -20
2.15162426  0.229936  4.176767  2.6  304   18
2.15162584  0.231068  4.218018  2.8  305   19
2.15168069  0.230037  4.180450  1.0  296   49
2.15168666  0.231575  4.236523  1.2  283   55
2.15175110  0.223514  3.946722  1.2  196   30
2.15176018  0.221031  3.859534  1.0  208   52
2.15176283  0.220128  3.828038  1.4   34   59
2.15178455  0.234686  4.351114  0.8  200  -26
2.15182258  0.232809  4.281800  0.1    4   47
2.15187165  0.233170  4.295107  1.0  314  -55
2.15190958  0.229909  4.175791  5.6  298   19
2.15190863  0.226169  4.041046  5.6  120   26
2.15193729  0.228139  4.111756  0.1   92  -56
2.15193570  0.229736  4.169520  1.0   59  -58
2.15198625  0.231204  4.222970  0.2  284  -63
2.15198597  0.230783  4.207618  0.1   68  -54
2.15205615  0.226575  4.055573  1.3  293   41
2.15205401  0.225649  4.022489  0.8  123   32
2.15206168  0.225937  4.032763  1.0  292   43
2.15206076  0.226378  4.048505  0.3  300   32
2.15213768  0.236046  4.401689  4.3  312   50
2.15211814  0.235873  4.395236  1.0  300  -21
2.15215868  0.239221  4.520890  4.8  197  -21
2.15221815  0.231331  4.227597  6.0  202  -37
2.15221902  0.233843  4.319919  4.8   20  -31
2.15222479  0.233308  4.300194  1.0  210  -45
2.15228535  0.237084  4.440507  1.3  199   29
2.15230794  0.234931  4.360206  0.1  297  -64
2.15234865  0.230811  4.208618  2.8  327   67
2.15236607  0.225578  4.019939  0.0  304  -51
2.15236794  0.230847  4.209950  0.0  301  -48
2.15237108  0.234143  4.331002  0.7  309  -51
2.15236933  0.229354  4.155644  0.4  104  -41
2.15244347  0.235940  4.397764  0.0  279  -44
2.15249685  0.230623  4.201775  1.0  276   -5
2.15250160  0.229427  4.158289  2.1   96   -3
2.15250516  0.228611  4.128780  2.7   94   -6
2.15250334  0.230373  4.192673  2.3  275   -5
2.15256103  0.242113  4.630888  0.5  300  -44
2.15258614  0.240909  4.584938  0.1  294  146
2.15264738  0.235701  4.388824  2.5   96    4
2.15265574  0.233272  4.298848  0.0  289  -31
2.15265626  0.234111  4.329825  1.0  101  -30
2.15269345  0.238463  4.492316  0.2   95   64
2.15272121  0.235538  4.382786  0.4  200   24
2.15273625  0.236802  4.429954  0.1  293   60
2.15279359  0.238773  4.503986  0.0  201  -46
2.15282784  0.235938  4.397666  2.6  120   41
2.15280753  0.235198  4.370134  0.3   38  -38
2.15284080  0.232752  4.279718  0.7  168   31
2.15288049  0.233108  4.292807  0.0   89   55
2.15287850  0.232436  4.268092  0.5  103   49
2.15287827  0.233540  4.308725  0.1  254   50
2.15295297  0.232097  4.255652  4.6   64  -50
2.15295466  0.230296  4.189851  4.3  305  -58
2.15297979  0.232932  4.286311  7.4   65   -7
2.15299658  0.235819  4.393253  1.0   66   -8
2.15304677  0.233567  4.309722  0.5  288  -30
2.15304967  0.232774  4.280532  1.0  105  -30
2.15308400  0.229591  4.164261  0.1  296   -4
2.15308619  0.229629  4.165616  0.0  296    2
2.15310775  0.232292  4.262799  2.7  323  -56
2.15316238  0.229590  4.164204  1.0   24   79
2.15316469  0.229045  4.144459  0.3  181   65
2.15323817  0.232835  4.282759  0.9  177  -18
2.15324154  0.231795  4.244571  1.3  178  -21
2.15324765  0.231595  4.237272  2.0  174  -26
2.15326571  0.233452  4.305505  5.4   41 -123
2.15326727  0.232502  4.270533  6.2   38  -36
2.15332085  0.237160  4.443338  2.2  321  -16
2.15336885  0.237307  4.448864  0.8  213   58
2.15339231  0.227313  4.082020  0.1  349   -6
2.15342907  0.235548  4.383147  0.1  165  -30
2.15343148  0.236817  4.430491  0.6  349  -15
2.15346780  0.233621  4.311716  1.0  176  -25
2.15346771  0.233942  4.323595  1.0  175  -25
2.15351054  0.236982  4.436659  1.2   59   60
2.15350749  0.237811  4.467773  2.0   77   63
2.15355325  0.243449  4.682137  0.0  182   69
2.15359948  0.245589  4.764801  1.9  325   81
2.15363899  0.243041  4.666434  1.3  266   15
2.15362782  0.237556  4.458199  0.0  317  -52
2.15367530  0.231361  4.228705  0.1  299  -40
2.15367554  0.229707  4.168457  0.0  109  -46
2.15367524  0.231689  4.240693  0.1  108  -48
2.15374048  0.237244  4.446497  0.1  270   54
2.15378519  0.239644  4.536894  2.4  295   -7
2.15377492  0.233024  4.289725  0.0  101  -31
2.15381692  0.235382  4.376962  1.8  305   37
2.15382188  0.234533  4.345439  1.4  306   37
2.15385127  0.239156  4.518445  3.9   57  -45
2.15388644  0.238187  4.481923  2.1   15   58
2.15389063  0.237465  4.454776  1.5  180   48
2.15396146  0.235808  4.392840  3.2  285   27
2.15392996  0.236345  4.412852  0.8  301  -60
2.15397824  0.233097  4.292397  0.0   18  -32
2.15400510  0.234200  4.333112  0.8   69   75
2.15400350  0.234142  4.330972  0.2  275   45
2.15405459  0.237143  4.442719  0.6   48   65
2.15407651  0.233901  4.322061  0.6  108  -48
2.15409927  0.227124  4.075225  0.6  292   45
2.15410254  0.228990  4.142470  2.0  252   53
2.15414613  0.228203  4.114055  0.7   66   61
2.15415179  0.236944  4.435273  0.5  297   95
2.15419257  0.240320  4.562536  2.7  300   51
2.15421084  0.240227  4.559018  3.0  295   49
2.15424762  0.237611  4.460243  3.2  291   59
2.15427210  0.233176  4.295297  2.9  312  -50
2.15431855  0.231363  4.228780  2.2  108  -59
2.15432074  0.234050  4.327577  2.5  300  -56
2.15431690  0.232006  4.252317  0.0  133   27
2.15439961  0.235843  4.394123  1.6  198  -19
2.15440518  0.233628  4.311992  1.0  201  -26
2.15440551  0.231766  4.243536  0.1  202  -26
2.15446691  0.232942  4.286692  1.0  310   24
2.15447247  0.227332  4.082720  0.4   66   85
2.15447019  0.230068  4.181558  0.2   14   82
2.15452255  0.232688  4.277349  0.2  292  -43
2.15457238  0.224705  3.988910  1.0  300  -55
2.15457133  0.225724  4.025141  0.7  300  -58
2.15457356  0.223793  3.956594  0.0  298  -57
2.15461593  0.231220  4.223554  0.5  354   32
2.15461663  0.231384  4.229537  1.0  354   32
2.15470161  0.232883  4.284534  0.4  298  -55
2.15471065  0.231265  4.225183  0.0  166  -70
2.15470797  0.231468  4.232629  0.1  190  -66
2.15471162  0.230626  4.201867  0.0  192  -74
2.15478270  0.224712  3.989140  0.2  167  -60
2.15478054  0.226204  4.042308  0.1  349  -44
2.15478628  0.230463  4.195939  0.3  189  -68
2.15483093  0.241707  4.615350  0.1   40   62
2.15486542  0.237006  4.437579  0.7  304   58
2.15486133  0.233508  4.307564  0.0  325  -91
2.15491273  0.239390  4.527292  0.0  187   72
2.15491086  0.240964  4.587024  0.6   19   89
2.15497380  0.240206  4.558223  1.0  185   30
2.15497665  0.240402  4.565666  0.8  357   42
2.15498866  0.241358  4.602027  0.7   20   40
2.15504086  0.243740  4.693307  0.0  111   40
2.15508597  0.234571  4.346861  0.3   46  -55
2.15507899  0.236190  4.407075  0.0  208  -60
2.15512323  0.236707  4.426403  1.9  311   36
2.15512477  0.237402  4.452408  0.5  310   44
2.15516496  0.237146  4.442821  0.7  260   69
2.15517673  0.237530  4.457230  0.7  173  -41
2.15522238  0.240559  4.571640  0.6  165  -64
2.15521873  0.244742  4.732009  2.9   26   40
2.15527601  0.238941  4.510314  2.7  307   28
2.15528390  0.239406  4.527902  3.4  309   42
2.15533378  0.230095  4.182537  0.2   34  -83
2.15533438  0.228308  4.117856  1.1  300  -60
2.15533469  0.229143  4.148019  0.4  204  -85
2.15536453  0.233736  4.315953  0.3  175  -16
2.15539637  0.237173  4.443839  0.5  359   43
2.15544451  0.238383  4.489307  0.0  205  -85
2.15547114  0.238426  4.490922  2.6  176   47
2.15550397  0.235047  4.364528  1.2  284  -44
2.15551243  0.229842  4.173373  0.0  302  -41
2.15551898  0.230620  4.201649  0.1  297  -26
2.15552315  0.231709  4.241431  0.1  298  -25
2.15557461  0.235512  4.381817  1.3  158   74
2.15558617  0.240708  4.577274  1.6   84  -70
2.15565079  0.236324  4.412067  1.0  166   32
2.15565169  0.233588  4.310513  0.4  343   36
2.15565161  0.232003  4.252193  0.1  339   39
2.15572434  0.234789  4.354962  1.8  352   -6
2.15572727  0.235794  4.392324  2.0  171  -19
2.15575282  0.239550  4.533335  1.0  296   68
2.15578667  0.238718  4.501910  0.6  175   24
2.15579424  0.235636  4.386436  0.7  172   11
2.15585767  0.238346  4.487908  1.0  297   -9
2.15587196  0.233075  4.291592  2.6  318  -27
2.15588243  0.232839  4.282904  0.9  117  -24
2.15589123  0.232708  4.278087  0.7  299  -13
2.15595728  0.224561  3.983788  1.0  164  -46
2.15595542  0.226697  4.059936  0.6  347  -30
2.15595491  0.231675  4.240201  0.2  312   -9
2.15600671  0.236161  4.406001  0.7   34   58
2.15604057  0.237518  4.456776  1.0   92  -60
2.15603885  0.235937  4.397639  0.4  103  -66
2.15610827  0.228359  4.119661  0.0  257 -108
2.15610988  0.230551  4.199144  0.1  288  -66
2.15610955  0.229137  4.147802  1.0   79  -74
2.15616040  0.236894  4.433377  1.0  288   53
2.15615629  0.232790  4.281119  1.0  276   61
2.15617017  0.233914  4.322528  0.1  315  -37
2.15622951  0.239570  4.534126  0.0  281  -39
2.15623670  0.237515  4.456643  0.1   54  -47
2.15628033  0.242511  4.646103  0.2  291  -47
2.15629535  0.242669  4.652168  0.3  201  -61
2.15633673  0.242117  4.631040  3.3  296   41
2.15636675  0.239237  4.521523  0.7  285 -127
2.15636341  0.237364  4.451006  0.2  217  -58
2.15636847  0.237861  4.469657  0.0  101  -52
2.15641410  0.241830  4.620044  1.0  172   69
2.15644650  0.234404  4.340678  0.0  188   71
2.15648517  0.234215  4.333664  0.0  316   86
2.15651615  0.236335  4.412481  0.0  252   36
2.15652738  0.234082  4.328744  0.0  350   34
2.15653182  0.238554  4.495738  0.6  174   12
2.15659055  0.225841  4.029312  0.5  214   56
2.15659638  0.224576  3.984310  1.0  209   53
2.15659878  0.230817  4.208852  1.0  189   67
2.15663536  0.236465  4.417353  0.4   53   71
2.15665391  0.245483  4.760688  1.4   22   56
2.15671956  0.238308  4.486475  1.8  192   44
2.15671975  0.234467  4.343009  0.1  284   55
2.15674002  0.231586  4.236920  0.1  196   37
2.15674953  0.237378  4.451499  0.8   19   22
2.15681364  0.234383  4.339884  0.2  196   50
2.15681643  0.235080  4.365748  0.4  183   49
2.15683901  0.229443  4.158877  0.1  321  -89
2.15684078  0.227608  4.092639  0.0  256  -98
2.15688189  0.230757  4.206667  0.1  276   57
2.15690681  0.233999  4.325681  0.0  195  -46
2.15696189  0.223588  3.949319  1.0  336   68
2.15696518  0.223407  3.942958  0.1  327   72
2.15696423  0.225587  4.020255  0.0   17   81
2.15699496  0.235889  4.395840  0.6  154   47
2.15703947  0.229922  4.176275  0.0  186   17
2.15703990  0.230974  4.214587  0.2  187   16
2.15708520  0.236673  4.425126  3.1  196  -28
2.15712400  0.239743  4.540646  2.7   61   36
2.15714140  0.238417  4.490568  1.5  299   68
2.15715613  0.237568  4.458647  5.5  282  -25
2.15718874  0.233855  4.320374  1.0   57  -58
2.15723261  0.231515  4.234338  1.0  288  -42
2.15724498  0.232226  4.260371  0.7   23  -42
2.15726893  0.228800  4.135605  0.1  167  -79
2.15730267  0.231158  4.221293  0.8  172  -59
2.15731014  0.224668  3.987584  0.0  202  -77
2.15731975  0.232996  4.288679  0.1   48  -60
2.15735804  0.237347  4.450349  0.4  313  -40
2.15740887  0.232802  4.281547  1.0  343  -34
2.15741407  0.234951  4.360939  0.0   55  -49
2.15743405  0.240668  4.575782  1.5  355   34
2.15745362  0.242346  4.639783  1.8   63  -77
2.15750870  0.239490  4.531075  0.0  332   81
2.15751129  0.237277  4.447740  4.5  325  -40
2.15751083  0.236864  4.432260  3.4  326  -36
2.15757663  0.240541  4.570931  1.0  304   50
2.15758845  0.240518  4.570065  0.1   57  -35
2.15763366  0.230799  4.208179  0.2   78   -4
2.15763307  0.232553  4.272400  0.9   78   -3
2.15763995  0.232511  4.270855  0.1  254    1
2.15769660  0.238150  4.480533  3.4  352  -11
2.15770454  0.239753  4.541023  3.2  170  -21
2.15775784  0.243540  4.685621  1.2  179  -64
2.15778792  0.236460  4.417150  0.0   34  -85
2.15779092  0.234920  4.359789  0.1  297  -37
2.15779263  0.235093  4.366223  2.0  311  -43
2.15783074  0.242201  4.634255  1.0  288   56
2.15787536  0.236793  4.429603  0.2  184   17
2.15787668  0.236510  4.419028  0.1   58   54
2.15790671  0.236962  4.435926  1.5    4   22
2.15793291  0.236643  4.424005  0.4  184   27
2.15793988  0.237281  4.447890  0.5    5   41
2.15800632  0.239569  4.534082  3.8  278  -71
2.15800628  0.236465  4.417346  2.3  294 -102
2.15804688  0.234787  4.354886  4.1   60  -64
2.15804849  0.234482  4.343573  3.0   93  -57
2.15811413  0.233762  4.316917  0.7  198   47
2.15811324  0.232940  4.286631  2.9  315   58
2.15811680  0.231712  4.241530  0.9  287   55
2.15816207  0.233487  4.306785  2.2  254    9
2.15816615  0.233408  4.303864  2.3  254   14
2.15819611  0.235928  4.397304  1.6   40   45
2.15822557  0.240002  4.550474  1.2  190  -60
2.15826328  0.234782  4.354679  0.7    7   29
2.15828820  0.235757  4.390934  0.4    7  -14
2.15830651  0.236522  4.419465  0.9  296  -29
2.15834395  0.234869  4.357930  2.0    5  -28
2.15835506  0.235461  4.379914  1.9    2  -34
2.15837629  0.234287  4.336330  0.1  174  -72
2.15837586  0.234252  4.335036  3.0  330  -26
2.15843740  0.241219  4.596748  1.6  187   12
2.15845102  0.240174  4.557006  0.3  171   58
2.15846969  0.238185  4.481838  1.0  198  -31
2.15850523  0.238394  4.489686  2.2  196   28
2.15850761  0.238871  4.507681  1.6   14   42
2.15856045  0.239403  4.527798  1.2  296   66
2.15858426  0.238061  4.477185  4.5  142   -3
2.15861530  0.237410  4.452700  0.1  196    7
2.15863443  0.234856  4.357448  0.0  192   17
2.15863833  0.235140  4.367989  0.5   14   27
2.15867807  0.240017  4.551045  1.3   99  -59
2.15870447  0.237167  4.443596  0.1  196   60
2.15874020  0.234731  4.352805  0.0  282  -50
2.15877077  0.236308  4.411492  1.1  268   10
2.15877569  0.239268  4.522682  1.0  264   10
2.15880147  0.236065  4.402391  0.3  283   50
2.15881139  0.238565  4.496148  1.0   25  -58
2.15887359  0.240196  4.557821  0.9   89  -43
2.15887149  0.237800  4.467356  2.2  317  -58
2.15888247  0.243259  4.674832  1.6   19   -9
2.15893442  0.244044  4.705051  0.0   55  -23
2.15898854  0.241948  4.624576  0.5  106  -56
2.15898397  0.241447  4.605445  0.8  301  -55
2.15900995  0.238384  4.489337  1.3   12   14
2.15904136  0.240121  4.554988  0.4  294   60
2.15907527  0.232696  4.277659  0.0  267   51
2.15907258  0.232505  4.270628  0.0   97   46
2.15910786  0.236911  4.434036  1.0  303  -52
2.15910831  0.237289  4.448168  1.9  302  -52
2.15916748  0.230104  4.182889  1.0  190   49
2.15917162  0.231536  4.235104  1.0  313   55
2.15922891  0.228573  4.127408  1.0  290   42
2.15922918  0.227358  4.083649  1.9  290   41
2.15923729  0.227340  4.082989  1.0  199   46
2.15923147  0.228134  4.111555  2.2  117   32
2.15931080  0.235768  4.391323  5.3  307   10
2.15931585  0.237905  4.471302  5.9  309  177
2.15938832  0.227043  4.072337  5.8  290    9
2.15938747  0.226474  4.051963  5.5  289    8
2.15938939  0.226604  4.056603  5.8  291   11
2.15939033  0.230506  4.197491  5.9  291   13
2.15943499  0.234849  4.357185  0.4  315  -53
2.15945285  0.236509  4.418981  0.7  256   19
2.15953156  0.231530  4.234869  3.1  135   13
2.15952547  0.231526  4.234733  1.6  308   20
2.15954193  0.231061  4.217756  1.5  110  -41
2.15954672  0.231237  4.224175  4.1  315  -34
2.15960460  0.229673  4.167243  1.3  175   20
2.15961002  0.231212  4.223256  1.0  165   18
2.15962009  0.234871  4.357971  3.6    7    6
2.15968913  0.231529  4.234851  2.8    4  -56
2.15969339  0.232431  4.267919  2.7  189  -63
2.15969200  0.231972  4.251068  3.1  184  -62
2.15976732  0.234685  4.351091  2.5  182  -26
2.15977692  0.233608  4.311261  0.1  178   49
2.15982433  0.234067  4.328204  2.3  344   37
2.15982525  0.234532  4.345433  2.0    3   22
2.15982714  0.234897  4.358950  1.0    0   19
2.15982708  0.235259  4.372406  2.0  184    6
2.15990044  0.238811  4.505424  3.2  306  -40
2.15992194  0.236217  4.408072  3.9  317  -25
2.15992166  0.235959  4.398464  3.9  317  -24
2.15998325  0.238390  4.489535  5.1  308   29
2.15998800  0.239555  4.533534  1.7  161   33
2.16001669  0.235836  4.393853  1.2  292   26
2.16003458  0.242510  4.646089  1.3  103  -47
2.16008856  0.240999  4.588360  0.1  268  -86
2.16008880  0.238728  4.502302  0.2  307  -59
2.16009036  0.238366  4.488649  0.1  114  -86
2.16015884  0.235191  4.369878  1.0   43  -61
2.16018147  0.238581  4.496735  4.5  124   36
2.16018183  0.238479  4.492915  1.0  303   36
2.16017819  0.237008  4.437637  4.0  131   30
2.16024137  0.243263  4.674962  3.6  312  -47
2.16027374  0.244324  4.715851  3.4  297  -49
2.16029402  0.240777  4.579901  4.3   10  -14
2.16033662  0.236271  4.410108  0.9  282  -39
2.16033996  0.234294  4.336597  0.0  283  -36
2.16034048  0.234631  4.349072  0.1  284  -37
2.16040428  0.232138  4.257162  0.0  100   49
2.16040190  0.233753  4.316606  0.1  276   50
2.16044560  0.242176  4.633272  6.5  111  -60
2.16046561  0.240882  4.583897  2.0   46   21
2.16050318  0.239654  4.537286  5.1  301 -128
2.16050405  0.240464  4.568005  4.2  316 -136
2.16055944  0.239383  4.527019  2.8   10   11
2.16056020  0.239216  4.520706  2.9  193   -4
2.16057094  0.239209  4.520459  3.2  189   16
2.16062867  0.241067  4.590959  3.7  247   32
2.16063909  0.241341  4.601405  0.9  289  -17
2.16064029  0.241311  4.600268  0.8  288  -15
2.16070905  0.240721  4.577786  0.8  307  -18
2.16074774  0.238748  4.503050  2.1   41  -46
2.16073638  0.238193  4.482132  3.0  316  -57
2.16077522  0.240318  4.562455  1.0  195   54
2.16078500  0.235511  4.381784  0.0  182   26
2.16079656  0.234936  4.360415  0.2   32   63
2.16084711  0.239271  4.522803  0.1  179   55
2.16086499  0.236828  4.430925  0.0  212  -16
2.16087418  0.244331  4.716117  1.9   12  -29
2.16092693  0.235209  4.370556  1.0  152  -80
2.16093100  0.232187  4.258957  0.2   98  -69
2.16095667  0.231602  4.237506  0.1  202  -48
2.16096021  0.234171  4.332066  0.4  227  -59
2.16101476  0.239740  4.540533  2.8  305  -57
2.16102030  0.241906  4.622956  3.8  314  -32
2.16109339  0.242331  4.639220  4.3    7   17
2.16112072  0.237312  4.449049  4.9  296   49
2.16111684  0.237324  4.449486  5.0  125   40
2.16111698  0.237611  4.460241  5.0  117   32
2.16117025  0.240826  4.581782  0.1  193  -23
2.16117018  0.241026  4.589378  0.1  192  -23
2.16122234  0.243592  4.687623  1.1  321  -48
2.16123086  0.242242  4.635822  0.8  313  -41
2.16127587  0.241355  4.601921  3.7  103   12
2.16127076  0.241857  4.621071  2.6  315  -32
2.16130737  0.241797  4.618795  0.3   16   -5
2.16132642  0.245953  4.778931  2.1  185    8
2.16139624  0.242698  4.653275  5.5  146  -51
2.16139381  0.239543  4.533071  5.4  309  -41
2.16141072  0.239157  4.518477  5.2  318  -40
2.16141189  0.238469  4.492547  5.3  319  -40
2.16145914  0.242066  4.629090  1.5  340   -2
2.16148423  0.239064  4.514974  0.0    8   50
2.16152668  0.238873  4.507754  0.8  197   48
2.16152478  0.235727  4.389810  0.1  249   66
2.16158240  0.231036  4.216824  1.0  200   54
2.16158513  0.230951  4.213715  0.0  202   49
2.16157976  0.234593  4.347682  0.1   47   78
2.16159087  0.235550  4.383228  2.0  293  -43
2.16164804  0.239113  4.516822  0.5  197  -55
2.16170597  0.231016  4.216120  0.9  280  -62
2.16170649  0.230570  4.199847  0.3   40  -74
2.16171087  0.231916  4.249002  0.2  298  -62
2.16175706  0.240773  4.579762  0.0  279   42
2.16177372  0.237993  4.474629  0.9  292   68
2.16181031  0.236212  4.407894  0.3  301   49
2.16181925  0.239254  4.522170  0.8  294   49
2.16185687  0.242125  4.631349  0.0  299  -56
2.16189118  0.239057  4.514708  0.1  202  -19
2.16189974  0.239695  4.538834  0.7  126   45
2.16194613  0.237980  4.474110  0.7  298   57
2.16196315  0.230591  4.200620  0.2  195   69
2.16197530  0.234431  4.341684  1.9  198   21
2.16198485  0.237196  4.444700  1.5  187   44
2.16204259  0.237628  4.460887  2.1   93   18
2.16205970  0.236396  4.414745  1.7  147   14
2.16208115  0.236915  4.434178  1.7  282  131
2.16208406  0.233048  4.290588  0.1  259   37
2.16216483  0.235358  4.376076  0.3  291  -54
2.16216697  0.230555  4.199288  0.3  199   68
2.16217741  0.230542  4.198815  0.0   56   83
2.16222145  0.226571  4.055405  0.4  203   53
2.16221613  0.227404  4.085300  0.8   44   60
2.16225204  0.227448  4.086867  1.8    1   49
2.16225997  0.232775  4.280554  2.6  309   39
2.16235113  0.226675  4.059158  1.9   77  -64
2.16234905  0.225615  4.021267  2.0  266  -69
2.16235134  0.226738  4.061417  2.7   76  -67
2.16236573  0.229641  4.166046  1.4   64  -68
2.16241601  0.226035  4.036256  3.9  301   41
2.16242076  0.228456  4.123186  2.7  294   46
2.16246738  0.221297  3.868803  0.0   77  106
2.16246438  0.220911  3.855341  0.0  285   65
2.16252363  0.233613  4.311413  0.5   48  -60
2.16252319  0.232450  4.268626  0.2   67  -60
2.16252602  0.235607  4.385325  2.1  277  -26
2.16255162  0.237731  4.464752  2.2  332  -38
2.16263414  0.221997  3.893345  0.6  119  -74
2.16263482  0.214982  3.651180  0.3  258  -65
2.16263883  0.216647  3.707942  0.2  286  -65
2.16263847  0.215055  3.653627  0.1  287  -65
2.16272960  0.228321  4.118292  0.2  158  -71
2.16272770  0.228748  4.133709  0.0  299  -60
2.16272772  0.228944  4.140817  0.2  193  -82
2.16277588  0.231004  4.215665  0.9  298  -38
2.16279548  0.236177  4.406600  0.6   36   59
2.16283666  0.236091  4.403396  0.6  287   55
2.16286157  0.235524  4.382237  0.2   92   13
2.16289386  0.233787  4.317846  0.3  158  -73
2.16289364  0.236091  4.403365  0.0   83  -45
2.16299392  0.236425  4.415830  2.5  281   54
2.16297084  0.234784  4.354754  0.4  318   23
2.16299970  0.235260  4.372416  1.9  299  -17
2.16304716  0.223146  3.933739  3.5  278   33
2.16304896  0.223231  3.936727  4.0  110   36
2.16305659  0.220800  3.851455  3.0  114   50
2.16305340  0.222645  3.916094  3.5  280   51
2.16310875  0.233117  4.293143  0.2  195   65
2.16312312  0.233658  4.313093  0.0   99   52
2.16312355  0.233622  4.311745  0.1   93   50
2.16319838  0.234422  4.341337  2.7  297   59
2.16321904  0.232591  4.273780  0.4  176    5
2.16321889  0.231764  4.243444  0.3  176    6
2.16330399  0.227878  4.102347  0.5  105   43
2.16330465  0.225958  4.033500  0.3  275   37
2.16330527  0.226850  4.065413  1.0  274   40
2.16333317  0.231906  4.248653  0.2  167   24
2.16336453  0.229426  4.158279  2.0  301  -25
2.16336661  0.226909  4.067518  0.6  134  -23
2.16343199  0.216168  3.691544  2.7  299   49
2.16343157  0.216537  3.704188  3.1  299   49
2.16343268  0.218056  3.756322  2.6  296  131
2.16343402  0.222517  3.911594  3.8  349   63
2.16351955  0.231544  4.235405  0.0  166  -61
2.16352727  0.233339  4.301312  3.3  309  -51
2.16354181  0.232656  4.276161  2.7  296  -63
2.16360336  0.223505  3.946408  0.6   41  -68
2.16360335  0.217069  3.722410  0.0    6  -33
2.16360673  0.222164  3.899197  0.2    8  -38
2.16361523  0.223531  3.947305  2.9  302  -41
2.16367988  0.233431  4.304717  3.4   88  -40
2.16373283  0.237736  4.464941  2.2   36  -51
2.16373669  0.236933  4.434856  3.7  312  -42
2.16372689  0.235940  4.397735  2.7  324 -109
2.16376140  0.236670  4.425009  1.9  304  -22
2.16382212  0.231379  4.229367  0.4  124   27
2.16382435  0.232291  4.262760  1.0  292   33
2.16386414  0.230994  4.215296  0.1  213   64
2.16387439  0.231714  4.241606  0.0  292   63
2.16389257  0.237211  4.445247  0.1   73  -84
2.16394228  0.237940  4.472637  0.3   25   32
2.16396066  0.234753  4.353602  0.2   88   -3
2.16398640  0.232657  4.276212  2.2  214   74
2.16399746  0.231441  4.231641  0.0  301  -70
2.16404178  0.231515  4.234324  2.0   34  -67
2.16404574  0.224377  3.977243  0.0   36  -51
2.16406722  0.226011  4.035393  0.0   48  -19
2.16410187  0.230886  4.211355  0.2  261   25
2.16412742  0.235364  4.376291  1.1   73   70
2.16414781  0.233390  4.303198  0.1  299  -44
2.16416558  0.241310  4.600230  1.9  284  -37
2.16423353  0.223882  3.959739  1.9  202   43
2.16423467  0.222527  3.911939  0.2   44   58
2.16423478  0.221604  3.879548  0.1   33   59
2.16425139  0.233208  4.296480  0.2  205   -1
2.16431741  0.231334  4.227710  2.2  180  -46
2.16431512  0.232647  4.275836  1.5  181  -33
2.16438176  0.230247  4.188098  1.0  163   20
2.16440935  0.225513  4.017645  0.1  293 -130
2.16440942  0.227131  4.075485  0.2  294  -51
2.16440978  0.225191  4.006183  0.1  114  -53
2.16446594  0.230818  4.208893  2.0  304   49
2.16447131  0.230061  4.181328  3.2  303   53
2.16447145  0.229763  4.170475  2.1  304   53
2.16450323  0.236849  4.431682  0.8  294   63
2.16457004  0.233262  4.298483  0.1  284   -3
2.16459604  0.231771  4.243721  0.1  279  -17
2.16459163  0.230324  4.190865  0.2   65  -50
2.16463258  0.235788  4.392098  4.5   71   11
2.16463513  0.235359  4.376126  3.7   72    9
2.16471414  0.230440  4.195121  0.3  209   42
2.16470914  0.225062  4.001579  1.0   36   45
2.16472660  0.232782  4.280795  0.2  175  -39
2.16477893  0.230846  4.209911  2.5  193  -40
2.16477773  0.231546  4.235461  3.0  358  -20
2.16478860  0.231813  4.245235  1.4  163  -44
2.16479238  0.232119  4.256468  3.7  315  -26
2.16486024  0.228598  4.128312  0.8  357   21
2.16485814  0.229177  4.149261  2.9  124   22
2.16485803  0.229062  4.145092  2.6  124   16
2.16494189  0.231252  4.224731  0.7  173   -7
2.16494272  0.230779  4.207447  0.6  172   -9
2.16495391  0.236033  4.401218  1.6   45  -74
2.16501089  0.232767  4.280274  0.3  209   20
2.16503254  0.233713  4.315103  0.7   55  -48
2.16501358  0.234548  4.346000  0.6   30   35
2.16508533  0.234942  4.360626  0.0  161  -16
2.16509211  0.236052  4.401936  1.3  173  -23
2.16511794  0.235980  4.399223  0.0  176   40
2.16518514  0.222561  3.913146  0.5  215   59
2.16518642  0.219411  3.803142  0.1  204   61
2.16518808  0.219228  3.796815  0.8   36   59
2.16518841  0.221467  3.874766  1.2   36   60
2.16523285  0.237022  4.438178  3.8  299  -33
2.16523858  0.237437  4.453731  4.3  306  -32
2.16523326  0.236732  4.427325  4.0  299  -30
2.16534193  0.232313  4.263578  0.1   41  -29
2.16537248  0.235391  4.377298  0.4  184   11
2.16535671  0.234341  4.338336  0.1  197  -41
2.16539123  0.237304  4.448748  0.7  174  -16
2.16544697  0.230066  4.181511  0.6  294   47
2.16544614  0.230367  4.192437  0.4  290   47
2.16544678  0.231314  4.226983  0.5  294   46
2.16550927  0.233654  4.312957  1.2  170   25
2.16556321  0.236887  4.433119  0.7  252    5
2.16556596  0.232299  4.263074  0.1  186   57
2.16556136  0.231735  4.242390  0.0   13   78
2.16559442  0.231855  4.246775  0.1  344   75
2.16565496  0.233453  4.305535  1.5  302   38
2.16566522  0.236400  4.414898  0.9  195   95
2.16566599  0.235168  4.369007  2.7  289   62
2.16568506  0.237544  4.457727  0.4  335 -106
2.16571942  0.233509  4.307601  0.9  303  -40
2.16575671  0.231520  4.234535  0.5  276  -75
2.16576217  0.233126  4.293458  1.2   64  -60
2.16579801  0.230154  4.184695  0.4   73  -70
2.16580144  0.231597  4.237325  0.4   91  -64
2.16584110  0.241828  4.619968  2.2  276  -45
2.16588188  0.235476  4.380452  0.6  159  -39
2.16588055  0.235959  4.398463  1.5  161  -40
2.16596505  0.236925  4.434528  0.2  125   63
2.16595985  0.236840  4.431380  0.3  306   59
2.16597950  0.235855  4.394588  0.2  106  -56
2.16597987  0.236974  4.436360  0.8  306  -54
2.16603787  0.233388  4.303137  0.0  188   74
2.16603862  0.233803  4.318447  0.0  192   52
2.16611220  0.234537  4.345617  1.3  162    7
2.16611126  0.229058  4.144946  0.0  336   46
2.16611727  0.234326  4.337771  0.2  295   17
2.16614327  0.240535  4.570694  0.1  174   57
2.16618760  0.239954  4.548672  1.0  350   28
2.16621582  0.234546  4.345928  0.6  116   24
2.16622816  0.232259  4.261602  0.0  299   67
2.16626421  0.230951  4.213743  0.4  290   13
2.16627600  0.231842  4.246291  0.5  291   14
2.16627555  0.229065  4.145192  0.2  291   13
2.16633961  0.236215  4.407990  0.3  193   34
2.16633735  0.236514  4.419188  0.3   11   44
2.16638548  0.233565  4.309663  0.2  175  -57
2.16639492  0.223570  3.948702  0.0  208  -77
2.16642408  0.233261  4.298449  1.0   87   23
2.16644571  0.230092  4.182434  0.0  308  -47
2.16649900  0.223740  3.954710  0.1  292  -39
2.16650023  0.222250  3.902204  0.1  111  -46
2.16654714  0.225637  4.022054  3.0   99   24
2.16654289  0.225795  4.027684  1.7  272   28
2.16655649  0.224331  3.975617  3.8  256   22
2.16655462  0.225491  4.016846  3.3  264   31
2.16668136  0.233632  4.312124  4.0   91   17
2.16667532  0.234315  4.337387  3.7  267   16
2.16670081  0.227023  4.071599  1.4   70   43
2.16670504  0.224244  3.972543  0.2  224   42
2.16670734  0.224773  3.991292  1.2   53   51
2.16674985  0.231031  4.216642  1.5  208   27
2.16677586  0.230246  4.188060  0.1  198   43
2.16682773  0.233279  4.299115  2.6   88   35
2.16683595  0.229997  4.178975  6.0  306   42
2.16687195  0.226895  4.067013  0.7  100  -43
2.16689151  0.221262  3.867580  1.0   21   49
2.16689202  0.221150  3.863682  0.1   20   51
2.16688446  0.227968  4.105582  2.6   95  -28
2.16696743  0.226386  4.048815  1.5  257   60
2.16696632  0.229140  4.147918  1.4  278   58
2.16702232  0.230438  4.195014  3.0  279  -15
2.16702931  0.229863  4.174111  3.3  275 -169
2.16704928  0.230852  4.210112  3.3   95    1
2.16710593  0.228557  4.126821  2.6  207  113
2.16709939  0.227600  4.092354  0.4   43   77
2.16714293  0.224683  3.988118  0.3  294  -37
2.16714090  0.223044  3.930143  0.5  105  -44
2.16717131  0.225358  4.012109  0.1  202  -19
2.16719108  0.226001  4.035053  4.1  312  -45
2.16722427  0.225184  4.005935  0.0   57  -61
2.16727788  0.228372  4.120135  4.2  306  -22
2.16727458  0.228852  4.137478  4.1  300  -23
2.16727670  0.228678  4.131198  3.7  115  -25
2.16730214  0.230392  4.193359  0.6  210  -51
2.16734694  0.232128  4.256802  1.5  306    3
2.16734728  0.232036  4.253422  1.5  307    3
2.16740950  0.236907  4.433866  0.3  176   16
2.16741185  0.235874  4.395277  0.0  172   17
2.16748701  0.238890  4.508416  3.8  298   69
2.16749142  0.233452  4.305501  3.2  187   35
2.16749810  0.232342  4.264651  2.1  188   26
2.16751104  0.235364  4.376292  2.6   11   29
2.16757442  0.234865  4.357753  3.1  183  -50
2.16758813  0.230670  4.203491  4.2   15  -38
2.16758993  0.230442  4.195176  4.3   18  -39
2.16759170  0.230849  4.210000  4.3   18  -38
2.16766413  0.230579  4.200179  3.6  274  -22
2.16766618  0.230830  4.209304  2.9  291  -33
2.16766758  0.232635  4.275392  1.0   88  -31
2.16766661  0.231635  4.238725  3.0   89  -27
2.16772963  0.234252  4.335047  2.3  303  -16
2.16778957  0.232754  4.279783  2.8  179  -74
2.16779119  0.233297  4.299764  3.2  351 -109
2.16780369  0.235921  4.397030  5.6  274  -10
2.16783432  0.240121  4.555001  1.1  193  -44
2.16788417  0.239419  4.528413  0.4   81  -27
2.16791113  0.226652  4.058328  0.3   85  -57
2.16790876  0.228268  4.116398  0.4   80  -56
2.16795246  0.238209  4.482749  0.7  310   53
2.16794709  0.239077  4.515469  0.6  358  -22
2.16800328  0.241327  4.600848  4.1  339   -9
2.16803411  0.236268  4.409973  0.0  183   14
2.16805856  0.233559  4.309442  0.1  316   33
2.16808314  0.234651  4.349834  0.0  288   -2
2.16808796  0.236753  4.428096  0.0  292   -2
2.16813207  0.241605  4.611473  0.7  293   71
2.16816663  0.235244  4.371841  0.3   31  -50
2.16816596  0.233854  4.320337  0.6  210  -60
2.16820867  0.233019  4.289530  1.0    9   55
2.16820956  0.237354  4.450626  0.7   54   16
2.16827094  0.238502  4.493769  0.0  320  -64
2.16826588  0.239504  4.531605  0.6  299  -53
2.16832075  0.228810  4.135985  3.0  119   13
2.16832363  0.229081  4.145766  3.5  117    4
2.16832554  0.228888  4.138803  4.0  115    0
2.16837726  0.229517  4.161549  2.6  126   47
2.16838043  0.233880  4.321278  2.7  275   54
2.16845937  0.227512  4.089170  0.9  215   51
2.16846494  0.226529  4.053907  0.4   48   57
2.16846905  0.226803  4.063737  0.8  209   51
2.16846543  0.229290  4.153326  2.9  349   26
2.16852957  0.234370  4.339401  3.5  300   58
2.16853251  0.234354  4.338811  3.0  153   43
2.16857944  0.233418  4.304215  1.0  296   46
2.16862496  0.223161  3.934276  6.8  332  -14
2.16862480  0.223046  3.930223  6.9  332  -15
2.16863008  0.223371  3.941663  8.0  151  -27
2.16862507  0.223329  3.940194  6.8  332  -15
2.16869977  0.230089  4.182321  0.0  306  -66
2.16872692  0.234421  4.341309  0.4  293  -52
2.16875844  0.233423  4.304427  3.1  301   61
2.16876064  0.233754  4.316649  2.8  145   53
2.16878265  0.236378  4.414100  2.8  214  -61
2.16882704  0.236070  4.402594  1.0  249    4
2.16884504  0.241002  4.588462  3.0  312   47
2.16888232  0.231278  4.225686  0.0  277   68
2.16888216  0.233390  4.303211  0.2  296   62
2.16893974  0.236005  4.400157  3.3  277  -61
2.16895852  0.226707  4.060298  2.0   93  -56
2.16895387  0.226731  4.061159  2.3   83  -65
2.16896528  0.233468  4.306094  1.9  206  -47
2.16905428  0.236487  4.418147  2.3  206   52
2.16905276  0.234772  4.354315  1.8  169  -68
2.16908347  0.235545  4.383045  0.9  198  -25
2.16910371  0.229510  4.161313  0.0   30   14
2.16911610  0.228957  4.141281  0.4   28   18
2.16912280  0.233020  4.289561  0.5   24   19
2.16916919  0.234832  4.356538  0.6  303   48
2.16922091  0.238962  4.511110  2.1  107  -41
2.16925028  0.236004  4.400148  3.6  198   51
2.16925002  0.236807  4.430113  3.1  198   50
2.16927160  0.235573  4.384078  5.0  199   20
2.16931942  0.236093  4.403445  1.2   34  -60
2.16933190  0.236306  4.411404  3.1   39  -17
2.16935740  0.234101  4.329473  2.6   16  -57
2.16938800  0.234590  4.347581  0.2   77   74
2.16938798  0.236139  4.405174  0.6   77   74
2.16942828  0.235289  4.373512  1.0  322  -34
2.16942542  0.234094  4.329197  2.1  320  -33
2.16949499  0.237190  4.444469  0.5  296  -39
2.16949721  0.236278  4.410364  0.2  302  -33
2.16953089  0.235359  4.376101  1.5  179   54
2.16953387  0.232336  4.264436  0.3   19   53
2.16957010  0.233389  4.303148  1.1  171   42
2.16957621  0.231259  4.224973  2.0  162   38
2.16960523  0.238712  4.501678  2.4  222  -81
2.16966880  0.243275  4.675434  0.1   28   50
2.16970132  0.230796  4.208089  0.1   26  -59
2.16969997  0.232822  4.282263  1.0  191  -74
2.16973064  0.233021  4.289619  1.5  285    9
2.16973204  0.232981  4.288138  1.7  286    9
2.16974793  0.233022  4.289638  0.6  200  -21
2.16973277  0.233369  4.302434  1.1  291    2
2.16985915  0.234312  4.337254  3.4  153  -52
2.16985676  0.233116  4.293115  0.6   83  -32
2.16988959  0.227163  4.076641  0.7  285  -17
2.16989127  0.226041  4.036456  0.0  284  -13
2.16989499  0.228183  4.113336  0.6  287  -13
2.16990285  0.232913  4.285630  0.6  287   -4
2.17000659  0.241359  4.602090  0.9   35  -79
2.17000716  0.240498  4.569320  0.8   53  -67
2.17004695  0.236359  4.413378  0.1  109   20
2.17005477  0.235660  4.387310  0.0  179  -43
2.17006300  0.238975  4.511600  1.7  284   54
2.17006548  0.240873  4.583559  2.9  266   14
2.17013572  0.243268  4.675153  0.1   47  -38
2.17019497  0.241869  4.621564  5.1  333   18
2.17020517  0.238930  4.509907  5.1  145   -6
2.17022271  0.238681  4.500521  2.8   37   29
2.17023133  0.237335  4.449893  0.1  218   -1
2.17026954  0.230818  4.208875  0.1  239   48
2.17026911  0.233908  4.322316  0.8  196   46
2.17031810  0.237131  4.442254  0.4  318   55
2.17031545  0.236709  4.426443  1.0  178   58
2.17036170  0.238968  4.511360  2.2  312  -28
2.17036762  0.237839  4.468827  3.0  313  -39
2.17040293  0.235989  4.399559  3.4    1   52
2.17040229  0.237348  4.450376  3.4   12   53
2.17051069  0.235551  4.383265  1.0  197    5
2.17052178  0.231123  4.220007  1.0  100   24
2.17052337  0.230807  4.208469  1.2  100   22
2.17053428  0.230324  4.190867  1.7  293 -188
2.17054037  0.228653  4.130289  0.2  294   31
2.17056903  0.232058  4.254230  0.0   67  -72
2.17056739  0.238331  4.487337  1.3  295   29
2.17066173  0.233193  4.295921  5.6  280   20
2.17067922  0.230102  4.182824  5.1  120   11
2.17069779  0.228824  4.136456  2.5  304    3
2.17069628  0.229270  4.152604  2.9  305    2
2.17073907  0.234467  4.343006  3.5  302  -57
2.17083343  0.225128  4.003910  1.4   45  -38
2.17080372  0.233199  4.296159  0.1  121   55
2.17083167  0.220599  3.844450  0.0  252  -71
2.17083417  0.224025  3.964794  0.3  248  -60
2.17083639  0.224532  3.982745  0.1  234  -65
2.17084934  0.225435  4.014837  1.2  295   50
2.17087677  0.238046  4.476613  3.1  187   26
2.17094891  0.236070  4.402576  1.8  203   42
2.17097773  0.234683  4.351003  5.1  210   41
2.17099751  0.230179  4.185592  6.1  209   36
2.17101119  0.230393  4.193401  6.2  197   13
2.17099777  0.229791  4.171517  6.8   30   38
2.17102241  0.234689  4.351242  2.5  188   -7
2.17107151  0.232676  4.276928  0.2   97  -12
2.17112310  0.228144  4.111908  1.6  302  -36
2.17112294  0.227882  4.102478  1.4  302  -37
2.17117253  0.230628  4.201951  0.5  286  -36
2.17117270  0.227445  4.086752  0.2  284  -35
2.17124685  0.232470  4.269325  1.4  235  -72
2.17124948  0.231841  4.246263  0.2  268  -60
2.17125022  0.232106  4.255970  2.0   69  -55
2.17130571  0.232168  4.258262  4.2   51  -34
2.17130980  0.234283  4.336202  1.0   47  -39
2.17131099  0.234033  4.326944  3.0  290  -42
2.17135652  0.232138  4.257144  0.0  163   25
2.17138142  0.237559  4.458298  0.5  285  -12
2.17144101  0.228317  4.118159  0.2  288   -5
2.17144039  0.228284  4.116968  0.6  288   -6
2.17145090  0.229452  4.159223  2.3  293  -13
2.17144032  0.230951  4.213730  1.3  288   -6
2.17152791  0.238248  4.484207  2.7  206  -50
2.17152833  0.237582  4.459173  3.5  206  -53
2.17160646  0.237397  4.452217  3.1   38    2
2.17162167  0.231529  4.234866  0.2  279  -62
2.17162141  0.230029  4.180164  0.0   58  -62
2.17162314  0.228192  4.113668  0.0   74  -61
2.17164180  0.233307  4.300133  2.4   49   42
2.17171732  0.235343  4.375525  0.6  296   66
2.17172265  0.234072  4.328376  0.1   85   53
2.17171936  0.234388  4.340074  0.4  281   62
2.17177602  0.230217  4.186978  3.2  112   50
2.17177791  0.231742  4.242643  1.0  106   38
2.17180116  0.235255  4.372255  2.9  297   35
2.17185475  0.229992  4.178816  0.1   23   23
2.17185645  0.231682  4.240453  0.1  204   11
2.17185889  0.236934  4.434875  0.6  278   64
2.17192416  0.230137  4.184084  3.6  187   30
2.17192430  0.230061  4.181322  3.3  188   34
2.17197088  0.231320  4.227221  1.0   90  -13
2.17199937  0.225458  4.015659  0.0  270   13
2.17200970  0.226957  4.069247  0.0  266   16
2.17201750  0.228468  4.123597  0.1  266   29
2.17209820  0.231609  4.237767  0.3  283   45
2.17209823  0.230434  4.194880  0.6  202   59
2.17209690  0.231798  4.244706  0.6   42  125
2.17213877  0.230498  4.197232  0.1  189  -59
2.17213540  0.233250  4.298041  0.6  209  -64
2.17218692  0.232747  4.279529  0.1  303   -2
2.17225299  0.231705  4.241289  0.1  358  -12
2.17225200  0.231946  4.250099  0.2  198   -5
2.17227447  0.229491  4.160610  0.2  180  -76
2.17227680  0.227357  4.083595  0.1  196  -78
2.17232406  0.229481  4.160270  4.3  319  -30
2.17233023  0.233311  4.300296  3.2  312  -38
2.17234183  0.232100  4.255764  3.2  311  -31
2.17241283  0.226480  4.052159  0.2  302  -14
2.17241611  0.222169  3.899374  0.0  306   -2
2.17242654  0.232825  4.282391  1.8  312  -20
2.17247749  0.228239  4.115349  1.7  304   42
2.17248153  0.230177  4.185523  3.9  304   20
2.17250417  0.236513  4.419151  1.9  356  -38
2.17252642  0.236234  4.408701  1.7  224  -58
2.17262053  0.236679  4.425332  1.4  291   -6
2.17262564  0.233381  4.302883  0.8  289   -6
2.17262449  0.233706  4.314862  1.9  289   -4
2.17262680  0.233361  4.302125  2.6  106   -6
2.17264492  0.235231  4.371349  0.1  309    6
2.17269327  0.241981  4.625844  0.4   17  -45
2.17272906  0.239201  4.520169  0.4   26   32
2.17274232  0.236855  4.431927  1.0  221   70
2.17274822  0.239348  4.525718  2.1   30   65
2.17277901  0.241007  4.588650  2.9  304 -137
2.17285680  0.237901  4.471171  1.5    4  -61
2.17285082  0.238820  4.505782  0.5    1  -47
2.17288994  0.237713  4.464082  4.3  172  -22
2.17289882  0.235520  4.382087  0.0  186   49
2.17292203  0.240251  4.559927  1.9  201   48
2.17294032  0.240090  4.553804  2.5   96  -44
2.17294570  0.241676  4.614189  2.0  283  -44
2.17300365  0.242007  4.626813  0.4  274   32
2.17304306  0.239141  4.517897  2.6  286    7
2.17304955  0.239045  4.514261  1.0  285   12
2.17304807  0.238821  4.505819  0.2   34  -21
2.17309967  0.238019  4.475581  1.7  293  -33
2.17310291  0.236669  4.424974  1.7   98  -30
2.17313056  0.240368  4.564375  0.8  305  -61
2.17318437  0.228193  4.113680  0.8   22  -56
2.17318666  0.227850  4.101326  0.2  203  -63
2.17321978  0.234002  4.325804  1.7  204  -44
2.17322416  0.233184  4.295590  2.3   30  -39
2.17325115  0.238227  4.483413  1.0  205  -74
2.17330285  0.231953  4.250389  1.1  325   63
2.17330292  0.230277  4.189176  0.4   51   87
2.17335127  0.239719  4.539760  3.8  189   34
2.17338668  0.231724  4.241969  0.0  192  -19
2.17338363  0.234614  4.348445  1.0   12   -7
2.17342630  0.232673  4.276799  3.7  306   33
2.17344848  0.233684  4.314052  6.5  304   31
2.17347994  0.234768  4.354172  1.3  173   60
2.17348108  0.234964  4.361448  0.0  287   34
2.17352190  0.235035  4.364072  2.2    0   18
2.17353913  0.233659  4.313127  0.1    4  -10
2.17355445  0.233788  4.317897  1.1  295   62
2.17360730  0.233449  4.305394  0.5   65   62
2.17361046  0.236777  4.429000  1.4   53   63
2.17367995  0.230683  4.203953  0.2    8   57
2.17368821  0.216355  3.697946  0.0  311   55
2.17368961  0.212461  3.566027  0.2  142   52
2.17369653  0.218370  3.767142  0.2    2   30
2.17375701  0.230116  4.183314  0.1   67   87
2.17377742  0.228558  4.126868  3.8  156  -67
2.17377728  0.229158  4.148541  3.9  323  -50
2.17385249  0.225412  4.014026  0.8  157  -16
2.17385475  0.227006  4.071014  3.2  172  -21
2.17386977  0.224656  3.987157  0.3  120  -50
2.17390128  0.229619  4.165281  0.0  306   65
2.17393274  0.227664  4.094626  0.3  351   -7
2.17400002  0.226643  4.058005  0.4  115  -44
2.17400133  0.226853  4.065534  0.2  113  -44
2.17400134  0.225576  4.019884  2.0  310  -35
2.17400217  0.225310  4.010405  1.1  308  -37
2.17406985  0.232480  4.269718  0.1  187   41
2.17407048  0.229966  4.177866  0.0   98  -61
2.17411581  0.230237  4.187721  0.4  292   56
2.17411607  0.227053  4.072675  0.0  283   49
2.17412327  0.232796  4.281328  0.7  281   47
2.17416674  0.231856  4.246806  0.0  110  -46
2.17422316  0.234119  4.330110  0.1   23  -27
2.17423360  0.234289  4.336426  1.5  193  -25
2.17425705  0.235453  4.379609  0.1   21   21
2.17428141  0.236666  4.424862  0.5   57    4
2.17430531  0.236890  4.433246  0.1   60  -35
2.17432496  0.234632  4.349126  0.1  294  -54
2.17432662  0.234555  4.346258  0.1   90  -61
2.17439587  0.229998  4.179016  2.2   71   54
2.17439878  0.230213  4.186853  1.2   50   56
2.17443541  0.232791  4.281124  1.4   78   67
2.17444230  0.233497  4.307132  1.1   62   69
2.17449102  0.235156  4.368551  1.4   51   50
2.17455461  0.234086  4.328919  2.3   70   43
2.17454501  0.231528  4.234808  0.4  259   30
2.17455371  0.231829  4.245838  1.8   65   52
2.17458216  0.230703  4.204685  0.0  151  -92
2.17459505  0.229241  4.151559  0.6   49   69
2.17464124  0.227701  4.095975  0.1    3   43
2.17465128  0.230015  4.179659  0.4  183   28
2.17469886  0.231944  4.250046  2.4  298   34
2.17471543  0.224024  3.964760  2.6  108   16
2.17475154  0.218918  3.786092  0.2  181   45
2.17475105  0.219163  3.794578  0.0  180   46
2.17479130  0.229243  4.151624  0.2  197   35
2.17484210  0.227598  4.092259  1.4  217   56
2.17486665  0.221874  3.889005  1.7   30  -63
2.17486935  0.218720  3.779244  1.2   37  -70
2.17487004  0.219542  3.807691  1.2   44  -64
2.17488942  0.221775  3.885546  2.7   87  -12
2.17495874  0.222378  3.906723  1.8  159  -69
2.17495998  0.220774  3.850564  1.4  159  -68
2.17495999  0.222026  3.894357  1.5  333  -45
2.17501097  0.226254  4.044066  1.7   45  -45
2.17502768  0.227948  4.104871  2.9  160  -37
2.17505746  0.230328  4.191030  3.6  313  -40
2.17509561  0.228937  4.140578  1.7  290   12
2.17512343  0.226513  4.053334  2.3  301   36
2.17517639  0.226358  4.047790  2.6  198  -73
2.17518210  0.226358  4.047810  3.9   34  -63
2.17517713  0.225506  4.017394  4.0  206  -75
2.17524627  0.221291  3.868603  0.7  356   68
2.17524498  0.217509  3.737500  1.0   26   71
2.17524564  0.218464  3.770397  1.4   44   70
2.17529734  0.219413  3.803210  0.2  216   62
2.17529837  0.221204  3.865565  1.1   51   68
2.17534368  0.220243  3.832034  2.1  189  -42
2.17535039  0.219851  3.818413  1.2  196  -45
2.17535246  0.221715  3.883444  1.0  196  -45
2.17542302  0.220571  3.843469  0.2  188  -64
2.17543289  0.220164  3.829299  0.6  100   67
2.17543255  0.222273  3.903030  1.9  128   64
2.17549252  0.229125  4.147363  0.7  304  -33
2.17548988  0.231656  4.239489  2.0  125  -38
2.17555584  0.228848  4.137359  1.4    8 -112
2.17555745  0.227639  4.093754  0.9  184  -74
2.17560607  0.210460  3.499173  0.4   54  -60
2.17560919  0.208943  3.448918  0.1   91  -61
2.17560918  0.212180  3.556616  0.5  306  -58
2.17565621  0.226443  4.050828  0.5  199  -45
2.17566066  0.233666  4.313384  0.6  302  -66
2.17572634  0.229664  4.166906  0.3  193   49
2.17573800  0.228812  4.136039  0.2  299  -57
2.17573816  0.231978  4.251293  1.2  113  -51
2.17573622  0.232380  4.266044  1.3  260  -77
2.17581080  0.234929  4.360156  0.5  319  -30
2.17585894  0.236125  4.404638  0.5  293  -61
2.17586106  0.235995  4.399808  0.2  286  -61
2.17590985  0.232032  4.253265  0.2   78  -64
2.17591134  0.224497  3.981504  0.1  317  -57
2.17591197  0.227179  4.077226  0.3  121  -63
2.17595668  0.237562  4.458425  0.0   81   61
2.17599301  0.240077  4.553303  0.3  292   44
2.17603679  0.232262  4.261701  1.5  289   55
2.17603704  0.230196  4.186239  0.4  290   51
2.17603660  0.234079  4.328648  0.5   93   52
2.17608926  0.235214  4.370729  3.3  301   56
2.17610547  0.234159  4.331602  2.2  310  166
2.17613451  0.242206  4.634447  2.0  298   64
2.17616692  0.223346  3.940801  0.0  283   71
2.17623129  0.228982  4.142171  0.3   77   66
2.17623141  0.225801  4.027896  0.1  284   71
2.17622824  0.227532  4.089883  0.3  287   69
2.17628134  0.226169  4.041039  0.5  318   49
2.17627958  0.229868  4.174313  0.3   60   57
2.17632254  0.224338  3.975864  0.1  306   50
2.17632245  0.226277  4.044890  0.5  139   43
2.17638678  0.224461  3.980219  1.5  206    7
2.17639858  0.227406  4.085370  1.6  176  -78
2.17639414  0.222734  3.919208  0.9  206    6
2.17644194  0.230786  4.207703  2.0   65  -52
2.17644364  0.230223  4.187198  1.0   73  -49
2.17653143  0.233136  4.293852  4.1  209   58
2.17653543  0.229337  4.155033  5.6  307   51
2.17653859  0.227750  4.097731  3.6   46   49
2.17654094  0.228194  4.113741  3.3   41   56
2.17660151  0.234710  4.352031  0.4  174  -18
2.17663486  0.234428  4.341565  0.5  167  -72
2.17665792  0.230000  4.179110  1.0  163  -54
2.17668437  0.222854  3.923448  0.1   51   45
2.17668912  0.222485  3.910479  0.1   53   45
2.17670312  0.229424  4.158180  0.1   69  -51
2.17675697  0.234510  4.344594  0.6  290  -48
2.17675539  0.233985  4.325154  0.8   63  -53
2.17680757  0.223001  3.928610  0.8   39  -70
2.17681202  0.226405  4.049469  1.0   65  -50
2.17684150  0.228954  4.141164  0.7  105  -16
2.17684908  0.231237  4.224186  2.7   63  -39
2.17684708  0.231560  4.235965  0.9  288  -15
2.17691832  0.234179  4.332339  0.3   51   86
2.17698261  0.232857  4.283581  0.3  203    3
2.17699642  0.232348  4.264874  2.3  166  -36
2.17699606  0.231299  4.226444  1.4  172  -37
2.17700202  0.231918  4.249079  2.0  312  -48
2.17704043  0.231565  4.236176  0.2   79  -63
2.17707577  0.235910  4.396611  1.6  291   20
2.17711193  0.234758  4.353796  0.1  280  -81
2.17713442  0.226396  4.049141  1.2  286   46
2.17713770  0.228576  4.127529  2.1  297   54
2.17718285  0.230287  4.189551  0.1  284   48
2.17718883  0.227149  4.076124  0.2  287   71
2.17723026  0.227670  4.094862  0.0  200   31
2.17723329  0.226037  4.036309  0.0   23   43
2.17727835  0.230793  4.207970  0.9   54   68
2.17735521  0.225543  4.018710  0.6  103  -52
2.17730740  0.233991  4.325397  1.6  265  -68
2.17735389  0.228728  4.132990  0.4  297  -47
2.17735366  0.230552  4.199200  1.0  313 -114
2.17740784  0.230627  4.201909  1.7  206   57
2.17745137  0.223784  3.956279  0.0   43  -59
2.17745229  0.227692  4.095659  0.3   71  -56
2.17750066  0.233012  4.289289  0.3   58  -48
2.17749955  0.236673  4.425124  0.5   60  -52
2.17754358  0.224129  3.968455  1.5  305   60
2.17754353  0.225518  4.017828  1.1  145   52
2.17754837  0.226232  4.043300  1.5  299   46
2.17760664  0.229775  4.170931  2.6   77  -45
2.17766643  0.234961  4.361320  3.7   74   43
2.17767538  0.233873  4.321022  4.2   57   44
2.17767087  0.233381  4.302882  2.7   82   41
2.17771510  0.230800  4.208240  4.8  177   -0
2.17771903  0.232307  4.263341  3.6   31   35
2.17773948  0.231828  4.245811  2.7  317  -32
2.17778512  0.232947  4.286864  3.1  314   26
2.17780193  0.230734  4.205805  0.1  289   35
2.17780335  0.230482  4.196645  0.8  144   35
2.17782419  0.232220  4.260170  0.1  280   41
2.17789283  0.232074  4.254818  0.4  359  -22
2.17790304  0.230527  4.198278  0.6  186  -35
2.17796597  0.229280  4.152978  2.8  194  -35
2.17797230  0.226274  4.044805  0.3  301   43
2.17797282  0.227557  4.090776  1.2  302   43
2.17798896  0.230471  4.196243  3.3  233  -57
2.17803553  0.231067  4.217953  0.1  300  -58
2.17805350  0.236674  4.425160  1.3   63  -40
2.17810541  0.235178  4.369376  3.5  183  -37
2.17811482  0.232377  4.265931  0.8  285  -54
2.17811570  0.232644  4.275743  1.6   53  -45
2.17819605  0.233558  4.309381  0.5   18  -75
2.17819777  0.232620  4.274852  0.0  274 -107
2.17819347  0.228671  4.130936  0.6  112  -55
2.17824743  0.230586  4.200411  0.4  291  -40
2.17825144  0.231811  4.245177  0.1    4  -53
2.17829159  0.231147  4.220887  0.2   78  -47
2.17833101  0.232514  4.270951  0.0  288  -45
2.17833394  0.230717  4.205180  0.0  273  -45
2.17834380  0.237040  4.438864  1.1  313  -63
2.17839468  0.240182  4.557316  0.3  273   -2
2.17840658  0.240633  4.574436  0.9  287  -39
2.17844352  0.239487  4.530959  0.6  201  -46
2.17845383  0.239224  4.521018  1.6  174    0
2.17852435  0.244186  4.710529  1.6  202   49
2.17853444  0.236068  4.402509  0.4  306   57
2.17853633  0.237569  4.458668  0.2  291   64
2.17858342  0.236783  4.429232  2.0  193  -77
2.17860804  0.231765  4.243492  0.2  319   47
2.17863101  0.233132  4.293710  1.2  143   48
2.17864413  0.234841  4.356878  1.9  311   44
2.17867232  0.233651  4.312847  0.5  176   69
2.17871165  0.220306  3.834240  0.0  270   43
2.17871011  0.221700  3.882929  0.1  287  139
2.17875711  0.226142  4.040093  0.8  286   42
2.17875612  0.229236  4.151397  1.8  280   51
2.17880142  0.233487  4.306773  1.0  300   57
2.17884993  0.230611  4.201329  4.8  197   67
2.17885417  0.220180  3.829852  3.7  314   62
2.17885383  0.221547  3.877551  4.3  280   69
2.17885363  0.220689  3.847572  4.5  289   66
2.17893845  0.222553  3.912842  1.9  135  -40
2.17893744  0.222263  3.902654  2.1  317  -41
2.17897234  0.220889  3.854572  0.0  322  -64
2.17897508  0.219365  3.801569  0.0  305  -49
2.17902144  0.217038  3.721337  0.1  291   52
2.17902172  0.217802  3.747575  0.0  120   42
2.17906540  0.226380  4.048573  1.1  309   66
2.17906455  0.225042  4.000859  0.8  142   55
2.17914967  0.230969  4.214378  5.2  335  -64
2.17914648  0.228492  4.124497  4.3  295  -68
2.17915391  0.230076  4.181849  4.1  314  -49
2.17920262  0.226388  4.048858  0.6   99  -45
2.17923406  0.217847  3.749139  0.1   48  -58
2.17923554  0.219870  3.819075  0.1  187  -58
2.17929202  0.231718  4.241767  0.1  272  -41
2.17928803  0.226849  4.065378  0.1  312  -65
2.17933622  0.229055  4.144819  0.2  295  -43
2.17933820  0.229641  4.166052  0.7  301  -44
2.17938820  0.232984  4.288230  0.4  282  -20
2.17939675  0.232128  4.256786  0.1  280  -24
2.17941409  0.232816  4.282075  0.9  303  -48
2.17940492  0.237516  4.456675  0.4  281  -22
2.17949262  0.235132  4.367688  1.2   16  -71
2.17950007  0.231100  4.219171  1.8  294  -68
2.17950736  0.230745  4.206199  1.7  116  -55
2.17955218  0.236352  4.413137  1.8  212 -136
2.17962395  0.230182  4.185727  0.3  199   54
2.17962454  0.226092  4.038280  0.0  201   60
2.17962458  0.232861  4.283702  0.3  198   59
2.17962150  0.233200  4.296208  0.8   56   56
2.17967094  0.231489  4.233394  0.2  283   46
2.17971817  0.229385  4.156780  2.6  195   41
2.17971881  0.225771  4.026818  0.5    8   56
2.17976506  0.225936  4.032736  1.4  303   46
2.17976738  0.226539  4.054285  1.5  301   51
2.17981225  0.229411  4.157722  0.0  120   41
2.17981246  0.230368  4.192491  0.3  287   47
2.17982715  0.237868  4.469912  3.3  323  -41
2.17988900  0.239905  4.546812  2.9  199   48
2.17988514  0.238008  4.475185  2.6  194   54
2.17992893  0.237796  4.467204  5.2  304   47
2.17993063  0.235263  4.372533  3.3  315   -6
2.18004132  0.235121  4.367274  3.6  260   11
2.18002078  0.231844  4.246381  1.1  352   -5
2.18003113  0.230917  4.212507  1.0  173  -16
2.18008691  0.231903  4.248551  0.3  288  -44
2.18008801  0.226955  4.069193  0.0   96  -44
2.18008811  0.227880  4.102422  0.1   99  -45
2.18013112  0.232995  4.288664  0.1  301  -55
2.18013339  0.233915  4.322570  0.3  106  -57
2.18019998  0.228093  4.110077  2.3  177  -51
2.18020524  0.226740  4.061479  0.5  315  -34
2.18024103  0.238600  4.497460  1.0   54  -50
2.18025533  0.240515  4.569947  1.7  306   33
2.18028817  0.236750  4.427994  2.1  190  -79
2.18029225  0.234660  4.350172  1.6  313  -59
2.18030854  0.237308  4.448891  0.7  255   65
2.18036593  0.235152  4.368434  0.3   37   60
2.18036803  0.235205  4.370385  0.3   31   58
2.18041836  0.239916  4.547232  0.1  194  -18
2.18045594  0.240279  4.560967  0.1   41  -56
2.18046594  0.233920  4.322767  0.0  183   48
2.18051284  0.222917  3.925652  0.1   63   58
2.18051384  0.221476  3.875063  0.1   60   63
2.18051529  0.225396  4.013468  1.1   41   61
2.18055827  0.233767  4.317124  1.2  239   52
2.18062653  0.233641  4.312474  3.9  294   29
2.18061779  0.237491  4.455774  3.2  299   41
2.18067137  0.227623  4.093170  0.0   16  -18
2.18068503  0.226177  4.041337  0.1  290   53
2.18068892  0.227436  4.086434  0.3  275   51
2.18073119  0.227719  4.096602  0.9   41  -48
2.18073274  0.227959  4.105267  0.7   57  -47
2.18079679  0.231729  4.242172  1.7   77   28
2.18081485  0.227984  4.106161  4.3   11    1
2.18081493  0.228468  4.123597  4.6  192  -13
2.18081857  0.228140  4.111788  3.5   11   -4
2.18086603  0.235191  4.369861  0.8  221  -68
2.18087195  0.237753  4.465608  3.7   63  -39
2.18094115  0.229511  4.161348  1.0  347  -80
2.18094231  0.229284  4.153113  0.5  306  -63
2.18094921  0.230335  4.191281  1.4  317  -64
2.18099640  0.231822  4.245560  3.2  187  -50
2.18099513  0.231943  4.250002  1.9   15  -33
2.18104841  0.238276  4.485275  2.5  311   10
2.18108106  0.238221  4.483200  0.1  198  -16
2.18112852  0.233958  4.324188  2.5   96  -51
2.18112644  0.234759  4.353835  2.2   73  -55
2.18112946  0.233779  4.317542  1.6   98  -44
2.18117257  0.231756  4.243162  0.9  301  -56
2.18117301  0.232567  4.272893  0.6  307  -52
2.18122059  0.235733  4.390021  0.0   16   13
2.18126864  0.237205  4.445045  2.0  291  -20
2.18127044  0.237133  4.442351  1.8  290  -21
2.18129785  0.234960  4.361302  1.7  114   -9
2.18130068  0.234505  4.344420  1.2  297  -41
2.18130510  0.236984  4.436764  2.1  112    2
2.18144760  0.219474  3.805339  0.3  134    8
2.18143518  0.230474  4.196331  2.7   34  -30
2.18145331  0.217774  3.746608  0.1  312   20
2.18145203  0.218003  3.754506  0.3  312   20
2.18145640  0.217001  3.720068  0.1  309   18
2.18145888  0.218355  3.766637  0.1  310   22
2.18153240  0.237846  4.469102  2.3  306   33
2.18156779  0.233821  4.319104  2.0   10  -10
2.18160115  0.224073  3.966491  0.4  191  -18
2.18161351  0.220371  3.836512  0.1  195  -18
2.18161353  0.220866  3.853773  0.2  194  -19
2.18161496  0.217526  3.738087  0.0   15   -8
2.18169735  0.233079  4.291729  0.5  103  -31
2.18173696  0.227163  4.076652  1.0  132   59
2.18173683  0.225064  4.001641  0.1  288   70
2.18177167  0.222343  3.905488  0.0  286  -25
2.18177374  0.222444  3.909011  0.0  286  -26
2.18176955  0.231934  4.249679  2.2  318  -55
2.18185961  0.230942  4.213406  0.6  197   38
2.18186183  0.229475  4.160050  1.2  194   36
2.18187942  0.230838  4.209618  3.3  288   50
2.18188053  0.231213  4.223294  4.2  297   48
2.18192211  0.233084  4.291940  8.8   15    0
2.18201304  0.230759  4.206734  5.1  254    6
2.18201151  0.229000  4.142843  5.4   78    8
2.18201476  0.229124  4.147319  5.6   75   10
2.18201409  0.229253  4.151990  5.5   75   10
2.18201191  0.229337  4.155048  5.4   77   10
2.18208175  0.233111  4.292935  1.9  298  -56
2.18209795  0.231061  4.217741  0.1   37   34
2.18214382  0.222967  3.927412  0.1  179  -72
2.18214909  0.220293  3.833797  0.7   15  -51
2.18217228  0.233885  4.321462  3.2   80    6
2.18221471  0.234464  4.342912  1.6  211   44
2.18225815  0.232008  4.252400  0.2  207   39
2.18225778  0.232954  4.287155  0.6  206   38
2.18225821  0.234457  4.342629  0.7  207   37
2.18232175  0.239177  4.519263  0.8  308   41
2.18234780  0.234927  4.360050  5.2  279   -6
2.18240693  0.232264  4.261777  0.3   60   49
2.18240321  0.233765  4.317037  1.5   66   53
2.18240483  0.234621  4.348722  0.1  211   19
2.18245673  0.242727  4.654384  1.9  295  -26
2.18249329  0.240208  4.558283  2.5   23  -37
2.18251333  0.230482  4.196626  0.1  279   36
2.18252241  0.227107  4.074646  0.0  104   43
2.18252206  0.228795  4.135443  0.1  272   45
2.18257857  0.235414  4.378169  0.0  281  -38
2.18257936  0.235263  4.372564  0.5   91  -45
2.18263861  0.233525  4.308165  2.4  204   53
2.18265974  0.229346  4.155372  2.0  187   34
2.18265451  0.226692  4.059744  0.9   16   58
2.18266024  0.229395  4.157151  2.2  187   34
2.18275081  0.234595  4.347764  1.0  358  -37
2.18274885  0.230068  4.181567  0.0  180  -53
2.18276659  0.231570  4.236333  0.1  172   71
2.18282096  0.230459  4.195782  3.5  175  -14
2.18282096  0.229835  4.173119  3.3  174  -15
2.18287045  0.226002  4.035081  0.2  197   26
2.18287148  0.225834  4.029067  0.0   19   39
2.18289566  0.227511  4.089127  3.1  295  -43
2.18293126  0.232080  4.255025  0.7   67   36
2.18296870  0.231081  4.218460  3.3    1  -52
2.18296973  0.231206  4.223055  3.1  179  -66
2.18301035  0.228787  4.135133  0.1   60   74
2.18305943  0.217061  3.722131  0.0   36  -41
2.18305540  0.222789  3.921156  0.0   86  -68
2.18305948  0.225289  4.009670  1.0  194  -63
2.18313370  0.223411  3.943075  3.8  292  -51
2.18313217  0.223028  3.929571  3.6  294  -51
2.18312964  0.220372  3.836557  4.8  315  -46
2.18315577  0.228987  4.142353  4.4  259   -6
2.18316453  0.231223  4.223665  4.6   79    4
2.18319937  0.233529  4.308342  2.9  283   54
2.18325796  0.234820  4.356090  0.5  250  -19
2.18327486  0.237479  4.455295  0.5  199  -37
2.18328368  0.228841  4.137104  0.1  254   -3
2.18333094  0.235780  4.391800  0.0   77    8
2.18336397  0.232143  4.257335  3.1  307   51
2.18337222  0.233254  4.298169  2.8  163   53
2.18340670  0.229953  4.177400  0.1  192   16
2.18340767  0.229392  4.157032  0.1   16   28
2.18344245  0.236054  4.402001  1.4  193   24
2.18347115  0.238562  4.496034  2.3   21  -30
2.18352629  0.232951  4.287027  1.5   61  -15
2.18354234  0.228862  4.137842  0.7   58  -11
2.18354903  0.228323  4.118376  1.7  243  -12
2.18357106  0.231451  4.232011  0.0   80  -48
2.18357674  0.237184  4.444239  2.6   17   21
2.18354977  0.229926  4.176403  0.4  269 -138
2.18368907  0.232313  4.263572  0.2  281  -56
2.18370164  0.231908  4.248737  0.2  270 -134
2.18371907  0.233736  4.315975  0.7   86  -10
2.18375004  0.234322  4.337640  0.9  298   40
2.18374978  0.233838  4.319728  0.9  298   39
2.18378660  0.236010  4.400340  0.8  202  -15
2.18382291  0.234491  4.343886  2.0   65   92
2.18384013  0.229917  4.176073  0.2  193  -67
2.18382479  0.235714  4.389338  1.7   41   86
2.18388980  0.236379  4.414126  0.8  109  -37
2.18394606  0.236713  4.426605  3.0  105  -49
2.18394250  0.236951  4.435517  2.5  290  -39
2.18394979  0.232170  4.258315  1.0  112  -25
2.18397485  0.239045  4.514259  4.0  304   11
2.18401893  0.234530  4.345360  0.8  146  -43
2.18404118  0.231122  4.219976  1.7  315  -53
2.18404155  0.232606  4.274325  0.0   87  -69
2.18409339  0.236151  4.405620  0.2  293  -45
2.18414062  0.239451  4.529587  3.4  154  -76
2.18413851  0.238623  4.498338  3.7  316  -43
2.18415050  0.237257  4.446981  1.0  199  -63
2.18421988  0.243576  4.687014  0.7  335   92
2.18417680  0.237225  4.445778  0.0  114  -10
2.18422382  0.244083  4.706534  1.0  175   51
2.18430127  0.240912  4.585034  1.5  149  -49
2.18431231  0.237453  4.454344  0.8   99  -58
2.18431598  0.234771  4.354287  0.1  298  -55
2.18433363  0.236139  4.405165  0.1   78  -23
2.18435564  0.239284  4.523302  0.3   30   89
2.18439198  0.239516  4.532056  0.0  173   68
2.18440607  0.240326  4.562771  5.2  311  -22
2.18446069  0.237189  4.444436  1.5  285   46
2.18447146  0.236324  4.412061  1.5  261   44
2.18449043  0.235653  4.387055  0.1   60   52
2.18454219  0.237226  4.445806  0.0  203   83
2.18456388  0.237718  4.464278  0.9  235   14
2.18458658  0.236577  4.421513  2.4  199   34
2.18462203  0.233405  4.303770  3.5  114   37
2.18463143  0.235770  4.391430  0.1  282  -82
2.18463087  0.238338  4.487614  1.0  296  -71
2.18462764  0.234077  4.328568  2.9  100   64
2.18471667  0.235474  4.380399  0.9  102   56
2.18472011  0.235297  4.373795  0.6  257   49
2.18472055  0.236039  4.401440  2.1  281   54
2.18476986  0.233656  4.313008  3.2  306   42
2.18480607  0.236411  4.415320  1.2  338   54
2.18483470  0.234909  4.359380  0.5  274  -49
2.18486295  0.233265  4.298576  2.7  314   51
2.18489632  0.233929  4.323101  3.8  285  -56
2.18489482  0.234135  4.330732  3.7   89  -54
2.18493962  0.230379  4.192867  4.2  261 -128
2.18494257  0.229190  4.149716  2.9   82 -129
2.18494088  0.228665  4.130712  1.7   57  -53
2.18499179  0.234424  4.341399  2.5  308  -37
2.18504333  0.230940  4.213314  0.0  158  -75
2.18505822  0.233239  4.297633  0.6  278  -31
2.18508211  0.227006  4.070990  0.1  306  -52
2.18508350  0.229871  4.174421  1.2  112  -62
2.18513998  0.228976  4.141954  1.0    1  -44
2.18514259  0.229271  4.152662  0.5  195  -48
2.18515312  0.235846  4.394240  0.2  174  -60
2.18520163  0.237945  4.472823  1.0  307  -30
2.18524270  0.239582  4.534562  0.2   44  -65
2.18527967  0.236675  4.425203  0.1  186   77
2.18527959  0.235489  4.380932  0.0  291   69
2.18524551  0.236990  4.436973  1.9  122  -28
2.18532743  0.236557  4.420762  0.3  158   60
2.18536945  0.236900  4.433591  0.2   64   60
2.18537022  0.236524  4.419543  0.3   34   48
2.18541656  0.233563  4.309590  0.8  299   39
2.18542030  0.236187  4.406972  0.7  286   49
2.18546975  0.227956  4.105160  0.7   82   64
2.18547195  0.231626  4.238397  1.1   41   64
2.18551491  0.227525  4.089657  0.2  261   75
2.18551581  0.225945  4.033045  0.0  160   72
2.18556508  0.237670  4.462474  2.4  291   52
2.18558309  0.241081  4.591490  1.2  334   44
2.18563917  0.236308  4.411464  0.1  164  -56
2.18563842  0.237701  4.463624  0.3   93  -65
2.18567696  0.236023  4.400859  0.5  300   30
2.18572221  0.231290  4.226104  0.1  293   43
2.18572958  0.232687  4.277306  1.0  119   43
2.18573040  0.236912  4.434048  0.0  294   64
2.18578915  0.239038  4.514001  0.7   41  -69
2.18579234  0.237190  4.444482  0.4  294  -44
2.18579591  0.235661  4.387350  0.1  108  -40
2.18589920  0.236074  4.402759  0.4  183  -97
2.18589942  0.232273  4.262111  0.6  303  -66
2.18589913  0.232555  4.272463  1.5   72  -65
2.18589867  0.231761  4.243355  0.0  210  -92
2.18594677  0.230489  4.196893  0.1  207  -41
2.18595041  0.232422  4.267579  0.2  303  -47
2.18602051  0.236831  4.431033  2.1   55   60
2.18604046  0.239179  4.519331  1.0  117   31
2.18604275  0.234309  4.337152  0.4  285   31
2.18605192  0.240128  4.555259  1.0  281   39
2.18612409  0.229698  4.168136  0.6  292   55
2.18612200  0.231243  4.224409  0.4  137   53
2.18612875  0.235794  4.392313  1.3  108   53
2.18617306  0.235038  4.364194  0.4  182  -57
2.18619512  0.233153  4.294461  0.0  187   55
2.18622406  0.225916  4.032002  0.0   49   57
2.18626819  0.218306  3.764948  0.0  281   45
2.18626792  0.219947  3.821761  0.1  276   47
2.18626826  0.219208  3.796111  0.0  278   44
2.18632028  0.230272  4.188993  0.6   46   64
2.18636757  0.239902  4.546669  1.9  307   49
2.18643766  0.233340  4.301370  0.6   81  -75
2.18642521  0.226664  4.058750  1.0   83   50
2.18641828  0.226546  4.054512  0.0  177   56
2.18642485  0.226722  4.060833  0.2  264   53
2.18648311  0.230603  4.201045  0.2  292   27
2.18651682  0.229764  4.170516  0.8  307   36
2.18651781  0.235932  4.397466  0.8  288   65
2.18657098  0.228107  4.110606  1.8  192   43
2.18657614  0.227194  4.077757  2.4  164   54
2.18659354  0.221003  3.858548  0.0   22  -20
2.18664617  0.224015  3.964444  2.8  128  -19
2.18664414  0.225295  4.009886  2.8  311  -14
2.18669092  0.226821  4.064384  0.0  358  -52
2.18671493  0.228508  4.125067  1.2  309   65
2.18674669  0.227534  4.089960  0.2  282  -58
2.18675125  0.223274  3.938240  0.0   61  -57
2.18679612  0.220661  3.846608  0.3  287 -125
2.18679687  0.218962  3.787590  0.7  108  -63
2.18686702  0.224954  3.997736  0.4  291   34
2.18686800  0.221242  3.866899  0.8  298   41
2.18687112  0.223330  3.940244  2.4  302   40
2.18689015  0.225134  4.004140  2.8  216  -77
2.18691826  0.227851  4.101382  1.7  127   53
2.18695102  0.233351  4.301749  4.9  223  -37
2.18704051  0.232623  4.274974  1.0   10  -17
2.18704430  0.229077  4.145620  1.5  173  -49
2.18704460  0.229403  4.157443  2.1  185  -42
2.18707102  0.231299  4.226441  2.9   42   43
2.18706847  0.232859  4.283628  2.8   18   60
2.18712002  0.231262  4.225083  0.7  289  -47
2.18714569  0.231650  4.239265  0.7  313  -59
2.18718924  0.222240  3.901855  1.9  100  -56
2.18718920  0.220995  3.858256  2.5  304  -55
2.18719246  0.222665  3.916794  3.3  118  -58
2.18722593  0.229646  4.166252  1.0  290   55
2.18727409  0.231107  4.219440  1.6  289   53
2.18731667  0.230117  4.183357  0.3  310   52
2.18732745  0.233689  4.314219  0.2   50   86
2.18737194  0.228390  4.120789  0.2  251   46
2.18737108  0.230582  4.200286  1.0  265   50
2.18740072  0.232720  4.278518  3.9  303 -134
2.18739785  0.234678  4.350845  0.1  213  -36
2.18745973  0.230377  4.192803  0.1   62   51
2.18748837  0.229492  4.160643  0.1  282   39
2.18748933  0.229992  4.178813  0.3  208  -59
2.18749258  0.229642  4.166095  0.3  221  -63
2.18753419  0.230833  4.209418  0.6  291   49
2.18757700  0.236291  4.410835  0.2  280   50
2.18758689  0.237030  4.438468  0.4    9  -42
2.18770464  0.237144  4.442728  0.5  306   42
2.18766555  0.240254  4.560029  2.0  317   41
2.18768280  0.234500  4.344230  0.2  179  -77
2.18769842  0.237035  4.438656  0.3  197  -48
2.18775246  0.228128  4.111360  0.3   37  -51
2.18775625  0.226453  4.051207  0.1   57  -58
2.18775244  0.230546  4.198958  0.2  222  -69
2.18780197  0.237004  4.437509  0.7  293  -55
2.18785609  0.230049  4.180895  1.0  296  -42
2.18785248  0.233685  4.314098  1.7  277  -47
2.18788732  0.234944  4.360686  0.4   40  -44
2.18788777  0.233433  4.304792  0.1  223  -58
2.18794175  0.232128  4.256774  0.8   45  -58
2.18798261  0.224622  3.985960  0.1  226   54
2.18798159  0.224930  3.996892  0.1   64   57
2.18798155  0.228566  4.127143  0.7  274   66
2.18802962  0.229047  4.144540  0.3  293  131
2.18807801  0.225796  4.027737  0.1   81   66
2.18807889  0.227430  4.086242  0.1   49   60
2.18813626  0.235929  4.397340  0.5   33  -35
2.18812898  0.238691  4.500881  1.4  196  -55
2.18817987  0.229492  4.160664  0.1   23   44
2.18823315  0.220349  3.835724  0.0  276   47
2.18823363  0.216954  3.718459  0.2   25   59
2.18823280  0.221116  3.862487  0.1   60   68
2.18823507  0.221693  3.882671  0.2  197   51
2.18828511  0.230819  4.208931  0.2  100   56
2.18830383  0.230820  4.208948  0.6  116  -41
2.18837879  0.224368  3.976946  1.5  272   56
2.18837840  0.224150  3.969224  2.4  265   53
2.18837985  0.225724  4.025163  1.5   68   60
2.18840271  0.228760  4.134159  0.2  198  -60
2.18847600  0.229027  4.143815  0.0  279   17
2.18848418  0.229560  4.163114  0.1  283   25
2.18850792  0.228208  4.114245  1.1  262  -66
2.18850835  0.228573  4.127416  1.3  260  -68
2.18855334  0.218473  3.770712  0.3   49  -59
2.18855466  0.217392  3.733487  0.1   67  -59
2.18860555  0.216224  3.693459  0.1   52  -52
2.18860670  0.219513  3.806683  0.1   85  -47
2.18865521  0.222617  3.915109  0.3   40  -48
2.18863662  0.229267  4.152517  1.5   27   65
2.18869632  0.233426  4.304542  2.2   53  -60
2.18873149  0.226062  4.037209  1.6  293   39
2.18877628  0.226591  4.056149  1.5  104   57
2.18877657  0.219506  3.806462  0.2  218   51
2.18877825  0.221002  3.858495  0.1  219   49
2.18878319  0.225414  4.014119  0.0  220  -46
2.18888354  0.224050  3.965659  1.5   72   67
2.18888434  0.223540  3.947645  1.7   70   70
2.18889400  0.224101  3.967478  2.3  286   99
2.18889240  0.223711  3.953695  1.9   87   77
2.18893932  0.232461  4.269024  1.0  293   65
2.18898743  0.231438  4.231529  3.4  180  -17
2.18899855  0.232865  4.283868  4.1  194   -2
2.18903653  0.214848  3.646617  0.7   17   65
2.18903540  0.212647  3.572296  0.2   45   61
2.18909692  0.227817  4.100155  0.9  356   19
2.18910469  0.228162  4.112591  0.8  179   -2
2.18912704  0.229308  4.153973  0.7  303   50
2.18918850  0.226108  4.038859  1.0  321   54
2.18921103  0.213420  3.598314  0.5  260  -81
2.18921027  0.212713  3.574507  0.4   41  -63
2.18920890  0.210675  3.506338  0.5  222  -74
2.18925758  0.221438  3.873738  0.8  269  -57
2.18930689  0.217907  3.751178  1.0   46  -56
2.18930474  0.214705  3.641778  0.0  206  -53
2.18935346  0.222405  3.907645  1.6  293  -49
2.18936312  0.224289  3.974154  0.0  358  -13
2.18937814  0.225477  4.016354  0.2  188  -46
2.18938900  0.230227  4.187368  0.9  196  -54
2.18945713  0.230756  4.206611  0.3  156  -39
2.18945578  0.233795  4.318144  0.1   53  -31
2.18948043  0.240911  4.584994  0.0  194  -75
2.18952499  0.228965  4.141558  0.2   46  -38
2.18953126  0.232408  4.267076  0.7  290  -43
2.18956999  0.237923  4.471967  0.0    5  -26
2.18958145  0.236792  4.429561  1.1  297  -39
2.18963631  0.225414  4.014119  0.2  116   41
2.18963380  0.232477  4.269603  0.1   31   39
2.18968453  0.225998  4.034940  0.1  281   56
2.18968787  0.227889  4.102749  0.3  101   58
2.18973749  0.233576  4.310045  2.3  322   13
2.18973794  0.233733  4.315858  2.8  323   14
2.18978184  0.230078  4.181921  0.8   54   31
2.18978776  0.228351  4.119407  0.9   45   34
2.18985308  0.221262  3.867606  0.6  266 -126
2.18985534  0.217057  3.721995  1.0  288  -46
2.18985309  0.221972  3.892464  0.7   86  -54
2.18990746  0.228071  4.109293  0.2  297  -51
2.18994255  0.223700  3.953283  0.3  199   50
2.18994342  0.220123  3.827888  0.0  198   47
2.19002705  0.224405  3.978263  1.9  307   69
2.18998193  0.230179  4.185608  1.4  107  -35
2.19002896  0.225651  4.022551  1.5  290   64
2.19002600  0.225407  4.013867  1.7  146   62
2.19002757  0.226034  4.036214  1.4  281   69
2.19011643  0.223654  3.951680  1.4   32  -53
2.19011594  0.220962  3.857126  0.6  192  -59
2.19018743  0.223201  3.935659  2.4  111   37
2.19018994  0.223144  3.933666  3.1  288   54
2.19019067  0.223341  3.940609  3.3  290   54
2.19019159  0.224234  3.972193  4.2  140   51
2.19019328  0.224681  3.988044  0.9   73   72
2.19028780  0.231792  4.244460  0.2  176  -23
2.19033089  0.231407  4.230388  0.8  123   55
2.19033006  0.223791  3.956493  0.3   41   71
2.19033093  0.223111  3.932507  0.2   27   62
2.19040335  0.232879  4.284385  2.7  308   35
2.19041714  0.228507  4.125029  0.1  192  -51
2.19041849  0.228292  4.117278  0.1  177   16
2.19049147  0.230576  4.200055  0.6   22  -19
2.19049999  0.223521  3.946965  0.3  213  -41
2.19049724  0.222879  3.924322  0.0  212  -35
2.19051485  0.221206  3.865621  0.1  299  -41
2.19056841  0.233362  4.302152  0.2  177  -11
2.19057780  0.233380  4.302836  0.9  292  -44
2.19057913  0.233376  4.302695  0.6  109  -47
2.19065416  0.227764  4.098235  0.5   83  -66
2.19063566  0.228043  4.108268  0.4  283   45
2.19069565  0.231930  4.249539  0.5  106   59
2.19069399  0.230650  4.202769  1.0  276  128
2.19074445  0.233513  4.307726  1.0  271   59
2.19077423  0.234301  4.336865  0.8  108   34
2.19078882  0.237418  4.453020  2.7   34   45
2.19084724  0.221021  3.859181  0.1   49   63
2.19084983  0.222219  3.901126  0.0  197   41
2.19084794  0.222181  3.899798  0.1   49   64
2.19089910  0.228546  4.126439  0.0  292  130
2.19089772  0.226976  4.069934  0.0  287   46
2.19094430  0.231813  4.245247  1.2  290   47
2.19094418  0.233457  4.305659  1.5  293   51
2.19101817  0.233827  4.319348  1.2   27 -111
2.19101429  0.233736  4.315984  1.1  189  -65
2.19104404  0.232516  4.271042  0.4  288   61
2.19107076  0.225465  4.015932  0.0  280 -144
2.19108244  0.237602  4.459937  0.7  297   57
2.19112353  0.234987  4.362301  0.1  204  -39
2.19117227  0.234999  4.362721  0.2   30  -45
2.19117220  0.235293  4.373652  0.1   65  -43
2.19123047  0.234410  4.340912  1.0  316   45
2.19121925  0.235957  4.398367  2.2  310  -46
2.19126505  0.237803  4.467467  0.9   44  -53
2.19131534  0.234116  4.330021  0.3  218   51
2.19131572  0.234339  4.338256  0.8  199   50
2.19132430  0.235584  4.384492  0.6    6   58
2.19140046  0.229707  4.168477  0.1   98   45
2.19139256  0.229728  4.169225  0.0  324   34
2.19140902  0.230738  4.205966  0.2  290   69
2.19143581  0.231070  4.218064  0.1  309  -60
2.19148419  0.236387  4.414428  1.6  276 -117
2.19149859  0.228849  4.137393  0.3  206   43
2.19150049  0.227326  4.082508  0.2   32   57
2.19154211  0.231692  4.240819  0.0   56   82
2.19154743  0.228736  4.133304  0.1   37   55
2.19157758  0.241537  4.608852  0.0  335   25
2.19161952  0.231663  4.239765  0.6  329    0
2.19165534  0.227444  4.086746  1.0  285   53
2.19165451  0.222676  3.917166  1.0  286   49
2.19169939  0.230291  4.189679  2.1  306   29
2.19170472  0.230119  4.183425  0.9  300   29
2.19171023  0.231682  4.240442  1.4  306  158
2.19176679  0.239155  4.518410  0.1   26  -31
2.19178180  0.237786  4.466839  0.1  105  -41
2.19182859  0.231764  4.243444  1.5  198   45
2.19182915  0.232603  4.274244  1.0  193   45
2.19187430  0.230590  4.200553  0.1  294   40
2.19187472  0.232674  4.276856  0.4  287   41
2.19193066  0.238021  4.475673  1.2  170  -85
2.19196465  0.227348  4.083287  0.0  160   19
2.19197456  0.226809  4.063953  0.2  167   21
2.19198058  0.230896  4.211730  0.3   81  -49
2.19200565  0.232303  4.263222  2.6  178    5
2.19201477  0.232222  4.260226  2.1  175    1
2.19205360  0.234005  4.325892  1.1   50   48
2.19209886  0.232914  4.285683  1.2   13  -64
2.19214726  0.233091  4.292197  2.4  332   73
2.19214696  0.231376  4.229239  2.0  294   60
2.19218582  0.225856  4.029861  0.7  265  -43
2.19218941  0.227265  4.080315  0.2  277  -46
2.19222739  0.233841  4.319866  1.4  286  -10
2.19226245  0.240324  4.562704  1.5  171  -36
2.19230334  0.236893  4.433350  2.3    2  -52
2.19231578  0.231716  4.241710  1.9  295  -63
2.19231513  0.232073  4.254783  3.1  312  -63
2.19235984  0.233309  4.300231  0.6   64  -64
2.19235817  0.233260  4.298420  1.4   76  -70
2.19239415  0.236768  4.428665  0.5  281    3
2.19244051  0.234628  4.348962  0.1  191   35
2.19245607  0.231322  4.227261  0.0   69   69
2.19246046  0.237244  4.446477  2.6  205  -10
2.19249956  0.237064  4.439751  0.8  292   53
2.19251163  0.236434  4.416170  0.5  184   44
2.19257349  0.235641  4.386617  0.1  112   32
2.19258545  0.238242  4.483987  0.1  284   37
2.19262376  0.234546  4.345948  1.3   25  -32
2.19262549  0.234734  4.352904  2.0   21  -30
2.19268219  0.241126  4.593211  1.6  146  -63
2.19267864  0.237976  4.473955  2.3  309  -50
2.19272628  0.238415  4.490509  0.3   37  -37
2.19276243  0.233875  4.321114  0.4  188   33
2.19276214  0.236095  4.403514  1.5  292   58
2.19276183  0.234449  4.342329  0.9   66   57
2.19281604  0.234217  4.333753  1.1  195   42
2.19281832  0.234926  4.360017  0.2   18   54
2.19283350  0.241117  4.592863  0.0   44   79
2.19294788  0.235869  4.395102  2.5  145   49
2.19294710  0.237851  4.469285  2.2  300   73
2.19294694  0.236189  4.407046  2.7  179   69
2.19298385  0.232641  4.275626  0.0  293  -66
2.19298346  0.235723  4.389653  0.3  310  -65
2.19298818  0.239742  4.540624  2.7  303   52
2.19303589  0.234824  4.356253  1.0  171  -65
2.19306075  0.237036  4.438701  0.4  284   39
2.19312858  0.240818  4.581484  3.3   33   33
2.19312897  0.233826  4.319311  0.0  170   59
2.19312804  0.232836  4.282792  0.0  170   59
2.19316092  0.239638  4.536671  0.6  121  -35
2.19320831  0.222185  3.899925  0.2   20   53
2.19320726  0.223291  3.938851  0.0   36   53
2.19321170  0.226460  4.051454  0.5  188   28
2.19327774  0.238458  4.492126  2.4  188  -52
2.19328525  0.236105  4.403884  1.6    9  -42
2.19334067  0.236258  4.409613  1.0   63  -37
2.19337914  0.228226  4.114867  0.6  178  -16
2.19338250  0.227221  4.078719  0.1  169  -22
2.19340094  0.233305  4.300081  1.3  184  -32
2.19341583  0.232221  4.260206  1.6  319  -46
2.19346646  0.237940  4.472607  0.8  185   51
2.19346631  0.237935  4.472428  1.6  295   56
2.19351837  0.231426  4.231083  0.6  123  -51
2.19351946  0.231392  4.229855  0.9  312  -41
2.19354145  0.233723  4.315473  1.1  300  -13
2.19360790  0.232294  4.262890  1.3  290  -34
2.19360845  0.232632  4.275299  1.7  291  -35
2.19361059  0.235003  4.362884  1.4  294  -35
2.19367873  0.238817  4.505641  1.2   79    9
2.19369837  0.231926  4.249400  0.5   86   70
2.19369792  0.231173  4.221828  0.1  282   75
2.19374810  0.236978  4.436534  0.5  209   33
2.19377363  0.236049  4.401812  0.1  191   53
2.19377208  0.231895  4.248238  0.0   41   64
2.19379100  0.239870  4.545479  0.1  314  -62
2.19383692  0.238171  4.481305  0.1   89  -29
2.19387265  0.236888  4.433148  1.3  292  -65
2.19387334  0.237156  4.443209  1.6  323  -42
2.19393181  0.238904  4.508939  1.3  245   13
2.19398408  0.233447  4.305299  3.2  288   11
2.19398792  0.231272  4.225436  0.0  280   10
2.19398820  0.230657  4.203012  2.3  280   11
2.19403706  0.232252  4.261329  1.7  105  103
2.19403374  0.228252  4.115819  0.1  278   66
2.19403339  0.230684  4.203988  0.1  150   70
2.19413637  0.233336  4.301216  3.8  260  -73
2.19413824  0.232334  4.264330  1.0  171  -73
2.19413586  0.230076  4.181854  2.0  109  -47
2.19419720  0.229338  4.155073  0.1   84   82
2.19419775  0.226029  4.036048  0.1  187   76
2.19420004  0.230415  4.194203  0.1   43   97
2.19423231  0.234838  4.356767  0.2  292   59
2.19427322  0.226049  4.036759  0.1  289   46
2.19427845  0.229471  4.159909  0.4  276   56
2.19433273  0.231590  4.237075  1.1  115   34
2.19433718  0.232574  4.273171  1.5  291   44
2.19437718  0.240329  4.562877  2.5  297   34
2.19441554  0.239228  4.521187  2.9  188   23
2.19443494  0.235335  4.375230  3.9  186  -18
2.19446554  0.227811  4.099922  0.2  307  -57
2.19446938  0.228794  4.135383  0.2  310  -55
2.19451347  0.226861  4.065794  1.0  299  -32
2.19451639  0.226812  4.064057  0.1  307  -32
2.19451684  0.228178  4.113162  0.9  113  -38
2.19458549  0.231644  4.239074  0.4  295   27
2.19460480  0.231240  4.224284  1.9  298  -30
2.19460788  0.231879  4.247673  1.6  305  -39
2.19466768  0.234790  4.354978  1.0  301   56
2.19467166  0.233373  4.302579  0.5  319  -33
2.19470979  0.234239  4.334555  0.0  184  -67
2.19477090  0.236086  4.403176  1.9   39   27
2.19477657  0.234190  4.332746  1.3  219   13
2.19477376  0.233892  4.321745  0.1  200  -36
2.19481666  0.237264  4.447228  2.8   94    3
2.19482900  0.239500  4.531444  1.5   65   18
2.19486331  0.240983  4.587752  0.3  175  -48
2.19489928  0.231495  4.233623  0.1   64  -81
2.19490342  0.233057  4.290934  0.1  291  -68
2.19496709  0.232768  4.280295  0.1  274  -45
2.19497596  0.232473  4.269440  0.6  280  -44
2.19498200  0.231393  4.229863  0.2  296  -43
2.19503061  0.230446  4.195336  1.5  272   55
2.19503431  0.231340  4.227934  1.7  283   59
2.19503012  0.230545  4.198938  0.9  272   55
2.19510984  0.235755  4.390847  2.3  310   62
2.19510385  0.236757  4.428251  0.4   48   62
2.19517140  0.238710  4.501615  0.1   31  -58
2.19517941  0.230119  4.183438  0.0  195   72
2.19519199  0.233252  4.298102  1.4  294   34
2.19520947  0.234421  4.341300  0.1  118   23
2.19525121  0.234462  4.342817  0.1  108   -2
2.19528411  0.233972  4.324691  0.0  299  -52
2.19528439  0.235100  4.366502  0.8  303  -50
2.19534620  0.233562  4.309546  1.9  326  -51
2.19534948  0.232407  4.267041  2.9  305  -17
2.19534971  0.232319  4.263791  3.0  305  -19
2.19541733  0.232709  4.278126  1.0  301  -26
2.19542655  0.229362  4.155942  1.0  195   -1
2.19544269  0.230674  4.203646  0.0  192    2
2.19547984  0.237172  4.443802  1.8  310  125
2.19548504  0.237186  4.444331  0.6  272   58
2.19555461  0.235794  4.392300  0.1   52  -81
2.19555528  0.232819  4.282163  0.0  302  -62
2.19560800  0.226094  4.038347  0.2   65  -50
2.19560849  0.227496  4.088597  0.3   64  -52
2.19564296  0.235508  4.381661  0.7  327   25
2.19564450  0.234340  4.338286  0.3  360   17
2.19567879  0.233381  4.302881  0.0  190   69
2.19571695  0.238764  4.503637  2.3  161   -8
2.19573009  0.238223  4.483257  2.8  308  -40
2.19578284  0.227112  4.074802  0.1  205   46
2.19580925  0.222975  3.927727  0.0  324   -4
2.19580401  0.223343  3.940696  0.4  322   -4
2.19580973  0.224720  3.989411  0.2  322   -4
2.19586214  0.229142  4.147993  3.5  307   38
2.19588620  0.232248  4.261189  0.3  202  -82
2.19589854  0.238722  4.502061  0.3   44  -48
2.19595842  0.230197  4.186250  1.0   41  -54
2.19595942  0.230347  4.191708  0.4   22  -58
2.19596127  0.231094  4.218944  3.0  195  -49
2.19604027  0.235667  4.387587  0.1  272  -64
2.19605605  0.232714  4.278319  0.1   31  -23
2.19606248  0.229086  4.145955  0.2  208  -38
2.19608476  0.230284  4.189411  0.0   34  -69
2.19611789  0.237926  4.472095  1.0  191  -55
2.19616919  0.240061  4.552705  0.4  201   58
2.19620432  0.240937  4.585982  2.3  100    6
2.19618826  0.239469  4.530297  0.5   11    9
2.19623145  0.236626  4.423359  1.3   48   28
2.19623195  0.235133  4.367728  1.4   47   -2
2.19622835  0.236906  4.433832  1.1  227  -14
2.19634242  0.239190  4.519735  3.1  307   42
2.19635110  0.240062  4.552740  1.0  288  -73
2.19634461  0.235685  4.388231  0.2  118  -58
2.19636917  0.234975  4.361855  1.9   54  -34
2.19638932  0.237124  4.441989  0.3  297  -57
2.19641633  0.236701  4.426172  0.0  114  -49
2.19647369  0.232602  4.274183  0.8  200   68
2.19648075  0.236771  4.428780  0.9   31   68
2.19647944  0.236117  4.404350  1.2   18   76
2.19655717  0.237040  4.438835  1.6  310   50
2.19656983  0.235450  4.379511  0.1  166  -51
2.19656542  0.236834  4.431127  1.8  284   51
2.19660998  0.237134  4.442352  0.1  260   36
2.19661100  0.234748  4.353433  0.0  260   33
2.19665013  0.234982  4.362099  0.5  299  -53
2.19668615  0.239899  4.546556  4.2  120  -32
2.19668961  0.238412  4.490391  0.1  208  -42
2.19675361  0.245402  4.757541  1.5  296   58
2.19679573  0.237582  4.459171  1.0  187  -50
2.19679465  0.237688  4.463149  0.5    7  -25
2.19679651  0.237966  4.473596  0.9    6  -26
2.19684910  0.241580  4.610509  2.0  196  -33
2.19687872  0.239996  4.550247  1.0   40  -47
2.19687482  0.241261  4.598339  1.0   85  -69
2.19693463  0.240592  4.572879  0.6  200   19
2.19693987  0.238529  4.494804  1.0  198   52
2.19700473  0.234409  4.340849  0.3  212   26
2.19700693  0.231318  4.227118  0.0  214   16
2.19700442  0.233451  4.305469  0.3  282   65
2.19705040  0.236266  4.409911  0.1  198   59
2.19708911  0.239814  4.543340  2.1  199   -0
2.19709873  0.239787  4.542344  2.8   22   23
2.19711983  0.239390  4.527281  0.1   39   32
2.19716423  0.240928  4.585667  2.2  353   19
2.19718100  0.235927  4.397263  0.7    1  -50
2.19718559  0.236075  4.402764  1.9  203  -76
2.19724271  0.237031  4.438495  1.6   13  -31
2.19726211  0.234239  4.334573  0.5   68   59
2.19726182  0.234096  4.329288  0.2  232   47
2.19731689  0.238856  4.507141  0.8  303  -46
2.19733599  0.237815  4.467916  1.0  256   19
2.19737052  0.230181  4.185667  4.0  128   40
2.19736659  0.230977  4.214673  4.7  312   49
2.19736960  0.228657  4.130434  4.2  136   41
2.19741677  0.237157  4.443245  4.2  298   63
2.19747214  0.234461  4.342776  2.2  303   47
2.19751224  0.235011  4.363190  0.1  281   51
2.19751351  0.232585  4.273565  0.3  302   47
2.19751527  0.233834  4.319589  0.8  300   42
2.19755039  0.239237  4.521525  3.1  214  -66
2.19758858  0.240195  4.557798  2.4  295   55
2.19762993  0.234809  4.355694  1.8  197   29
2.19763895  0.234124  4.330318  0.9  197   23
2.19766465  0.234125  4.330334  4.6  193   31
2.19769125  0.230779  4.207453  2.4  299  -37
2.19769227  0.229156  4.148469  1.0  309  -41
2.19769225  0.229799  4.171803  2.3  309 -129
2.19778042  0.238432  4.491143  3.1  306  -50
2.19778966  0.237159  4.443309  2.6  302  -53
2.19785115  0.232977  4.287997  0.1   70  -51
2.19786124  0.226539  4.054257  3.0  294   63
2.19786109  0.218906  3.785668  0.0   41   68
2.19785691  0.232053  4.254056  0.0  111  -53
2.19791219  0.232640  4.275585  1.0  274   47
2.19795879  0.231786  4.244273  0.3  287   47
2.19796212  0.231134  4.220414  0.1  288   47
2.19803545  0.227829  4.100573  0.2   50  -64
2.19803524  0.231426  4.231078  0.8   50  -64
2.19803578  0.223590  3.949422  0.0   78  -65
2.19808568  0.232234  4.260679  0.0  286  -40
2.19812955  0.236857  4.432014  0.1  290  -62
2.19812944  0.233371  4.302504  0.1   81  -61
2.19812952  0.234242  4.334692  0.1  105  -73
2.19817338  0.237692  4.463290  2.7   18   25
2.19818368  0.234339  4.338256  1.2  198   17
2.19822588  0.236398  4.414831  1.0  281   38
2.19822504  0.234014  4.326244  1.0  280   36
2.19827774  0.240284  4.561175  2.1  195  -62
2.19828822  0.238706  4.501454  0.7  199  -66
2.19833674  0.239068  4.515121  2.3  193  -46
2.19834450  0.233750  4.316492  0.7  106  -60
2.19838158  0.231322  4.227266  2.3  278   66
2.19839136  0.235872  4.395214  0.4  307    2
2.19844094  0.237548  4.457886  1.3  303   66
2.19846472  0.236714  4.426631  1.5  358  -29
2.19849242  0.233469  4.306104  0.6   33  -40
2.19849494  0.232448  4.268539  0.4  222  -51
2.19852770  0.227965  4.105472  0.1   49   56
2.19855342  0.227540  4.090191  0.5  173  -51
2.19859132  0.231642  4.238984  0.3  196   55
2.19861942  0.235117  4.367119  0.1  196   36
2.19867112  0.232227  4.260433  0.1  284   47
2.19867335  0.232940  4.286606  0.1  296  136
2.19870541  0.227118  4.075015  0.1   57  -44
2.19870544  0.230968  4.214353  1.6   60  -47
2.19875596  0.231968  4.250913  4.7  306  -10
2.19877033  0.228875  4.138334  0.3   55   60
2.19876904  0.232067  4.254550  0.6   32   59
2.19884954  0.236756  4.428236  0.6  193  -55
2.19885093  0.233146  4.294198  0.2   13  -45
2.19885636  0.232844  4.283098  0.0   37   64
2.19890590  0.240183  4.557347  1.5  304  -46
2.19895077  0.231288  4.226036  0.4   45  -50
2.19894477  0.227656  4.094350  0.1  197  -52
2.19895078  0.230687  4.204110  0.1  218  -71
2.19902703  0.235785  4.391985  0.1  100  -20
2.19903746  0.238047  4.476655  0.2  176   55
2.19903785  0.239009  4.512910  0.1  177   57
2.19910061  0.237025  4.438293  0.3   40  -52
2.19909752  0.237101  4.441131  1.1  197  -66
2.19915588  0.236532  4.419858  0.3  205  -43
2.19915603  0.234594  4.347715  0.2  205  -39
2.19920025  0.231738  4.242502  1.0  205   44
2.19919619  0.234960  4.361276  1.0   33   61
2.19920283  0.235836  4.393867  0.2  299  -45
2.19923995  0.234448  4.342294  0.2  281   43
2.19929508  0.233465  4.305984  2.0  310   48
2.19934837  0.223804  3.956971  0.2  280   57
2.19934337  0.228656  4.130408  3.3  303   53
2.19936894  0.222040  3.894850  4.2  312   30
2.19936304  0.226211  4.042524  0.5  298   -7
2.19943288  0.223967  3.962729  0.2  283   45
2.19943232  0.223136  3.933398  1.0  283   38
2.19948505  0.231261  4.225038  1.6  285   45
2.19948457  0.231611  4.237832  1.2  282   51
2.19953312  0.223934  3.961558  3.0  154  -33
2.19953452  0.223766  3.955621  2.9  354  -18
2.19953308  0.225144  4.004484  1.7  355  -17
2.19957524  0.219973  3.822674  0.0   37   61
2.19960017  0.225747  4.025969  4.6  135   -8
2.19963362  0.236230  4.408554  6.5  326  -45
2.19969046  0.229001  4.142866  0.5  115   38
2.19969474  0.227325  4.082467  0.3   46  -41
2.19973821  0.232467  4.269231  0.8   73   60
2.19975625  0.228198  4.113860  0.3  302  -56
2.19978407  0.223890  3.960028  1.8  305   36
2.19982913  0.220545  3.842584  0.6  323   75
2.19982827  0.221101  3.861982  0.0  306   75
2.19983317  0.216242  3.694078  0.5  269   66
2.19987924  0.235288  4.373469  0.2  298  -30
2.19991948  0.227048  4.072517  0.6   55  -55
2.19992096  0.227410  4.085510  0.7   61  -60
2.19996445  0.222411  3.907852  0.4  274  -52
2.20000811  0.216863  3.715327  1.0  162  -91
2.20000987  0.214680  3.640923  1.2   93  -66
2.20001024  0.216978  3.719260  1.9  109  -74
2.20000862  0.218793  3.781770  0.6  325  -74
2.20009768  0.228528  4.125788  1.1  284   46
2.20010229  0.230908  4.212156  2.1  276   51
2.20015229  0.229764  4.170533  2.7  310   51
2.20015644  0.229914  4.175969  1.3  167   51
2.20016260  0.233702  4.314718  1.5  163   55
2.20022802  0.238039  4.476338  0.7   42  -48
2.20021647  0.235186  4.369691  0.2  199   10
2.20026843  0.227764  4.098229  0.1  194   19
2.20032074  0.221191  3.865117  0.0  227   57
2.20032056  0.225673  4.023318  1.7   65   63
2.20032305  0.218681  3.777896  0.1  307  -59
2.20037825  0.219757  3.815143  0.1  102  -48
2.20039635  0.227989  4.106333  1.7   46   61
2.20044232  0.223205  3.935804  0.5  286   43
2.20044596  0.221444  3.873948  1.8  258   55
2.20049548  0.223281  3.938488  0.7  315   62
2.20050020  0.223973  3.962956  0.0  304   78
2.20049776  0.227371  4.084121  0.3  168   70
2.20056186  0.232937  4.286525  0.1  196  -38
2.20059249  0.218345  3.766279  0.1  201   36
2.20058983  0.217923  3.751736  0.1   22   51
2.20065333  0.220835  3.852671  0.3  342   71
2.20065459  0.218865  3.784259  0.5  186   45
2.20065559  0.215644  3.673688  0.1  189   54
2.20070433  0.220953  3.856802  0.4  263   43
2.20070386  0.220168  3.829428  0.4  263   44
2.20076600  0.220941  3.856377  3.0  162  -69
2.20077310  0.221036  3.859704  1.3  305  -64
2.20077334  0.220076  3.826230  1.1  102  -71
2.20082284  0.221487  3.875479  0.6  193  -57
2.20082244  0.222929  3.926094  1.0  200  -66
2.20090245  0.234120  4.330146  1.0   88   71
2.20092823  0.223646  3.951377  0.1  301  -48
2.20093303  0.226091  4.038241  2.1  173  -60
2.20098520  0.223921  3.961115  0.4  287 -133
2.20098662  0.225244  4.008070  1.0  298  -46
2.20102435  0.224226  3.971897  0.1   42  -50
2.20103477  0.223561  3.948372  0.0  304  -47
2.20107931  0.219834  3.817817  0.4   37  -53
2.20108406  0.215705  3.675752  0.0  209  -54
2.20113438  0.230939  4.213294  1.2  201  -37
2.20113452  0.229393  4.157081  0.6  201  -37
2.20117641  0.230322  4.190808  0.4  299  -62
2.20121348  0.229755  4.170185  0.7  104   55
2.20121922  0.232026  4.253042  0.4   56   60
2.20125989  0.224381  3.977404  0.2  200   37
2.20125999  0.228573  4.127405  0.5   42   52
2.20130774  0.218826  3.782915  1.0  310   77
2.20130502  0.218314  3.765234  0.0  346   84
2.20138689  0.236213  4.407934  3.4   88   -5
2.20136844  0.237899  4.471080  2.4  289   44
2.20142061  0.237078  4.440279  0.6  198   28
2.20141598  0.235036  4.364111  0.1  286   35
2.20147112  0.232007  4.252352  0.0  292   45
2.20147293  0.231312  4.226900  0.2  285   50
2.20147254  0.228327  4.118522  0.0  298  135
2.20152066  0.228441  4.122656  0.7  287   57
2.20157037  0.218619  3.775731  0.2  207   54
2.20157196  0.215057  3.653722  0.0   32   64
2.20161988  0.228574  4.127425  0.0  110   51
2.20163612  0.235087  4.366024  0.3  195  -34
2.20166300  0.233269  4.298734  0.0  270   65
2.20169885  0.231213  4.223311  2.0   67  -53
2.20166524  0.234310  4.337200  0.8  201   26
2.20174789  0.215083  3.654607  0.6  248  -65
2.20174833  0.219298  3.799244  0.5   86  -57
2.20179513  0.220972  3.857457  1.1  288  -50
2.20179903  0.228549  4.126554  1.1   70  -61
2.20184667  0.228103  4.110444  1.3  131  -47
2.20188286  0.223097  3.932001  0.1  198  -40
2.20188697  0.222401  3.907513  0.4   21  -40
2.20190057  0.230200  4.186383  1.1   26   -1
2.20193273  0.231497  4.233667  0.1   29   43
2.20199806  0.230332  4.191167  0.0   30  -54
2.20199034  0.230428  4.194677  0.1  205   39
2.20204566  0.222188  3.900035  0.9   89   64
2.20204507  0.220714  3.848452  0.1  267   63
2.20204688  0.221835  3.887638  0.7   92   65
2.20212131  0.238414  4.490441  1.0  200   62
2.20213090  0.232791  4.281151  0.3  196   45
2.20215552  0.234612  4.348393  0.5  192   20
2.20219314  0.231614  4.237954  2.7  116   13
2.20218891  0.226235  4.043408  1.8  132   47
2.20223239  0.230382  4.192978  2.0  176   56
2.20223471  0.231023  4.216345  1.9  163   59
2.20232385  0.222138  3.898284  1.0  276   53
2.20232600  0.222301  3.904011  0.7   69   61
2.20232221  0.220034  3.824783  0.3  284   43
2.20238259  0.221492  3.875634  0.1  328   77
2.20237747  0.219554  3.808107  0.4   58   69
2.20237810  0.218836  3.783248  0.2   12   77
2.20250549  0.221923  3.890746  1.1  276  -52
2.20245967  0.230699  4.204532  0.8   45  -56
2.20250134  0.222677  3.917232  0.1  185  -73
2.20249958  0.220519  3.841644  1.0  187  -74
2.20255016  0.220233  3.831703  0.4  192  -53
2.20255362  0.221891  3.889604  0.0  270  -68
2.20258431  0.226990  4.070423  0.3  104   -9
2.20258851  0.227205  4.078133  0.0  105   -7
2.20264312  0.227829  4.100591  0.7  177  -62
2.20267025  0.229181  4.149398  0.9  106  -13
2.20269271  0.228781  4.134917  1.0  299   58
2.20269360  0.225490  4.016815  0.1  275   50
2.20270663  0.233719  4.315349  0.1   96   12
2.20281484  0.221718  3.883556  0.1  290  -64
2.20280925  0.220526  3.841910  0.0   33  -61
2.20281318  0.217553  3.739015  0.1   92  -68
2.20281346  0.227148  4.076110  0.1  183  -94
2.20285804  0.228849  4.137381  1.7  196   59
2.20289392  0.233221  4.296979  1.6   60   66
2.20294876  0.230946  4.213561  0.2  281   15
2.20296741  0.227118  4.075014  1.0  294   32
2.20297824  0.226682  4.059376  1.3  286   43
2.20297528  0.227236  4.079263  1.4  278   24
2.20304674  0.227387  4.084694  0.1   92  119
2.20304928  0.225678  4.023527  0.5   74   63
2.20304851  0.226199  4.042121  0.4  273  117
2.20310805  0.233475  4.306330  0.0  275   10
2.20314428  0.230546  4.198965  3.3   88   49
2.20314595  0.226488  4.052455  0.4  282   32
2.20319289  0.223444  3.944268  0.3  278   60
2.20319508  0.224278  3.973763  0.2  281   64
2.20324843  0.233124  4.293382  0.4   62   48
2.20327578  0.232361  4.265349  0.1  341  -20
2.20331105  0.231904  4.248594  1.0  300  -63
2.20331008  0.230515  4.197852  0.7  298  -63
2.20331135  0.227271  4.080523  0.5   89  -69
2.20337275  0.226519  4.053569  0.0   58  -76
2.20337493  0.226317  4.046337  0.7   70  -60
2.20346541  0.221786  3.885940  2.9   49  -55
2.20346543  0.220960  3.857038  2.8   30  -54
2.20346205  0.219508  3.806502  3.2   22  -50
2.20346139  0.220800  3.851466  2.8  224  -61
2.20350447  0.220597  3.844395  0.0  292   53
2.20356428  0.236039  4.401426  0.6  186   50
2.20359665  0.220597  3.844371  0.4  286  -16
2.20360705  0.220765  3.850245  0.1  282   -9
2.20360717  0.223387  3.942238  0.0  282   -9
2.20361300  0.223999  3.963859  0.1  281   -9
2.20368048  0.223282  3.938536  1.0  349  -57
2.20368257  0.219767  3.815498  0.1  318 -111
2.20373477  0.221020  3.859136  1.9  297  -57
2.20373351  0.221050  3.860181  1.2   59  -48
2.20375302  0.232987  4.288360  4.2  316  -44
2.20377962  0.233666  4.313402  4.2  279    8
2.20382292  0.236014  4.400525  2.8  300  -18
2.20386794  0.232495  4.270257  0.9   59   72
2.20386456  0.232408  4.267082  0.9   62   68
2.20387767  0.237323  4.449464  2.2  287  -10
2.20395755  0.238020  4.475644  0.3  283   51
2.20395794  0.235017  4.363392  0.0  272   51
2.20400235  0.236135  4.405029  1.7   78  -35
2.20400216  0.235196  4.370073  2.0   78  -36
2.20403835  0.240992  4.588089  1.0   93  -19
2.20406472  0.236586  4.421868  1.1  203   39
2.20411890  0.224258  3.973040  0.1  297   57
2.20411808  0.227906  4.103352  0.1  293   59
2.20412068  0.223664  3.952033  0.0  294  123
2.20416530  0.226319  4.046405  0.2  284   51
2.20418126  0.234088  4.328978  0.2  165   27
2.20421023  0.225711  4.024693  0.2   48   62
2.20426249  0.222532  3.912127  1.0  292   45
2.20426237  0.224323  3.975338  1.5  293   43
2.20426359  0.225089  4.002540  0.0   37   77
2.20428319  0.227013  4.071261  0.1   98  -37
2.20435243  0.234858  4.357518  0.8  181  -46
2.20438940  0.224887  3.995362  0.7   37  -52
2.20441870  0.226981  4.070099  4.9  297    1
2.20441863  0.227405  4.085328  4.1  298    3
2.20442221  0.226825  4.064507  5.5  293    3
2.20447790  0.237087  4.440619  1.2  119   41
2.20449842  0.236708  4.426418  0.2   52   13
2.20452944  0.234534  4.345483  0.0  253    8
2.20454075  0.236882  4.432946  0.3   64  -34
2.20456822  0.231479  4.233017  0.2   77    3
2.20465210  0.219774  3.815743  0.2   98  -60
2.20464943  0.221916  3.890489  0.0   46  -60
2.20465441  0.222904  3.925224  0.8  313  -53
2.20465439  0.222803  3.921669  1.0  312  -53
2.20470359  0.231647  4.239184  0.3   58  -44
2.20473717  0.232516  4.271030  0.0   73  -29
2.20475395  0.235416  4.378239  0.5  194  -42
2.20479962  0.235994  4.399752  0.8  251  -38
2.20474525  0.236807  4.430123  0.9  306  -41
2.20487193  0.236660  4.424644  0.3  324   44
2.20487717  0.235895  4.396058  0.1  305   48
2.20487739  0.235582  4.384410  0.5  302   45
2.20495620  0.227909  4.103447  0.1  193   45
2.20495673  0.227368  4.084016  0.2  191   47
2.20496104  0.228099  4.110321  0.4  188   40
2.20498194  0.228892  4.138933  0.7  298   54
2.20504517  0.235460  4.379879  0.6   76  -42
2.20505175  0.234542  4.345794  0.0   87  -29
2.20507462  0.235018  4.363432  0.9  291   38
2.20512044  0.232767  4.280244  0.1   19  -37
2.20512952  0.231674  4.240161  0.1  288  -46
2.20513246  0.232828  4.282518  2.1   26  -33
2.20520582  0.234285  4.336276  0.5  106  -52
2.20520408  0.236738  4.427546  1.7  291  -49
2.20520430  0.233623  4.311790  0.2   97  -53
2.20526248  0.238454  4.491954  0.3  294   67
2.20528576  0.234598  4.347873  0.1  297  -64
2.20528424  0.233434  4.304811  0.0  286  -66
2.20531370  0.234734  4.352914  0.9  319  -38
2.20535591  0.236184  4.406833  0.2  305  -55
2.20535928  0.236639  4.423833  1.0  318  -52
2.20541333  0.246038  4.782229  0.8   15   30
2.20548884  0.236256  4.409522  1.4  305   33
2.20548885  0.236729  4.427211  0.8  289    6
2.20549257  0.236528  4.419693  0.9  289    7
2.20549215  0.236471  4.417562  1.2  289    6
2.20551590  0.238691  4.500908  0.6   36   24
2.20555960  0.236672  4.425075  2.9   57  -51
2.20563328  0.232839  4.282919  1.7  185    7
2.20563818  0.227363  4.083825  0.0  278   -1
2.20563918  0.227705  4.096098  0.2  278   -1
2.20566568  0.228417  4.121777  1.6  270   10
2.20567376  0.227348  4.083299  0.3  265   17
2.20567033  0.228368  4.120006  1.4   86   16
2.20578973  0.230464  4.195966  1.0  273   17
2.20578937  0.230383  4.193017  5.5  273   20
2.20578919  0.231479  4.233005  5.8   93   22
2.20579883  0.231546  4.235460  6.2  269   16
2.20580019  0.231797  4.244658  6.2  269   17
2.20595279  0.218949  3.787171  0.9  110   36
2.20594539  0.219933  3.821267  2.4  283   53
2.20594849  0.218052  3.756191  1.1  285   49
2.20595478  0.217921  3.751679  0.6  276   44
2.20595154  0.217393  3.733519  0.5  272   47
2.20599799  0.230910  4.212239  0.0  124   61
2.20606278  0.225093  4.002681  1.2  206   58
2.20606660  0.227628  4.093362  1.5  196   56
2.20608823  0.227045  4.072398  4.8   14   27
2.20610531  0.226000  4.034997  7.9   14    2
2.20611838  0.226412  4.049729  7.0  198  -24
2.20613993  0.228932  4.140365  4.4   51  -51
2.20617138  0.233815  4.318894  4.6  311  -45
2.20622900  0.233794  4.318111  3.1  313  -36
2.20627777  0.222113  3.897385  1.5   88  -46
2.20627095  0.218482  3.771021  0.1  262  -64
2.20627814  0.222202  3.900536  1.6   87  -47
2.20629374  0.229583  4.163956  2.4  207  -11
2.20631647  0.233672  4.313593  1.2  293  -23
2.20627653  0.221580  3.878720  0.1   71  -64
2.20641709  0.232552  4.272370  1.6   46 -115
2.20643061  0.227561  4.090949  0.5   25  -21
2.20644759  0.224539  3.983003  0.0   33  -24
2.20643478  0.230143  4.184294  0.0   97  -20
2.20646875  0.233574  4.309991  0.4   13   -3
2.20654204  0.230242  4.187912  0.1   68  -49
2.20655473  0.230007  4.179344  0.2  274  -24
2.20657461  0.231209  4.223139  0.1  279  -15
2.20660182  0.234481  4.343533  0.4   42  -38
2.20662440  0.236351  4.413098  1.2   62  -10
2.20662661  0.238549  4.495540  0.5   81  -18
2.20671067  0.242746  4.655135  1.0  199   53
2.20671169  0.242238  4.635650  0.7  199   63
2.20670700  0.242765  4.655867  1.3   33   65
2.20676060  0.236115  4.404255  0.0   70  -32
2.20679363  0.237280  4.447844  2.0  275  158
2.20679519  0.238335  4.487489  1.5   95   19
2.20686830  0.241756  4.617235  0.3  118   60
2.20688595  0.239266  4.522593  1.6  128   40
2.20688577  0.238452  4.491879  2.7  300   46
2.20693077  0.234681  4.350956  1.0   23  -59
2.20693924  0.232019  4.252780  4.0   50 -155
2.20694008  0.232673  4.276812  3.9   47  -20
2.20699764  0.241888  4.622281  2.8  302    1
2.20702032  0.243339  4.677912  2.8  190   47
2.20707419  0.232224  4.260305  0.6  285  -61
2.20710709  0.227538  4.090093  0.1  188  -29
2.20711042  0.224671  3.987700  0.0    7  -22
2.20710931  0.226914  4.067722  0.4  188  -33
2.20711034  0.224310  3.974901  0.1  188  -34
2.20717348  0.225827  4.028835  2.9  297   46
2.20717353  0.225998  4.034916  2.8  299   49
2.20717202  0.226625  4.057361  3.2  301   54
2.20725775  0.233779  4.317547  0.3  182  -20
2.20727356  0.235282  4.373259  0.4    1  -33
2.20728395  0.235342  4.375486  0.2  196  -50
2.20729127  0.237213  4.445330  0.9  195  -39
2.20735268  0.239148  4.518133  0.5  205   29
2.20739033  0.237636  4.461194  3.3  315   45
2.20739998  0.234941  4.360588  3.5  317    1
2.20739561  0.236114  4.404237  2.6  292   -8
2.20750944  0.236541  4.420177  1.0   66   13
2.20750991  0.237064  4.439748  1.4   66   15
2.20751341  0.234806  4.355587  0.6  186   54
2.20750983  0.235316  4.374517  0.2   21   73
2.20757060  0.236011  4.400401  0.1   69  -53
2.20757208  0.234067  4.328189  0.3  211  -52
2.20761802  0.237216  4.445444  0.4  299  -36
2.20764644  0.238899  4.508730  0.1  170  -69
2.20764878  0.235390  4.377263  0.1  200  -72
2.20769741  0.236747  4.427871  1.0  174  -75
2.20769823  0.238046  4.476625  1.0  333  -64
2.20776334  0.232671  4.276741  0.1  209    6
2.20777264  0.233166  4.294932  1.4   37   41
2.20777857  0.231880  4.247690  0.3   44   44
2.20775791  0.236697  4.426026  0.2  244   18
2.20782489  0.237183  4.444217  2.9   24   37
2.20788697  0.235971  4.398902  3.3  360  -55
2.20794051  0.210728  3.508096  1.0  136   42
2.20793877  0.212465  3.566169  0.0  133   37
2.20793563  0.213206  3.591082  0.4  146   43
2.20800245  0.220337  3.835326  0.3  123   38
2.20800160  0.220119  3.827734  0.1  290   46
2.20800261  0.220987  3.857988  0.3  289   48
2.20807570  0.224742  3.990199  1.7  275   25
2.20808052  0.224615  3.985703  1.0  104   23
2.20808702  0.226605  4.056630  3.2  290   56
2.20814613  0.226458  4.051363  5.8   43   58
2.20814925  0.227468  4.087595  5.5  204   45
2.20819387  0.229933  4.176654  1.0  109   47
2.20819555  0.230856  4.210254  3.2  283   46
2.20827203  0.221924  3.890766  1.1  314  -53
2.20827167  0.221727  3.883857  0.9  313  -51
2.20826793  0.220548  3.842656  1.0  120  -50
2.20827148  0.221779  3.885685  0.8  313  -49
2.20834300  0.228440  4.122606  2.1  191   10
2.20835610  0.227121  4.075129  0.4  188   19
2.20838662  0.224789  3.991865  0.3  290   35
2.20841995  0.229970  4.178005  4.0   23  -54
2.20842916  0.230138  4.184120  4.7  104  -35
2.20847381  0.230690  4.204203  4.7  312  -22
2.20851880  0.231757  4.243190  2.4  201   21
2.20853668  0.225742  4.025798  2.3   65   65
2.20853508  0.226389  4.048901  2.4   82   64
2.20853816  0.225854  4.029808  2.3   65   65
2.20853959  0.228753  4.133912  2.4  222  121
2.20864188  0.223370  3.941626  1.0  177  -67
2.20864680  0.224476  3.980785  1.2  205  -58
2.20864764  0.219944  3.821638  0.1  184  -48
2.20873105  0.226887  4.066723  1.0  304  -19
2.20872815  0.228249  4.115709  2.0  304  -28
2.20873229  0.228003  4.106834  0.1  305  -22
2.20875965  0.231101  4.219212  0.9  205  -28
2.20880531  0.237552  4.458029  3.6  297  -23
2.20883486  0.230141  4.184208  0.8  301  -51
2.20883784  0.231040  4.216982  0.7  107  -51
2.20889878  0.235904  4.396408  0.7   15  -18
2.20890411  0.236065  4.402423  0.0  302  -40
2.20893993  0.239314  4.524441  4.0  199  -18
2.20895514  0.239156  4.518463  3.0   13  -26
2.20901135  0.228177  4.113131  0.2  338   75
2.20901072  0.228563  4.127039  2.4  300   64
2.20905781  0.242287  4.637518  1.4  178   22
2.20906691  0.238027  4.475898  1.3  178   54
2.20910112  0.233069  4.291375  0.3  170   17
2.20910439  0.231665  4.239831  0.1  169   15
2.20913949  0.232951  4.287023  1.8  295  -36
2.20919061  0.229946  4.177148  1.0   18 -106
2.20918711  0.230334  4.191240  1.6   14  -59
2.20922671  0.236413  4.415382  2.0  307   57
2.20923923  0.236875  4.432671  3.1  299  -31
2.20930834  0.231322  4.227292  0.2   49  -46
2.20930313  0.234276  4.335927  0.1  174  -63
2.20934703  0.234939  4.360517  1.6  150  -16
2.20938281  0.235943  4.397867  0.7  101  -45
2.20937482  0.235563  4.383703  1.3    4  -52
2.20938888  0.235618  4.385755  3.4  323  -31
2.20945486  0.232274  4.262152  0.1  303  -62
2.20945805  0.231142  4.220716  0.4   97  -65
2.20949969  0.231538  4.235170  0.2   53  -50
2.20950178  0.227817  4.100135  0.0   63  -47
2.20950647  0.231318  4.227130  1.2  312  -43
2.20955494  0.239464  4.530109  2.2  287 -147
2.20957429  0.241322  4.600670  0.5  194   33
2.20957450  0.242224  4.635112  1.0   18   52
2.20964995  0.243437  4.681680  2.1  167  -75
2.20968174  0.236486  4.418133  0.6  108   60
2.20968525  0.235947  4.398003  0.3   93   64
2.20972437  0.241588  4.610825  0.5  207  -55
2.20971867  0.237845  4.469058  0.2  213  -52
2.20976440  0.237407  4.452623  0.0  309  -67
2.20981974  0.237336  4.449934  1.0   53  -39
2.20982276  0.236709  4.426475  2.6  153   71
2.20984904  0.236523  4.419492  0.6  175   36
2.20989614  0.233838  4.319744  0.2  292   43
2.20989974  0.234672  4.350610  0.2  297   54
2.20994651  0.219968  3.822503  0.1  305   63
2.20994536  0.215662  3.674284  0.0  279   64
2.20999096  0.232575  4.273212  0.4   69   55
2.21001189  0.226490  4.052529  1.0  318   74
2.21004173  0.223317  3.939775  0.3  299   51
2.21004485  0.227531  4.089864  1.3  296   53
2.21012477  0.232174  4.258483  1.2   45  -83
2.21012953  0.231033  4.216715  1.8    6  -53
2.21013184  0.230292  4.189725  3.3  305  -57
2.21020668  0.232600  4.274112  0.9  325   33
2.21021291  0.233167  4.294998  1.6  283   59
2.21020906  0.233449  4.305386  0.7  145   30
2.21026201  0.224503  3.981709  0.6  155  -77
2.21026781  0.221629  3.880424  0.1  105  -60
2.21026792  0.221673  3.881960  0.2  105  -60
2.21032167  0.230993  4.215249  0.5  307  -43
2.21031893  0.228453  4.123057  1.0  104  -43
2.21036508  0.234453  4.342475  0.1  296   27
2.21043047  0.231365  4.228856  0.8  305   33
2.21042091  0.232881  4.284451  1.0  118   31
2.21042451  0.233803  4.318461  1.0  297   35
2.21048700  0.230845  4.209882  1.7   34  -51
2.21048743  0.231941  4.249929  1.7   55  -50
2.21053517  0.226563  4.055124  0.0   71  -45
2.21053439  0.228296  4.117389  0.5  279  -47
2.21058049  0.229435  4.158588  0.0  303  -58
2.21058076  0.227157  4.076422  0.4  306  -50
2.21061998  0.234168  4.331929  0.7  319  -47
2.21062281  0.232737  4.279166  0.3  209  -52
2.21065742  0.239271  4.522783  0.4  283   59
2.21070848  0.241383  4.603005  1.8  298   56
2.21076271  0.232372  4.265738  0.4  221   79
2.21076073  0.233886  4.321522  1.5  176   84
2.21075995  0.228789  4.135226  0.0  291  125
2.21080132  0.236766  4.428595  0.3  251   50
2.21086229  0.233207  4.296466  0.0  102   39
2.21086226  0.232031  4.253219  1.0  102   39
2.21086439  0.237023  4.438206  0.7  127   21
2.21092018  0.234045  4.327388  0.0  170   65
2.21091935  0.230831  4.209367  0.1  307   47
2.21094930  0.239253  4.522129  1.0  204  -38
2.21102170  0.227927  4.104103  0.0  321   21
2.21102411  0.228786  4.135118  0.0  142   14
2.21102335  0.228790  4.135260  0.0  140   16
2.21107574  0.227799  4.099481  0.8   63   65
2.21107990  0.230368  4.192471  2.1  341   58
2.21113189  0.232555  4.272468  1.2  299   61
2.21116247  0.229246  4.151752  0.3  190   17
2.21117183  0.225394  4.013408  0.1  262   47
2.21122490  0.230736  4.205906  0.9  307   52
2.21122594  0.230688  4.204128  0.3  132   47
2.21122792  0.230381  4.192973  1.5  309   43
2.21129450  0.230514  4.197789  1.0  327  -44
2.21128764  0.229213  4.150551  0.3  323  -46
2.21132487  0.235436  4.378983  0.8   38   63
2.21134825  0.233366  4.302334  1.6   58  -49
2.21139864  0.223427  3.943662  0.2  278  -57
2.21140139  0.223992  3.963604  0.2  305  -63
2.21144647  0.235729  4.389891  2.9  322  -39
2.21149049  0.231688  4.240683  1.0   64  -64
2.21149210  0.229188  4.149629  3.3  304  -55
2.21149416  0.230805  4.208410  4.3  316  -50
2.21155589  0.228072  4.109345  1.9  295  -36
2.21156328  0.231074  4.218212  1.4  294  -58
2.21156740  0.230078  4.181937  1.2  150   -9
2.21165280  0.230371  4.192595  7.5  153  -14
2.21165266  0.230570  4.199843  7.1  153  -14
2.21165673  0.230979  4.214766  8.0  154  -13
2.21168590  0.230934  4.213107  2.5   49   56
2.21173601  0.233568  4.309785  0.4   70   53
2.21172371  0.231730  4.242204  0.6   19  -64
2.21180728  0.234493  4.343975  1.0   89  -47
2.21180810  0.234840  4.356827  1.4  285  -38
2.21184546  0.224103  3.967535  0.4   69   67
2.21184462  0.221446  3.874044  0.1  282   42
2.21189218  0.224378  3.977308  0.2   89   59
2.21189036  0.220670  3.846921  0.1  284   53
2.21194434  0.219553  3.808090  0.1  302   50
2.21194708  0.221256  3.867368  0.0  279   62
2.21199340  0.225550  4.018963  0.3   62   56
2.21200000  0.229304  4.153848  0.4   17   52
2.21201147  0.231203  4.222935  2.3  204  -67
2.21209204  0.226763  4.062306  1.0  209   57
2.21209693  0.226419  4.049973  2.6  352   34
2.21209906  0.226305  4.045914  2.3  170   19
2.21216457  0.215024  3.652607  0.2  191    7
2.21216276  0.216884  3.716052  0.1   13   21
2.21217676  0.221898  3.889850  0.1  157   28
2.21222555  0.227647  4.094046  0.0  168  -74
2.21222818  0.228089  4.109949  1.0  187  -62
2.21227395  0.224052  3.965738  0.1  195  -27
2.21227519  0.225439  4.014989  0.1  195  -27
2.21229921  0.230358  4.192111  0.6   31   45
2.21232902  0.229005  4.143003  1.0  127   -3
2.21240053  0.223557  3.948240  0.0  361   88
2.21240232  0.219334  3.800476  0.0   76  100
2.21240240  0.219547  3.807854  0.0  278   74
2.21248646  0.224537  3.982922  1.0  343  -53
2.21248016  0.221115  3.862472  0.3   29  -56
2.21248886  0.222131  3.898040  0.0    5  -62
2.21248662  0.225642  4.022239  0.4  289  -34
2.21257388  0.232119  4.256445  1.1  164  -73
2.21257684  0.233853  4.320277  0.8  196  -80
2.21261061  0.224516  3.982194  0.8  296   43
2.21261274  0.224071  3.966401  0.3   24   46
2.21267026  0.214145  3.622772  0.0  194   53
2.21266794  0.211502  3.533931  0.1   35   68
2.21271792  0.230195  4.186204  0.7   52   62
2.21276168  0.224054  3.965817  1.0   44   56
2.21276205  0.222266  3.902772  0.0   43   54
2.21280682  0.230774  4.207279  0.1   60   64
2.21280840  0.229916  4.176055  0.1   52   57
2.21281396  0.227719  4.096624  0.2   32   55
2.21289165  0.221806  3.886649  1.5  123  -44
2.21288780  0.219416  3.803344  0.5   81  -51
2.21288921  0.217678  3.743316  0.3   89  -52
2.21294609  0.222671  3.917001  0.1  112  -47
2.21298224  0.226637  4.057777  0.1    3  -59
2.21298573  0.222242  3.901938  0.1  198  -60
2.21304252  0.222656  3.916495  0.0   38  -50
2.21304629  0.222958  3.927106  0.0  281 -137
2.21306767  0.223266  3.937961  0.0   47   60
2.21309682  0.233673  4.313659  0.0  208  -49
2.21315190  0.235879  4.395466  0.5  289  -52
2.21315479  0.234184  4.332526  0.1   66  -52
2.21320161  0.225618  4.021380  0.0   68  -50
2.21320383  0.223725  3.954183  0.1   68  -53
2.21325009  0.228718  4.132654  0.0  288  -66
2.21324888  0.226235  4.043387  1.0  191  -74
2.21329977  0.227975  4.105840  0.0   38  -45
2.21333801  0.219923  3.820919  0.0  264   55
2.21333971  0.219386  3.802278  0.1   96   60
2.21333985  0.219647  3.811346  0.3   65   67
2.21339256  0.229996  4.178940  1.8   34   62
2.21342875  0.214443  3.632862  1.8  298   45
2.21348208  0.209833  3.478371  0.1  117   50
2.21348295  0.211346  3.528695  0.1  119   55
2.21348145  0.210678  3.506440  0.1   94   55
2.21352694  0.227607  4.092575  3.1   10  -52
2.21354341  0.223529  3.947239  0.2  173   49
2.21358225  0.227870  4.102047  3.1  314   47
2.21362385  0.221921  3.890651  4.6  197   36
2.21363810  0.220113  3.827512  5.0  304   52
2.21363196  0.218757  3.780526  4.7  183   29
2.21365944  0.219544  3.807778  1.0   96  -57
2.21371350  0.219230  3.796877  1.6  140  -39
2.21371398  0.218751  3.780311  1.3  320 -139
2.21375791  0.217564  3.739408  1.0  302  -58
2.21375972  0.220681  3.847325  0.9  295  -44
2.21378882  0.221866  3.888722  0.2  290   51
2.21378384  0.227660  4.094513  0.8   30   39
2.21384604  0.228443  4.122725  0.9  298  -42
2.21394026  0.224552  3.983471  0.2   97   16
2.21393808  0.222159  3.899022  1.2  271   15
2.21392454  0.220358  3.836046  0.3   58  -53
2.21394494  0.221470  3.874885  0.5   96   20
2.21394230  0.221366  3.871227  0.5  270   17
2.21395721  0.222837  3.922838  0.5  258   35
2.21397707  0.227351  4.083372  6.9  325  -46
2.21409630  0.224254  3.972896  3.9   91   56
2.21409199  0.221090  3.861567  1.9  102   32
2.21409604  0.222774  3.920643  0.0  113   32
2.21412399  0.227136  4.075678  0.6  114  -31
2.21415313  0.226105  4.038754  1.5   33   82
2.21424542  0.228406  4.121392  0.0  246 -113
2.21423978  0.222545  3.912567  0.0  270  -64
2.21425004  0.225496  4.017043  0.2  293  -58
2.21427450  0.226571  4.055426  1.9  271   33
2.21431791  0.226639  4.057862  1.0   42  -51
2.21432350  0.224661  3.987326  0.2   56  -60
2.21432507  0.220961  3.857062  0.3  244  -68
2.21440960  0.219742  3.814636  0.9   79   61
2.21441051  0.217934  3.752109  1.0  208   50
2.21441032  0.218471  3.770648  0.6   45   61
2.21446077  0.219820  3.817341  0.1  106   51
2.21446279  0.222700  3.918019  1.1  281   51
2.21451265  0.225785  4.027346  0.3   53   52
2.21458167  0.222596  3.914381  1.0  277   -1
2.21458328  0.221629  3.880448  5.9   97   -0
2.21456517  0.219651  3.811490  0.0   27   51
2.21458633  0.221315  3.869429  4.9   95   -4
2.21459833  0.223174  3.934711  4.8   94  -10
2.21468882  0.229043  4.144380  2.0  144  -37
2.21467190  0.222665  3.916801  0.1  282   44
2.21473168  0.222828  3.922521  0.2  211   61
2.21472953  0.217566  3.739454  0.3  274   42
2.21477809  0.219033  3.790061  1.9  310   44
2.21477642  0.218087  3.757378  0.5  290   52
2.21483605  0.223971  3.962874  1.0  193   30
2.21485032  0.224736  3.990012  0.2  176  -61
2.21487640  0.227808  4.099837  1.7  300   50
2.21493309  0.227280  4.080845  2.1    6  -14
2.21494395  0.218550  3.773349  0.0  196  -19
2.21494676  0.222895  3.924908  1.6  316  -40
2.21499961  0.226637  4.057768  0.5   44  -50
2.21500276  0.226340  4.047158  0.2   60  -61
2.21505815  0.203216  3.262448  0.0   57  -65
2.21505909  0.203568  3.273767  0.0  283  -67
2.21505790  0.206965  3.383916  0.1  279  -63
2.21506493  0.216086  3.688747  0.2  280  -36
2.21506197  0.214910  3.648712  0.1   74  -52
2.21515270  0.228476  4.123891  0.0  318  -68
2.21520123  0.236383  4.414293  2.3  294  -54
2.21523021  0.234224  4.334011  2.9  196   59
2.21524993  0.232489  4.270054  2.9  280  -45
2.21526249  0.228620  4.129107  0.0  279  -24
2.21526903  0.228318  4.118209  1.0  279  -22
2.21533221  0.231931  4.249569  0.4   81   72
2.21534279  0.234680  4.350898  0.3   46   63
2.21534014  0.239446  4.529430  0.1   47   50
2.21540939  0.233096  4.292359  1.9  188  -49
2.21544393  0.229466  4.159724  0.2  195   31
2.21545013  0.230375  4.192724  0.2  190   20
2.21550484  0.227416  4.085716  3.9  174  -50
2.21550832  0.223707  3.953535  3.2    8  -41
2.21551440  0.226834  4.064848  3.0  206  -57
2.21555189  0.233395  4.303367  0.5  292   52
2.21561021  0.237300  4.448598  2.8  188   46
2.21562521  0.234322  4.337636  0.2  308  -53
2.21562342  0.234904  4.359229  0.9  104  -55
2.21567221  0.229931  4.176588  0.3   39  -58
2.21572224  0.230871  4.210806  0.8  236  -81
2.21572203  0.221029  3.859469  0.6  196  -70
2.21572210  0.220182  3.829919  0.3  195  -70
2.21577627  0.237770  4.466223  0.1  262   18
2.21582879  0.230736  4.205906  0.8   55   44
2.21583270  0.224203  3.971090  0.1   44   43
2.21583835  0.225210  4.006859  1.0   38   45
2.21588686  0.230590  4.200580  0.8  290   28
2.21591900  0.230474  4.196348  1.1  329  -41
2.21592745  0.229518  4.161600  1.0  325  -37
2.21597392  0.225234  4.007689  0.0  201   32
2.21598608  0.227511  4.089143  1.0    6   13
2.21598367  0.224662  3.987358  0.0   35   55
2.21598539  0.224530  3.982675  0.1   22   50
2.21606527  0.235888  4.395825  0.6  192  -55
2.21610867  0.234351  4.338705  7.8  280   11
2.21611078  0.229203  4.150176  6.2  298   33
2.21615902  0.225115  4.003472  2.6   15  -37
2.21616388  0.223249  3.937379  1.0   73   60
2.21616496  0.223620  3.950472  3.4  271   64
2.21613262  0.234916  4.359672  7.4  102   15
2.21626870  0.230828  4.209238  0.0  114   31
2.21626880  0.231315  4.227014  0.1  113   32
2.21626922  0.231064  4.217856  0.2  288   39
2.21631749  0.233506  4.307484  2.9  298   50
2.21637735  0.233191  4.295857  1.1  282   44
2.21636874  0.232592  4.273826  0.4  189   39
2.21641548  0.232618  4.274766  2.3  202   27
2.21641873  0.229027  4.143821  3.0  188   34
2.21642361  0.232289  4.262707  1.0  181   20
2.21647378  0.226222  4.042936  0.4  287   60
2.21649019  0.228850  4.137429  1.7  299   25
2.21648908  0.228082  4.109695  2.1  299   23
2.21654059  0.231189  4.222431  1.3   16  -50
2.21662489  0.228128  4.111337  1.0   90  -11
2.21660617  0.226074  4.037652  0.0  287  -37
2.21664497  0.223045  3.930180  3.3  283   -5
2.21665348  0.210445  3.498671  0.0  308  -41
2.21665429  0.212121  3.554645  0.9  304  -38
2.21665556  0.209418  3.464601  0.0  109  -37
2.21675316  0.228431  4.122270  0.8  278  -63
2.21675286  0.219770  3.815625  0.0   63  -49
2.21679718  0.224140  3.968872  0.1  291  -54
2.21679860  0.223163  3.934342  0.0  288  -50
2.21683376  0.237656  4.461956  2.5  317  -33
2.21691706  0.237050  4.439220  3.5  299   43
2.21690628  0.232658  4.276251  0.4  203  -37
2.21691768  0.236804  4.429996  3.0  298   46
2.21694723  0.239929  4.547712  1.9  190   31
2.21699001  0.235474  4.380397  0.1  193   26
2.21699637  0.233386  4.303068  0.0  193   15
2.21704190  0.238471  4.492602  1.0  275   40
2.21705984  0.237598  4.459757  0.4   52  -50
2.21709771  0.231648  4.239196  0.1  243  -71
2.21710268  0.233122  4.293305  0.1   49  -62
2.21710215  0.233545  4.308920  0.1   52  -59
2.21718858  0.229825  4.172754  0.3  285   50
2.21719470  0.229247  4.151773  0.5   75   64
2.21719610  0.231779  4.244003  0.8   66   62
2.21719288  0.229805  4.172029  0.5  239   59
2.21723803  0.231952  4.250328  5.1  192   -2
2.21728892  0.229224  4.150957  0.1  301   65
2.21729297  0.233155  4.294550  1.2  277   75
2.21737806  0.231717  4.241739  0.3   46  -85
2.21737586  0.230686  4.204062  1.8  339  -56
2.21738881  0.229757  4.170292  4.4  190  -17
2.21738678  0.229566  4.163348  4.6   10  -14
2.21745699  0.232281  4.262391  0.9  305   48
2.21745741  0.235159  4.368664  1.0  288   62
2.21751938  0.229929  4.176507  2.2  313  -41
2.21752712  0.228897  4.139112  0.5  293  -46
2.21753761  0.229949  4.177243  1.6  360   -6
2.21760134  0.231309  4.226793  0.9  328   55
2.21760225  0.233653  4.312888  2.6  305   62
2.21761578  0.232758  4.279937  4.3  189    4
2.21769046  0.230663  4.203228  1.2  126  -70
2.21769292  0.231307  4.226741  2.3  320  -51
2.21770714  0.228845  4.137224  0.7  170  -80
2.21769969  0.227622  4.093138  0.0  331  -34
2.21778462  0.225456  4.015599  0.5  292  -59
2.21778540  0.220562  3.843168  1.0  166  -56
2.21778606  0.217599  3.740613  0.1  327  -63
2.21782836  0.234759  4.353828  1.2  311  -54
2.21788319  0.231874  4.247479  0.1  361   83
2.21785576  0.232731  4.278939  1.8  118  -27
2.21784795  0.233636  4.312293  2.4  124  -30
2.21790862  0.238245  4.484092  0.2  282   62
2.21798391  0.227720  4.096656  0.5   92   70
2.21798759  0.225064  4.001654  1.0   54   73
2.21799559  0.232044  4.253709  0.1   12   62
2.21803799  0.234409  4.340860  0.1  300   69
2.21807342  0.241527  4.608505  4.5  300   40
2.21811550  0.229766  4.170610  0.2  207   34
2.21812368  0.230335  4.191272  0.4  199   33
2.21816977  0.223526  3.947143  0.2   30  -44
2.21817515  0.223185  3.935116  0.0   39  -44
2.21821146  0.236472  4.417611  0.4  297  -37
2.21821011  0.237655  4.461930  1.5  310  -35
2.21827909  0.239121  4.517112  0.3  296  -49
2.21829943  0.232769  4.280325  1.1   27  -55
2.21830346  0.234912  4.359522  0.5  267  -80
2.21830549  0.235973  4.398965  1.0  222  -70
2.21835132  0.236472  4.417595  0.1  101  -40
2.21838666  0.237140  4.442604  0.0  182   58
2.21840786  0.234640  4.349435  0.0  190   13
2.21845259  0.235037  4.364156  0.1  195   67
2.21846308  0.235114  4.367003  0.3  159   37
2.21849171  0.234253  4.335095  0.1   70   80
2.21849703  0.235819  4.393236  0.8  278   73
2.21854989  0.235398  4.377569  2.7  284   10
2.21859266  0.235574  4.384113  3.2  203   38
2.21859823  0.235081  4.365773  4.0  198   35
2.21862415  0.235951  4.398160  6.4  190    5
2.21862486  0.236525  4.419566  6.4  192    4
2.21867939  0.236632  4.423583  0.0  177  -52
2.21871728  0.233215  4.296737  0.0   14  -63
2.21871740  0.231327  4.227458  1.3   14  -63
2.21872011  0.231944  4.250032  0.6  284  -43
2.21879029  0.230538  4.198667  1.3   45  -69
2.21879339  0.230556  4.199342  0.7   71  -62
2.21878938  0.234848  4.357149  0.7  213  -59
2.21884729  0.235338  4.375327  0.1  338   21
2.21888509  0.234167  4.331895  0.0  293   74
2.21891601  0.235344  4.375545  0.0  110   38
2.21894939  0.231332  4.227632  0.4  301  -61
2.21894789  0.234311  4.337231  3.0  318 -103
2.21898967  0.235709  4.389146  2.6  298  -50
2.21900088  0.236496  4.418502  1.5  315  -55
2.21905181  0.235758  4.390955  3.5  214   52
2.21909367  0.229598  4.164514  0.1  297  -52
2.21909514  0.229232  4.151252  0.5   51  -47
2.21909619  0.229148  4.148194  0.1  304  -51
2.21915462  0.236500  4.418663  1.2  296   12
2.21917209  0.234695  4.351442  0.9  307  -24
2.21920243  0.227887  4.102652  1.0  281   15
2.21920360  0.227636  4.093642  0.6  282   15
2.21925691  0.229000  4.142842  0.6  357  -49
2.21925271  0.228409  4.121498  0.1  335  -49
2.21934581  0.234490  4.343847  3.7  199   19
2.21934583  0.231629  4.238497  1.0  195   44
2.21938791  0.229214  4.150602  0.1  108   16
2.21939073  0.230620  4.201664  0.2  291   27
2.21939537  0.230555  4.199304  0.4  115   24
2.21944194  0.235463  4.379965  0.9  299   58
2.21946289  0.234918  4.359720  2.3   17   54
2.21949880  0.226061  4.037186  1.7  310   57
2.21954034  0.221606  3.879643  1.7  281   61
2.21954263  0.218538  3.772951  0.5  282   56
2.21954643  0.218051  3.756164  0.3  290   52
2.21961639  0.231361  4.228717  3.9  207   21
2.21961092  0.229606  4.164790  0.0   68   51
2.21962394  0.231971  4.251033  3.5  199   16
2.21968014  0.236008  4.400275  4.7   43   38
2.21970460  0.232969  4.287703  3.8    4   -9
2.21972615  0.220029  3.824594  0.9  302  -51
2.21972630  0.220064  3.825829  0.5  302  -51
2.21977717  0.233807  4.318579  4.1   15    1
2.21979717  0.234189  4.332730  2.5  173  -28
2.21983048  0.234255  4.335166  1.0  342  -35
2.21984950  0.230190  4.186015  0.6  283   35
2.21989559  0.229685  4.167662  0.2  213   52
2.21992340  0.231014  4.216042  2.3  307  -49
2.21993684  0.230699  4.204538  1.6  178  -47
2.21999048  0.227650  4.094151  0.2  120   37
2.21998681  0.228670  4.130923  0.6  301   46
2.22000441  0.225282  4.009417  1.1  178   21
2.22007782  0.227646  4.093979  1.6  194   45
2.22006758  0.223836  3.958092  1.0  102   37
2.22009150  0.224477  3.980804  0.4  181   39
2.22008995  0.225643  4.022274  0.5  180   40
2.22017764  0.224055  3.965856  0.4  128  -44
2.22018443  0.217915  3.751455  0.1   35  -36
2.22018542  0.219861  3.818776  0.1   36  -35
2.22018895  0.221479  3.875200  0.1  195  -53
2.22026265  0.229573  4.163615  0.0  163  -49
2.22026189  0.230167  4.185174  0.2  333  -40
2.22032704  0.233822  4.319154  1.6  331  -42
2.22032937  0.227685  4.095401  1.1  107  -27
2.22032801  0.229131  4.147579  3.5  309  -43
2.22039617  0.224082  3.966810  1.5  300  -26
2.22039787  0.224017  3.964511  0.0  301  -28
2.22039784  0.219328  3.800275  2.3  326  -27
2.22047064  0.235264  4.372584  1.9  182   42
2.22050357  0.233256  4.298245  1.3  320   48
2.22050755  0.232650  4.275952  0.4  316   54
2.22055765  0.231684  4.240522  2.0   11  -23
2.22056377  0.230343  4.191580  1.8   14  -22
2.22056162  0.231676  4.240219  0.4  272   66
2.22062603  0.233801  4.318378  0.4  303   35
2.22065060  0.233381  4.302860  0.9   44  -10
2.22065127  0.231605  4.237642  0.6   20  -21
2.22068331  0.235406  4.377853  0.4  307  -51
2.22071051  0.231067  4.217974  0.1   28   49
2.22077274  0.233412  4.303994  1.0  105   66
2.22079538  0.228770  4.134520  0.0   64  -14
2.22082741  0.225731  4.025394  1.0  219   62
2.22083174  0.226373  4.048324  1.0  360   54
2.22083504  0.229195  4.149886  0.9  185   38
2.22086246  0.234121  4.330211  0.0   64  -27
2.22095937  0.233939  4.323487  1.6  357  -70
2.22095719  0.229369  4.156190  1.1   36  -59
2.22095681  0.227175  4.077064  0.8  302  -58
2.22095821  0.231586  4.236952  1.0   19  -55
2.22101473  0.229882  4.174797  0.1  188   61
2.22101610  0.230947  4.213571  0.0  164   63
2.22108174  0.234490  4.343845  3.5  313   37
2.22108470  0.231529  4.234854  1.1  150   47
2.22110011  0.235666  4.387551  2.4  182   57
2.22115646  0.240734  4.578273  1.2  180  -40
2.22118195  0.239821  4.543598  2.3  176   43
2.22121834  0.230022  4.179906  0.4  288  -51
2.22124276  0.229813  4.172292  0.5  208   25
2.22124805  0.220700  3.847975  0.0  240    2
2.22125244  0.222681  3.917364  1.0  242    4
2.22126565  0.230345  4.191653  0.0  100  -73
2.22133449  0.233139  4.293950  0.0  105   33
2.22132564  0.232853  4.283404  0.0   22  128
2.22141077  0.223692  3.952998  0.0   18  -40
2.22141233  0.224585  3.984643  0.8   20  -43
2.22141123  0.224288  3.974115  0.1   19  -43
2.22141492  0.225419  4.014289  1.7  213  -50
2.22149150  0.227142  4.075872  2.2  307   21
2.22149248  0.227595  4.092170  1.5  306   33
2.22156899  0.220827  3.852407  1.9  305   51
2.22156864  0.220583  3.843886  2.0  305   50
2.22156873  0.221171  3.864403  2.4  141   36
2.22157233  0.218625  3.775969  0.1  145   20
2.22166525  0.229809  4.172165  2.6  228   53
2.22166865  0.229684  4.167642  0.7  200   54
2.22166760  0.229791  4.171509  1.9   35   64
2.22171381  0.229857  4.173900  6.1  307   48
2.22175827  0.231981  4.251384  0.8  294  -46
2.22180138  0.227632  4.093487  1.0   15  -22
2.22179449  0.225881  4.030751  1.6   49  -16
2.22180958  0.224206  3.971193  0.2  317  -58
2.22185534  0.230585  4.200373  0.1  173  -50
2.22185814  0.231683  4.240499  0.1  191  -59
2.22188969  0.233839  4.319771  6.1  133   34
2.22194343  0.232498  4.270379  1.7  304  -58
2.22194594  0.231487  4.233325  0.6  283  -56
2.22196336  0.234650  4.349773  2.8  165   18
2.22200814  0.234871  4.357981  2.1  287   48
2.22201089  0.235327  4.374929  1.2  282   52
2.22203092  0.238255  4.484453  3.7  201  -61
2.22206417  0.236790  4.429482  0.1  157   23
2.22214534  0.233647  4.312678  3.6  195   37
2.22214995  0.232881  4.284468  3.0  195   33
2.22217060  0.231513  4.234268  3.7  189   15
2.22217557  0.230997  4.215403  1.0  188    9
2.22221627  0.233244  4.297802  6.5  306  -49
2.22225040  0.232612  4.274576  0.0  176   46
2.22226153  0.227921  4.103908  1.0  183   50
2.22232544  0.225357  4.012093  2.4  242  102
2.22233199  0.221810  3.886767  0.4  177   58
2.22232862  0.223742  3.954776  2.4   31   68
2.22241654  0.227625  4.093255  2.6  178  -13
2.22242567  0.227394  4.084944  4.0  181  -24
2.22242338  0.227297  4.081445  2.1    2  -12
2.22243162  0.229967  4.177910  2.7  358  -14
2.22249139  0.234101  4.329452  2.8  358   17
2.22249646  0.232349  4.264912  0.0  298   15
2.22249462  0.232632  4.275296  3.5  197  -11
2.22258706  0.236242  4.409020  1.8  166  -55
2.22258758  0.233443  4.305160  1.0  322  -23
2.22258186  0.230631  4.202073  1.2  137  -30
2.22264687  0.230287  4.189524  4.8  189   -9
2.22265914  0.230286  4.189494  4.4  133  -30
2.22272573  0.222850  3.923303  1.2  312   52
2.22272443  0.223454  3.944619  0.9  305   54
2.22272634  0.222535  3.912240  0.5  314   51
2.22282266  0.228420  4.121894  2.9  195  -38
2.22283737  0.228092  4.110045  0.8  240  -37
2.22284524  0.226764  4.062317  1.0  239  -31
2.22283589  0.225804  4.028004  0.0  192  -42
2.22283819  0.226193  4.041882  2.5  209  -40
2.22290153  0.233346  4.301582  0.8  172   -9
2.22294437  0.230990  4.215146  0.6   87  -55
2.22294611  0.229312  4.154127  0.2   99  -56
2.22299618  0.218599  3.775050  0.1  275  -38
2.22299262  0.222924  3.925927  1.1  274  -38
2.22299306  0.219811  3.817026  0.1  272  -39
2.22306842  0.229055  4.144841  1.3  105  -23
2.22306825  0.229376  4.156447  1.7  105  -23
2.22309297  0.235223  4.371073  0.3   35   90
2.22313573  0.235522  4.382174  2.2   19  -42
2.22314044  0.234127  4.330414  1.9  208  -47
2.22314172  0.240502  4.569437  2.8  269  -18
2.22323729  0.239011  4.512956  3.2  309  -14
2.22325411  0.234116  4.330022  0.8   42  -55
2.22327609  0.238785  4.504441  3.9  312   30
2.22328358  0.238841  4.506547  4.2  312   24
2.22335231  0.229962  4.177704  0.7  283   65
2.22335199  0.229301  4.153736  1.0   64  118
2.22335107  0.228906  4.139427  0.7   45   63
2.22340195  0.244332  4.716138  0.6   12   22
2.22344890  0.237280  4.447854  2.1  116    0
2.22344246  0.233315  4.300437  0.3   46   56
2.22350178  0.230493  4.197053  0.1  314   66
2.22353176  0.228660  4.130540  0.0  269  -88
2.22352952  0.229022  4.143626  0.2   69  -94
2.22353068  0.229040  4.144277  0.1  213  -88
2.22362959  0.236614  4.422911  0.5  275  -26
2.22363783  0.231233  4.224017  0.1   59  -63
2.22363019  0.232580  4.273376  0.0   46  -56
2.22363241  0.233085  4.291960  0.3   91  -31
2.22371468  0.235096  4.366358  0.0  172  -75
2.22371828  0.234289  4.336430  0.4  304  -59
2.22371667  0.233307  4.300152  0.0  332  -57
2.22377355  0.239310  4.524279  1.0   26  -39
2.22377354  0.238425  4.490853  0.6  206  -53
2.22386385  0.231220  4.223544  1.0  107   48
2.22386159  0.223322  3.939938  0.1  284   43
2.22386478  0.226476  4.052032  0.1  283   45
2.22387315  0.233815  4.318903  0.0   30   37
2.22391154  0.238394  4.489712  1.3  201   -2
2.22397335  0.228491  4.124443  0.1  298   46
2.22403339  0.226956  4.069209  0.2  283   22
2.22403319  0.226406  4.049530  0.3  281   27
2.22402240  0.225174  4.005578  0.4   41   68
2.22402615  0.224827  3.993233  0.3   20   68
2.22407079  0.238954  4.510827  3.5  205  -36
2.22412473  0.233187  4.295701  0.7  293   47
2.22412428  0.231368  4.228957  0.4  296   40
2.22420240  0.229440  4.158785  0.7  203   46
2.22419444  0.229113  4.146930  0.1  307  -58
2.22419329  0.224045  3.965494  0.2  305  -46
2.22426872  0.225200  4.006477  0.1  195   26
2.22426855  0.224778  3.991493  0.0  196   27
2.22427046  0.224746  3.990336  0.1  197   27
2.22435532  0.218167  3.760139  5.7  302   47
2.22435583  0.218161  3.759932  6.0  298   43
2.22435424  0.218281  3.764083  1.0  124   39
2.22436487  0.227764  4.098253  2.5  253   66
2.22443731  0.231086  4.218658  3.3   95  -56
2.22446369  0.230465  4.196006  2.2  307  -42
2.22446896  0.228711  4.132391  1.5  310  -44
2.22453566  0.220626  3.845390  0.3   25  -50
2.22453408  0.224475  3.980736  0.3  208  -54
2.22453510  0.224470  3.980560  1.5  109   66
2.22458237  0.228869  4.138099  2.6  170  -72
2.22464738  0.231209  4.223138  3.0  196   54
2.22465306  0.230781  4.207543  2.5   20   50
2.22468132  0.227196  4.077815  2.0   54   67
2.22470733  0.227213  4.078428  2.0   53  -48
2.22469695  0.227165  4.076719  0.7   37   61
2.22470434  0.226970  4.069709  4.2  300  -55
2.22475320  0.233403  4.303665  0.1  198  -32
2.22479333  0.234305  4.337016  1.9  293   45
2.22486024  0.228969  4.141732  0.8  288  -47
2.22486120  0.228908  4.139503  1.6  287  -45
2.22485218  0.229917  4.176085  1.0  151   61
2.22491746  0.229678  4.167400  1.0  254  -56
2.22491982  0.231145  4.220812  0.3   58  -48
2.22496539  0.232122  4.256552  1.4  276  -62
2.22496631  0.229958  4.177590  1.4   69  -60
2.22501619  0.228113  4.110814  2.1  101  -44
2.22502177  0.226540  4.054297  0.1  298  -34
2.22506810  0.241911  4.623141  0.0  203   35
2.22511737  0.238594  4.497223  1.0  345   48
2.22512486  0.238032  4.476081  0.9  290  -20
2.22514424  0.233523  4.308119  4.2  295   37
2.22518069  0.228426  4.122095  1.0   32  -29
2.22519100  0.229405  4.157519  0.1  181  -54
2.22519933  0.232304  4.263257  0.4  299  -66
2.22526277  0.232608  4.274407  0.0  351   64
2.22527864  0.228242  4.115462  0.9  295   55
2.22528108  0.229657  4.166663  0.7  107   57
2.22536744  0.218000  3.754401  2.3  303   41
2.22536704  0.217959  3.752986  2.2  302   41
2.22536759  0.218998  3.788859  3.7  304   41
2.22536937  0.218261  3.763406  2.6  131   36
2.22545896  0.221941  3.891360  0.8  206  -25
2.22546025  0.221872  3.888965  0.7  205  -27
2.22545940  0.222152  3.898761  0.2  206  -24
2.22548222  0.223992  3.963606  0.3  205  -43
2.22553311  0.226043  4.036526  0.0  181  -11
2.22553487  0.227077  4.073551  0.2  324  -26
2.22560939  0.232659  4.276281  0.0  126   55
2.22562277  0.234750  4.353492  0.4  111  -43
2.22564604  0.234596  4.347786  0.9   49  -81
2.22565258  0.231227  4.223803  1.1   71  -61
2.22569608  0.230514  4.197793  0.4  311  -51
2.22569660  0.231423  4.230964  1.0  310  -51
2.22574715  0.237708  4.463899  0.4  188  -73
2.22581277  0.230845  4.209858  0.9  170  -58
2.22581228  0.232487  4.269981  0.3  171  -58
2.22581377  0.231483  4.233183  0.4  182  -59
2.22586559  0.235784  4.391929  0.6  194  -65
2.22586085  0.236570  4.421248  0.1  310  -50
2.22589407  0.236681  4.425419  0.1  352   64
2.22594725  0.240999  4.588347  0.1  297  -41
2.22596531  0.234824  4.356247  0.1  245  -50
2.22601529  0.225855  4.029819  0.5  273  -52
2.22601673  0.228043  4.108284  0.3  290  -59
2.22601447  0.228511  4.125181  0.3  289  -45
2.22601430  0.231266  4.225243  1.1  298  -23
2.22610773  0.236245  4.409108  0.1  199   71
2.22614932  0.231131  4.220290  0.1  115   41
2.22614978  0.230126  4.183679  0.2  293   54
2.22614864  0.232331  4.264255  0.2  146   46
2.22621749  0.235644  4.386711  0.0  176  -62
2.22624695  0.226967  4.069625  0.7   73   84
2.22624358  0.225003  3.999478  1.1   48   61
2.22629771  0.222415  3.908009  0.0  287   63
2.22629731  0.222597  3.914411  0.3  285   62
2.22629736  0.225010  3.999733  1.0  287   61
2.22638076  0.234209  4.333468  1.0  117   36
2.22639236  0.222320  3.904665  0.2  195   40
2.22639400  0.222604  3.914651  0.2  194   38
2.22645644  0.222476  3.910158  0.7  289   57
2.22647742  0.222528  3.911974  0.0   28  -56
2.22651295  0.223807  3.957063  0.2  130   60
2.22651910  0.224016  3.964475  0.2  180   52
2.22652607  0.221094  3.861730  0.0  169   41
2.22657100  0.224711  3.989109  0.0  183  -65
2.22657422  0.228259  4.116089  0.6  186  -64
2.22663344  0.227805  4.099723  0.0   45  -79
2.22668207  0.220199  3.830537  0.2   10  -46
2.22668361  0.220272  3.833059  0.5  186  -50
2.22668194  0.219385  3.802247  0.4  191  -59
2.22673813  0.230003  4.179221  3.1  287  -56
2.22674334  0.228701  4.132011  3.4  307  -55
2.22678370  0.231556  4.235850  0.0  272   52
2.22678945  0.231724  4.241974  2.2  166  -65
2.22683098  0.234647  4.349661  0.4  201  -60
2.22688716  0.227576  4.091463  0.0  110   65
2.22688578  0.225011  3.999770  0.4   65  -53
2.22688561  0.221985  3.892913  0.2   87  -50
2.22694309  0.233195  4.296002  1.0  350   24
2.22694272  0.233563  4.309567  0.4  172   10
2.22703370  0.229007  4.143093  0.0    5  -78
2.22702677  0.235660  4.387301  0.7    6  -55
2.22703013  0.234739  4.353088  1.4  189  -76
2.22710368  0.232461  4.268997  1.6  177  -14
2.22710409  0.233558  4.309391  1.3  177  -13
2.22712360  0.234580  4.347197  0.0  247  -28
2.22716984  0.237163  4.443443  1.8  349  -50
2.22716455  0.231850  4.246605  0.0   51  -51
2.22718467  0.232158  4.257901  0.0  259   41
2.22725556  0.233481  4.306550  0.1  298  -56
2.22726008  0.232269  4.261954  0.2  298  -55
2.22728191  0.230413  4.194112  0.5  293   43
2.22733138  0.226224  4.043015  0.8  288   48
2.22733117  0.225514  4.017684  0.3  286   48
2.22734387  0.234914  4.359574  0.8   27   48
2.22738666  0.231216  4.223416  0.7  283   62
2.22741745  0.228785  4.135079  0.0  192  -67
2.22741713  0.228139  4.111763  0.0  204  -64
2.22748894  0.234372  4.339498  1.0  304   27
2.22750791  0.227111  4.074760  0.6   33  -55
2.22751233  0.229606  4.164803  1.5   60  -66
2.22756387  0.228857  4.137662  3.1  278  -62
2.22756207  0.230654  4.202884  3.2  213  -73
2.22759950  0.228470  4.123686  0.1  185   42
2.22761947  0.230455  4.195635  0.1   77   63
2.22766798  0.233086  4.292012  2.6  226   52
2.22766338  0.234483  4.343616  3.0  277   52
2.22770522  0.235751  4.390701  2.1    7   39
2.22771117  0.233559  4.309423  0.8  162   33
2.22777264  0.231472  4.232754  0.6  159  -73
2.22776850  0.230367  4.192441  0.4   36   31
2.22782576  0.222537  3.912296  0.5   36  -46
2.22782366  0.220195  3.830388  0.1  217  -55
2.22783201  0.224440  3.979493  0.6   35  -44
2.22789710  0.230338  4.191377  0.1   16  -75
2.22790082  0.231250  4.224643  0.1  293  -34
2.22794703  0.236841  4.431415  0.4  301  -47
2.22795980  0.233600  4.310960  1.1  293   46
2.22802084  0.220002  3.823678  0.4  126   58
2.22801920  0.219895  3.819950  0.7  299   79
2.22801923  0.218889  3.785065  0.2  302   64
2.22807971  0.228258  4.116038  0.4  199   56
2.22807862  0.226896  4.067065  0.1   49   65
2.22811116  0.239612  4.535717  1.7   40   27
2.22816569  0.231427  4.231135  0.2  218   41
2.22822274  0.220714  3.848469  0.0  130   45
2.22822354  0.219210  3.796182  0.0  297   48
2.22822435  0.220774  3.850547  0.3  296   51
2.22823773  0.234179  4.332354  0.1   67   -4
2.22828260  0.231235  4.224105  2.2   37   66
2.22833368  0.234282  4.336160  1.0  132   47
2.22834068  0.231727  4.242106  2.4  173   30
2.22835900  0.231167  4.221607  0.4  350  -24
2.22840353  0.225525  4.018051  0.3  296  -55
2.22840318  0.227718  4.096601  1.4   63  -65
2.22846064  0.226792  4.063347  1.5  165  -82
2.22846388  0.227359  4.083673  3.2  312  -55
2.22846364  0.224761  3.990868  2.1  130  -53
2.22851207  0.226768  4.062478  0.1   20  -24
2.22853672  0.231505  4.233967  0.3  154   46
2.22856368  0.235126  4.367465  2.1  309  -36
2.22861709  0.225621  4.021471  1.5  283  -62
2.22861849  0.222949  3.926809  1.0  106  -58
2.22862012  0.227532  4.089902  3.4  129  -54
2.22866094  0.229335  4.154955  0.7  214  -53
2.22871691  0.233393  4.303305  1.0  297  -47
2.22871709  0.231605  4.237611  0.2  117  -51
2.22875651  0.233833  4.319541  0.3  120   30
2.22876712  0.230426  4.194591  0.2  118  -48
2.22877651  0.233051  4.290703  2.3   64   -6
2.22879319  0.237180  4.444105  2.0  194  -35
2.22886856  0.240877  4.583718  0.2  199  -83
2.22889365  0.234598  4.347847  3.1  193    1
2.22893354  0.232450  4.268610  4.2  185   -9
2.22893612  0.233560  4.309464  0.1   84  -68
2.22896322  0.233738  4.316043  2.1  348   41
2.22900172  0.227119  4.075044  1.0  113   54
2.22901674  0.232521  4.271216  0.1  291   64
2.22905174  0.231879  4.247647  1.0   77   36
2.22905629  0.233628  4.311985  1.0   63    6
2.22909968  0.237065  4.439786  2.1   51   36
2.22914458  0.228036  4.108028  0.2  293  -62
2.22916973  0.224569  3.984050  2.2  315   33
2.22917146  0.223391  3.942377  1.0  315   24
2.22919104  0.233511  4.307663  1.0   75    0
2.22922025  0.228253  4.115842  0.1  335  -55
2.22928517  0.230103  4.182856  0.1  297  -59
2.22928521  0.232248  4.261178  0.0  306  -59
2.22928651  0.230611  4.201321  0.5  326  -65
2.22934982  0.219711  3.813547  0.0   13  -41
2.22935003  0.216949  3.718274  0.0   14  -38
2.22938777  0.234983  4.362162  0.2   73  -74
2.22944214  0.234168  4.331927  1.0   22  -36
2.22944511  0.233629  4.312018  0.8  197  -56
2.22945332  0.236548  4.420440  0.5   35  -23
2.22948848  0.239909  4.546946  0.1   52  -55
2.22952699  0.237596  4.459714  0.0  307  -56
2.22954610  0.237716  4.464199  0.3  298  -49
2.22958983  0.235218  4.370882  0.0    6   70
2.22959238  0.234757  4.353740  0.3   36   67
2.22963888  0.239883  4.545964  0.0  185   71
2.22965138  0.237208  4.445131  0.8  204   42
2.22970287  0.234711  4.352039  0.0  203   17
2.22971437  0.233523  4.308097  0.0  297   55
2.22970976  0.234596  4.347791  0.0  290   49
2.22975049  0.230807  4.208466  0.3  215  -59
2.22980328  0.242612  4.650002  0.4   45  -52
2.22979236  0.237105  4.441270  1.2   20   48
2.22984854  0.231929  4.249482  0.0  288  -72
2.22985039  0.236300  4.411189  0.2  321  -58
2.22987596  0.239363  4.526275  3.7   27    5
2.22993167  0.231037  4.216869  0.3   83  -57
2.22993050  0.232139  4.257179  0.9  284  -48
2.22997225  0.237848  4.469165  0.2  105  -35
2.22998824  0.236697  4.426007  1.6  313  -29
2.23004961  0.234571  4.346878  2.1  210   51
2.23004893  0.235266  4.372650  1.9   50   48
2.23009685  0.229376  4.156454  0.0  115   56
2.23009722  0.229780  4.171117  0.0  295   58
2.23015233  0.234593  4.347683  0.5   71   53
2.23015437  0.233752  4.316564  0.2  236   53
2.23019147  0.234444  4.342155  1.7   60   47
2.23022243  0.224933  3.997005  3.4  204   15
2.23022713  0.225331  4.011150  4.4  203   16
2.23028667  0.229388  4.156889  1.8   63   25
2.23029050  0.224367  3.976903  0.5  242   35
2.23033694  0.217950  3.752665  2.4  287 -144
2.23033919  0.218838  3.783310  0.3  111  -33
2.23033634  0.218000  3.754410  1.0  106  -36
2.23037838  0.220004  3.823723  1.0   97  -48
2.23038973  0.225952  4.033304  1.7  299   27
2.23049063  0.213946  3.616043  0.1   39  -37
2.23049126  0.212462  3.566065  0.1   41  -41
2.23049217  0.212282  3.560040  1.0   41  -40
2.23053962  0.228415  4.121714  6.2  316   16
2.23055184  0.224365  3.976818  0.1   20  -43
2.23059856  0.233556  4.309341  1.0  193   53
2.23063111  0.233539  4.308701  2.6   12   16
2.23064310  0.230777  4.207390  2.8    8  -11
2.23065520  0.231109  4.219496  5.1  198  -43
2.23068301  0.228901  4.139260  2.9   12  -36
2.23077306  0.218168  3.760180  5.3  136   59
2.23077246  0.217451  3.735513  5.7  283   62
2.23077500  0.217769  3.746459  4.9  276   65
2.23077564  0.218595  3.774930  4.8  281   64
2.23077483  0.218757  3.780525  4.6  276   65
2.23083089  0.226065  4.037336  1.0  110  -65
2.23088693  0.233715  4.315194  1.1   66   61
2.23089387  0.233844  4.319950  1.1   42   65
2.23095698  0.231989  4.251697  1.0  258  -71
2.23096161  0.230980  4.214792  0.2  284  -66
2.23095990  0.231889  4.248017  0.2   75  -62
2.23100635  0.232151  4.257633  0.5  324 -135
2.23106044  0.232832  4.282644  2.6   33  -47
2.23107349  0.230588  4.200502  2.6  184  -59
2.23108034  0.228848  4.137350  1.2  317  -49
2.23108407  0.229713  4.168681  2.7  219  -75
2.23113856  0.237244  4.446493  0.4   51   85
2.23118423  0.235903  4.396352  0.0  282   53
2.23120175  0.236065  4.402393  2.4  186    5
2.23124427  0.226953  4.069116  0.2  100   44
2.23124840  0.227242  4.079469  1.0  149   47
2.23124879  0.227286  4.081040  0.5  330  135
2.23128504  0.229444  4.158925  0.0  209    9
2.23130780  0.235601  4.385135  0.5  266   50
2.23137874  0.233413  4.304053  1.2   33  -49
2.23137359  0.231341  4.227982  1.0  199  -51
2.23142927  0.223786  3.956317  0.0   23   -4
2.23143051  0.224401  3.978112  1.0   22   -6
2.23144431  0.226156  4.040589  1.6   61   -2
2.23148900  0.226225  4.043038  0.3  211   34
2.23149234  0.225685  4.023761  0.4   36   40
2.23153808  0.232435  4.268042  0.5  179   41
2.23159430  0.213590  3.604019  0.0  100  -48
2.23159327  0.211846  3.545409  0.0  292 -131
2.23159927  0.222194  3.900257  0.3  102  -39
2.23165260  0.224637  3.986463  0.2  278   40
2.23166195  0.225892  4.031155  0.7  270   46
2.23166210  0.226240  4.043584  0.4  270   45
2.23172498  0.230445  4.195278  0.1  198   56
2.23177635  0.225835  4.029118  0.1   20  -47
2.23177172  0.227639  4.093735  0.1   13  -47
2.23182202  0.230822  4.209009  3.8  130  -16
2.23182384  0.231100  4.219169  5.3  324   -7
2.23185380  0.236537  4.420019  3.1    8  -62
2.23187446  0.235357  4.376044  0.3  211   48
2.23190491  0.237226  4.445813  0.3   23   -3
2.23197562  0.233488  4.306807  1.0  132  -56
2.23198320  0.224678  3.987922  3.4  297  -35
2.23198034  0.222789  3.921150  2.0  289  -38
2.23198687  0.223300  3.939180  3.6  301  -30
2.23203570  0.231236  4.224133  5.5  307   34
2.23205239  0.230855  4.210226  0.0  195  -53
2.23205461  0.230091  4.182413  0.2  215  -65
2.23213272  0.237956  4.473208  0.2  301   67
2.23217477  0.230452  4.195557  0.6  194   55
2.23217921  0.224261  3.973129  0.0   72   75
2.23219413  0.235656  4.387155  4.2  274    4
2.23222756  0.234741  4.353152  1.7  115   40
2.23229227  0.235291  4.373601  2.9  115   19
2.23231490  0.226570  4.055400  0.0   24  -50
2.23231634  0.230141  4.184222  2.6  298   52
2.23231479  0.230331  4.191125  0.3  201  -66
2.23236282  0.233364  4.302254  0.0   45  -46
2.23238549  0.230862  4.210498  1.0  306   50
2.23239013  0.231101  4.219202  2.9  307   51
2.23243959  0.231522  4.234609  0.0   69    4
2.23249283  0.228056  4.108739  0.7   73   31
2.23249046  0.228394  4.120958  1.0  277   49
2.23249984  0.228667  4.130802  3.2   32   35
2.23251052  0.228818  4.136268  1.1  307   54
2.23251119  0.231072  4.218158  0.8  141   39
2.23263994  0.231080  4.218431  1.2  287  -53
2.23264076  0.231830  4.245878  1.8  303  -51
2.23266368  0.229439  4.158730  3.3    7    9
2.23266357  0.231513  4.234252  1.0   12   14
2.23276144  0.230566  4.199711  3.1  108   93
2.23276194  0.227244  4.079557  3.4  324   77
2.23282292  0.227918  4.103780  1.0  289    5
2.23282501  0.227578  4.091548  1.4  107  -14
2.23283786  0.227234  4.079178  3.2  131  -22
2.23284304  0.224218  3.971640  0.1  185   27
2.23287479  0.226659  4.058583  4.1  312   49
2.23289977  0.226180  4.041444  0.4  189   18
2.23290568  0.228419  4.121839  0.3  187    6
2.23297163  0.225281  4.009357  1.2  329  110
2.23297464  0.219135  3.793588  0.7  129   57
2.23297226  0.219367  3.801615  0.8  139   68
2.23300136  0.228062  4.108972  1.8  278   42
2.23307674  0.221329  3.869932  2.6  107  -61
2.23307724  0.221535  3.877157  2.5  198  -56
2.23307612  0.219645  3.811273  2.0   21  -50
2.23308119  0.226286  4.045227  3.8  247  -59
2.23316906  0.225273  4.009097  1.7   37  -42
2.23316671  0.224661  3.987344  0.1   32  -29
2.23315005  0.226363  4.047967  3.4  132  -36
2.23325687  0.237299  4.448553  0.4  215   39
2.23327420  0.233797  4.318231  1.0  316   68
2.23330774  0.225700  4.024283  2.2  317  -41
2.23330744  0.225735  4.025559  2.5  318  -42
2.23335348  0.233694  4.314407  1.5  306   34
2.23334975  0.234953  4.361014  1.6  165   37
2.23339198  0.228972  4.141811  0.0  300  -62
2.23345420  0.232111  4.256165  1.7   22  -36
2.23345650  0.230224  4.187237  1.4  200  -49
2.23345904  0.228737  4.133314  2.3  217  -55
2.23351531  0.229592  4.164301  4.1   60   15
2.23352590  0.228365  4.119910  4.4   53   16
2.23357769  0.230707  4.204841  0.1   32   42
2.23359176  0.229162  4.148702  1.0  200   46
2.23363433  0.231758  4.243214  0.5  268  -45
2.23364054  0.231008  4.215818  1.9   65  -29
2.23366294  0.228899  4.139190  1.4   52  -17
2.23366203  0.226758  4.062118  1.1   54  -15
2.23371339  0.230452  4.195550  0.7  299  -56
2.23374097  0.234673  4.350641  2.9   79   -1
2.23375645  0.234929  4.360124  1.6  304  -35
2.23381530  0.237970  4.473757  4.0   45   16
2.23384513  0.231642  4.238991  0.5  179   15
2.23384400  0.231198  4.222739  0.0  357   27
2.23385114  0.232856  4.283540  0.2  155   22
2.23391137  0.238459  4.492135  2.0  300   52
2.23394202  0.233758  4.316792  0.1   24   20
2.23398039  0.227303  4.081661  0.3  209   49
2.23399418  0.226754  4.061975  4.9  236   23
2.23399671  0.226284  4.045162  4.8  236   23
2.23400909  0.226721  4.060795  2.5   26   46
2.23407427  0.231809  4.245093  2.3  152  -79
2.23411813  0.228939  4.140615  1.0  282   42
2.23414385  0.226785  4.063074  0.2  205   14
2.23414351  0.228005  4.106924  1.9   33   21
2.23415149  0.226282  4.045082  0.3   25   25
2.23422806  0.226408  4.049574  0.0  159  -39
2.23423652  0.222932  3.926194  0.4  157  -34
2.23423139  0.220202  3.830633  0.0  335  -19
2.23425584  0.230070  4.181659  2.6   19  -32
2.23430942  0.227116  4.074953  0.2   22  -16
2.23431579  0.227693  4.095698  0.0   26  -20
2.23433016  0.235087  4.365988  0.1   84  -58
2.23439421  0.237336  4.449939  0.1   87   48
2.23440072  0.234793  4.355081  0.4  308  -61
2.23444671  0.242387  4.641347  1.6  305   53
2.23447888  0.234064  4.328097  0.6  315   33
2.23448156  0.234510  4.344596  0.8  314   30
2.23454327  0.230672  4.203544  0.3  201   23
2.23454551  0.231997  4.251968  1.4   18   29
2.23455400  0.233154  4.294504  2.2    8   42
2.23460078  0.233210  4.296567  0.2   90   76
2.23463916  0.234461  4.342784  0.5  156  -17
2.23465039  0.236116  4.404319  0.0  188   64
2.23470620  0.227136  4.075663  0.8  276   19
2.23470620  0.227488  4.088314  0.0  275   18
2.23470626  0.225988  4.034578  0.5  271   20
2.23474051  0.231076  4.218291  0.0   46   47
2.23479381  0.233841  4.319841  0.5  212  -30
2.23473424  0.233831  4.319483  0.5  231   48
2.23487090  0.232549  4.272248  0.8    8  -66
2.23487596  0.228648  4.130101  3.6  302  -26
2.23487629  0.228012  4.107152  3.5  302  -27
2.23487626  0.227829  4.100584  3.3  301  -24
2.23495240  0.231690  4.240752  0.2  306  -48
2.23495371  0.233150  4.294349  0.7  314  -59
2.23501685  0.220787  3.851000  0.0  210   22
2.23502296  0.221122  3.862702  0.1  207   22
2.23501545  0.223188  3.935206  0.6   33   38
2.23503972  0.226883  4.066590  0.2  197  -10
2.23505985  0.230854  4.210203  0.4   29   53
2.23512573  0.222826  3.922446  0.2  303   53
2.23512540  0.224052  3.965743  0.2  290   60
2.23519833  0.227436  4.086432  4.8  218    5
2.23519462  0.226901  4.067255  3.0  213   -4
2.23522883  0.226487  4.052424  0.1  250   14
2.23524104  0.232831  4.282616  0.2  100  -40
2.23522892  0.228232  4.115096  2.9   36   45
2.23533632  0.226668  4.058884  0.1   24  -10
2.23533434  0.227578  4.091552  0.1  204  -33
2.23533510  0.228339  4.118947  0.4  217  -76
2.23540969  0.229005  4.143012  0.0  309  -39
2.23540885  0.227500  4.088748  0.1  309  -41
2.23545075  0.233596  4.310792  0.5   49  -59
2.23548641  0.233124  4.293397  0.3  260    4
2.23551367  0.227664  4.094627  1.4  110  -51
2.23556350  0.220440  3.838907  1.0  296   41
2.23556367  0.219294  3.799087  1.0  197   57
2.23556298  0.217283  3.729749  1.6  113  140
2.23556448  0.220931  3.856036  2.0  336   58
2.23563001  0.224274  3.973594  0.2  279   35
2.23563714  0.223369  3.941590  0.1  292  142
2.23567090  0.233629  4.312014  1.6  322  -26
2.23571719  0.225704  4.024446  1.0  303   16
2.23571845  0.225210  4.006846  0.8  303   13
2.23579424  0.221059  3.860509  0.1  192   14
2.23579686  0.221674  3.881995  0.3  191   15
2.23580302  0.226000  4.035014  1.7  180   17
2.23579612  0.223375  3.941813  0.4  190   14
2.23588539  0.216245  3.694204  3.9  332  -20
2.23588799  0.215890  3.682057  1.0  330  -23
2.23588733  0.216226  3.693538  5.0  328  -24
2.23595369  0.225632  4.021870  2.3  304   31
2.23595992  0.226404  4.049454  0.1  159   24
2.23601535  0.228459  4.123278  3.3  303   69
2.23603345  0.228185  4.113407  0.8  293   27
2.23604364  0.224914  3.996311  1.0  192    8
2.23605869  0.229611  4.164988  0.0  194  -21
2.23612028  0.228596  4.128231  3.9  326   15
2.23612320  0.230206  4.186607  3.9  322    8
2.23613025  0.232964  4.287498  3.6  140   -9
2.23620294  0.230361  4.192225  0.8  307   -1
2.23621217  0.228902  4.139280  0.1  166  -13
2.23622478  0.236380  4.414147  0.0  198  -37
2.23629189  0.228532  4.125930  0.6  153  -44
2.23629292  0.230228  4.187400  1.7   69  -53
2.23636117  0.221743  3.884438  1.7   12  -62
2.23636627  0.220511  3.841367  2.0   23  -51
2.23636374  0.220281  3.833385  1.4  212  -70
2.23637708  0.225233  4.007664  0.4  285  -41
2.23644485  0.230912  4.212311  0.0  162  -42
2.23646133  0.233417  4.304195  0.1  287  -45
2.23651688  0.227880  4.102409  0.5  288 -138
2.23651588  0.224562  3.983827  0.0  100  -43
2.23651414  0.229531  4.162089  0.1   93  -45
2.23656710  0.237552  4.458055  0.7  306  -33
2.23660798  0.235610  4.385468  0.0   58  -92
2.23661149  0.231723  4.241942  0.1   95  -63
2.23664593  0.238035  4.476201  0.4  289   40
2.23669658  0.237538  4.457526  0.4  124   55
2.23674260  0.239413  4.528179  1.3   72   19
2.23673942  0.238126  4.479611  1.5  296   55
2.23674731  0.235894  4.396018  0.1  188   43
2.23681370  0.224043  3.965440  0.9  239   54
2.23681356  0.223972  3.962914  0.2  239   54
2.23681665  0.227195  4.077787  0.9  170   64
2.23686172  0.231190  4.222446  0.2  112   12
2.23690062  0.237116  4.441688  0.0   84    8
2.23692750  0.233942  4.323589  2.3  169  -56
2.23696889  0.225766  4.026670  0.5  315   66
2.23696602  0.223542  3.947703  0.1   68   64
2.23696752  0.222796  3.921395  0.3  257   58
2.23702835  0.228359  4.119689  0.3  334  -37
2.23702748  0.231711  4.241517  1.3  324  -36
2.23703375  0.230543  4.198850  0.6  331  -31
2.23706355  0.233295  4.299699  1.0  319   50
2.23714645  0.225777  4.027062  2.3  334  -28
2.23714808  0.223584  3.949190  0.2  191  -57
2.23714277  0.224108  3.967723  0.5    7  -41
2.23719123  0.232227  4.260416  0.9  301  -54
2.23722825  0.231499  4.233736  3.6  321    4
2.23728648  0.234959  4.361267  0.8  206   43
2.23730263  0.229296  4.153554  0.2   22  -52
2.23730624  0.230410  4.194004  0.3   83  -52
2.23729130  0.230396  4.193514  0.3   23   62
2.23737837  0.234375  4.339583  0.2  167  -57
2.23739169  0.235447  4.379372  0.1  106  -26
2.23739524  0.235686  4.388283  0.6  313  -53
2.23745209  0.238361  4.488449  2.7  323   -2
2.23745363  0.238010  4.475253  2.8  321    0
2.23745319  0.237542  4.457682  2.2  323   -2
2.23752733  0.238596  4.497321  0.7   60   75
2.23753122  0.238040  4.476362  0.1   58   82
2.23759673  0.235118  4.367172  0.5   71   52
2.23761797  0.235236  4.371547  3.0  311 -139
2.23764516  0.233070  4.291402  2.1  286   54
2.23764746  0.232647  4.275852  0.2  204   62
2.23768776  0.231611  4.237840  2.7  322   34
2.23768398  0.231333  4.227672  0.0  329   33
2.23774986  0.233702  4.314703  4.3  310   54
2.23775670  0.231538  4.235186  3.5  306   56
2.23779419  0.238068  4.477451  1.1  316   76
2.23782444  0.231460  4.232321  0.0   46  -37
2.23785575  0.228916  4.139789  0.1   17    4
2.23786273  0.230795  4.208029  0.1   29   29
2.23790415  0.229982  4.178432  0.2  208   37
2.23790431  0.231109  4.219486  1.0  208   38
2.23798623  0.232958  4.287294  3.8   73    3
2.23795699  0.231842  4.246306  0.0  275   61
2.23799965  0.231178  4.222022  0.1   17  -15
2.23806203  0.225011  3.999778  0.4  210   41
2.23806279  0.225462  4.015808  0.1  209   40
2.23807714  0.227079  4.073608  0.1  202   28
2.23810323  0.234515  4.344770  0.5   12    1
2.23815000  0.235836  4.393878  2.6  294  -42
2.23816921  0.233942  4.323596  1.4  293   37
2.23817171  0.230621  4.201707  0.2  289   37
2.23823355  0.229140  4.147906  2.1  187   42
2.23823478  0.227107  4.074624  1.3  296   66
2.23824721  0.224193  3.970748  0.4  314  -50
2.23830971  0.230013  4.179568  0.1  208   30
2.23833263  0.231190  4.222444  0.5  302  108
2.23833464  0.230492  4.196992  2.1   30   63
2.23839858  0.229819  4.172531  0.7  202  -32
2.23839686  0.230711  4.204972  1.6  205  -37
2.23840569  0.236946  4.435341  1.5   18  -20
2.23847852  0.230347  4.191727  1.1  207   62
2.23848061  0.230947  4.213588  1.0  164   34
2.23854647  0.224126  3.968364  0.1  204   58
2.23854641  0.225062  4.001594  0.2  204   58
2.23856126  0.224678  3.987939  2.1  124   24
2.23855768  0.225011  3.999771  3.1  127   23
2.23863260  0.232784  4.280870  2.7  285   43
2.23863451  0.230303  4.190136  2.3  288   33
2.23869405  0.224874  3.994904  1.2  119   41
2.23869375  0.223499  3.946202  1.0  283   44
2.23872353  0.222109  3.897251  0.0  147   -4
2.23874267  0.228123  4.111161  0.5   55   65
2.23879676  0.227381  4.084452  1.1  359   47
2.23880128  0.223449  3.944426  0.7  347   48
2.23887406  0.220677  3.847159  0.4  186  -29
2.23887383  0.217989  3.754025  0.7  184  -28
2.23887393  0.218179  3.760554  0.9  188  -30
2.23891143  0.231153  4.221096  0.7  293  -37
2.23896598  0.227623  4.093152  4.7  308   12
2.23896552  0.227214  4.078487  4.8  308   12
2.23901152  0.228845  4.137219  2.7  303   56
2.23901329  0.227057  4.072823  0.0  301   64
2.23906662  0.220844  3.852997  1.3  301   48
2.23906945  0.222229  3.901459  0.8  285   58
2.23907261  0.223861  3.958986  1.3  285   57
2.23913474  0.228074  4.109397  0.3  180  -74
2.23913459  0.226684  4.059457  0.1  181  -73
2.23919131  0.218132  3.758945  1.0   35  -51
2.23918694  0.219539  3.807576  0.8  201  -59
2.23923065  0.228879  4.138465  0.1  194   29
2.23929719  0.228135  4.111605  2.5  154  -67
2.23929478  0.227362  4.083772  1.6  360  -38
2.23929741  0.223923  3.961179  3.4  333 -113
2.23934827  0.232619  4.274824  3.0   45  -48
2.23936371  0.232616  4.274689  6.6  239   -6
2.23941340  0.235977  4.399108  0.6   13  -29
2.23940606  0.233402  4.303630  1.3  301  -19
2.23949749  0.234360  4.339041  0.5  170  -12
2.23949469  0.233521  4.308042  1.0  350   -0
2.23949949  0.232390  4.266416  0.6  356   -3
2.23952908  0.231794  4.244535  0.0  234   22
2.23953281  0.233767  4.317116  0.0  259   51
2.23957876  0.236685  4.425579  0.1   65   53
2.23958410  0.238585  4.496884  0.2   49   48
2.23964248  0.229624  4.165455  0.1  356   46
2.23965855  0.228825  4.136506  0.4  189   21
2.23968991  0.230049  4.180898  1.0  302   46
2.23969439  0.225329  4.011081  0.2  279   48
2.23975606  0.229810  4.172212  0.1  193   62
2.23976005  0.226211  4.042559  0.0  187   46
2.23981883  0.224979  3.998632  0.8  193   43
2.23982421  0.225128  4.003913  1.8  197   50
2.23985419  0.219444  3.804295  0.1  210   37
2.23988436  0.227991  4.106414  1.5   22   36
2.23990480  0.223793  3.956571  0.7   13    2
2.23990695  0.220353  3.835895  0.0   21   -2
2.23996931  0.216927  3.717522  1.7   15   41
2.23996825  0.217373  3.732833  0.0  195   38
2.23998128  0.224205  3.971164  5.6  335    7
2.24006811  0.225388  4.013172  0.9  179  -35
2.24008671  0.216820  3.713851  0.6  269  -54
2.24007903  0.218753  3.780394  0.0   15  -35
2.24007750  0.217420  3.734442  0.3  332  -44
2.24014577  0.215318  3.662598  0.2  298  -58
2.24014918  0.217146  3.725027  0.3  295  -53
2.24014671  0.217488  3.736781  0.0  302  -61
2.24022525  0.227719  4.096614  1.0  291  -44
2.24022809  0.230944  4.213479  0.4  301  -47
2.24029864  0.230577  4.200093  1.3   17  -54
2.24029867  0.225892  4.031153  0.3   22  -48
2.24029814  0.223326  3.940091  0.0  228  -66
2.24035589  0.224390  3.977706  0.4  202   45
2.24035946  0.227579  4.091584  0.5   27   54
2.24040530  0.228156  4.112343  2.8   96   10
2.24041947  0.231278  4.225663  2.8  286   36
2.24049166  0.226323  4.046535  0.8   50  -48
2.24049091  0.223574  3.948853  0.3   46  -49
2.24054541  0.212559  3.569326  0.2  233   58
2.24056069  0.210427  3.498082  0.0  296  -30
2.24054554  0.216872  3.715639  0.0  263   68
2.24056097  0.210648  3.505447  0.2  300  -34
2.24054904  0.216075  3.688369  0.1  222   74
2.24064346  0.230279  4.189233  0.6   25   50
2.24068484  0.225023  4.000207  0.5  192  -23
2.24069316  0.224864  3.994527  0.7  193  -26
2.24074695  0.223109  3.932437  1.4  296   37
2.24074762  0.223156  3.934091  1.4  296   38
2.24081219  0.223068  3.930994  0.2  219   66
2.24080484  0.225272  4.009058  1.3  262   52
2.24085336  0.234751  4.353517  3.9  195   42
2.24085159  0.231759  4.243258  3.2  290   53
2.24089795  0.223078  3.931347  1.0  193   36
2.24092137  0.226405  4.049476  0.6  103   38
2.24094574  0.227299  4.081513  0.0   90   66
2.24093074  0.227846  4.101196  2.0  194   -8
2.24100050  0.226561  4.055055  0.1  204   24
2.24100247  0.230053  4.181029  1.1  292   76
2.24100073  0.228665  4.130727  0.1   26   33
2.24108480  0.223782  3.956189  2.5  184   -9
2.24108497  0.223756  3.955264  2.5  184   -9
2.24113868  0.220870  3.853889  2.1  186  -48
2.24114612  0.218520  3.772343  1.0    7 -128
2.24116526  0.230127  4.183699  0.2  245  -18
2.24121248  0.228884  4.138653  0.6   13  -26
2.24126798  0.229590  4.164213  1.6  156   14
2.24126757  0.229898  4.175387  1.4  155   22
2.24126728  0.230006  4.179323  1.8  156   21
2.24131285  0.230236  4.187664  2.5  356   13
2.24132217  0.232634  4.275372  6.0  326   11
2.24138511  0.225085  4.002411  1.9   95   53
2.24139167  0.227693  4.095694  1.5  263   50
2.24143190  0.225641  4.022205  4.0   85   54
2.24148316  0.209876  3.479786  3.5  132   94
2.24148793  0.205537  3.337385  2.4  183   59
2.24148612  0.206197  3.358857  2.7  339   68
2.24148736  0.209247  3.458947  3.2  166   59
2.24154501  0.218972  3.787939  0.0  290    0
2.24159325  0.216021  3.686552  0.2  154  -69
2.24159362  0.216078  3.688471  1.0  173  -61
2.24159515  0.217032  3.721123  0.1  333  -48
2.24166703  0.220322  3.834815  0.1   35  -39
2.24171880  0.221120  3.862639  4.1  325  -37
2.24171943  0.219519  3.806907  0.0  306  -42
2.24171829  0.219484  3.805693  3.9  111  -48
2.24172050  0.221278  3.868144  4.7  110  -46
2.24181144  0.223531  3.947308  0.3  102  -68
2.24181609  0.222525  3.911880  0.3  292  -55
2.24187861  0.229406  4.157554  0.4  289  -48
2.24187573  0.224573  3.984210  1.0  305  -45
2.24187558  0.223815  3.957357  0.0  306  -45
2.24190877  0.226558  4.054939  1.1   17   60
2.24193236  0.234318  4.337502  0.9  214  -39
2.24199009  0.228580  4.127667  1.0  205  -37
2.24200393  0.232959  4.287326  0.2  270  -28
2.24202652  0.231359  4.228627  1.8   98  -29
2.24208782  0.222740  3.919429  0.2  159  -64
2.24208993  0.222800  3.921552  0.2    7  -54
2.24208792  0.222431  3.908555  0.1  350  -53
2.24213759  0.231571  4.236370  0.1   90  -41
2.24219737  0.235973  4.398994  0.1  280  -55
2.24219801  0.233546  4.308942  0.0  273  -52
2.24225163  0.231674  4.240167  2.1  225   38
2.24226583  0.229602  4.164638  2.4  215   44
2.24227006  0.229824  4.172696  1.0   45   55
2.24231238  0.237197  4.444735  2.1   57   56
2.24232528  0.235333  4.375146  2.3    6   29
2.24232582  0.235978  4.399178  2.4    9   26
2.24240292  0.237480  4.455328  1.3  283   14
2.24243471  0.232880  4.284412  0.1   75  -68
2.24243120  0.233954  4.324039  0.6  252   13
2.24249508  0.230299  4.189968  3.2  302   47
2.24249458  0.228896  4.139082  4.5  149   39
2.24249468  0.229965  4.177830  3.8  306   47
2.24254011  0.223658  3.951815  0.1  286   41
2.24256532  0.237500  4.456088  3.3  358  -37
2.24259480  0.227845  4.101142  0.9   46   54
2.24265014  0.234131  4.330562  2.2  195   47
2.24265337  0.229538  4.162310  0.4  248   55
2.24272773  0.226231  4.043247  1.4  283   -8
2.24273287  0.224958  3.997874  2.1  281   -8
2.24274322  0.222499  3.910972  3.2   97    1
2.24275381  0.224035  3.965126  0.5  280   21
2.24275296  0.224516  3.982202  2.9  277   11
2.24281995  0.235140  4.367963  2.7    8   -6
2.24283495  0.233126  4.293459  4.0  109  -48
2.24291496  0.220973  3.857489  1.0  299   14
2.24291447  0.220087  3.826624  0.9  299   14
2.24291510  0.220010  3.823949  0.9  299   15
2.24291522  0.222141  3.898373  1.4  300   14
2.24298670  0.234250  4.334980  0.1  348  -31
2.24304076  0.232949  4.286941  1.8   21  -79
2.24304083  0.228196  4.113799  2.7  178  -78
2.24304835  0.228066  4.109097  2.7  307  -45
2.24305687  0.226741  4.061510  1.1  302  -26
2.24308061  0.227932  4.104275  0.4  290  -33
2.24314216  0.235148  4.368272  0.4    2  -47
2.24314450  0.240561  4.571682  1.6  300  -35
2.24324159  0.235464  4.380033  2.2   16  -36
2.24322860  0.234581  4.347238  0.9  352  -30
2.24325201  0.232459  4.268930  0.2   71   53
2.24326262  0.231368  4.228973  0.3   52   60
2.24331238  0.234161  4.331693  0.4  317  131
2.24332493  0.229269  4.152594  0.0  355   53
2.24333182  0.226343  4.047265  0.3  310   49
2.24338374  0.227304  4.081693  0.1   65   65
2.24338485  0.229482  4.160305  0.1  266   59
2.24343573  0.227137  4.075710  0.1  182   58
2.24344636  0.231429  4.231187  0.9  215  -65
2.24341347  0.231575  4.236517  0.3  292  172
2.24358513  0.234989  4.362377  2.0  100    4
2.24355012  0.237074  4.440117  0.1  195   27
2.24360122  0.227282  4.080904  0.2  112   52
2.24359976  0.224637  3.986468  0.1  287   44
2.24360273  0.226339  4.047136  0.1  283   42
2.24360117  0.226462  4.051521  0.4  281   37
2.24369942  0.228090  4.109971  1.2  120   60
2.24369772  0.228335  4.118824  2.2  288   65
2.24370353  0.228549  4.126550  2.5  289   62
2.24375582  0.232672  4.276775  2.5  308   33
2.24377393  0.233469  4.306099  4.9  195   36
2.24379399  0.235981  4.399258  3.2  305   49
2.24383729  0.237238  4.446252  0.9  189  -61
2.24388005  0.237034  4.438610  1.5   37  -28
2.24388473  0.227364  4.083841  0.0  303  -57
2.24388711  0.229393  4.157085  0.0  311  -58
2.24394319  0.228039  4.108153  1.0   70  -43
2.24398741  0.232346  4.264777  0.6  273  -63
2.24398828  0.230776  4.207330  0.3   66  -53
2.24403192  0.233513  4.307742  1.5  324  -41
2.24407479  0.227906  4.103366  3.0   72  -68
2.24407659  0.226186  4.041660  3.5  301  -64
2.24407473  0.231355  4.228468  1.0  208  -76
2.24411001  0.233360  4.302108  0.2  317  -65
2.24419196  0.234977  4.361924  1.8  192   56
2.24419718  0.234669  4.350493  2.2  107   29
2.24420169  0.233894  4.321818  0.8  291   41
2.24426520  0.217777  3.746717  0.0  111    6
2.24426725  0.217081  3.722806  0.0  286   10
2.24426390  0.218607  3.775343  0.0  289    8
2.24426834  0.217877  3.750147  0.1  286    9
2.24428638  0.237670  4.462475  0.7  246  127
2.24439565  0.231329  4.227529  0.8  210   41
2.24441244  0.235925  4.397198  1.9  215   17
2.24444052  0.228272  4.116544  3.8  112   -5
2.24444011  0.228363  4.119824  3.4  309   -1
2.24448761  0.226946  4.068837  0.3  298   54
2.24448637  0.229851  4.173679  0.9  294   49
2.24453137  0.235214  4.370733  2.8  157  -16
2.24453058  0.231128  4.220208  0.2  331  -19
2.24459487  0.229313  4.154181  4.2  321   28
2.24461017  0.233131  4.293670  3.3  182   21
2.24467415  0.233991  4.325391  1.0  299   34
2.24467557  0.233624  4.311845  2.1  297   37
2.24467936  0.233318  4.300560  2.8  302   44
2.24472389  0.232629  4.275172  0.7  294  -45
2.24476649  0.228379  4.120404  4.8  183   22
2.24477569  0.227510  4.089120  7.8  322   35
2.24478327  0.226712  4.060460  4.0  181   18
2.24484092  0.229629  4.165614  0.5  189    1
2.24484414  0.230826  4.209181  0.3    6   13
2.24489959  0.229616  4.165147  2.5  297   62
2.24490340  0.229157  4.148533  2.3  291   65
2.24494763  0.226908  4.067476  0.9  293  -18
2.24494727  0.222412  3.907918  0.7  113  -16
2.24501316  0.227363  4.083809  2.1  332  -35
2.24502085  0.226944  4.068791  2.9  124  -41
2.24503023  0.226941  4.068693  3.5   62  -34
2.24508965  0.221456  3.874378  3.4   12  -48
2.24509084  0.220367  3.836375  4.3  298  -59
2.24509334  0.220990  3.858085  2.5   12  -42
2.24517921  0.224073  3.966476  0.0  145  -34
2.24517953  0.230956  4.213899  0.0  271  -41
2.24518271  0.228825  4.136523  0.2  333  -26
2.24522613  0.225053  4.001268  1.0  299  -14
2.24522770  0.223264  3.937885  1.9  297  -12
2.24524709  0.238028  4.475920  1.0  316  -28
2.24530972  0.232605  4.274320  1.2   54   54
2.24534640  0.226420  4.050003  0.1  200   54
2.24534830  0.230025  4.179997  0.9   27   67
2.24538878  0.234550  4.346095  2.4    5  -27
2.24542528  0.239228  4.521172  1.7  198   51
2.24544170  0.234162  4.331734  1.0   62  -57
2.24548858  0.233282  4.299218  1.0   39  -45
2.24549386  0.230201  4.186420  1.3   55  -55
2.24554095  0.229524  4.161823  0.0  287  -40
2.24554119  0.233101  4.292558  0.9  202  -56
2.24559373  0.238511  4.494115  3.2  295   40
2.24560752  0.237580  4.459115  2.7  193   55
2.24565867  0.235665  4.387496  0.0  314   75
2.24565908  0.232608  4.274407  0.0  112   51
2.24566215  0.234985  4.362230  0.1  277   57
2.24573826  0.237516  4.456706  0.4  184   49
2.24574037  0.236998  4.437263  2.0  191   48
2.24578189  0.238362  4.488501  0.2  286  -51
2.24580009  0.232987  4.288338  1.8  115    4
2.24583434  0.237463  4.454708  2.3  120   26
2.24586211  0.237428  4.453391  0.8  299  -30
2.24588476  0.234389  4.340129  1.1  206   10
2.24589257  0.234930  4.360162  1.6  179   20
2.24594366  0.232632  4.275305  0.2   84   87
2.24594235  0.231051  4.217365  0.1   35   82
2.24600254  0.230606  4.201136  1.2  299   28
2.24599889  0.230835  4.209484  2.0  300   28
2.24604222  0.232901  4.285197  3.3  302   35
2.24605328  0.231780  4.244019  0.4  360  -31
2.24612673  0.223008  3.928869  0.1  217  -56
2.24612438  0.224810  3.992627  0.4  217  -46
2.24612179  0.226091  4.038250  0.8  213  -51
2.24619848  0.237384  4.451725  0.7  156  -50
2.24619551  0.236143  4.405314  0.1  308  -64
2.24619535  0.237318  4.449275  0.3   16   40
2.24628068  0.241993  4.626279  0.0  251  -27
2.24630039  0.236236  4.408794  0.7  195   21
2.24630830  0.236597  4.422286  0.1  190   25
2.24635919  0.233644  4.312582  0.8    3 -130
2.24634001  0.235634  4.386330  1.9  315  -49
2.24639254  0.233318  4.300535  0.2   48  -56
2.24639392  0.231643  4.239012  0.8  205  -74
2.24645017  0.235960  4.398496  1.6  294  -49
2.24645156  0.236277  4.410320  1.9  297  -50
2.24650158  0.234319  4.337513  1.9  323   63
2.24649890  0.237201  4.444884  2.1  179   45
2.24653620  0.234467  4.343002  0.8  107   19
2.24654667  0.233770  4.317212  0.9  289   29
2.24663027  0.227817  4.100134  0.1  116   45
2.24662775  0.231830  4.245865  0.1  286   47
2.24665037  0.231981  4.251414  0.1   98   30
2.24670115  0.223087  3.931646  0.6   58  -30
2.24670308  0.223667  3.952135  0.1  250  -34
2.24670723  0.223351  3.940961  0.2   58  -30
2.24676604  0.230541  4.198767  0.0  317    7
2.24675679  0.233285  4.299340  1.0  306   44
2.24684897  0.231469  4.232642  1.3  296   31
2.24684471  0.231164  4.221507  1.9  205   41
2.24684874  0.229444  4.158919  0.8   33   48
2.24688367  0.238985  4.511989  2.3  259  -45
2.24694175  0.236867  4.432380  2.6  313   63
2.24697027  0.234138  4.330828  1.0  299  -49
2.24696964  0.233590  4.310565  1.0  303  -48
2.24700025  0.235405  4.377844  1.5  177    4
2.24703503  0.234381  4.339815  0.9  358   -1
2.24706149  0.234769  4.354212  0.3  359   17
2.24706887  0.234592  4.347648  1.0  360   11
2.24713525  0.230562  4.199540  1.0   33  -40
2.24713782  0.228923  4.140043  2.3   22  -44
2.24713958  0.228580  4.127652  2.4  221  -54
2.24718588  0.240378  4.564749  1.1  173    8
2.24719108  0.237727  4.464614  0.5  172    7
2.24724674  0.236743  4.427721  0.4  170  -66
2.24728870  0.236299  4.411157  1.3  309  -34
2.24729124  0.236691  4.425803  2.1  313  -41
2.24731331  0.233757  4.316735  2.1  321  -49
2.24734433  0.237071  4.440025  0.5  173  -60
2.24739535  0.234839  4.356799  1.4    2  -49
2.24739840  0.235687  4.388330  4.4  312  -60
2.24746652  0.232870  4.284063  0.4  127   59
2.24746515  0.232336  4.264408  0.0  180   65
2.24746872  0.233654  4.312939  0.1   45   77
2.24754435  0.236806  4.430102  0.8  118   31
2.24754452  0.237793  4.467092  1.0  294   35
2.24754774  0.238871  4.507680  1.2  191   51
2.24762302  0.236964  4.435987  1.0  174  -18
2.24762335  0.236259  4.409643  0.5  358   -3
2.24765509  0.233409  4.303906  0.0  298  -68
2.24765711  0.232139  4.257199  0.0  304  -66
2.24770972  0.236173  4.406439  0.1  192  -36
2.24773420  0.237645  4.461536  1.6  187  -63
2.24776337  0.236442  4.416476  1.0   88  -15
2.24778533  0.235629  4.386150  0.4  271    9
2.24782520  0.237294  4.448368  1.0  357  -64
2.24786033  0.234887  4.358564  0.1  194   29
2.24785712  0.236643  4.423984  0.9  164   45
2.24790297  0.235764  4.391196  0.2  191   69
2.24791031  0.230466  4.196034  0.9  282   36
2.24795281  0.235012  4.363204  1.0   23  -51
2.24795674  0.230213  4.186828  0.2   60  -29
2.24802500  0.230239  4.187800  2.3  140   -4
2.24803840  0.230462  4.195921  0.6   72   23
2.24806221  0.230296  4.189847  1.8  296   59
2.24806035  0.229879  4.174703  0.4  234   30
2.24804767  0.228635  4.129641  0.2  241   24
2.24816351  0.232046  4.253785  4.3  124   -5
2.24818398  0.225312  4.010484  0.0  290  -25
2.24818270  0.226284  4.045161  0.3  109  -28
2.24818592  0.226027  4.035953  0.0  295  -23
2.24824110  0.230401  4.193689  0.1   53   11
2.24827000  0.233131  4.293646  0.1  170  -51
2.24829178  0.233069  4.291354  1.9  321  -42
2.24831142  0.239257  4.522270  1.0   29   60
2.24831303  0.239950  4.548497  1.5  251   17
2.24836838  0.236216  4.408033  0.6  200   40
2.24841191  0.232405  4.266958  1.0  195   26
2.24842670  0.234493  4.343972  1.3    8   15
2.24846356  0.230697  4.204471  0.9   27  -65
2.24848977  0.233021  4.289592  0.2  210   46
2.24851640  0.237476  4.455199  2.1   62  -47
2.24857507  0.228329  4.118587  0.3  213   38
2.24856761  0.226862  4.065850  0.0  239   46
2.24856791  0.227559  4.090881  0.3  238   51
2.24865434  0.220826  3.852381  0.6  300   44
2.24865213  0.221163  3.864118  0.4  292   38
2.24865494  0.221152  3.863754  0.4  127   26
2.24866131  0.228235  4.115224  1.0  296   35
2.24873407  0.229907  4.175726  3.5  198   47
2.24875717  0.231675  4.240204  3.7  194   53
2.24877716  0.233085  4.291954  1.7   23  -23
2.24879084  0.228510  4.125140  0.1  188   21
2.24886042  0.226598  4.056403  0.2  266   47
2.24887330  0.229648  4.166311  0.5  204   54
2.24889378  0.222861  3.923709  1.4  344   32
2.24889197  0.223856  3.958794  1.4  169   20
2.24892025  0.224974  3.998446  0.6  199   41
2.24897432  0.221737  3.884222  0.1  201  -29
2.24897925  0.223489  3.945850  1.0   21  -22
2.24904170  0.225191  4.006183  3.3  195  -30
2.24904910  0.223774  3.955912  2.0   17  -33
2.24905130  0.222275  3.903095  3.1  195  -46
2.24912973  0.228729  4.133050  1.1   29   46
2.24912877  0.227503  4.088854  0.5   31   49
2.24913938  0.227404  4.085302  1.5  196   33
2.24921460  0.229433  4.158527  1.0  171  -48
2.24921608  0.228726  4.132947  1.0  313  -37
2.24921652  0.228556  4.126793  1.0  116  -47
2.24928467  0.227210  4.078313  1.8  183   -1
2.24928359  0.229783  4.171234  1.7  182    0
2.24930584  0.221376  3.871576  0.1  184  -38
2.24936808  0.220810  3.851794  0.0  289  -60
2.24936839  0.219025  3.789786  0.1   87  -46
2.24937125  0.221658  3.881456  0.0  302  -59
2.24947391  0.217982  3.753768  1.0  231  -58
2.24947218  0.213648  3.605989  4.7  197  -63
2.24947245  0.214009  3.618199  4.2  199  -64
2.24947530  0.215138  3.656449  4.9  212  -67
2.24953078  0.228856  4.137640  5.5  300  -34
2.24953350  0.228334  4.118782  5.7  304  -40
2.24958926  0.233016  4.289407  4.8  195   33
2.24962465  0.229345  4.155340  0.1  271  -18
2.24963333  0.228571  4.127323  0.3   93   -8
2.24966938  0.223886  3.959887  0.2   47  -10
2.24968973  0.225523  4.017991  2.6  318  -41
2.24969716  0.224818  3.992918  2.2  141  -36
2.24973843  0.239448  4.529483  0.4   36   39
2.24976663  0.235933  4.397496  0.2   48   65
2.24981826  0.230216  4.186955  0.6  102  -15
2.24982255  0.228351  4.119373  0.5  283  -12
2.24982635  0.228834  4.136843  0.6  281  -11
2.24989719  0.232987  4.288358  5.2  292 -129
2.24990104  0.232242  4.260957  6.0  116  -43
2.24989781  0.232775  4.280558  5.2  308  -55
2.24999328  0.233315  4.300427  0.4  292   63
2.24998895  0.231876  4.247561  0.0  185   33
2.25005148  0.234907  4.359334  1.3  242    4
2.25005722  0.231083  4.218565  1.0   92  -55
2.25005540  0.232123  4.256609  0.3  298  -59
2.25009748  0.230462  4.195897  1.0  333    1
2.25011580  0.235312  4.374385  2.0  354  -20
2.25015231  0.231502  4.233843  0.2  196   35
2.25019766  0.234608  4.348249  3.0  297   57
2.25020569  0.233633  4.312154  0.2   33  -44
2.25021097  0.234963  4.361396  0.5   22  -45
2.25028115  0.238901  4.508818  1.3  335  -38
2.25033237  0.228840  4.137040  0.0  111   22
2.25033583  0.229112  4.146879  0.1  110   23
2.25032958  0.232203  4.259541  0.6  289   28
2.25037456  0.230140  4.184181  0.1  257   32
2.25039276  0.231365  4.228840  0.3  247   52
2.25040664  0.230443  4.195204  2.6  155   35
2.25048288  0.232407  4.267015  1.6    8  -43
2.25047778  0.228612  4.128814  1.1  169   39
2.25048571  0.225588  4.020308  0.1   30   58
2.25053773  0.227679  4.095193  1.7   21   36
2.25054043  0.227874  4.102207  1.7   23   32
2.25054820  0.228392  4.120875  1.0  197   15
2.25062640  0.231127  4.220171  3.7  305  140
2.25066693  0.228184  4.113373  3.6  120   35
2.25063105  0.227652  4.094194  5.5  301   47
2.25073222  0.223442  3.944197  1.5  208  -34
2.25072897  0.224541  3.983062  2.4  201  -34
2.25073231  0.225719  4.024980  1.6  208  -35
2.25073225  0.225626  4.021655  1.2  210  -28
2.25074898  0.232385  4.266231  0.1   58  -12
2.25084712  0.234237  4.334506  1.0  287   43
2.25086932  0.235383  4.377004  0.2    8  -26
2.25087521  0.232468  4.269255  0.2  196  -39
2.25087559  0.232433  4.267968  0.0  195  -37
2.25092826  0.238264  4.484826  0.2  273  -62
2.25099547  0.237245  4.446547  2.5  297   32
2.25099366  0.235713  4.389297  2.7  350  -34
2.25100759  0.235927  4.397277  3.5  303  -52
2.25101748  0.236804  4.430006  2.4  197  -55
2.25108070  0.238571  4.496369  0.0   32  -41
2.25112056  0.237481  4.455397  1.9   41   19
2.25115538  0.233433  4.304773  1.8  301   46
2.25115590  0.234611  4.348343  2.8  307   45
2.25116398  0.234627  4.348945  1.7  288   51
2.25124089  0.231832  4.245933  0.0   18  -34
2.25124062  0.231677  4.240260  1.0   23  -30
2.25124356  0.233163  4.294819  0.3  199  -51
2.25131714  0.236403  4.415032  1.1  213   47
2.25131936  0.233117  4.293124  0.7  194   54
2.25134448  0.231383  4.229509  0.4  212   40
2.25134601  0.230920  4.212591  0.1   31   46
2.25134656  0.237756  4.465687  2.2  301  -50
2.25144303  0.241957  4.624928  2.3  200   51
2.25144720  0.241672  4.614023  2.6  188   48
2.25150214  0.236307  4.411421  1.7  117  -23
2.25150162  0.235126  4.367470  1.9  299  -18
2.25152726  0.232529  4.271516  0.2   22   13
2.25156273  0.233292  4.299573  0.8  194    8
2.25158249  0.234644  4.349548  0.8  187  -19
2.25167347  0.222974  3.927675  1.1  105   49
2.25166491  0.224146  3.969089  1.0  100   60
2.25166187  0.225803  4.027964  1.8  295   55
2.25167713  0.219023  3.789704  0.2  286   33
2.25174156  0.214629  3.639185  0.3  294   53
2.25174153  0.216052  3.687614  0.1  277   52
2.25181565  0.209712  3.474339  0.4  224   20
2.25181337  0.211434  3.531650  1.1   50   40
2.25181727  0.211452  3.532249  1.0   43   40
2.25183288  0.212520  3.568000  0.3   32   60
2.25188309  0.221800  3.886428  0.9  270   49
2.25188284  0.221638  3.880737  1.0  269   52
2.25195168  0.217398  3.733691  1.5  164  -89
2.25196389  0.215253  3.660368  0.1   86  -51
2.25196265  0.217119  3.724114  0.6   85  -52
2.25201100  0.224025  3.964800  1.0   60  -28
2.25204587  0.229390  4.156961  0.0  312  -33
2.25207710  0.228020  4.107467  0.0  305  -33
2.25207576  0.230756  4.206625  0.2  304  -34
2.25213941  0.226649  4.058224  1.2  134  -29
2.25213827  0.225233  4.007676  1.3  315  -31
2.25222357  0.223791  3.956498  2.0  236   60
2.25222145  0.218951  3.787225  0.0  165   53
2.25222122  0.217594  3.740430  1.0  166   55
2.25222042  0.219334  3.800490  1.1  345   67
2.25231077  0.230101  4.182764  0.7  288  -56
2.25231160  0.227802  4.099621  1.0  301  -58
2.25233428  0.215931  3.683462  0.1  197  -63
2.25234662  0.220619  3.845152  0.5   24  -63
2.25239234  0.219931  3.821186  0.1  270    8
2.25240114  0.223127  3.933070  0.4  272   28
2.25243778  0.230992  4.215217  0.0  195  -54
2.25245277  0.236346  4.412877  1.0  118  -45
2.25255134  0.222237  3.901759  1.1    5  -55
2.25255257  0.222438  3.908809  1.2  166  -67
2.25255668  0.218007  3.754638  2.2  299  -42
2.25255903  0.219993  3.823372  2.2  110  -41
2.25256596  0.230766  4.206984  0.5  282  -25
2.25264223  0.233406  4.303803  0.7  271  -50
2.25264281  0.231601  4.237496  1.1   86  -55
2.25264360  0.231792  4.244489  0.8   88  -53
2.25273429  0.233485  4.306715  0.6   26  -41
2.25274298  0.231266  4.225225  0.1   40  -46
2.25274184  0.230404  4.193811  0.0   38  -44
2.25281662  0.235252  4.372120  0.0  340   60
2.25281969  0.234071  4.328345  0.2  303   56
2.25286277  0.236655  4.424434  0.1   95   16
2.25287996  0.234668  4.350457  0.4   28   57
2.25292059  0.229413  4.157800  1.2  309   57
2.25292388  0.226668  4.058894  1.0  151   32
2.25292956  0.224103  3.967563  0.2  335   43
2.25301042  0.224266  3.973321  0.1  212   10
2.25301435  0.224481  3.980945  0.4  204   11
2.25301613  0.223675  3.952406  0.2   28  168
2.25307470  0.224617  3.985758  0.0   58   21
2.25310150  0.228322  4.118326  1.9   62  -52
2.25315307  0.221661  3.881568  0.1   44  -45
2.25315280  0.222796  3.921414  0.4   45  -45
2.25315315  0.223145  3.933708  0.2  227  -56
2.25323002  0.227421  4.085905  0.7  345  -50
2.25326513  0.213804  3.611254  1.3  123   23
2.25326522  0.212856  3.579296  0.0  294   27
2.25326801  0.212256  3.559169  1.3  295   27
2.25326558  0.211907  3.547460  0.9  295   27
2.25333883  0.225797  4.027749  1.6  265   53
2.25334528  0.227798  4.099475  2.9   78   78
2.25342899  0.226470  4.051792  0.5  284   -3
2.25341590  0.223914  3.960868  1.0  158    6
2.25344185  0.225440  4.015030  0.0  277   11
2.25347777  0.226856  4.065630  3.6  133   48
2.25349398  0.223425  3.943562  1.2  336   57
2.25349353  0.223311  3.939547  1.0  335   56
2.25358870  0.214899  3.648339  0.0  346  -33
2.25359273  0.216112  3.689648  0.3  163  -47
2.25359563  0.217151  3.725210  2.6  173  -54
2.25359334  0.222453  3.909342  3.3  117  -51
2.25365858  0.232036  4.253430  0.3  200   -9
2.25367820  0.228192  4.113668  0.0  278  -65
2.25375237  0.229023  4.143684  0.1  273  -22
2.25377208  0.225279  4.009313  0.2   70  114
2.25377119  0.226167  4.040975  0.2  286   72
2.25377803  0.224081  3.966777  0.6  192   26
2.25383377  0.234334  4.338082  1.3  295  -22
2.25379782  0.234786  4.354816  0.0  230  142
2.25387215  0.235011  4.363171  2.7  255   38
2.25392362  0.221127  3.862871  2.0   97   -1
2.25393764  0.217521  3.737906  0.0  291   34
2.25396395  0.225808  4.028137  1.0  307   39
2.25397082  0.221230  3.866472  0.1  147   50
2.25404153  0.230096  4.182583  0.8  100   56
2.25404615  0.216203  3.692760  0.0   51   34
2.25405602  0.221104  3.862088  1.0   43   39
2.25410373  0.219459  3.804832  2.0  195   36
2.25411338  0.222065  3.895731  0.1  306   -8
2.25412554  0.224287  3.974073  0.1  252  149
2.25417913  0.228424  4.122027  1.0  188  -50
2.25421441  0.219950  3.821858  0.3  323  -33
2.25427406  0.210900  3.513818  0.3  205  -50
2.25427023  0.213293  3.594012  1.5   16  -34
2.25427502  0.212406  3.564192  0.3  181  -58
2.25428735  0.223897  3.960256  0.4  105  -52
2.25431964  0.230085  4.182205  0.1  263  147
2.25437524  0.223457  3.944705  1.0  347   63
2.25437916  0.224532  3.982741  1.5   47   85
2.25445455  0.223294  3.938950  4.3  315   21
2.25447252  0.222056  3.895392  2.6  298   -8
2.25446928  0.219859  3.818690  0.1  298   -2
2.25452564  0.213699  3.607717  2.0  310   55
2.25453364  0.212182  3.556663  2.6  192   47
2.25453388  0.212676  3.573264  2.5  196   47
2.25463543  0.217388  3.733336  1.4   14  -49
2.25462732  0.218963  3.787642  2.6  179  -56
2.25463850  0.214984  3.651216  1.2  199  -50
2.25469446  0.212484  3.566818  0.1   13    2
2.25469502  0.212156  3.555797  0.1  196  -17
2.25470773  0.212331  3.561685  1.0   17  -18
2.25470783  0.212332  3.561707  1.0   15  -11
2.25477470  0.221960  3.892034  1.0  353   27
2.25480668  0.227739  4.097333  0.5  304  -53
2.25481478  0.230636  4.202239  0.5  280  -32
2.25486912  0.218550  3.773373  0.4  345  -26
2.25488632  0.220280  3.833328  0.5  295  -19
2.25488770  0.223643  3.951263  0.2  310  -30
2.25489649  0.224253  3.972875  0.1  291   -8
2.25498328  0.223030  3.929634  0.2   36  -37
2.25497755  0.223807  3.957066  0.0   63  -12
2.25501519  0.231391  4.229789  0.2  276   42
2.25505801  0.227760  4.098112  0.7  308  -43
2.25506099  0.225129  4.003958  0.2  310  -40
2.25512514  0.220943  3.856446  1.0   32  -41
2.25512545  0.217376  3.732935  0.0   26  -40
2.25512890  0.219343  3.800795  0.9  213  -57
2.25515971  0.229432  4.158482  2.9  236  -79
2.25523641  0.229507  4.161206  0.2  216   56
2.25524207  0.233153  4.294448  1.5  288   67
2.25523449  0.230413  4.194114  1.2   61   62
2.25529273  0.225695  4.024109  0.0   54  -47
2.25529708  0.227592  4.092056  0.2   57  -45
2.25533379  0.228186  4.113441  0.0  197  -29
2.25538084  0.234157  4.331544  0.7  300  -12
2.25539912  0.233524  4.308154  2.8  349   -1
2.25542320  0.236512  4.419092  0.3   63   62
2.25541467  0.232788  4.281040  4.3  142  -18
2.25548163  0.229910  4.175842  0.3  306   27
2.25547462  0.235680  4.388057  0.0  273   57
2.25556083  0.230764  4.206908  0.6   72  -54
2.25557003  0.228634  4.129601  0.8  275  -37
2.25557154  0.226966  4.069556  0.2   90  -36
2.25557520  0.227032  4.071927  0.5   90  -31
2.25565370  0.231364  4.228807  0.9  142  -43
2.25565206  0.224614  3.985673  1.0  331  -10
2.25572665  0.231686  4.240580  4.1  197   -8
2.25573300  0.231441  4.231615  4.0  198   -8
2.25573617  0.227043  4.072351  3.5  206    0
2.25579666  0.229293  4.153449  5.1  321   21
2.25581101  0.230387  4.193183  1.0  181   33
2.25581233  0.231490  4.233413  4.4  322   17
2.25589569  0.229554  4.162893  0.6  200  -33
2.25588135  0.227987  4.106269  0.1  250  -63
2.25593999  0.229042  4.144359  2.2  305  119
2.25595862  0.225413  4.014077  0.0  196   28
2.25596307  0.223175  3.934755  0.0  190   30
2.25596826  0.224788  3.991848  0.1  186   20
2.25604316  0.227959  4.105272  2.2  284  -60
2.25604702  0.232558  4.272572  3.2   67  -56
2.25607968  0.228682  4.131344  2.0   44  -32
2.25611302  0.222307  3.904218  3.5   69   36
2.25611520  0.223175  3.934762  2.2   58   34
2.25611640  0.222124  3.897770  3.2   66   38
2.25621248  0.226873  4.066226  0.0  260   16
2.25621644  0.228471  4.123715  0.0   84   20
2.25626802  0.224508  3.981918  4.5    7    2
2.25627635  0.223495  3.946034  3.5    6   -9
2.25628501  0.225197  4.006368  4.7  306  159
2.25628791  0.225584  4.020172  0.5    8  -29
2.25629763  0.227176  4.077122  3.5  360  -20
2.25637886  0.228648  4.130128  2.6  203  -27
2.25638175  0.228594  4.128175  4.2  190   -2
2.25638493  0.233177  4.295347  5.2  185   -3
2.25646242  0.232326  4.264048  1.5  146  -13
2.25650530  0.231923  4.249273  0.8  198   18
2.25652229  0.228746  4.133646  2.8  179   -4
2.25652979  0.227663  4.094609  3.1  179   -4
2.25654724  0.230656  4.202957  2.4    4  -19
2.25660176  0.232110  4.256147  3.0  166   16
2.25663400  0.229750  4.170025  0.2   79  -36
2.25669171  0.231429  4.231193  1.1  180  -42
2.25668841  0.231688  4.240661  1.0  351  -23
2.25669206  0.229703  4.168317  0.8  183  -42
2.25675213  0.222100  3.896940  1.0   20   48
2.25675743  0.216708  3.710033  0.0  185   39
2.25676457  0.220554  3.842883  0.1  168   35
2.25681744  0.218752  3.780328  0.1  300   33
2.25684494  0.219398  3.802687  0.3  342 -151
2.25684733  0.220251  3.832346  0.1  348  -21
2.25690716  0.218677  3.777759  0.8  288   49
2.25690739  0.219159  3.794426  0.6  287   48
2.25690709  0.219834  3.817820  1.0  287   48
2.25694255  0.219926  3.821025  0.3  198  -47
2.25701052  0.220370  3.836477  0.0   12  -18
2.25701050  0.220717  3.848560  0.0   12  -19
2.25704502  0.227417  4.085756  1.4  308  -34
2.25704337  0.230829  4.209286  1.4  291  -25
2.25706668  0.231151  4.221015  2.0  293    2
2.25716175  0.231355  4.228495  2.8   11  -26
2.25716119  0.232855  4.283500  2.8   12  -25
2.25715625  0.234058  4.327865  0.1  292  -61
2.25723363  0.235228  4.371239  2.6  264   18
2.25725700  0.229444  4.158935  2.4  202   46
2.25726072  0.227064  4.073075  3.2  198   35
2.25731245  0.226786  4.063133  0.1  255  -77
2.25732435  0.230660  4.203102  0.4  257  -48
2.25732213  0.230691  4.204252  0.6   64  -49
2.25742675  0.230040  4.180555  4.0  198   -5
2.25742567  0.230130  4.183840  4.4  199   -4
2.25742868  0.228399  4.121125  2.9   18    0
2.25743243  0.228685  4.131445  4.1  198   -7
2.25750415  0.230959  4.214020  0.4  194   23
2.25751239  0.232236  4.260743  0.3  186   51
2.25757604  0.232714  4.278324  0.0  264   48
2.25758215  0.231799  4.244745  1.0  338   36
2.25759316  0.231366  4.228889  2.8  184   -9
2.25765263  0.233629  4.312015  0.9  211   54
2.25766030  0.227090  4.074006  1.6  178   37
2.25767274  0.224490  3.981278  0.0  160    6
2.25768739  0.230733  4.205768  1.8  125    4
2.25775031  0.230267  4.188798  1.6  157  -38
2.25777312  0.222430  3.908524  0.2  306   52
2.25777633  0.220623  3.845292  0.1  298   44
2.25783315  0.224915  3.996365  0.4  317   57
2.25785030  0.225768  4.026725  0.0  125   -6
2.25785832  0.221692  3.882627  2.7  141   12
2.25792216  0.218592  3.774805  0.9  308   34
2.25792223  0.220689  3.847584  0.8  307   34
2.25792282  0.220950  3.856706  1.1  309   34
2.25794573  0.228334  4.118774  1.5  152   27
2.25800382  0.231090  4.218797  1.4  156  -55
2.25803098  0.223029  3.929603  0.9  327  -15
2.25802528  0.225003  3.999479  2.2  319  -23
2.25811303  0.224309  3.974853  2.2  173  -14
2.25811314  0.223758  3.955342  2.1  173  -15
2.25810415  0.225441  4.015062  0.8  307   10
2.25818789  0.225081  4.002252  0.3  312   36
2.25819192  0.227120  4.075092  1.0  304   35
2.25819543  0.225249  4.008229  0.1  297   36
2.25827526  0.230945  4.213499  1.4  297  -42
2.25827446  0.230311  4.190402  1.3  298  -42
2.25833542  0.227801  4.099579  0.9  110   14
2.25836131  0.209629  3.471590  0.0  319    2
2.25836081  0.211820  3.544552  1.0  318    4
2.25836045  0.216399  3.699465  1.0  139  -12
2.25836153  0.215119  3.655804  1.0  330    9
2.25845155  0.220485  3.840494  2.1  181  -28
2.25845204  0.220497  3.840879  1.6  181  -31
2.25852643  0.218929  3.786449  1.0  345  -15
2.25853058  0.211512  3.534240  0.1  159  -35
2.25853120  0.214162  3.623357  0.3  162  -36
2.25861013  0.215170  3.657569  0.5  152  -37
2.25860762  0.214805  3.645153  0.9  334  -27
2.25861145  0.216120  3.689914  0.2  152  -38
2.25868493  0.227380  4.084432  3.5    8   -1
2.25868876  0.226068  4.037423  2.5    2   -2
2.25869848  0.226486  4.052366  1.3  358   -5
2.25869455  0.226813  4.064069  1.0  177  -14
2.25878626  0.235746  4.390500  2.3  301   55
2.25878357  0.236242  4.409014  0.5  189   35
2.25883616  0.236946  4.435329  2.1  206   61
2.25886333  0.227407  4.085404  4.2  175    2
2.25885717  0.228543  4.126315  4.6  322    2
2.25886739  0.229619  4.165264  4.1  180    1
2.25894608  0.235443  4.379233  2.4  357   12
2.25895391  0.232926  4.286119  1.3  357   10
2.25898208  0.233994  4.325502  1.5  300   57
2.25902707  0.230335  4.191286  1.2   25  -48
2.25903075  0.228933  4.140410  0.0   28  -44
2.25903087  0.232548  4.272218  3.9  310  -61
2.25912177  0.226376  4.048430  0.0  297  -45
2.25912096  0.226934  4.068419  1.0  299  -54
2.25912181  0.226354  4.047666  0.0  297  -45
2.25918179  0.234041  4.327258  0.2   42  -43
2.25920116  0.233120  4.293261  1.0    4  -28
2.25919858  0.236510  4.419014  0.2  291   42
2.25924082  0.236157  4.405853  0.2  180   21
2.25931253  0.235583  4.384432  0.9  200   57
2.25932213  0.234170  4.332022  1.7  305   -9
2.25931982  0.227136  4.075665  0.4  325  -10
2.25932122  0.224967  3.998214  0.3  322 -162
2.25939933  0.222321  3.904691  0.0  126   26
2.25947245  0.222581  3.913831  3.3  138   33
2.25947371  0.222922  3.925832  3.7  318   43
2.25947516  0.221663  3.881635  3.3  315   51
2.25947760  0.222512  3.911424  2.6  136   41
2.25948391  0.226825  4.064503  1.6   28   61
2.25957170  0.227967  4.105563  2.6  191   23
2.25957015  0.227471  4.087708  2.6    8   25
2.25957144  0.227475  4.087830  2.0    9   25
2.25964469  0.234110  4.329777  0.7   11   21
2.25966722  0.230361  4.192220  2.0  282  -57
2.25966819  0.229101  4.146488  0.8  109  -48
2.25973473  0.227933  4.104332  1.0   11  -19
2.25973439  0.226893  4.066942  0.0    5  -17
2.25973365  0.228147  4.112043  2.5   12  -14
2.25981291  0.223384  3.942121  1.7  328   41
2.25981333  0.223680  3.952570  0.9  329   43
2.25981563  0.226644  4.058025  0.4  332   36
2.25989198  0.226638  4.057823  1.0  324    4
2.25990242  0.225562  4.019396  1.2  172  -52
2.25990435  0.225648  4.022441  0.9  171  -53
2.25998673  0.233429  4.304623  1.8  147   -1
2.25999447  0.233727  4.315650  3.2  196  -33
2.25999506  0.234999  4.362732  2.0  167    6
2.26003917  0.235433  4.378861  4.1   77   -2
2.26004226  0.237317  4.449218  3.6   78   -1
2.26013609  0.238425  4.490881  0.5  198   25
2.26015561  0.233035  4.290113  1.0  294  -38
2.26015938  0.232169  4.258287  0.0  198   56
2.26016995  0.234775  4.354410  0.0  283  -20
2.26020084  0.236020  4.400713  0.5  198  -11
2.26023417  0.234751  4.353522  0.2  302  -42
2.26023531  0.232698  4.277722  0.1  309  -40
2.26024154  0.236865  4.432291  1.0  235  -71
2.26031140  0.239256  4.522216  1.0  303   53
2.26034807  0.234580  4.347193  1.1   51   87
2.26037082  0.232044  4.253706  0.2  199   38
2.26037960  0.232665  4.276503  0.1  193  -63
2.26044837  0.227752  4.097808  1.3  130   44
2.26044786  0.225634  4.021950  0.3  289   53
2.26048886  0.221083  3.861327  0.0  320   52
2.26049131  0.228937  4.140550  0.0  285   64
2.26054334  0.224872  3.994814  1.6  102   54
2.26054234  0.225322  4.010826  1.6  264   55
2.26060732  0.225847  4.029532  3.8  202   24
2.26061309  0.224430  3.979154  2.0  205   18
2.26067800  0.212925  3.581640  0.1  212   50
2.26067920  0.212546  3.568881  0.1  208   48
2.26067728  0.212674  3.573189  0.1   36   54
2.26075390  0.204551  3.305457  1.0  122   27
2.26075706  0.204448  3.302130  1.6  123   35
2.26075902  0.203862  3.283213  1.3  146   60
2.26082484  0.221592  3.879124  3.7  288   49
2.26085107  0.208957  3.449375  0.2  346   12
2.26085506  0.211662  3.539248  1.0  357   -4
2.26085633  0.212254  3.559084  1.5  175  -11
2.26094043  0.204401  3.300599  0.4  162  -59
2.26094361  0.205200  3.326472  0.6  168  -56
2.26094723  0.204686  3.309803  0.7  306  -63
2.26094895  0.208823  3.444951  2.8  108  -63
2.26101366  0.210092  3.486943  0.1    2  -36
2.26101505  0.211957  3.549122  0.9  357  -35
2.26109940  0.214307  3.628258  1.2  104  -40
2.26109914  0.215422  3.666114  0.0  295  -52
2.26109975  0.215176  3.657773  1.0  104  -39
2.26109852  0.218894  3.785257  1.0  112  -54
2.26117863  0.233717  4.315263  1.5   14  -44
2.26119535  0.227945  4.104767  0.1  205  -47
2.26120466  0.228691  4.131661  0.1  218  -53
2.26127062  0.218179  3.760578  2.7  199  -26
2.26127471  0.217849  3.749187  3.0  203  -35
2.26127590  0.217937  3.752242  3.3  204  -37
2.26135608  0.223617  3.950376  2.3  199  -57
2.26135211  0.221761  3.885054  1.4  121  -45
2.26142140  0.222442  3.908943  0.4  341   -9
2.26142400  0.219814  3.817132  0.0  163  -22
2.26142602  0.223738  3.954644  0.0  167  -28
2.26151326  0.230452  4.195548  1.7  294  -46
2.26151813  0.229717  4.168816  1.1  309   36
2.26151307  0.227173  4.076983  2.2  313  -45
2.26158191  0.229829  4.172876  0.1  156  -10
2.26161467  0.226309  4.046055  1.0  122   60
2.26161530  0.228227  4.114932  0.4  289   67
2.26166224  0.229245  4.151723  0.3   44  -42
2.26166620  0.230792  4.207918  0.5    7    4
2.26172290  0.229909  4.175802  0.3  274   22
2.26173075  0.226304  4.045879  3.4  296   45
2.26180517  0.225614  4.021238  4.4  307   63
2.26180756  0.224108  3.967742  3.4  122   42
2.26180668  0.224086  3.966932  3.2  120   41
2.26180756  0.225083  4.002330  3.0  285   51
2.26187504  0.224317  3.975144  1.1  204   51
2.26187343  0.222811  3.921951  1.4   36   62
2.26188855  0.235133  4.367697  2.5   38   16
2.26196203  0.232143  4.257336  1.6   54   36
2.26198772  0.226471  4.051853  0.2  296  -63
2.26198782  0.226993  4.070547  1.0  296  -63
2.26202353  0.224918  3.996477  2.7  174   18
2.26203336  0.224457  3.980090  1.1  171   15
2.26210353  0.229453  4.159251  1.0  210   68
2.26210795  0.217874  3.750055  0.0  129   28
2.26211941  0.219454  3.804648  0.0  107    5
2.26215529  0.221332  3.870055  1.0  292   45
2.26215543  0.224457  3.980080  0.7  292   45
2.26220304  0.225199  4.006466  1.2  193  -36
2.26220390  0.224850  3.994047  1.2   12  -30
2.26227968  0.220766  3.850269  1.1  303  -20
2.26228018  0.220622  3.845245  1.6  303  -20
2.26235395  0.218577  3.774288  0.0  165  -50
2.26235423  0.213641  3.605767  0.0  296  -27
2.26235786  0.215851  3.680743  0.1  297  -25
2.26245850  0.218713  3.778998  0.5  340  -30
2.26246106  0.216935  3.717802  0.1  350  -36
2.26246145  0.217051  3.721771  0.8  359  -34
2.26246089  0.218152  3.759640  0.8  176  -43
2.26249468  0.222465  3.909772  0.2  301  -32
2.26254407  0.230466  4.196068  0.1   65  -69
2.26256954  0.230352  4.191916  0.6   12  -53
2.26262683  0.228951  4.141071  0.0   17  -35
2.26263193  0.225498  4.017110  0.2   32  -17
2.26263888  0.228160  4.112501  0.2  215  -30
2.26270065  0.238648  4.499264  1.3  191  -11
2.26270071  0.239027  4.513573  2.2    9   -1
2.26276625  0.237168  4.443631  1.4  211   68
2.26277162  0.234708  4.351927  3.3  304   64
2.26277631  0.234698  4.351564  1.6  171   36
2.26279526  0.238235  4.483731  2.5  200   17
2.26286846  0.231142  4.220718  0.2  182  -44
2.26287358  0.231236  4.224147  0.5  186  -46
2.26287324  0.228458  4.123243  0.0    7  -35
2.26295412  0.231817  4.245407  0.6   38  -12
2.26295037  0.232904  4.285294  1.0   37  -12
2.26298357  0.232286  4.262570  0.1  295  -56
2.26298584  0.232465  4.269159  0.3  299  -49
2.26304603  0.237406  4.452575  1.2  292  -57
2.26304683  0.233722  4.315448  0.2  308  -57
2.26310902  0.233310  4.300253  0.2   11  -35
2.26310919  0.234894  4.358831  0.6  193  -49
2.26316178  0.236031  4.401138  2.5  102   -5
2.26318274  0.235229  4.371272  0.7  287  -30
2.26317825  0.233727  4.315641  2.0   99   -2
2.26317863  0.233652  4.312852  1.7   99   -4
2.26324882  0.240020  4.551158  2.9  296   31
2.26331272  0.228875  4.138312  1.9  203   47
2.26331788  0.227560  4.090911  0.1   50   58
2.26332464  0.230283  4.189397  0.2   40   57
2.26339419  0.220878  3.854168  0.3  283   34
2.26340038  0.216760  3.711817  0.0  108   29
2.26339549  0.218871  3.784456  0.3  286   39
2.26344195  0.227846  4.101208  0.3   55   61
2.26344275  0.227342  4.083078  0.6   36   69
2.26349871  0.225169  4.005400  0.0  296   59
2.26350026  0.220949  3.856651  0.1  278   55
2.26358098  0.224962  3.998007  0.2  195   18
2.26358091  0.222127  3.897900  1.0   15   29
2.26358492  0.224432  3.979210  1.0   13   21
2.26366785  0.222688  3.917606  3.9  305   -4
2.26367088  0.222018  3.894058  5.2  131   -6
2.26367009  0.223193  3.935387  4.2  308   -9
2.26373740  0.229809  4.172178  0.3  120   57
2.26375181  0.222133  3.898104  0.9    5  -11
2.26375914  0.221909  3.890261  1.0  180  -33
2.26375557  0.220902  3.855010  0.0  359  -14
2.26381501  0.230018  4.179751  0.1  191   35
2.26381652  0.231583  4.236835  0.5  191   33
2.26392099  0.219005  3.789080  0.5  145  -60
2.26391960  0.219048  3.790578  0.5  176  -62
2.26391986  0.220166  3.829388  1.0  181  -63
2.26391561  0.226435  4.050562  1.2  346  -91
2.26399859  0.230804  4.208377  2.4  192   -5
2.26399852  0.231040  4.216992  2.6  190   -6
2.26407226  0.224866  3.994626  0.0  352  -53
2.26407714  0.227141  4.075834  0.9  321  -39
2.26407344  0.227765  4.098277  0.1  313  -26
2.26407515  0.228968  4.141667  0.2  309  -21
2.26416351  0.237313  4.449096  1.7  183  -27
2.26417479  0.233215  4.296734  0.0  312   11
2.26424578  0.237080  4.440349  2.1  124   50
2.26425249  0.235518  4.382011  1.5  307   71
2.26425442  0.231973  4.251098  0.8  113   72
2.26434499  0.237188  4.444408  1.4   60  -39
2.26434799  0.240039  4.551875  1.0   45  -70
2.26434683  0.237396  4.452184  0.3  254  -48
2.26435853  0.228101  4.110368  0.1  108  -50
2.26442139  0.224102  3.967528  1.0  285   34
2.26441981  0.225258  4.008539  2.3  288   43
2.26442226  0.222218  3.901081  2.2  287   36
2.26448458  0.222426  3.908382  0.0  197   53
2.26448614  0.223038  3.929934  0.1  190   52
2.26457896  0.224048  3.965603  3.4  281  -20
2.26458096  0.219339  3.800674  2.6  269  -11
2.26458198  0.221109  3.862231  2.8   87   -9
2.26458523  0.222532  3.912133  2.5  266   -7
2.26465242  0.230833  4.209424  1.0  247    2
2.26464147  0.229472  4.159937  5.2  246   -3
2.26469954  0.235053  4.364743  4.8  145   15
2.26477498  0.226209  4.042486  0.5    8  -66
2.26478199  0.225255  4.008442  0.0    1  -20
2.26478068  0.226455  4.051255  0.1  182  -40
2.26478481  0.225640  4.022157  1.0  178  -33
2.26483341  0.233633  4.312168  0.2  160  -64
2.26486668  0.233506  4.307496  4.8  309   54
2.26486646  0.233270  4.298774  4.6  309   53
2.26494640  0.231236  4.224139  0.5  356   -5
2.26494580  0.231485  4.233231  1.0  180  -13
2.26495022  0.231117  4.219803  0.0  187  -15
2.26502794  0.231515  4.234319  0.3   29   45
2.26503362  0.225410  4.013972  0.0  193   34
2.26503922  0.228502  4.124834  0.2  193   32
2.26510098  0.233707  4.314911  2.8  309   58
2.26510103  0.233382  4.302902  2.3  290   56
2.26516322  0.233776  4.317454  0.7   84  -15
2.26516563  0.227569  4.091208  0.0  288  -32
2.26517828  0.229969  4.177973  0.2  282   -9
2.26521676  0.228712  4.132416  1.0  176  -42
2.26529073  0.228640  4.129826  2.4  131   55
2.26528873  0.226484  4.052300  3.4  134   42
2.26529266  0.226612  4.056890  0.2   64   77
2.26534240  0.227764  4.098240  1.2  311  -35
2.26534422  0.228896  4.139084  1.0  316  -25
2.26540044  0.235779  4.391731  0.6  190   52
2.26545688  0.235716  4.389396  1.3  303  -18
2.26543824  0.231339  4.227906  3.0  299   59
2.26548957  0.226348  4.047444  4.9  298   61
2.26548784  0.225769  4.026768  3.8  297  127
2.26549325  0.228485  4.124218  4.0  184   51
2.26552212  0.230833  4.209426  4.1  189   26
2.26561859  0.220425  3.838382  0.4  302  -53
2.26561866  0.220959  3.856995  2.1  302  -52
2.26562616  0.218579  3.774367  1.3  303  -50
2.26562085  0.221361  3.871061  1.1  218  -60
2.26572325  0.218805  3.782164  0.2  197   67
2.26572511  0.218447  3.769793  0.0  309   85
2.26572476  0.217364  3.732506  0.0  181   66
2.26572473  0.225130  4.003992  1.0  156   69
2.26583653  0.229382  4.156688  3.8  190  -74
2.26584927  0.224597  3.985066  3.3   81  -31
2.26585116  0.224582  3.984525  3.2   78  -26
2.26585169  0.224122  3.968211  3.0  263  -28
2.26591301  0.229931  4.176575  1.1  155  -69
2.26593541  0.234189  4.332708  0.7  309   36
2.26596330  0.232712  4.278227  0.1  286  -47
2.26600061  0.229040  4.144303  1.8  206  -54
2.26601095  0.227464  4.087445  0.0  281  -38
2.26608097  0.232769  4.280318  2.0  312   42
2.26604481  0.234990  4.362414  1.3  193  -59
2.26611342  0.232723  4.278627  0.1   33  -56
2.26615205  0.226959  4.069308  0.1   77   71
2.26614700  0.229551  4.162811  0.2  273   59
2.26614840  0.228661  4.130573  0.6  274   60
2.26622600  0.236184  4.406861  0.0  286   55
2.26622990  0.231812  4.245190  0.0  304   64
2.26628685  0.232953  4.287088  3.2   59    5
2.26629524  0.231653  4.239404  0.0  199   37
2.26631248  0.228213  4.114410  1.0  200   24
2.26631284  0.229993  4.178859  1.0  200   23
2.26637253  0.236989  4.436958  0.1  270   43
2.26642775  0.229389  4.156922  0.5  210   64
2.26642696  0.227247  4.079646  0.0  299   75
2.26642773  0.226958  4.069295  0.0  300   77
2.26648104  0.231310  4.226844  0.6  183   38
2.26647554  0.231349  4.228261  0.8   16   44
2.26657240  0.217228  3.727857  0.8  279   54
2.26656927  0.214436  3.632643  0.2  191   53
2.26657256  0.213804  3.611249  0.4  275   54
2.26657377  0.213750  3.609424  0.2  282   51
2.26666364  0.228791  4.135293  2.3  325  -51
2.26664334  0.231067  4.217951  0.0  272   57
2.26670096  0.228167  4.112768  0.6   68   60
2.26672922  0.229437  4.158676  0.6   82   -3
2.26674548  0.227699  4.095889  1.9   97    3
2.26674451  0.228574  4.127440  0.8  275    2
2.26682237  0.221910  3.890263  0.7  144  -70
2.26682226  0.223168  3.934507  0.3  323  -67
2.26688939  0.216915  3.717109  0.4   35  -62
2.26688920  0.216528  3.703860  0.3   35  -62
2.26689408  0.217762  3.746189  0.4   56  -54
2.26689607  0.221469  3.874844  2.3  327  -62
2.26697977  0.233805  4.318502  0.6  177  -42
2.26698816  0.236221  4.408234  1.1  198  -71
2.26703775  0.227475  4.087863  0.2   36  -51
2.26703990  0.231027  4.216519  0.7   48  -46
2.26708622  0.235637  4.386450  0.1   85  -53
2.26710314  0.236554  4.420659  0.9  296  -61
2.26710834  0.237590  4.459478  1.2  114  -62
2.26722300  0.235366  4.376376  0.7  212   32
2.26722393  0.231504  4.233919  0.1  211   30
2.26722029  0.235948  4.398050  0.8   41   43
2.26727735  0.233032  4.290017  1.7  216   54
2.26728321  0.228964  4.141554  1.1  306   62
2.26728924  0.231945  4.250089  0.7  281   54
2.26728288  0.227381  4.084456  0.3  290  126
2.26733732  0.232116  4.256366  0.2  291   53
2.26736378  0.233502  4.307345  2.9  257    6
2.26738788  0.234278  4.336025  1.1  222   31
2.26744579  0.237410  4.452703  3.2  313   30
2.26747558  0.239134  4.517604  0.7  136  -51
2.26749805  0.235654  4.387084  1.3   50   55
2.26752003  0.230825  4.209128  0.1  337  -40
2.26752035  0.232724  4.278678  0.0  336  -39
2.26755178  0.231511  4.234202  0.4   22   64
2.26761039  0.232171  4.258359  0.0  278   26
2.26763293  0.233645  4.312596  1.3    7  -64
2.26762824  0.235256  4.372303  0.3   89   15
2.26769616  0.235242  4.371778  0.4  284   48
2.26775471  0.226408  4.049583  1.1  112   45
2.26777163  0.219251  3.797605  1.0  107   70
2.26777125  0.217116  3.724011  0.3  268   70
2.26777054  0.217502  3.737263  0.0  139   66
2.26779720  0.226176  4.041286  3.1  200   16
2.26786340  0.228166  4.112732  1.4  121  -46
2.26789795  0.229985  4.178554  4.4   86   15
2.26790069  0.230452  4.195539  5.6   88   17
2.26794382  0.212863  3.579527  0.2   27  -43
2.26795776  0.211132  3.521547  1.0   37  -25
2.26795663  0.211134  3.521637  0.4  218  -27
2.26796873  0.215829  3.680004  1.5  228  -30
2.26797661  0.223904  3.960504  1.0   66  -32
2.26810657  0.223505  3.946399  0.3  281  -68
2.26811312  0.219444  3.804310  1.0   13  -42
2.26812002  0.215553  3.670573  0.3   25  -47
2.26811999  0.215858  3.680985  0.9   25  -47
2.26819018  0.233831  4.319478  0.1  289  -43
2.26819385  0.234534  4.345479  0.0   82  -48
2.26822676  0.239172  4.519061  2.3  296   60
2.26825592  0.231346  4.228152  0.2   18   76
2.26827699  0.226839  4.065001  0.0   87  -13
2.26829452  0.224298  3.974455  0.0  274  -13
2.26837567  0.235790  4.392173  3.0   16  -62
2.26837532  0.237043  4.438980  3.6   18  -61
2.26839512  0.238936  4.510132  6.5   64  -14
2.26842657  0.234414  4.341028  0.2  213   46
2.26844469  0.235347  4.375678  2.1  191  -49
2.26847724  0.234029  4.326809  0.7   52   64
2.26852236  0.236942  4.435170  1.3  279  -38
2.26852233  0.235997  4.399882  1.0  279  -35
2.26856936  0.233360  4.302105  0.0   28  -34
2.26858983  0.236718  4.426812  0.1  286   53
2.26861196  0.230590  4.200556  1.0   88  -43
2.26865960  0.231023  4.216352  0.4  293  -49
2.26865809  0.228496  4.124607  0.4   94  -57
2.26871810  0.226360  4.047872  0.6   24  -37
2.26871418  0.225617  4.021337  0.2  203  -48
2.26877851  0.238807  4.505283  0.4  206   15
2.26881453  0.237404  4.452501  0.1  275  -69
2.26881329  0.230484  4.196692  0.0   96  -59
2.26881516  0.231312  4.226907  0.0   91  -61
2.26887051  0.232060  4.254309  1.0  305   77
2.26886631  0.234123  4.330277  0.1  273   81
2.26893761  0.237064  4.439734  0.0   84   43
2.26893706  0.227915  4.103676  0.0  275   37
2.26894169  0.235973  4.398996  0.5  280   58
2.26901089  0.231737  4.242448  1.6  187   14
2.26901569  0.231373  4.229145  1.5  187   16
2.26902986  0.230808  4.208513  0.7  180   -2
2.26903926  0.230528  4.198306  0.1  173  -14
2.26907961  0.234033  4.326942  0.7  283   68
2.26911210  0.232759  4.279981  1.0  157   16
2.26919093  0.228288  4.117128  1.4  195  -44
2.26918859  0.227625  4.093243  1.0   15  -34
2.26919560  0.228007  4.106989  0.3   25  -27
2.26923168  0.233882  4.321354  1.7   27   18
2.26925007  0.234645  4.349593  0.1  179   15
2.26928565  0.233731  4.315783  0.6  296   43
2.26934042  0.223472  3.945223  1.4  282   59
2.26934052  0.224255  3.972921  1.1  281   63
2.26938918  0.232140  4.257218  2.7   84   51
2.26939085  0.234091  4.329098  2.4  265   53
2.26944448  0.241596  4.611103  0.7  189  -47
2.26945123  0.240076  4.553286  1.5  303   23
2.26950041  0.235557  4.383489  0.1  284   31
2.26952792  0.228247  4.115644  0.0  163  -75
2.26952844  0.232425  4.267674  0.1   93  -68
2.26956572  0.236472  4.417610  3.4  301   49
2.26957876  0.231471  4.232730  0.1  304  -34
2.26966101  0.237039  4.438825  0.5  198   28
2.26967661  0.230402  4.193708  0.7  315   59
2.26967656  0.228957  4.141291  0.3  296   58
2.26967922  0.230951  4.213734  1.0   84   42
2.26975277  0.236932  4.434795  0.1  187   37
2.26975327  0.237306  4.448804  0.1  188   36
2.26980228  0.237274  4.447630  1.0  183   29
2.26980815  0.234477  4.343360  0.6  169   29
2.26989288  0.229294  4.153483  1.1  295   16
2.26986254  0.225159  4.005032  0.2  310  -50
2.26989483  0.229332  4.154852  1.9  121   11
2.26991047  0.231936  4.249754  2.6  292   15
2.26993793  0.230292  4.189735  0.4  286   40
2.26998248  0.227934  4.104363  0.0  284   30
2.26999495  0.226813  4.064093  0.0  284   48
2.27004862  0.227412  4.085579  0.0  210   66
2.27004805  0.224535  3.982876  0.2  283   63
2.27009294  0.229245  4.151702  0.2   62   57
2.27015407  0.220218  3.831192  4.1  309   34
2.27015422  0.221871  3.888909  4.2  310   33
2.27015570  0.221570  3.878367  3.9  308   29
2.27015648  0.220520  3.841681  4.1  309   30
2.27022691  0.231548  4.235537  3.8    5  -13
2.27025278  0.227506  4.088966  0.1    6  -25
2.27030427  0.225603  4.020841  3.2   15   30
2.27031386  0.226055  4.036952  2.0  296   55
2.27037484  0.207383  3.397604  0.8  279   69
2.27037386  0.206223  3.359702  0.1   61  108
2.27037616  0.205228  3.327372  0.7  276   64
2.27040468  0.221060  3.860549  4.2  139   35
2.27048585  0.221799  3.886383  3.1    5  -30
2.27050651  0.216240  3.694004  3.5   21  -57
2.27050649  0.212579  3.569990  3.1  198  -73
2.27050528  0.210629  3.504803  3.1  205  -74
2.27056431  0.221586  3.878920  3.3  195  -61
2.27058099  0.223958  3.962429  4.6  313  -35
2.27058417  0.223623  3.950566  4.6  315  -32
2.27065223  0.220304  3.834174  0.1   36  -45
2.27065178  0.220234  3.831753  0.0  320  -59
2.27072963  0.215777  3.678224  0.2  197    2
2.27073394  0.215261  3.660635  0.3  198   -1
2.27073395  0.215466  3.667632  0.6  197   -1
2.27079945  0.223722  3.954063  5.7  150  -24
2.27081282  0.226574  4.055512  2.9  308  -48
2.27088785  0.210955  3.515651  1.8   27  -11
2.27088709  0.211275  3.526344  1.9   28  -10
2.27089057  0.211399  3.530467  1.8   28  -10
2.27089098  0.211327  3.528059  1.0   27   -8
2.27089069  0.212112  3.554314  1.8  212  -24
2.27096229  0.233960  4.324246  0.0  349  -29
2.27097135  0.233078  4.291704  0.2  232  -36
2.27104885  0.222941  3.926511  0.1  186  -45
2.27105523  0.226240  4.043583  0.6   10  -29
2.27105004  0.222448  3.909152  0.1  188  -45
2.27107800  0.234088  4.328990  4.9  311  -48
2.27108536  0.234937  4.360421  4.9  117  -55
2.27119328  0.235096  4.366345  1.2  280   50
2.27119540  0.236517  4.419286  0.0  297   64
2.27121054  0.235816  4.393116  2.7  294   62
2.27125122  0.232660  4.276311  1.9  119   22
2.27124899  0.232665  4.276495  2.0  118   25
2.27134242  0.229888  4.175029  0.2  115   33
2.27134993  0.228899  4.139193  1.2  299   53
2.27137106  0.228648  4.130118  0.0  275   64
2.27137254  0.226342  4.047225  0.1  274   62
2.27139799  0.228990  4.142462  0.1   31  -67
2.27146340  0.227850  4.101336  1.6  312   55
2.27145937  0.226575  4.055563  0.3  285   46
2.27148565  0.233412  4.304012  2.6    0   34
2.27152814  0.235748  4.390581  1.4  342    5
2.27154033  0.233412  4.304009  0.5   77  -61
2.27157743  0.229249  4.151836  0.1  288  -23
2.27159048  0.229397  4.157221  0.1  289  -18
2.27166905  0.226978  4.069991  0.9  328   66
2.27166831  0.228758  4.134087  0.6  305   66
2.27169706  0.229719  4.168889  0.4  167  -12
2.27167259  0.228089  4.109930  1.8  147   52
2.27176971  0.219244  3.797365  0.0   10   26
2.27176951  0.219006  3.789127  1.0   12   26
2.27176979  0.219589  3.809338  0.0   15   32
2.27179241  0.226836  4.064917  0.8  317  -56
2.27190845  0.229997  4.178996  1.0   78   44
2.27192689  0.227962  4.105373  1.9  189    4
2.27192770  0.225864  4.030146  3.1   16   12
2.27194337  0.221567  3.878266  2.4  191  -11
2.27194341  0.221248  3.867103  2.6  191  -11
2.27194709  0.221597  3.879313  2.7  191  -14
2.27200061  0.221936  3.891191  0.6   28   69
2.27204825  0.229035  4.144114  0.1  186   40
2.27210626  0.217162  3.725575  0.8  165  -66
2.27211148  0.216615  3.706840  0.3  169  -59
2.27210418  0.216419  3.700134  0.0  306  -61
2.27210429  0.219414  3.803245  0.5  310  -58
2.27218322  0.226032  4.036157  1.0  170  -47
2.27218825  0.225092  4.002661  2.2   11  -16
2.27225217  0.235366  4.376368  2.6  305  -34
2.27227017  0.233609  4.311282  0.7  294  -42
2.27227684  0.234431  4.341675  0.0   87  -48
2.27232753  0.228931  4.140360  1.0  185   28
2.27234430  0.226789  4.063216  0.4  176    7
2.27237157  0.236166  4.406172  1.0  203  -60
2.27237240  0.231674  4.240145  0.1  188  -70
2.27245450  0.229654  4.166545  0.8  206   22
2.27247618  0.229990  4.178736  1.0  310   42
2.27247620  0.229248  4.151801  0.6  311   40
2.27252141  0.230878  4.211078  5.8  319   44
2.27250870  0.230594  4.200727  2.7  185    6
2.27257720  0.231716  4.241690  3.9  302   21
2.27261591  0.231060  4.217725  3.1  356  -65
2.27266129  0.228248  4.115682  5.0  268   35
2.27265291  0.225496  4.017017  5.5  301   46
2.27266453  0.228085  4.109783  5.3  288   46
2.27261572  0.229552  4.162832  1.4  100  -70
2.27274881  0.220732  3.849078  2.7  213   48
2.27275338  0.219415  3.803287  0.9   53   50
2.27282792  0.220413  3.837975  1.6  209   56
2.27283496  0.218926  3.786342  0.7  192   66
2.27284190  0.217460  3.735818  0.8  192   50
2.27288158  0.215768  3.677898  0.0  199   38
2.27290417  0.212918  3.581406  2.4    3   27
2.27291291  0.212893  3.580541  0.1  182   18
2.27292952  0.225614  4.021239  0.0  273   65
2.27300290  0.220194  3.830364  5.9  129   -9
2.27299381  0.220181  3.829902  5.0  333  -18
2.27299304  0.220229  3.831553  1.0  344   -5
2.27307362  0.211430  3.531512  0.1  343  -10
2.27307375  0.212422  3.564712  0.1  345   -9
2.27316509  0.209575  3.469800  1.1  342  -36
2.27315966  0.205685  3.342214  0.1  113   32
2.27316915  0.204743  3.311667  0.1  109  -43
2.27316586  0.205617  3.339977  0.0  302  -41
2.27325089  0.222140  3.898360  0.1  184   17
2.27325078  0.220116  3.827630  0.0  184   24
2.27331990  0.210757  3.509049  2.5  371   38
2.27332155  0.208688  3.440504  2.8  191   20
2.27331985  0.208589  3.437248  3.3   11   35
2.27340232  0.211167  3.522742  1.0  198   27
2.27340666  0.210463  3.499275  1.0  192   21
2.27340653  0.207042  3.386460  0.9  192   21
2.27350582  0.203823  3.281973  1.1  267 -112
2.27350062  0.205815  3.346426  0.8  165  -51
2.27350470  0.202546  3.240973  3.1  304  -58
2.27350607  0.204918  3.317334  3.5  315  -56
2.27356740  0.210020  3.484563  3.1  301   22
2.27356776  0.210626  3.504694  3.3  305   22
2.27356784  0.210852  3.512216  1.0  303   23
2.27366509  0.217591  3.740332  2.5  199  -53
2.27366781  0.217184  3.726359  0.0  304  -52
2.27367285  0.218102  3.757910  0.2   77  -40
2.27372869  0.219266  3.798123  4.8   83   -7
2.27373449  0.217111  3.723848  1.6  294  -30
2.27372976  0.218662  3.777222  1.0   85   -8
2.27381772  0.220979  3.857704  1.0  312  -14
2.27381713  0.220677  3.847179  3.0  314  -16
2.27387218  0.223946  3.962003  5.6   97   -3
2.27388410  0.223213  3.936110  4.2   95    6
2.27387880  0.222570  3.913449  4.3   96    1
2.27390267  0.233787  4.317846  0.6  212  -48
2.27398892  0.222359  3.906032  4.2   26  -20
2.27399524  0.219449  3.804468  3.3  210  -39
2.27399947  0.218934  3.786651  2.9  201  -55
2.27403265  0.226573  4.055483  0.9   27   58
2.27404296  0.232532  4.271616  0.7  206   46
2.27412981  0.223195  3.935457  1.0  188   -9
2.27413116  0.222674  3.917117  0.0  188   -9
2.27419561  0.225775  4.026983  1.1   37  -46
2.27419975  0.227775  4.098619  2.0   43  -52
2.27420761  0.228332  4.118697  2.6  186  -60
2.27421241  0.232115  4.256328  5.1  322  -55
2.27427964  0.222288  3.903549  1.0  191   27
2.27428720  0.228023  4.107563  0.0    1   34
2.27436981  0.219533  3.807383  0.0  304   40
2.27437937  0.211755  3.542378  1.0  320   56
2.27438061  0.213965  3.616694  1.4  179   38
2.27445314  0.208447  3.432576  1.6  283   56
2.27445477  0.208057  3.419714  0.0  106   54
2.27445203  0.206309  3.362511  0.0  279   57
2.27454631  0.194191  2.979092  3.4  352   19
2.27454640  0.192975  2.941915  3.6  351   20
2.27454631  0.192945  2.940998  3.5  351   20
2.27454631  0.192901  2.939651  3.4  351   19
2.27461836  0.204984  3.319460  1.2  319   19
2.27461949  0.205579  3.338759  2.3  320   21
2.27462814  0.210035  3.485054  2.7  155    6
2.27470699  0.206650  3.373648  1.9   12   -3
2.27471123  0.207495  3.401279  0.3   16   -8
2.27471392  0.209881  3.479946  3.2  185  -24
2.27479845  0.206316  3.362744  1.0   90  -59
2.27479842  0.203613  3.275214  0.2  302  -54
2.27479679  0.205579  3.338745  1.0  304  -49
2.27487895  0.212094  3.553736  0.5   31  -48
2.27487647  0.211900  3.547217  0.3   14  -62
2.27487679  0.212416  3.564527  0.8  217  -67
2.27494630  0.200624  3.179756  0.5  312   32
2.27494617  0.200698  3.182108  1.0  138   18
2.27494619  0.202040  3.224806  3.8  140   14
2.27502743  0.221268  3.867815  0.3  330  -27
2.27503080  0.224255  3.972934  2.1  305  -22
2.27505202  0.230978  4.214734  2.4  313   60
2.27511924  0.208684  3.440385  3.5  135  -32
2.27511780  0.210119  3.487857  1.0  317  -23
2.27511724  0.210090  3.486890  3.7  318  -22
2.27518364  0.224816  3.992853  0.2  183  -73
2.27518553  0.225045  4.000991  0.4  193  -74
2.27528883  0.210049  3.485538  2.3   15  -41
2.27528851  0.214586  3.637730  1.4   17  -42
2.27529227  0.208927  3.448378  0.1   71  -51
2.27529369  0.207280  3.394232  0.0  271  -48
2.27536679  0.223509  3.946533  1.5  151  -46
2.27537424  0.228769  4.134469  0.0  316  -32
2.27537528  0.231805  4.244969  0.2  202  -43
2.27544729  0.230348  4.191767  1.5  202   43
2.27544896  0.228410  4.121511  0.4  179  -63
2.27551746  0.222261  3.902605  3.8  133   33
2.27552389  0.215371  3.664404  1.0  193   47
2.27552427  0.215909  3.682715  0.9  191   51
2.27554869  0.220592  3.844207  0.5   41   49
2.27560137  0.226086  4.038080  3.4  322    7
2.27565298  0.230869  4.210729  0.0   99   28
2.27568226  0.208977  3.450027  0.0   21   34
2.27574187  0.204389  3.300206  4.0  259   37
2.27574554  0.200518  3.176399  4.2   89   43
2.27574806  0.199237  3.135927  4.2   83   49
2.27574674  0.201464  3.206424  3.9  257   45
2.27574811  0.199636  3.148493  4.1   83   49
2.27583632  0.198140  3.101484  0.1  189   31
2.27583625  0.194479  2.987947  0.0  185   22
2.27583603  0.195091  3.006766  0.0  185   22
2.27591650  0.196435  3.048356  2.9  323   20
2.27591675  0.196374  3.046467  2.8  323   20
2.27594125  0.215505  3.668961  1.5  156  -28
2.27599885  0.204345  3.298780  5.2  146    9
2.27599881  0.203919  3.285064  5.1  146   11
2.27599918  0.204400  3.300573  5.0  145    8
2.27609082  0.206983  3.384502  2.1  310  -10
2.27609021  0.206870  3.380821  1.8  308   -9
2.27615829  0.199192  3.134526  0.2  126  -46
2.27615953  0.194632  2.992655  0.0  317  -40
2.27615795  0.196681  3.055980  0.1  315  -37
2.27615789  0.196517  3.050884  0.4  314  -36
2.27625486  0.206534  3.369862  2.9  327   64
2.27625335  0.200270  3.168549  1.0  115   43
2.27625490  0.200790  3.185013  2.1  280   61
2.27635935  0.205317  3.330244  4.5  202  -57
2.27635803  0.204386  3.300102  4.4   13  -44
2.27636000  0.201352  3.202876  4.8  201  -55
2.27642603  0.197094  3.068823  0.1  323   -6
2.27642930  0.197705  3.087880  1.0  137  -24
2.27642620  0.197617  3.085155  0.1  323   -9
2.27649845  0.217237  3.728156  0.1  165  -53
2.27650549  0.230026  4.180059  0.5  187  -35
2.27654033  0.220654  3.846361  1.5  111  -42
2.27659177  0.212234  3.558416  1.8  171  -48
2.27658939  0.212903  3.580888  1.3   46  -56
2.27659171  0.211261  3.525865  1.2  353 -134
2.27667779  0.230342  4.191522  0.2  354  -25
2.27668018  0.230690  4.204230  0.5  171  -38
2.27674127  0.230031  4.180240  1.3  306   53
2.27674069  0.227162  4.076607  1.3  292   61
2.27674226  0.227822  4.100333  1.4  292   59
2.27676788  0.223208  3.935906  0.3  218  -25
2.27681026  0.228787  4.135139  0.2  260   21
2.27684260  0.232048  4.253839  0.1   57   57
2.27688483  0.232328  4.264122  1.8   96   50
2.27690255  0.223120  3.932831  0.2  102   55
2.27694196  0.223020  3.929289  1.3   30  -47
2.27693657  0.219473  3.805289  0.0  204  -40
2.27696989  0.222111  3.897338  3.2  316   20
2.27697078  0.223981  3.963242  2.6  177   26
2.27702322  0.226607  4.056699  3.2  165   51
2.27705693  0.226517  4.053494  2.9  181  -15
2.27711871  0.220950  3.856684  0.1  323   26
2.27714133  0.216553  3.704734  3.2  135  -43
2.27714056  0.217929  3.751952  2.7  315  -47
2.27713957  0.217018  3.720655  2.7  319  -41
2.27721836  0.219170  3.794810  1.6    0   43
2.27721782  0.218789  3.781633  1.8  294   43
2.27722478  0.218343  3.766213  3.7  311  -31
2.27730418  0.217520  3.737881  3.6  353   -3
2.27730471  0.217718  3.744681  3.5  354   -5
2.27730594  0.217007  3.720283  3.3  173  -14
2.27730631  0.220002  3.823657  2.2  301  133
2.27740708  0.223603  3.949881  3.4  178   21
2.27748389  0.204071  3.289953  2.3  142   -5
2.27748549  0.199379  3.140418  2.7  158  -11
2.27748548  0.199362  3.139877  2.7  157  -11
2.27748550  0.199212  3.135153  2.7  158  -11
2.27755568  0.203282  3.264576  2.6  311   36
2.27755630  0.202815  3.249582  2.5  320   33
2.27755581  0.202614  3.243149  2.1  312   33
2.27765000  0.202013  3.223920  0.1  173   -9
2.27765003  0.202498  3.239429  0.6  173  -10
2.27765217  0.201917  3.220880  1.0  176  -11
2.27765416  0.202839  3.250338  0.2  339 -138
2.27773156  0.203431  3.269339  4.1  349   -9
2.27773202  0.202888  3.251925  4.4  346  -10
2.27773588  0.207025  3.385888  0.3  307  -41
2.27781758  0.215589  3.671794  0.1  166  -11
2.27790548  0.211268  3.526092  1.0  174  -15
2.27789932  0.212023  3.551358  1.6  172  -10
2.27790080  0.208804  3.444326  1.8  174  -12
2.27790261  0.212119  3.554569  0.0  173  -13
2.27790112  0.211978  3.549824  1.8  355   -3
2.27798121  0.223500  3.946216  1.0  147  -24
2.27798045  0.224578  3.984392  0.0  159  -11
2.27807049  0.212573  3.569781  0.0  166  -44
2.27807242  0.212958  3.582743  0.1  177  -51
2.27807226  0.213886  3.614014  0.1  177  -50
2.27806975  0.214972  3.650829  0.0  305  -45
2.27814528  0.231057  4.217598  0.4  292  -43
2.27814619  0.231849  4.246573  0.1  100  -46
2.27822443  0.236161  4.405975  2.2  104  -58
2.27821890  0.234101  4.329454  3.0  310  -50
2.27822308  0.233736  4.315975  3.8  123  -54
2.27829242  0.235054  4.364766  0.4  201   41
2.27828255  0.235567  4.383871  0.1   58  -55
2.27828159  0.238684  4.500624  0.1  293  -68
2.27834188  0.237196  4.444676  0.1   44  -40
2.27837363  0.237670  4.462486  2.0   89   50
2.27845779  0.228818  4.136244  0.2   11   28
2.27844902  0.230172  4.185335  1.2   11   29
2.27845105  0.228202  4.114027  0.3  194   16
2.27853250  0.233799  4.318285  2.5  309   54
2.27853386  0.229735  4.169464  0.4   46   60
2.27853637  0.231802  4.244848  1.6  157    2
2.27861929  0.228506  4.124989  2.8  289   55
2.27861991  0.226598  4.056392  3.6  303   48
2.27861972  0.226240  4.043588  2.0  196   61
2.27870099  0.229179  4.149314  1.3   11   28
2.27870573  0.225600  4.020744  1.5   13   20
2.27870581  0.225421  4.014358  1.5   13   20
2.27879032  0.216460  3.701540  0.1    8   42
2.27878653  0.221082  3.861296  0.1  194   33
2.27879124  0.217819  3.748150  0.5    7   42
2.27879126  0.218040  3.755784  0.4  186   29
2.27887142  0.222336  3.905228  0.4  341   20
2.27886392  0.221331  3.869994  2.2  320   33
2.27887347  0.222179  3.899735  0.8  337   23
2.27895604  0.210653  3.505598  0.0  307   18
2.27895776  0.208875  3.446661  0.1  130   10
2.27895509  0.210080  3.486540  0.3  149   -7
2.27903699  0.217528  3.738149  1.6  337   18
2.27903734  0.216865  3.715396  1.1  338   18
2.27903627  0.217501  3.737221  1.0  337   21
2.27913037  0.220557  3.842999  0.0  144  -29
2.27913056  0.219320  3.799990  2.8  144  -29
2.27913135  0.220007  3.823827  0.6  305  -21
2.27919667  0.216807  3.713429  0.5  318  -31
2.27919901  0.217963  3.753130  0.8  305  -30
2.27919808  0.219766  3.815488  1.3  128  -23
2.27927691  0.233975  4.324813  1.3  166   36
2.27927070  0.230280  4.189288  0.3  303   50
2.27933671  0.227723  4.096774  0.2  345   18
2.27934769  0.223789  3.956433  0.3  172   -2
2.27938053  0.226544  4.054441  0.2  199  -33
2.27937695  0.220876  3.854122  0.1    9  -25
2.27939118  0.229817  4.172461  1.2  119  -66
2.27951419  0.225274  4.009136  1.0  198  -11
2.27952608  0.215738  3.676901  3.5  197  -25
2.27952586  0.215883  3.681826  3.4  197  -27
2.27952593  0.214528  3.635759  3.5  197  -28
2.27956010  0.232464  4.269130  0.5  280  -27
2.27956236  0.232378  4.265961  1.0  276  -26
2.27961103  0.233682  4.313974  0.1  358    7
2.27966754  0.221304  3.869058  0.0   18    1
2.27967362  0.221958  3.891960  0.1   55   43
2.27968730  0.226385  4.048750  1.1  214  -26
2.27973726  0.223520  3.946939  0.0   15   50
2.27974791  0.226059  4.037118  0.4  195   24
2.27985043  0.224586  3.984673  0.5  220   71
2.27983781  0.218668  3.777456  0.1  293   45
2.27984578  0.213530  3.602015  1.0  282   48
2.27984565  0.215405  3.665562  0.2  279   48
2.27991558  0.219591  3.809389  0.1  309  -30
2.27991544  0.215717  3.676164  0.0  316   -7
2.27998754  0.206129  3.356636  1.0  109   45
2.27998737  0.210560  3.502498  0.2  286   44
2.27999735  0.219297  3.799203  0.1  283   76
2.27998734  0.209070  3.453126  1.0  108   41
2.28009295  0.221017  3.859016  0.0  171  -35
2.28009265  0.220073  3.826133  0.0  351  -24
2.28014307  0.224483  3.981034  0.3   35  -57
2.28015193  0.226662  4.058680  0.0  308  -63
2.28019623  0.220326  3.834940  0.8  191  -43
2.28019597  0.219940  3.821507  1.0  195  -44
2.28026944  0.221511  3.876292  0.0  121   20
2.28026309  0.222358  3.906015  0.7  162  -17
2.28027092  0.223002  3.928675  0.3  118   31
2.28034184  0.226724  4.060906  1.5  120   37
2.28033895  0.228828  4.136603  0.9  288   42
2.28039629  0.228625  4.129298  0.5  185   33
2.28041550  0.212027  3.551476  0.0  164    1
2.28041501  0.213227  3.591781  0.0  343   11
2.28047970  0.218439  3.769545  1.9  303   20
2.28050216  0.214996  3.651640  0.5  338   -1
2.28050515  0.214432  3.632505  1.0  154    3
2.28050358  0.214580  3.637531  0.3  157   -8
2.28059128  0.210223  3.491304  0.0  195  -25
2.28059557  0.208232  3.425496  0.1  197  -29
2.28066380  0.216344  3.697572  3.6  192   13
2.28067154  0.213422  3.598383  3.2  186    7
2.28066582  0.212898  3.580734  1.2    4   33
2.28068998  0.223058  3.930640  1.0  311  -49
2.28076319  0.217003  3.720142  2.1  302  -54
2.28077401  0.213413  3.598061  0.5   70 -135
2.28083279  0.211124  3.521288  0.6  193  -42
2.28083289  0.206660  3.373965  0.0   12  -29
2.28083730  0.214643  3.639661  1.0  195  -37
2.28084663  0.215616  3.672720  1.0  193  -36
2.28091952  0.224853  3.994152  0.0  282  -49
2.28092835  0.226286  4.045207  0.6  190   23
2.28093002  0.223814  3.957340  0.1  191   29
2.28097589  0.226141  4.040031  1.0  221   -9
2.28100881  0.230593  4.200689  0.3  304  -38
2.28110983  0.227308  4.081854  2.6   48  -27
2.28111305  0.220405  3.837691  0.0  190  -48
2.28111204  0.220938  3.856286  0.1    6  -39
2.28111425  0.224105  3.967630  0.3  194  -59
2.28114165  0.224443  3.979611  0.2   81  -70
2.28119210  0.231454  4.232095  0.4  170  -62
2.28121246  0.231719  4.241801  0.1  321   -6
2.28126928  0.231734  4.242367  0.4  304  -37
2.28126811  0.228248  4.115672  0.0  299  -40
2.28129861  0.232789  4.281053  0.5  358  -13
2.28136761  0.224143  3.968977  1.0  198   69
2.28136666  0.216432  3.700595  0.1  200   31
2.28137982  0.215928  3.683379  2.0  186   47
2.28137615  0.214362  3.630150  0.7  173   54
2.28147017  0.211500  3.533842  0.1   80   33
2.28147277  0.208748  3.442492  0.0  253   27
2.28147670  0.208951  3.449170  0.0  249   31
2.28154033  0.204577  3.306299  1.3  289   21
2.28154043  0.203756  3.279816  0.4  289   20
2.28154474  0.217910  3.751286  1.7   79   53
2.28164013  0.201198  3.197980  5.6  307   41
2.28163910  0.201415  3.204876  5.6  305   40
2.28163874  0.201191  3.197744  5.5  306   40
2.28163872  0.201331  3.202199  5.5  306   40
2.28172109  0.207298  3.394811  0.1  203   25
2.28172125  0.208992  3.450529  0.6  203   26
2.28180389  0.215652  3.673963  2.1  345   49
2.28180285  0.215861  3.681081  2.0  202   50
2.28182010  0.212416  3.564508  2.5  342   12
2.28189212  0.189557  2.838606  0.1  181    5
2.28189155  0.189718  2.843432  0.1  180    4
2.28189194  0.187921  2.789822  0.0  179    6
2.28189604  0.194492  2.988344  0.1  179    4
2.28198233  0.213561  3.603068  3.7  118   29
2.28199404  0.209463  3.466114  1.0  308  -44
2.28199765  0.207576  3.403930  7.7  317  -46
2.28205917  0.204312  3.297715  0.1   15  -19
2.28206131  0.203705  3.278169  0.1  199  -34
2.28206608  0.212164  3.556084  0.1   32  -22
2.28209100  0.215366  3.664213  1.4    0   61
2.28215557  0.222434  3.908658  4.7  190  -19
2.28220344  0.212496  3.567210  2.9   21  -61
2.28222737  0.200926  3.189315  0.3   94  -22
2.28222712  0.199500  3.144215  0.0   94  -21
2.28222721  0.206584  3.371487  1.0   94  -22
2.28231198  0.225167  4.005306  1.2  316   -8
2.28227148  0.223690  3.952947  0.0  111  -43
2.28233384  0.222206  3.900656  2.2  201  -46
2.28234440  0.222219  3.901111  2.3  204  -31
2.28238125  0.222901  3.925104  0.0  210  -23
2.28239831  0.232018  4.252754  0.4  277   -1
2.28246956  0.227289  4.081158  3.8  314  -43
2.28248168  0.227863  4.101795  4.4  185  -48
2.28249859  0.225236  4.007767  0.2   29  -15
2.28252802  0.231907  4.248677  0.2  276  -12
2.28260489  0.230701  4.204621  1.0  296   30
2.28261371  0.231014  4.216028  1.1    9  -35
2.28260420  0.228471  4.123718  0.9  295   25
2.28263023  0.225656  4.022715  0.1  226  -42
2.28269793  0.229077  4.145615  0.4  190  -13
2.28270390  0.228996  4.142687  1.0  194  -14
2.28276328  0.228893  4.138968  1.8   69  -31
2.28278679  0.222778  3.920777  1.0   30   58
2.28278798  0.223081  3.931430  0.7  204   47
2.28278989  0.223483  3.945641  1.0   30   59
2.28285830  0.231581  4.236766  1.0  207   65
2.28287667  0.231461  4.232346  2.0  181  -13
2.28294340  0.225390  4.013249  1.0  189   30
2.28295031  0.222193  3.900200  3.0  312   45
2.28294877  0.222552  3.912821  1.2    2   37
2.28295138  0.224027  3.964865  2.6    8   38
2.28303827  0.226804  4.063748  1.3  126   22
2.28303849  0.222061  3.895587  0.1  163   16
2.28303840  0.222864  3.923799  0.0  162    9
2.28314081  0.223007  3.928833  0.1   29  -55
2.28314300  0.222672  3.917056  0.1  300  -56
2.28314676  0.221261  3.867570  0.0  311  -56
2.28314930  0.224480  3.980928  0.0  324  -61
2.28321169  0.222209  3.900786  0.7  170  -42
2.28314483  0.221336  3.870173  0.1   98  -59
2.28328353  0.220937  3.856227  0.4  322   57
2.28328280  0.222619  3.915186  1.0  300   59
2.28330586  0.222513  3.911462  0.1  173   42
2.28331583  0.228455  4.123160  1.3   67  -26
2.28338193  0.225479  4.016422  0.1  288   14
2.28338778  0.224380  3.977354  0.1  108   13
2.28338811  0.227688  4.095492  0.3  286   16
2.28346726  0.229385  4.156789  2.5    2   19
2.28349954  0.229216  4.150641  0.6   46  -64
2.28350101  0.228172  4.112930  0.3  319  -44
2.28353139  0.228674  4.131055  0.7  320  -50
2.28356750  0.227314  4.082073  1.9  314   22
2.28364458  0.222799  3.921497  1.0  342  -35
2.28364159  0.222036  3.894703  0.1  301  -35
2.28364573  0.223081  3.931430  0.1  301  -33
2.28364745  0.221617  3.879999  0.4  336  -35
2.28373850  0.229502  4.161004  0.4   65    6
2.28373598  0.228268  4.116393  0.3   61    7
2.28380811  0.224027  3.964854  2.8  308  -46
2.28380767  0.221984  3.892888  0.9  289  -44
2.28380915  0.223019  3.929251  0.2   97  -42
2.28380818  0.223431  3.943793  0.1   98  -43
2.28388043  0.232226  4.260373  0.0  179  -68
2.28391184  0.228308  4.117854  0.0  300  -57
2.28391447  0.227567  4.091139  0.5   14  -40
2.28394067  0.227622  4.093142  0.2  285  -63
2.28398907  0.234858  4.357508  1.0  172    5
2.28400522  0.231453  4.232069  2.7  334   22
2.28402531  0.233730  4.315742  0.0  185   29
2.28406867  0.236772  4.428829  0.4  281   57
2.28409636  0.234974  4.361799  0.1  173   30
2.28416209  0.229440  4.158760  3.8  289   44
2.28416767  0.226079  4.037814  0.8   84   27
2.28417318  0.225781  4.027181  2.1  251   28
2.28420241  0.227351  4.083394  2.5  280   47
2.28420084  0.227660  4.094498  3.0  296   48
2.28426202  0.226873  4.066243  2.4   11   66
2.28431875  0.225193  4.006225  1.0   10  -40
2.28431926  0.224688  3.988304  0.0   10  -44
2.28435267  0.222516  3.911559  3.2  300   24
2.28435694  0.222706  3.918251  2.9  298   26
2.28435301  0.222451  3.909284  2.9  300   24
2.28445129  0.224338  3.975859  1.3   47  -61
2.28445210  0.226552  4.054740  2.3   69  -67
2.28449416  0.224372  3.977069  2.9  193   58
2.28450497  0.222458  3.909500  3.3  190   46
2.28450504  0.220920  3.855658  3.4  191   45
2.28459375  0.222489  3.910623  3.1  163  -22
2.28459480  0.222633  3.915672  3.4  342 -156
2.28459595  0.223431  3.943798  3.6  158  -29
2.28461578  0.224038  3.965239  5.9  136  -39
2.28468602  0.234088  4.328967  3.7  305  -45
2.28469491  0.234432  4.341702  3.3  305  -36
2.28474479  0.230427  4.194634  7.5  314   23
2.28474719  0.231641  4.238930  5.4    8   30
2.28477862  0.232392  4.266482  0.4   70  -61
2.28484998  0.229796  4.171702  3.9  274    9
2.28483941  0.227945  4.104769  1.3  186   -8
2.28487460  0.225080  4.002217  1.5  277   40
2.28491964  0.222931  3.926168  1.5  197   35
2.28492617  0.219307  3.799564  1.0  187   30
2.28492637  0.220369  3.836421  0.1  186   34
2.28501005  0.215611  3.672558  0.3   24  -57
2.28500935  0.215808  3.679269  0.5   24  -56
2.28501176  0.222387  3.907037  2.0  200  -67
2.28510509  0.224308  3.974821  3.5    8  -38
2.28509880  0.224714  3.989203  1.0   55  -20
2.28510988  0.221528  3.876915  0.1   62  -24
2.28511161  0.223046  3.930216  4.3  313  -46
2.28516804  0.231537  4.235142  1.4  324  -40
2.28522209  0.232198  4.259354  0.1  360  -54
2.28523141  0.227076  4.073510  0.0  308  -36
2.28524769  0.226255  4.044127  0.2   96  -51
2.28524178  0.229084  4.145887  1.6  300  -31
2.28532508  0.233970  4.324598  1.4   66  -16
2.28533155  0.234326  4.337767  1.6  249   -9
2.28537052  0.236660  4.424635  3.2  181   17
2.28540429  0.229964  4.177791  1.0   85   21
2.28541869  0.230915  4.212434  2.3   75   36
2.28542111  0.233966  4.324450  2.2   80   30
2.28546275  0.235050  4.364630  0.2  241   51
2.28553992  0.234191  4.332800  1.7   38   30
2.28553737  0.233309  4.300204  1.7   41   31
2.28559446  0.229497  4.160830  0.4  288  -45
2.28559733  0.230320  4.190740  2.1  305  -47
2.28560193  0.230763  4.206888  1.6  109  -46
2.28560857  0.232209  4.259770  1.7  302  -48
2.28565495  0.235483  4.380734  1.2   66  -58
2.28574396  0.232602  4.274175  1.3  199  -55
2.28574631  0.234303  4.336917  2.6  356  -51
2.28574730  0.232542  4.271994  1.3  194  -66
2.28575642  0.235426  4.378611  2.9  279  -50
2.28580096  0.234506  4.344440  0.2  270   39
2.28585327  0.231248  4.224585  0.4   78   71
2.28585430  0.231505  4.233954  0.0  266   67
2.28590955  0.242250  4.636138  3.4  326   57
2.28591235  0.238699  4.501186  2.1   39   58
2.28597178  0.231821  4.245548  1.0  304   56
2.28597827  0.232056  4.254139  1.6  299   52
2.28601714  0.232687  4.277311  0.3   61   58
2.28603615  0.230920  4.212602  0.0  317  -68
2.28607583  0.228571  4.127332  0.1  104  131
2.28609585  0.231494  4.233569  0.9  290  -41
2.28611618  0.239099  4.516309  0.1  193  -31
2.28619844  0.229427  4.158314  0.2   65    4
2.28620208  0.229261  4.152295  1.0   67    5
2.28621208  0.227145  4.076003  0.0   66    9
2.28621193  0.227966  4.105496  1.0   67   10
2.28624550  0.242333  4.639278  1.4  245   31
2.28631019  0.243031  4.666052  1.3  293   -9
2.28632720  0.230693  4.204331  0.4  289 -138
2.28632728  0.230673  4.203597  0.4  109  -42
2.28635441  0.235143  4.368097  3.5  305   37
2.28638185  0.231857  4.246855  0.4  294  -38
2.28648447  0.224545  3.983222  0.2   89   34
2.28648741  0.223421  3.943438  1.4   86   30
2.28648763  0.223875  3.959482  0.9   86   31
2.28648795  0.222721  3.918759  0.2   86   31
2.28652298  0.227367  4.083958  3.2    7   45
2.28658174  0.227500  4.088755  1.0  286   26
2.28660147  0.229507  4.161200  1.0  293   54
2.28663756  0.228804  4.135751  0.4  305  -45
2.28665663  0.229020  4.143566  0.1   53  -50
2.28670601  0.226365  4.048032  3.6  265  -45
2.28671156  0.224841  3.993742  3.3   75  -18
2.28671733  0.225728  4.025293  3.5   77  -19
2.28675689  0.232453  4.268715  1.0  286  -19
2.28679330  0.228925  4.140111  2.1  272   52
2.28683480  0.220919  3.855609  1.0  208   41
2.28683610  0.218579  3.774382  0.1   37   57
2.28689852  0.221177  3.864627  1.2  108   45
2.28689935  0.216783  3.712612  1.8  270   47
2.28690262  0.224531  3.982731  2.8  270   55
2.28695628  0.226871  4.066169  0.1  279   47
2.28695286  0.224913  3.996288  0.1  290   50
2.28702245  0.227097  4.074284  0.3  194  -62
2.28703275  0.225274  4.009138  0.4  212  -63
2.28706566  0.229543  4.162521  0.0  288   35
2.32133882  0.228102  4.110397  2.8  180  -51
2.28714057  0.226685  4.059487  1.0  295  -55
2.28713465  0.224791  3.991965  1.1   96  -56
2.28772754  0.223098  3.932052  1.1   27   40
2.28721199  0.228848  4.137357  0.0   91    4
2.28725388  0.235864  4.394900  1.9   74   76
2.28725447  0.235109  4.366831  5.1  319  -24
2.28731543  0.228606  4.128588  0.0  284  -48
2.28732867  0.228306  4.117758  0.1  196   15
2.28735905  0.224884  3.995258  3.0  123  -41
2.28735979  0.223696  3.953139  1.0  297 -140
2.28745099  0.223064  3.930838  0.1   46  -68
2.28745135  0.221512  3.876347  0.0  283  -69
2.28745726  0.222594  3.914312  1.0   79  -31
2.28746194  0.223803  3.956920  0.2   79  -26
2.28756430  0.226668  4.058908  1.8  259   23
2.28755265  0.226050  4.036773  0.4   74   48
2.28759628  0.225514  4.017657  2.2   82   52
2.28760517  0.218845  3.783542  0.2  280   49
2.28761216  0.223035  3.929809  0.7  256   64
2.28771454  0.225665  4.023048  1.0  194   29
2.28771396  0.225535  4.018402  2.0  194   34
2.28772554  0.222848  3.923247  1.7  208   34
2.28772331  0.224522  3.982394  2.5   40   45
2.28775926  0.226931  4.068328  0.1   45   42
2.28773664  0.228665  4.130715  1.4  202    6
2.28783290  0.220819  3.852129  0.6  301   60
2.28783724  0.221035  3.859665  0.4  273   63
2.28789185  0.219259  3.797903  1.1  215   59
2.28790506  0.220155  3.828982  0.4   46   42
2.28790364  0.218757  3.780509  0.1  223   29
2.28799681  0.221689  3.882525  0.5  297   57
2.28799757  0.222211  3.900839  0.2  300   60
2.28802914  0.223822  3.957611  0.2   47  -54
2.28806048  0.227171  4.076920  1.0   66   69
2.28806960  0.227271  4.080507  1.2  204  -32
2.28810590  0.227652  4.094196  0.3  184   46
2.28811213  0.229818  4.172501  0.1  168   36
2.28817634  0.225125  4.003818  1.6  148  -26
2.28819237  0.230691  4.204244  0.9  176  -70
2.28823019  0.226224  4.043004  0.3  203  -15
2.28829826  0.223192  3.935348  0.0  151  -27
2.28823638  0.226814  4.064123  0.2  210  -18
2.28831358  0.225311  4.010450  1.2  155  -41
2.28832338  0.227382  4.084486  0.3   63  -57
2.28833794  0.230215  4.186929  1.6   88  -93
2.28841110  0.223825  3.957703  1.0  285  -57
2.28840784  0.222255  3.902370  0.4  102  -45
2.28841353  0.221574  3.878500  2.8  306  -49
2.28848000  0.231957  4.250506  1.0  296   38
2.28848123  0.230195  4.186174  0.2  297   36
2.28854731  0.224624  3.986025  1.2  294   57
2.28854728  0.225340  4.011479  0.8  294   57
2.28856173  0.231280  4.225735  3.1  296   -9
2.28860354  0.228864  4.137931  3.7  294   53
2.28863534  0.228807  4.135847  4.6  310   39
2.28867097  0.228397  4.121042  0.8  236  -59
2.28870546  0.214783  3.644407  0.0   96   86
2.28870456  0.216409  3.699798  0.1  281  120
2.28870633  0.225549  4.018901  1.3  253   70
2.28875867  0.233947  4.323765  1.0  299  -33
2.28882656  0.222294  3.903744  1.1  275  -58
2.28883082  0.221337  3.870221  1.0  284  -56
2.28883407  0.220765  3.850245  0.1   83  -46
2.28888284  0.218295  3.764559  0.1   99   47
2.28893598  0.221240  3.866839  0.6   74   54
2.28893712  0.222844  3.923109  2.5  295   61
2.28898998  0.223357  3.941178  1.4  286   58
2.28899074  0.224384  3.977510  1.9  293   63
2.28904585  0.225387  4.013155  0.5  295  -40
2.28904641  0.225346  4.011700  0.2  296  -40
2.28912531  0.223962  3.962551  2.1  251  -62
2.28911902  0.228370  4.120060  1.8   14  -60
2.28912474  0.226826  4.064543  1.9   18  -55
2.28917942  0.228994  4.142614  0.5   53  -52
2.28917423  0.227473  4.087772  1.0  212  -56
2.28923545  0.226101  4.038610  1.2  141  -53
2.28928778  0.229948  4.177207  3.6   19    8
2.28927720  0.228740  4.133442  3.7   20   52
2.28928869  0.228502  4.124829  2.1   96  -47
2.28936173  0.230140  4.184193  3.1  299   47
2.28939527  0.221014  3.858935  0.0  292  -61
2.28939349  0.221071  3.860916  0.0   78  -83
2.28939289  0.221907  3.890188  0.3   97  -50
2.28939321  0.222686  3.917537  1.0  112  -48
2.28946745  0.232289  4.262694  0.3   35  -52
2.28950801  0.231877  4.247586  0.3   31  -15
2.28952436  0.234424  4.341417  1.5  208  -19
2.28954043  0.236208  4.407755  3.5  197   18
2.28955164  0.236738  4.427545  3.6  192   22
2.28964311  0.231648  4.239196  0.6   58  141
2.28965021  0.229212  4.150502  0.1  108   35
2.28971551  0.217956  3.752872  0.3  213   51
2.28971473  0.218047  3.756009  0.1  207   52
2.28971290  0.223277  3.938347  1.1   53   67
2.28974531  0.232169  4.258283  1.0  191  -41
2.28976750  0.229754  4.170150  0.2   90   43
2.28986957  0.224409  3.978400  0.3  299   66
2.28981314  0.234299  4.336784  2.1  151   40
2.28987567  0.228216  4.114510  2.5  355    6
2.28986923  0.228354  4.119496  0.4  280  113
2.28992837  0.234220  4.333864  1.1  194   36
2.28991486  0.232393  4.266515  0.2  100  -28
2.28995272  0.232553  4.272392  0.4   14   20
2.28999382  0.235345  4.375597  1.9  177   53
2.29005485  0.227469  4.087634  1.5  160  -61
2.29005993  0.220171  3.829560  0.2  291 -128
2.29005857  0.223879  3.959615  2.4  115  -49
2.29011289  0.228000  4.106734  2.1  298 -128
2.29013146  0.237553  4.458084  1.0  302  -49
2.29016704  0.233516  4.307851  0.6   53  -49
2.29016588  0.231596  4.237294  0.3  228  -58
2.29024716  0.230916  4.212441  0.4  186  -40
2.29024724  0.231000  4.215526  0.5  187  -42
2.29025035  0.229277  4.152885  0.1  197  -42
2.29028371  0.232425  4.267697  0.9  291   51
2.29034994  0.233847  4.320066  0.1  304  -55
2.29035144  0.236319  4.411885  1.9  321  -33
2.29040321  0.230345  4.191649  0.3   33  -43
2.29040253  0.229471  4.159886  0.1   36  -50
2.29047246  0.232170  4.258345  1.7  176  -52
2.29047929  0.233385  4.303024  1.6  177  -58
2.29052412  0.229975  4.178191  0.0   62   34
2.29052628  0.226814  4.064132  0.2  282   41
2.29058329  0.221828  3.887418  0.0  108   54
2.29058517  0.220368  3.836387  0.1   85   70
2.29058386  0.223170  3.934567  0.5  100   69
2.29071436  0.235893  4.395987  2.5   96   16
2.29069668  0.228894  4.138990  1.8  352   65
2.29069167  0.229252  4.151971  0.8   35   56
2.29075066  0.222281  3.903303  4.0  310   56
2.29074805  0.227035  4.072057  1.0  301   64
2.29075100  0.223805  3.956992  3.7  298   56
2.29083348  0.234227  4.334108  0.5  283   27
2.29086030  0.227199  4.077947  5.2  300   42
2.29087736  0.226991  4.070466  0.5  283  -37
2.29086607  0.230102  4.182797  3.1  190   52
2.29094243  0.217036  3.721273  3.4  305   56
2.29094667  0.217296  3.730185  1.0  300   57
2.29094675  0.217176  3.726058  4.4  153   41
2.29102699  0.221295  3.868734  1.4   15    6
2.29103536  0.220675  3.847109  0.1  284   61
2.29106137  0.221649  3.881145  0.4  248  -77
2.29110826  0.228210  4.114306  1.0  186   28
2.29110737  0.224413  3.978542  2.6  325  -38
2.29118713  0.215011  3.652154  0.8  196   39
2.29120184  0.210590  3.503499  1.5  181  -15
2.29119871  0.212085  3.553417  1.0    3   -2
2.29120196  0.213339  3.595561  1.0  183  -15
2.29121329  0.218172  3.760337  3.2  194  -30
2.29126491  0.229335  4.154975  1.9  299   38
2.29136472  0.222011  3.893823  2.8  324    1
2.29136469  0.219776  3.815829  2.9  325    0
2.29136455  0.219767  3.815496  3.0  325   -0
2.29137402  0.221563  3.878140  2.3  129   -5
2.29144512  0.224701  3.988754  2.2  330   20
2.29144528  0.220459  3.839584  3.5  317   29
2.29144399  0.224892  3.995538  1.7  330   20
2.29154766  0.225114  4.003419  1.3  299  -32
2.29154576  0.225056  4.001378  1.2  295  -35
2.29154938  0.224669  3.987630  1.0  296  -33
2.29161622  0.226681  4.059343  2.1  308    9
2.29162794  0.224091  3.967128  0.2  120  -13
2.29161942  0.224298  3.974445  2.6  321   -5
2.29162041  0.224732  3.989850  1.7  322  -10
2.29169962  0.229485  4.160397  1.0  290   48
2.29170242  0.228998  4.142763  0.1  283   47
2.29180509  0.227046  4.072429  0.2  325  -33
2.29179893  0.231691  4.240775  0.7  354  -30
2.29180533  0.225023  4.000190  1.6  316  -36
2.29187819  0.223844  3.958396  2.6  123  -32
2.29190563  0.223832  3.957962  1.3  132   47
2.29190853  0.221917  3.890515  0.0  129   47
2.29192792  0.226290  4.045353  2.6  309   40
2.29195663  0.234374  4.339563  0.0  302   70
2.29201061  0.227766  4.098320  0.0  342   45
2.29201071  0.229416  4.157903  0.1  342   46
2.29205697  0.230568  4.199777  0.7  296   -7
2.29209327  0.226289  4.045319  0.3   15   -5
2.29210589  0.231093  4.218925  2.6  162  -58
2.29217147  0.228537  4.126112  0.1  185   37
2.29217454  0.221306  3.869147  0.6  322   11
2.29217901  0.221834  3.887620  1.2  323   11
2.29219479  0.223018  3.929214  0.1  317    5
2.29226277  0.221904  3.890079  0.4  300   44
2.29226298  0.223695  3.953102  1.1  300   44
2.29226678  0.221081  3.861262  0.1  302   38
2.29235001  0.215633  3.673297  0.1   17   51
2.29235025  0.215716  3.676154  0.0  183   36
2.29235246  0.215601  3.672222  0.0    7   36
2.29243672  0.224472  3.980617  1.0  324    7
2.29243831  0.224982  3.998728  0.0  193  -31
2.29244374  0.222697  3.917914  1.0  199  -36
2.29252627  0.212772  3.576471  0.2  205   18
2.29252534  0.214729  3.642562  0.1   26   30
2.29252660  0.211854  3.545701  0.0   24   30
2.29257372  0.227327  4.082538  0.9   52   70
2.29258584  0.227804  4.099660  0.9   29   52
2.29262211  0.230334  4.191230  0.0  279   30
2.29269383  0.211642  3.538594  0.0  128   27
2.29269036  0.213064  3.586300  0.0  302   45
2.29269709  0.210762  3.509240  0.0  164   18
2.29277288  0.200994  3.191481  0.2  285   50
2.29277405  0.199554  3.145908  0.2  197   68
2.29277940  0.197371  3.077474  0.0  163   34
2.29277460  0.197532  3.082506  0.2  167   33
2.29287092  0.207846  3.412788  4.7  146  -34
2.29288091  0.204637  3.308230  0.0  199  -45
2.29286887  0.207630  3.405691  5.1  328  -23
2.29294220  0.205998  3.352376  1.0  144   -6
2.29295856  0.206629  3.372944  0.2  118  -15
2.29295097  0.211991  3.550284  1.2  297   -6
2.29302370  0.223827  3.957800  1.6  161    6
2.29303162  0.219395  3.802607  3.9  148   -8
2.29310526  0.214074  3.620383  1.0  192  -54
2.29311099  0.205256  3.328276  1.3   32  -43
2.29310970  0.203075  3.257931  1.1  215  -49
2.29311358  0.214514  3.635301  0.9  120  -61
2.29320078  0.218241  3.762717  0.8   48  -57
2.29320475  0.218124  3.758665  0.5  316  -61
2.29322902  0.226612  4.056873  1.9  258   64
2.29325318  0.228972  4.141815  1.3    7   -8
2.29332401  0.225452  4.015465  4.3  304   47
2.29332406  0.227003  4.070905  4.3  303   47
2.29341904  0.214556  3.636714  1.0  344  -38
2.29341874  0.214344  3.629510  0.9  341  -40
2.29342088  0.215005  3.651943  1.5  160  -51
2.29344032  0.215483  3.668184  1.3  323  -60
2.29343985  0.215085  3.654668  1.3  111  -59
2.29349459  0.217373  3.732821  4.8  308   15
2.29349458  0.217297  3.730207  3.6  307   15
2.29359086  0.210583  3.503271  1.3  183   -1
2.29359094  0.210329  3.494834  1.0  183   -1
2.29359775  0.211322  3.527903  0.3  189    1
2.29365791  0.220688  3.847540  2.8   70   32
2.29366809  0.219782  3.816033  3.1   54   60
2.29366825  0.220671  3.846968  3.8   52   54
2.29376026  0.216726  3.710642  1.0    8   -2
2.29376083  0.213751  3.609475  0.1  189  -16
2.29376188  0.213437  3.598875  1.0  188  -16
2.29376352  0.214428  3.632367  0.4  189  -16
2.29383924  0.210888  3.513421  0.0    7   14
2.29383980  0.214429  3.632408  0.2  187   -4
2.29385145  0.217589  3.740254  2.8  320   32
2.29393505  0.215682  3.674996  1.0  326  -37
2.29393534  0.212406  3.564175  3.1  324  -39
2.29400659  0.209495  3.467175  2.9  318   15
2.29401377  0.205715  3.343175  0.0  315   12
2.29401082  0.209405  3.464180  0.4  192   16
2.29408458  0.198460  3.111516  1.0   87   61
2.29408383  0.199135  3.132734  2.5  303   51
2.29408323  0.196692  3.056327  3.4  137   43
2.29418081  0.207066  3.387217  0.2  186   -1
2.29419108  0.195315  3.013685  0.1  187  -26
2.29419061  0.192646  2.931901  0.2  186  -29
2.29419260  0.200171  3.165406  1.5  205  -40
2.29425610  0.197716  3.088232  0.3  346   14
2.29425582  0.195755  3.027276  1.0  344   13
2.29425594  0.194184  2.978881  0.7  343   13
2.29434727  0.205018  3.320569  0.1  163  -22
2.29441812  0.202823  3.249832  1.0  180    1
2.29442120  0.196881  3.062195  0.2  357    9
2.29442099  0.197080  3.068404  0.2  357   10
2.29442054  0.194136  2.977425  0.0  358   10
2.29443670  0.207093  3.388102  1.9  328  -40
2.29451834  0.205912  3.349588  3.4  294  -43
2.29451597  0.206025  3.353272  4.5  314  -36
2.29451466  0.211216  3.524362  2.3   79  -60
2.29459584  0.214968  3.650682  0.2  186  -39
2.29459708  0.213867  3.613375  0.4  194  -42
2.29460298  0.216601  3.706378  0.0  199  -51
2.29468756  0.229815  4.172369  0.2  191  -42
2.29473933  0.221341  3.870342  0.1   70   62
2.29474207  0.222596  3.914355  0.4  200   46
2.29477271  0.218955  3.787353  0.1  145  -34
2.29476717  0.225474  4.016228  0.2  332  -20
2.29477714  0.227530  4.089822  2.5  186  -44
2.29483940  0.219732  3.814289  0.5  181   30
2.29483874  0.221274  3.867999  0.9  178   29
2.29491252  0.219967  3.822457  0.5  322    9
2.29491195  0.218148  3.759504  1.0  142   -1
2.29494474  0.224248  3.972687  0.1  302  -55
2.29500566  0.224500  3.981637  2.1   18  -19
2.29500802  0.226062  4.037236  2.3  170  -28
2.29507479  0.229914  4.175959  1.0  206   18
2.29509480  0.219299  3.799275  0.3  308  -47
2.29509351  0.217348  3.731963  0.1  109  -59
2.29516625  0.218037  3.755671  0.3  212   68
2.29516548  0.218583  3.774518  0.7   55   65
2.29517079  0.217919  3.751596  0.5  186   60
2.29516968  0.216651  3.708082  0.8  284   52
2.29524467  0.227487  4.088291  1.1   19  -24
2.29524464  0.227918  4.103783  1.0   19  -24
2.29533192  0.202682  3.245328  0.9  205   13
2.29533243  0.202524  3.240261  1.3  202   13
2.29533174  0.200298  3.169426  0.0   31   24
2.29533105  0.201670  3.212999  0.5   26   26
2.29540024  0.227872  4.102111  0.7   92   52
2.29541807  0.228520  4.125500  1.0  169  -12
2.29550115  0.211777  3.543095  1.6    3    4
2.29550139  0.208451  3.432708  0.7    1    3
2.29550084  0.208917  3.448073  1.3    1    4
2.29549521  0.213672  3.606787  2.0   15   35
2.29558950  0.217242  3.728323  0.4  333   31
2.29560838  0.221123  3.862747  0.2   44   59
2.29566685  0.214647  3.639786  4.2   11   -4
2.29566693  0.214681  3.640942  4.0   11   -5
2.29566689  0.214613  3.638629  4.1   11   -4
2.29574960  0.190985  2.881541  0.1  200   31
2.29575300  0.189758  2.844641  0.1  202   29
2.29574880  0.190846  2.877361  0.0  151   38
2.29575285  0.190363  2.862801  0.2  202   29
2.29582372  0.209624  3.471438  0.1   94   39
2.29585202  0.207798  3.411226  0.0  169  -37
2.29591917  0.192387  2.924011  3.1  349    7
2.29592201  0.191074  2.884236  2.2  173  -10
2.29592218  0.191058  2.883736  2.0  171   -9
2.29593104  0.195185  3.009671  0.7  187  -22
2.29599377  0.206534  3.369846  2.3  166   17
2.29599789  0.207500  3.401430  1.8  343   27
2.29608971  0.193173  2.947951  1.0  352  -47
2.29609138  0.189993  2.851683  0.0  172  -66
2.29609023  0.191852  2.907766  0.1  174  -64
2.29616894  0.201040  3.192943  1.0  149  -54
2.29616982  0.201314  3.201673  1.0  335  -43
2.29617008  0.204553  3.305515  0.8  322  -43
2.29616882  0.202475  3.238691  0.1  146  -54
2.29621925  0.210990  3.516829  2.3  320    9
2.29625606  0.220390  3.837168  1.1  219  -56
2.29625244  0.220568  3.843352  0.2  196  -74
2.29630940  0.220743  3.849461  1.0  157   10
2.29638769  0.222734  3.919220  2.1  202   49
2.29638374  0.222110  3.897305  3.2   47   65
2.29639763  0.220079  3.826333  2.2  159    2
2.29639552  0.218467  3.770503  2.0  338   11
2.29648523  0.213419  3.598269  1.0  326  -15
2.29648540  0.210740  3.508480  0.1  166   19
2.29657976  0.201205  3.198178  0.4  169  -45
2.29657559  0.201497  3.207496  0.5  160  -40
2.29658067  0.205877  3.348453  1.3  190  -28
2.29658045  0.205999  3.352396  1.9  189  -29
2.29664718  0.215913  3.682870  0.3  344   21
2.29666158  0.215844  3.680517  1.0  188  -16
2.29674676  0.212836  3.578623  4.0   19  -19
2.29674863  0.211730  3.541553  4.1  199  -34
2.29674851  0.210832  3.511575  2.3  218  -30
2.29682177  0.197583  3.084070  0.1  374   45
2.29682296  0.196914  3.063234  0.3  194   35
2.29682319  0.197478  3.080810  0.4  193   33
2.29682292  0.197203  3.072232  0.4  193   34
2.29690886  0.190052  2.853452  1.0  276   41
2.29691121  0.187669  2.782364  0.0  270   43
2.29690792  0.189140  2.826155  0.1  275   40
2.29699828  0.196718  3.057154  1.5  347    4
2.29699962  0.198754  3.120753  2.3  173   -9
2.29707738  0.189465  2.835876  0.1  173   30
2.29707809  0.191365  2.893036  0.0  353   33
2.29708049  0.191176  2.887300  0.1  174   22
2.29707819  0.193116  2.946207  1.0  352   32
2.29716997  0.200098  3.163094  0.0  356  -19
2.29717001  0.199929  3.157747  0.0  355 -149
2.29724817  0.179328  2.540521  1.0  185    3
2.29725055  0.178895  2.528264  0.1  186   -1
2.29724841  0.179010  2.531528  0.0  185    3
2.29725395  0.181449  2.600973  0.0  186   -9
2.29725195  0.181493  2.602235  0.1  186 -186
2.29735319  0.210069  3.486176  1.6  289  -44
2.29736194  0.201542  3.208902  0.0  165   17
2.29742930  0.195272  3.012360  0.4   10  -46
2.29742321  0.198588  3.115548  0.9    8  -36
2.29742708  0.198208  3.103640  0.4  198  -51
2.29750106  0.210367  3.496083  4.3  294  -19
2.29750004  0.211267  3.526059  4.3  299  -21
2.29756157  0.206009  3.352747  1.0  328  -26
2.29756522  0.205142  3.324586  3.4  330  -24
2.29759598  0.207587  3.404299  4.7  126  -29
2.29759707  0.209424  3.464831  0.4  120  -21
2.29766656  0.224977  3.998550  0.3  193  -55
2.29766678  0.222334  3.905149  0.1  200  -56
2.29771888  0.227368  4.084018  0.3  309  -58
2.29771760  0.226748  4.061761  0.2  109  -60
2.29777797  0.218619  3.775763  0.1  293  -32
2.29777809  0.218910  3.785822  0.1  294  -32
2.29777804  0.218657  3.777057  0.1  294  -32
2.29787888  0.228456  4.123186  0.5  194   30
2.29789392  0.225683  4.023693  0.9  192   46
2.29790457  0.222136  3.898206  0.3  186    8
2.29790669  0.222096  3.896801  0.2  184    8
2.29799052  0.217562  3.739334  1.0  174    6
2.29799075  0.217206  3.727114  1.0  174    7
2.29805467  0.218270  3.763691  1.7  286   13
2.29808334  0.215916  3.682951  0.4  207  -29
2.29808324  0.217810  3.747866  1.0  205  -30
2.29808326  0.216288  3.695661  0.4  206  -29
2.29815473  0.203627  3.275668  0.1  357   42
2.29815461  0.202668  3.244868  0.1  356   42
2.29815549  0.204388  3.300196  0.2  176   34
2.29824057  0.208602  3.437676  0.4  185  -70
2.29823977  0.214122  3.621994  1.0    1  -57
2.29833025  0.194231  2.980319  4.8  190   -1
2.29832238  0.193381  2.954304  5.3   12   17
2.29832450  0.194273  2.981617  5.3  192    3
2.29832244  0.193310  2.952120  5.3   12   15
2.29832714  0.192322  2.922043  5.4   11   13
2.29839742  0.205794  3.345746  2.9  305   43
2.29840029  0.209721  3.474642  1.9  140   31
2.29849005  0.211338  3.528423  3.1   12   -7
2.29848995  0.211346  3.528698  3.3  192  -15
2.29856438  0.209365  3.462854  2.0  369   34
2.29857687  0.206805  3.378708  4.4  132  -21
2.29857608  0.204721  3.310948  4.6  318  -11
2.29857620  0.204664  3.309093  4.7  318  -11
2.29857703  0.207547  3.402989  4.4  132  -21
2.29866848  0.217992  3.754118  2.1  313  -23
2.29867123  0.218187  3.760832  3.1  131  -37
2.29874244  0.207746  3.409515  1.0  186  -21
2.29874699  0.204644  3.308447  2.9  186  -31
2.29874154  0.207702  3.408057  3.1  188  -21
2.29878412  0.218494  3.771433  0.7  281  -48
2.29883352  0.219953  3.821959  1.0  169   58
2.29888382  0.217924  3.751795  0.0  183  -10
2.29888652  0.221327  3.869857  0.1  191  -25
2.29891844  0.225007  3.999608  0.7  304  -37
2.29892191  0.228553  4.126681  0.5  353  -19
2.29899770  0.218920  3.786146  2.3  179   -6
2.29899689  0.219172  3.794868  3.3  182   -6
2.29905574  0.221673  3.881981  3.5  293   49
2.29905826  0.220551  3.842784  2.5  125   51
2.29905978  0.222706  3.918251  0.8  166   24
2.29915581  0.215129  3.656170  3.8  188  -10
2.29916079  0.215093  3.654925  4.2  189  -15
2.29915646  0.215043  3.653242  3.8  188  -10
2.29922815  0.217126  3.724358  1.0  174    7
2.29922633  0.216633  3.707442  3.0  184   14
2.29922964  0.215441  3.666763  3.5  174    6
2.29933335  0.214028  3.618830  0.4  291  -44
2.29932999  0.214586  3.637726  0.7  289  -46
2.29933062  0.216208  3.692929  1.5  181  -47
2.29940509  0.206232  3.359992  2.8  185  -18
2.29940396  0.205444  3.334356  3.3  185  -17
2.29940578  0.205494  3.335989  2.9  184  -17
2.29940503  0.206908  3.382063  2.6  184  -18
2.29947204  0.213664  3.606548  0.1  302   18
2.29947802  0.217857  3.749472  1.0  300   17
2.29957337  0.208109  3.421438  0.0   32  -19
2.29956518  0.213937  3.615759  0.1  204  -34
2.29956826  0.219681  3.812531  0.7   23  -32
2.29965431  0.209006  3.451010  1.0  191   20
2.29965373  0.208421  3.431704  0.2  190   21
2.29965273  0.207194  3.391419  0.0  190   19
2.29969627  0.217004  3.720160  2.0  293   59
2.29972295  0.218126  3.758735  0.3   50   56
2.29971857  0.214019  3.618513  0.1  258   52
2.29981781  0.201599  3.210727  0.8   13   -7
2.29981883  0.197891  3.093716  0.1   11  -15
2.29981959  0.199642  3.148700  1.0   12  -15
2.29982703  0.198530  3.113706  1.8  197  -35
2.29990039  0.203051  3.257131  0.0   10   35
2.29989953  0.205441  3.334288  0.2  188   23
2.30000295  0.201860  3.219046  2.4  322  -20
2.30000310  0.199363  3.139889  1.8  323  -22
2.30000319  0.198961  3.127249  1.9  322  -21
2.30000608  0.198686  3.118623  2.3  138  -31
2.30007826  0.210469  3.499462  2.3    5   13
2.30007867  0.211107  3.520721  0.5    5   11
2.30007765  0.210538  3.501775  1.8    4   17
2.30016166  0.223575  3.948894  0.1  172   24
2.30016270  0.224086  3.966955  2.7  336 -155
2.30025732  0.220572  3.843511  0.6  183  -25
2.30025805  0.219504  3.806367  0.7  183  -28
2.30025693  0.218838  3.783326  0.3  182  -26
2.30026306  0.219634  3.810872  0.3  218  -62
2.30032833  0.222496  3.910871  1.0   10   29
2.30032777  0.223400  3.942703  1.0  189   16
2.30037630  0.231410  4.230492  2.9    7    3
2.30041807  0.221432  3.873544  3.1  328  -14
2.30043782  0.217317  3.730905  2.4  303 -146
2.30052030  0.215334  3.663139  0.1  117   12
2.30052522  0.215402  3.665437  2.3  303   32
2.30053030  0.214275  3.627197  0.1  123   55
2.30052417  0.217387  3.733307  0.8  118   16
2.30055295  0.225426  4.014517  0.2  178  -44
2.30063364  0.230099  4.182698  1.7  171  -26
2.30063863  0.228448  4.122897  1.2  359  -22
2.30064153  0.229341  4.155202  1.4  181  -37
2.30070546  0.222168  3.899344  3.7  315  -18
2.30072318  0.223375  3.941831  2.5  315  -17
2.30072232  0.223100  3.932098  0.6  303  -56
2.30072317  0.225249  4.008235  1.0  313  -49
2.30079217  0.226905  4.067385  2.8  305   31
2.30079793  0.231565  4.236151  3.4  141   35
2.30089143  0.217772  3.746537  1.1  191   -9
2.30089158  0.217216  3.727445  1.6  191   -9
2.30089772  0.217981  3.753735  2.2  191   -8
2.30089793  0.218468  3.770547  1.9  192   -8
2.30098170  0.218049  3.756077  0.2  189   21
2.30098214  0.219332  3.800418  1.0  191   23
2.30105795  0.223314  3.939675  1.0  186  -54
2.30105808  0.224940  3.997245  0.0  187  -58
2.30107429  0.226010  4.035353  2.3  186  -54
2.30115155  0.211356  3.529040  2.7  196  -11
2.30115155  0.211352  3.528913  2.9  195  -11
2.30115176  0.211316  3.527695  2.6  196  -12
2.30123009  0.226178  4.041361  0.1  169    4
2.30124496  0.224446  3.979688  2.9  315   52
2.30124850  0.223661  3.951901  2.7  297   48
2.30132796  0.224562  3.983834  4.5  186   -3
2.30131056  0.223392  3.942399  1.6  301  -58
2.30131283  0.220668  3.846844  0.6  305  -51
2.30141234  0.214445  3.632947  3.8  188   26
2.30141261  0.215328  3.662918  4.1  188   22
2.30141270  0.214677  3.640799  4.0  188   23
2.30141267  0.214650  3.639879  3.6  188   23
2.30149745  0.218455  3.770070  0.2  158  -15
2.30153584  0.206683  3.374725  5.2  309   57
2.30153563  0.206709  3.375551  5.1  308   57
2.30153782  0.208909  3.447787  3.2  286   60
2.30157674  0.213901  3.614551  5.2  192   -3
2.30158162  0.213845  3.612641  4.9  188   -8
2.30167718  0.212435  3.565146  1.7  312  -28
2.30167687  0.213142  3.588919  1.8  313  -29
2.30167718  0.213092  3.587253  1.0  313  -29
2.30175378  0.211193  3.523586  2.4   14  -37
2.30176164  0.214960  3.650400  0.1  298  -51
2.30176597  0.215470  3.667762  3.1  310  -48
2.30182292  0.222499  3.910973  0.0   62  -59
2.30188082  0.217313  3.730774  1.0  336  -60
2.30188716  0.207925  3.415381  0.9   48  -53
2.30188358  0.202887  3.251898  0.2  216  -53
2.30193244  0.228406  4.121367  1.7  308  -13
2.30198464  0.225808  4.028152  3.0  129   29
2.30198483  0.229377  4.156484  2.0  279   63
2.30205036  0.223180  3.934938  4.1  344   15
2.30205586  0.217205  3.727063  0.5  287 -143
2.30205898  0.220033  3.824739  2.5  189   36
2.30205890  0.221302  3.868985  3.0  180   29
2.30211916  0.219994  3.823393  4.1  313  -15
2.30213200  0.225387  4.013149  0.9  142   10
2.30222355  0.217104  3.723606  0.5  188   -7
2.30222668  0.215504  3.668903  1.0  188  -16
2.30222900  0.214343  3.629497  0.1  188  -16
2.30222529  0.221384  3.871854  2.1  338    9
2.30230019  0.212353  3.562405  0.0  296   65
2.30230344  0.218891  3.785152  0.0   52   64
2.30240559  0.202072  3.225823  1.4   22  -52
2.30240512  0.199119  3.132216  1.4  200  -65
2.30240568  0.199662  3.149344  1.3  203  -66
2.30240904  0.200325  3.170287  1.0  206  -69
2.30249067  0.224422  3.978864  0.1  351  -50
2.30249117  0.229756  4.170255  0.5  304  -39
2.30249682  0.225936  4.032717  0.0  320  -31
2.30255203  0.225331  4.011152  0.1  296  -62
2.30255644  0.224614  3.985649  0.5  295  -65
2.30257903  0.229837  4.173168  0.1  286   40
2.30263974  0.229922  4.176261  0.4  284   45
2.30269604  0.227717  4.096546  0.1  114   44
2.30269743  0.226334  4.046944  0.2  284   47
2.30274492  0.224987  3.998926  1.0  196   19
2.30275134  0.223969  3.962819  0.9   12   34
2.30274400  0.228184  4.113368  1.4   18   36
2.30284247  0.228521  4.125510  1.2  271   18
2.30288659  0.218509  3.771947  0.0   43  -54
2.30287116  0.222013  3.893876  0.3  205   46
2.30288991  0.216717  3.710330  0.0  277  -55
2.30294237  0.228375  4.120251  0.6   83  -54
2.30294228  0.224910  3.996188  0.7  307  -51
2.30299746  0.218871  3.784456  0.2  284  -61
2.30301313  0.221985  3.892897  1.5  308  -50
2.30301451  0.218481  3.770975  0.2  108  -26
2.30301729  0.221177  3.864633  0.9  297  -16
2.30308261  0.229426  4.158278  0.7  285   52
2.30313688  0.229695  4.168035  1.0  115   15
2.30311804  0.228562  4.127010  1.0  300    1
2.30314377  0.235381  4.376936  2.1    7   78
2.30322119  0.234943  4.360667  1.5  306  -56
2.30323502  0.230353  4.191956  1.9  305   -2
2.30329575  0.217126  3.724342  0.1  199   37
2.30329751  0.216515  3.703413  0.3  203   53
2.30329939  0.216617  3.706912  0.5   27   67
2.30337404  0.214405  3.631589  0.1  220   63
2.30337216  0.208414  3.431465  0.6  269   45
2.30341972  0.213652  3.606136  0.0   90   52
2.30341846  0.209873  3.479678  0.0  261   49
2.30342665  0.222306  3.904165  0.2   74   57
2.30349474  0.221068  3.860805  0.3  109  -59
2.30349595  0.219873  3.819196  0.4  198  -66
2.30356305  0.214949  3.650059  1.2  115  -13
2.30356226  0.214310  3.628366  0.2  310   -7
2.30356308  0.216157  3.691182  1.5  115  -13
2.30359008  0.219631  3.810788  0.4   40   61
2.30364387  0.233963  4.324338  3.6  359  -18
2.30367077  0.225559  4.019290  0.9  105  -41
2.30372749  0.218892  3.785181  0.5   63  -54
2.30372961  0.215791  3.678706  0.1   90  -62
2.30373130  0.217878  3.750192  1.0  105  -58
2.30378562  0.217308  3.730612  0.1  185  -63
2.30378679  0.228636  4.129687  0.2  118  -67
2.30382582  0.228224  4.114805  2.9  322  -18
2.30389457  0.226726  4.060976  0.5  311   42
2.30389953  0.229766  4.170601  1.1  302   50
2.30397598  0.206329  3.363170  0.0  208   37
2.30397610  0.207080  3.387685  0.1  209   39
2.30397523  0.208544  3.435749  0.1   41   46
2.30397943  0.207554  3.403227  0.1  200   41
2.30409185  0.220953  3.856781  0.9  103  -26
2.30410150  0.218377  3.767403  0.5  302  -52
2.30410268  0.217726  3.744956  0.0   71  -36
2.30413373  0.219024  3.789764  0.2  275    5
2.30410391  0.218479  3.770927  0.2   71  -33
2.30415120  0.225264  4.008756  0.5  214  -37
2.30424506  0.234832  4.356557  2.5  193    8
2.30425551  0.223736  3.954557  0.1  288   43
2.30429746  0.227723  4.096771  0.9  287  -28
2.30431820  0.221198  3.865356  0.1  351   61
2.30431876  0.223049  3.930304  1.0  348   63
2.30430366  0.229842  4.173364  3.8  116  -40
2.30440456  0.212864  3.579559  0.2  190   55
2.30440918  0.210123  3.487994  0.2    9   58
2.30441082  0.211986  3.550119  0.7  190   46
2.30448110  0.223602  3.949819  0.4  289   60
2.30451072  0.223643  3.951268  0.0  296  -67
2.30450830  0.224317  3.975125  0.2   51  -61
2.30455751  0.231677  4.240264  0.6  301  -39
2.30460867  0.224300  3.974528  0.1   13  -60
2.30460912  0.226128  4.039590  0.0   11  -61
2.30467626  0.226107  4.038821  0.0  104   -4
2.30466248  0.226166  4.040940  0.5  282  -33
2.30470035  0.222423  3.908301  0.2  296   33
2.30473842  0.227842  4.101053  0.2   14  -62
2.30474755  0.231081  4.218480  0.1  194  -67
2.30475745  0.236377  4.414058  0.9  311  -46
2.30483463  0.227218  4.078609  2.0   80  -53
2.30483871  0.223366  3.941509  1.1  106  -45
2.30483738  0.221873  3.888986  1.3   95  -45
2.30489379  0.229717  4.168827  1.0  107  -48
2.30494488  0.221564  3.878169  0.6   37  -49
2.30494165  0.224755  3.990661  0.5  200  -61
2.30500002  0.231710  4.241474  0.4  268  -52
2.30500137  0.230446  4.195327  0.1  280  -50
2.30503676  0.233424  4.304449  3.5  295   50
2.30504596  0.232543  4.272007  1.2  194   42
2.30511441  0.231191  4.222502  2.1  296   15
2.30513400  0.231905  4.248612  1.4   71   67
2.30513520  0.232540  4.271929  0.8   41   70
2.30521575  0.225867  4.030258  0.0  114    7
2.30521712  0.227487  4.088292  0.1  290   23
2.30522774  0.231131  4.220306  0.2  290   47
2.30528323  0.232647  4.275852  0.0  287  -34
2.30531263  0.224307  3.974766  0.2  196   43
2.30531265  0.223587  3.949302  0.0  190   48
2.30539309  0.218850  3.783744  3.0  309  -35
2.30539453  0.217888  3.750531  2.6  306  -36
2.30539536  0.218566  3.773932  1.5  113  -42
2.30539520  0.218155  3.759729  0.0  106  -35
2.30548231  0.224961  3.997974  0.5  203   57
2.30548169  0.226556  4.054871  0.7   42   65
2.30550150  0.236651  4.424300  2.3  120  -47
2.30555117  0.234795  4.355165  1.4  358   59
2.30558797  0.231598  4.237372  3.1  300   30
2.30560254  0.231126  4.220137  1.2  318   58
2.30561882  0.231190  4.222446  0.9  229  -60
2.30567021  0.224245  3.972581  0.0  303  -84
2.30567004  0.221858  3.888469  0.0  195  -92
2.30570380  0.239726  4.540018  3.1   31   57
2.30575837  0.238642  4.499060  1.3   51   67
2.30578179  0.232277  4.262247  0.5  186  -68
2.30578940  0.235641  4.386625  1.0  218  -71
2.30584303  0.235996  4.399846  0.4   52  -54
2.30583489  0.235917  4.396903  0.2  315  -63
2.30584582  0.234471  4.343158  0.6  101   49
2.30593720  0.233211  4.296597  0.4  185   51
2.30595239  0.232614  4.274634  0.1  290  -59
2.30602137  0.221661  3.881542  0.0  288   26
2.30602357  0.221879  3.889187  0.1  284   34
2.30602374  0.221667  3.881748  0.0  283   34
2.30602628  0.224044  3.965467  1.3  123   32
2.30602408  0.221931  3.891028  0.4  285   35
2.30612992  0.232147  4.257500  2.3  299   48
2.30613636  0.231517  4.234396  0.0  339  -23
2.30618983  0.229316  4.154289  2.6  307  -14
2.30618997  0.228906  4.139441  0.1  295   -1
2.30621084  0.232516  4.271016  0.4  106   19
2.30629991  0.227376  4.084298  0.4  303    4
2.30630094  0.227242  4.079481  0.6  302    6
2.30629908  0.229631  4.165702  1.4  302    6
2.30637550  0.218233  3.762422  0.4  120   53
2.30637502  0.218131  3.758908  0.7  283   54
2.30637855  0.218115  3.758349  0.5  252   54
2.30643235  0.225124  4.003769  0.0   62   59
2.30648055  0.227584  4.091772  0.3  210   61
2.30648023  0.223353  3.941049  0.3   51   61
2.30648186  0.222859  3.923612  0.2   38   64
2.30655821  0.230417  4.194261  0.2  169  -64
2.30656960  0.229354  4.155641  1.0  199  -46
2.30656936  0.229745  4.169854  0.7  200  -48
2.30662390  0.236384  4.414297  0.6   72  -55
2.30667344  0.227833  4.100705  0.4   28  -50
2.30667232  0.222582  3.913877  0.0  205  -58
2.30672962  0.222309  3.904299  0.0  299  -33
2.30673084  0.224383  3.977455  0.3  300  -35
2.30677717  0.234852  4.357268  0.5  182   52
2.30680891  0.233725  4.315569  1.0  291   -3
2.30680005  0.234169  4.331965  0.4  340   -3
2.30685910  0.236701  4.426153  1.9  297   54
2.30686388  0.236302  4.411253  1.8  295   53
2.30691435  0.232675  4.276885  0.1  279  -45
2.30696376  0.231194  4.222616  1.9   45  -56
2.30696824  0.226701  4.060057  0.8   59  -55
2.30697014  0.228563  4.127048  2.5  116  -53
2.30701592  0.234402  4.340613  0.1  290  -43
2.30701405  0.236509  4.418991  0.1   96  -47
2.30706970  0.236279  4.410401  0.4  309  -29
2.30710782  0.237880  4.470347  1.5  296   58
2.30710786  0.236884  4.433013  0.8  296   58
2.30716451  0.238043  4.476511  0.1  205  -14
2.30719132  0.239962  4.548960  0.0  191   47
2.30721501  0.238076  4.477741  1.4   35   47
2.30725919  0.238269  4.484996  0.8   25   57
2.30725682  0.237457  4.454482  0.6   26   51
2.30731028  0.237513  4.456592  0.3  268   57
2.30731666  0.240741  4.578555  1.1  107   50
2.30738658  0.231809  4.245101  0.1  211   42
2.30739226  0.234489  4.343816  0.1   47   42
2.30745089  0.235507  4.381619  0.6   89   52
2.30744750  0.235441  4.379166  0.9  110   48
2.30744820  0.238153  4.480614  1.1  271   42
2.30750855  0.237513  4.456594  0.2  297  -60
2.30752607  0.235824  4.393410  0.2   27   36
2.30757619  0.235095  4.366287  0.3  193  -50
2.30757877  0.235433  4.378855  0.3  192  -49
2.30757577  0.237410  4.452706  0.6  272   25
2.30760891  0.238373  4.488919  1.1   93   15
2.30764368  0.239795  4.542645  2.4  128  -37
2.30773678  0.237259  4.447050  3.9   94    7
2.30774356  0.233765  4.317041  0.0  296  -50
2.30774442  0.234535  4.345511  3.2  309  -26
2.30774555  0.232939  4.286576  1.8  118  -33
2.30779772  0.237616  4.460455  1.7  315  -59
2.30784169  0.235732  4.389996  0.1  315  -42
2.30787612  0.236499  4.418598  2.0  199   43
2.30792120  0.231228  4.223843  2.5   33   56
2.30793537  0.233072  4.291464  1.1   21   41
2.30793614  0.233417  4.304210  1.4  202   32
2.30797477  0.239222  4.520953  1.0   96    9
2.30804360  0.230344  4.191627  2.0  204   56
2.30811077  0.228686  4.131474  4.1  284  -15
2.30811599  0.228223  4.114770  4.0  286   -9
2.30811469  0.228149  4.112095  4.3  285   -5
2.30811488  0.228701  4.132034  4.1  286   -5
2.30813204  0.229598  4.164522  1.4  109    7
2.30821921  0.233818  4.318994  1.0  303   43
2.30821824  0.233499  4.307228  3.2  306   45
2.30827487  0.232139  4.257193  6.6  274    5
2.30828756  0.227520  4.089449  3.3  294   45
2.30828821  0.228508  4.125047  3.1  283   49
2.30830008  0.234779  4.354576  3.9  278   -5
2.30838259  0.233067  4.291281  1.9  119   50
2.30839910  0.230015  4.179655  0.2   15   43
2.30843199  0.232951  4.287028  1.0    2  -45
2.30844307  0.231822  4.245556  0.1  277   -3
2.30848600  0.233400  4.303579  0.1   85   21
2.30848217  0.232595  4.273918  0.0  261   17
2.30855838  0.232867  4.283935  0.3  264   21
2.30856116  0.231831  4.245899  1.0  259   25
2.30856503  0.230774  4.207284  0.0   94   36
2.30862744  0.232878  4.284357  4.1  311  -47
2.30862994  0.231873  4.247445  2.6  299  -51
2.30868337  0.230482  4.196649  0.1   43  -52
2.30868301  0.229858  4.173933  1.5  310  -58
2.30871258  0.234196  4.332958  0.0   86  -58
2.30873147  0.234750  4.353497  1.0   82   22
2.30884112  0.234183  4.332496  4.3  178   12
2.30883198  0.234034  4.326989  3.5  163   27
2.30883216  0.233411  4.303967  3.2  162   27
2.30888882  0.231458  4.232246  0.3  280   -5
2.30890136  0.226206  4.042366  0.0  283   34
2.30891221  0.227562  4.090979  0.0   96   20
2.30890926  0.228671  4.130949  1.4  277   19
2.30897356  0.236508  4.418956  2.2  205  -51
2.30898486  0.234805  4.355553  2.9   50  -18
2.30907022  0.234826  4.356319  1.2   21  -63
2.30907901  0.229774  4.170902  2.5  307  -32
2.30908625  0.229549  4.162709  1.0   69  -36
2.30915530  0.230524  4.198170  1.9  311  -25
2.30915355  0.230132  4.183901  1.0  311  -24
2.30915145  0.229977  4.178258  2.1  315 -147
2.30917937  0.234743  4.353240  2.4  114  -17
2.30923482  0.233025  4.289756  1.0  165   37
2.30927130  0.234662  4.350219  0.6   22  -47
2.30930823  0.233990  4.325345  2.4  314    8
2.30930790  0.234205  4.333309  2.5  314    9
2.30940263  0.231073  4.218176  2.8   84    4
2.30936047  0.231372  4.229096  0.1  295  -16
2.30940978  0.231073  4.218189  1.8   83    5
2.30942248  0.230090  4.182366  2.8   79    0
2.30942599  0.230831  4.209348  3.0   78    2
2.30953264  0.225591  4.020420  1.4  212   23
2.30953298  0.225386  4.013113  0.1   31   31
2.30953105  0.226390  4.048926  2.2  190   49
2.30954288  0.229753  4.170116  2.3   25   15
2.30962595  0.231616  4.238019  1.1  357  -22
2.30962705  0.230780  4.207484  0.4    1  -22
2.30968246  0.231498  4.233712  0.0   61   31
2.30967664  0.231433  4.231349  0.1  234   39
2.30975032  0.228903  4.139326  3.5  209   44
2.30975280  0.228437  4.122490  3.3  202   36
2.30974741  0.229646  4.166240  3.2   46   61
2.30974772  0.235499  4.381319  1.7  267   57
2.30983199  0.239249  4.521980  0.5  295   43
2.30990468  0.229061  4.145043  4.5  147   24
2.30990445  0.224852  3.994120  3.3  317   49
2.30990574  0.225034  4.000584  4.1  318   46
2.30996671  0.217751  3.745816  1.8  120   24
2.30996795  0.218620  3.775774  1.6  120   22
2.30998482  0.217584  3.740096  0.2  116    3
2.30997196  0.220184  3.830009  1.7  287   58
2.31006263  0.226948  4.068919  0.1  180   27
2.31009543  0.226538  4.054222  1.0   35  -59
2.31010200  0.228730  4.133070  1.0   76  -48
2.31017215  0.220050  3.825335  1.5  115  -25
2.31017087  0.220092  3.826807  1.8  117  -24
2.31022024  0.222608  3.914790  1.7  288    4
2.31023663  0.221191  3.865119  2.3  293   14
2.31024143  0.222173  3.899521  2.4  300   14
2.31026590  0.227737  4.097263  2.5  313 -178
2.31034917  0.221805  3.886602  1.9  189   21
2.31034949  0.225152  4.004781  2.2  189   23
2.31033964  0.227297  4.081458  1.7  269   56
2.31042835  0.224284  3.973967  1.5  321    6
2.31042849  0.224726  3.989651  2.1  321    4
2.31049612  0.221545  3.877496  0.2  323   20
2.31051622  0.222875  3.924172  0.4    6  -17
2.31057786  0.215813  3.679452  3.2  199   35
2.31058066  0.213632  3.605439  3.0  195   34
2.31058655  0.209926  3.481429  3.8  192   32
2.31058693  0.209387  3.463599  4.5   13   43
2.31059440  0.218232  3.762386  3.0   14   32
2.31068957  0.203713  3.278428  4.3  145  -68
2.31068809  0.201253  3.199715  4.5  298  -51
2.31068845  0.202337  3.234284  4.4  108  -55
2.31068861  0.203527  3.272446  4.6  306  -51
2.31077847  0.224016  3.964484  0.4  307  -38
2.31079117  0.225303  4.010163  1.5  192   -0
2.31086168  0.228527  4.125745  3.5  168  -35
2.31085574  0.222875  3.924195  0.6   13   58
2.31087655  0.225845  4.029465  4.9  188    7
2.31087611  0.229104  4.146609  5.2  189    8
2.31094681  0.229707  4.168470  0.0   10  -36
2.31096568  0.228499  4.124724  0.9  179  -47
2.31103323  0.225450  4.015393  0.3  277  -60
2.31104307  0.225409  4.013944  1.6  182    5
2.31107356  0.221658  3.881457  0.3  106   17
2.31108142  0.224283  3.973925  1.0  277   14
2.31112185  0.217884  3.750396  2.8  350  -13
2.31113542  0.222262  3.902642  3.5  188  -54
2.31113716  0.223074  3.931190  3.2   17  -61
2.31120128  0.229608  4.164873  2.2  319  -25
2.31125021  0.228488  4.124338  0.0  321    2
2.31131031  0.220355  3.835939  6.4  320    2
2.31131140  0.219446  3.804372  6.8  323    2
2.31131032  0.220223  3.831361  6.5  322    2
2.31132153  0.221021  3.859187  5.3  340   -1
2.31135055  0.232896  4.285008  0.4  256   16
2.31142571  0.227686  4.095422  0.1  116   32
2.31142857  0.229656  4.166592  0.2  292   43
2.31143659  0.232712  4.278222  1.0  169   54
2.31149124  0.223618  3.950392  1.2  149  -23
2.31151805  0.223650  3.951523  0.5  181   38
2.31151796  0.221400  3.872433  0.0  182   37
2.31159313  0.222181  3.899789  0.1  312   19
2.31159229  0.223941  3.961815  0.1  311   22
2.31161952  0.219937  3.821395  0.0  139   -2
2.31168928  0.210863  3.512589  0.8  352   30
2.31169172  0.210125  3.488041  0.4  350   34
2.31169168  0.210149  3.488829  0.2  350   34
2.31177268  0.230363  4.192284  3.4  149  -43
2.31177027  0.223229  3.936662  0.1  325  -30
2.31177804  0.228858  4.137708  1.7  324 -132
2.31187234  0.211932  3.548299  1.4  191  -19
2.31186490  0.211931  3.548262  1.6   10   -2
2.31186475  0.212060  3.552602  1.8   10   -2
2.31192311  0.227431  4.086267  1.3   61   61
2.31194699  0.224578  3.984390  3.3  179   20
2.31195252  0.222389  3.907106  0.9  187   34
2.31195254  0.220461  3.839657  0.8  187   33
2.31204875  0.220208  3.830850  0.9  184  -62
2.31204918  0.220560  3.843106  1.1  182  -62
2.31205279  0.221263  3.867631  0.9  207  -66
2.31212566  0.226386  4.048812  3.4  192  -10
2.31212561  0.226961  4.069408  4.2  193   -6
2.31212571  0.226547  4.054576  3.4  192   -9
2.31221117  0.232556  4.272502  0.0  151  -43
2.31221991  0.232798  4.281380  0.8  154  -15
2.31229674  0.229140  4.147888  2.4  190  -25
2.31229698  0.229060  4.145003  1.8  191  -25
2.31229726  0.229046  4.144513  1.6  190  -25
2.31229758  0.229375  4.156431  2.1    9  -14
2.31239667  0.236958  4.435773  1.0  184   32
2.31239699  0.232277  4.262246  0.5  169   -9
2.31239825  0.231968  4.250925  1.8  165    6
2.31246258  0.235661  4.387351  1.0  163  -12
2.31247326  0.235042  4.364336  0.4  292   40
2.31253708  0.236929  4.434681  2.1  198   36
2.31253765  0.234896  4.358908  1.0  196   31
2.31257044  0.232328  4.264143  0.8  183    9
2.31259384  0.231761  4.243347  1.0  281   12
2.31263156  0.230924  4.212740  1.9  194   42
2.31264867  0.231389  4.229733  3.3  313  -42
2.31265091  0.230484  4.196701  3.0  128  -45
2.31270610  0.227812  4.099976  1.2  297   50
2.31276346  0.216282  3.695461  1.2  212   57
2.31276535  0.219555  3.808138  2.6  104   64
2.31278819  0.218393  3.767948  2.8  190   25
2.31287305  0.220679  3.847248  0.1  354  142
2.31287101  0.222527  3.911960  0.2  179   36
2.31286574  0.216808  3.713468  1.0  356   36
2.31295086  0.219591  3.809388  1.0  173   21
2.31295698  0.217057  3.721981  0.0   31  -71
2.31295009  0.218593  3.774853  0.1  171   19
2.31303195  0.213847  3.612704  2.5  132   57
2.31303540  0.201419  3.205012  0.1  186   19
2.31303709  0.203883  3.283883  1.0  184   18
2.31303790  0.202093  3.226472  0.2    5   32
2.31312500  0.218273  3.763809  1.0  159  -16
2.31312232  0.215682  3.674984  0.1  340   -4
2.31318841  0.213384  3.597089  2.4   34   65
2.31320253  0.205397  3.332860  0.4  355   25
2.31320284  0.205083  3.322680  1.0  354   24
2.31320225  0.206350  3.363841  0.1  355   26
2.31330354  0.207306  3.395101  1.0  290 -142
2.31330255  0.206438  3.366706  0.0  289 -142
2.31330185  0.206268  3.361185  0.0  109  -37
2.31338663  0.215205  3.658735  0.9    6  -22
2.31338737  0.214982  3.651169  1.0    5  -21
2.31345850  0.213438  3.598921  0.8  198   31
2.31346298  0.210736  3.508351  1.1  184   23
2.31346948  0.210692  3.506910  1.5  182   19
2.31346969  0.210780  3.509828  2.1  181   18
2.31356564  0.202318  3.233668  4.8  134  -26
2.31356585  0.202287  3.232671  4.9  134  -27
2.31356374  0.205888  3.348798  5.0  317  -13
2.31363449  0.202333  3.234167  0.5  175   -3
2.31362389  0.201437  3.205585  1.3  360   24
2.31363916  0.204690  3.309937  2.0  185   -9
2.31370169  0.208107  3.421378  0.0   57   61
2.31370408  0.211226  3.524700  0.3   42   61
2.31381149  0.199397  3.140970  0.0  201  -42
2.31380861  0.196181  3.040468  1.0   13  -28
2.31381230  0.198553  3.114438  0.4  200  -44
2.31381681  0.200395  3.172497  1.3  212  -46
2.31388585  0.214310  3.628386  2.6  338    2
2.31389915  0.220014  3.824080  0.0  260  -53
2.31390393  0.222330  3.905015  0.2   79  -44
2.31397661  0.224962  3.998029  1.0  301  -41
2.31397343  0.221750  3.884674  1.8  109  -44
2.31397663  0.222284  3.903403  1.2  112  -42
2.31406686  0.225655  4.022677  0.9  169    4
2.31406781  0.228575  4.127479  2.2  353    8
2.31414946  0.218294  3.764521  0.3  313   24
2.31414245  0.221164  3.864161  2.7  186   20
2.31414771  0.218188  3.760885  1.9  314   25
2.31415055  0.218814  3.782498  1.9  188   20
2.31422330  0.218238  3.762610  0.8  296   54
2.31422584  0.218218  3.761914  0.1  137   41
2.31428429  0.217503  3.737291  0.4  320  130
2.31430533  0.214997  3.651688  0.0   11   14
2.31429948  0.216938  3.717915  0.7   32   43
2.31439289  0.217859  3.749528  0.5  332   65
2.31439042  0.217707  3.744325  0.8    8   65
2.31438793  0.223005  3.928758  1.3   54   81
2.31443432  0.226095  4.038397  1.0  182   20
2.31444931  0.220576  3.843655  0.1  296   20
2.31448640  0.214167  3.623519  0.1  102   18
2.31449617  0.222770  3.920483  0.0  183  -50
2.31456649  0.222939  3.926457  1.0  178   16
2.31456747  0.222852  3.923395  1.0  177   16
2.31465340  0.214687  3.641163  1.0  319    2
2.31463571  0.210584  3.503308  0.0  326   -9
2.31471281  0.192223  2.919028  0.0  129   25
2.31471061  0.189506  2.837095  0.0  301   30
2.31471401  0.190665  2.871912  1.0  301   32
2.31471640  0.193888  2.969800  2.2  134   31
2.31480931  0.197098  3.068963  0.9  340   43
2.31481307  0.196920  3.063415  0.5  163   30
2.31481491  0.195463  3.018243  0.0  163   33
2.31489017  0.197766  3.089811  0.9  327    4
2.31489290  0.196734  3.057626  0.1  147   -5
2.31497591  0.185499  2.718372  0.1  195   11
2.31497553  0.185360  2.714301  0.2  194   12
2.31497663  0.183790  2.668526  0.0  195   11
2.31497749  0.186905  2.759737  0.3  196   11
2.31497780  0.186315  2.742353  0.1   14   20
2.31507162  0.196207  3.041265  1.5  184  -65
2.31507157  0.194952  3.002497  2.1  175  -65
2.31514980  0.178129  2.506678  0.2   14  -26
2.31514984  0.178506  2.517300  0.3   14  -26
2.31515193  0.178374  2.513554  0.0   17  -30
2.31523606  0.211455  3.532351  0.0  334   -1
2.31523754  0.214220  3.625310  0.1  340    8
2.31523703  0.220265  3.832824  0.3  309  -37
2.31532479  0.221995  3.893244  1.0  359   43
2.31532565  0.218989  3.788526  0.0  179   23
2.31532454  0.219786  3.816149  0.0  360   42
2.31540858  0.206545  3.370216  0.0  192   -8
2.31540899  0.205684  3.342157  0.0  191   -9
2.31541124  0.208043  3.419269  0.0  192   -9
2.31549701  0.225261  4.008668  2.1  179   33
2.31551226  0.219073  3.791442  0.6  302   30
2.31552311  0.219869  3.819036  0.6  297   40
2.31559224  0.214005  3.618069  3.0  283   25
2.31561250  0.201040  3.192946  1.7  102   33
2.31562133  0.200782  3.184755  0.3   84   42
2.31561836  0.199794  3.153482  0.7  276  141
2.31563355  0.207138  3.389583  0.1  157   49
2.31573662  0.205645  3.340889  3.0  312   46
2.31576602  0.204626  3.307868  0.2  293  -21
2.31576697  0.200623  3.179704  0.0  294  -20
2.31576379  0.201781  3.216514  0.1  110  -26
2.31576266  0.202405  3.236448  0.1  109  -27
2.31581281  0.210963  3.515923  1.0  297   32
2.31590726  0.197604  3.084741  0.3  210   43
2.31591289  0.196070  3.037043  0.2   30   39
2.31590967  0.197909  3.094275  0.5   34   50
2.31597896  0.207837  3.412489  0.1  303    2
2.31599677  0.206000  3.352452  0.9  341 -163
2.31606638  0.160741  2.041170  0.2  191   36
2.31606864  0.152389  1.834564  0.0    5   46
2.31607116  0.151870  1.822100  0.0    4   42
2.31607129  0.152003  1.825286  0.0    4   41
2.31607299  0.150586  1.791406  0.0  183   25
2.31614845  0.183702  2.665963  1.2  282   64
2.31614845  0.184147  2.678887  0.7  282   64
2.31625804  0.140705  1.564030  1.3    2  -30
2.31625804  0.140746  1.564952  1.1  362  -29
2.31625801  0.144896  1.658585  1.0  363  -29
2.31625792  0.144883  1.658297  1.4  362  -29
2.31632629  0.191273  2.890246  1.0  317    0
2.31632653  0.190389  2.863593  1.0  317    0
2.31642154  0.187998  2.792111  0.0  152  -50
2.31641865  0.191451  2.895624  0.6  311 -129
2.31641642  0.192964  2.941566  1.0  315  -35
2.31651062  0.184860  2.699688  2.4  188  -13
2.31650840  0.181169  2.592966  0.6  191   -1
2.31650961  0.180498  2.573790  1.9  188   -8
2.31658016  0.171790  2.331443  1.2  216   65
2.31658655  0.168334  2.238565  1.5  165   29
2.31658576  0.168072  2.231619  0.0  163   28
2.31668509  0.166918  2.201072  0.5    9  -32
2.31668477  0.158839  1.993151  1.1  190  -45
2.31668657  0.158295  1.979539  0.3  192  -47
2.31668653  0.159462  2.008812  0.6  373 -133
2.31677454  0.189300  2.830939  0.0  159  -42
2.31676906  0.183384  2.656744  0.0  322  -25
2.31677092  0.185566  2.720355  0.0  128  -41
2.31685082  0.202676  3.245139  3.8  157  -16
2.31685728  0.218317  3.765307  0.1   12   -4
2.31692896  0.215037  3.653022  2.6  359  -56
2.31693301  0.211126  3.521352  1.7  306  -60
2.31693435  0.208288  3.427315  2.8  311  -58
2.31693698  0.214835  3.646169  2.2  107  -47
2.31701722  0.223036  3.929854  0.9  312  -45
2.31701393  0.223888  3.959945  0.4  322  -27
2.31706063  0.226350  4.047508  1.0  313  -48
2.31711411  0.222840  3.922965  0.9   48  -49
2.31715674  0.204148  3.292421  3.3  311   45
2.31715725  0.203788  3.280844  3.0  299   48
2.31715710  0.205221  3.327130  3.2  298   48
2.31716821  0.216328  3.697037  3.3  189   39
2.31726507  0.209637  3.471865  3.2  189   40
2.31726499  0.209701  3.473979  3.0  189   41
2.31726302  0.212126  3.554797  3.1    8   54
2.31733632  0.213865  3.613315  0.0  285    8
2.31736545  0.209383  3.463449  1.0  210  -43
2.31742324  0.197453  3.080033  1.3  190   23
2.31742197  0.195413  3.016699  0.1  189   25
2.31742260  0.197732  3.088752  1.3  190   25
2.31749418  0.210145  3.488727  1.0    6  -41
2.31750022  0.212015  3.551065  2.0  187  -60
2.31750472  0.211755  3.542363  1.0    0  -39
2.31760027  0.183964  2.673583  0.2  175   17
2.31759922  0.184588  2.691755  0.2  172   22
2.31759990  0.183538  2.661197  0.2  172   22
2.31768664  0.183875  2.671002  3.8  147   44
2.31768631  0.171167  2.314559  2.6  168   32
2.31768598  0.170880  2.306798  2.4  168   33
2.31768687  0.171883  2.333964  1.5  164   31
2.31777351  0.188858  2.817711  0.0  354  -11
2.31777712  0.188385  2.803617  0.1  173  -24
2.31785235  0.171770  2.330884  0.3    8   16
2.31785272  0.170241  2.289584  0.0    7   13
2.31785259  0.172293  2.345108  0.8    9   15
2.31794869  0.186636  2.751813  0.7  172  -43
2.31794984  0.187421  2.775007  0.0  167  -42
2.31794964  0.189241  2.829174  0.2  169  -40
2.31803082  0.164791  2.145322  0.1   16  -37
2.31803058  0.164737  2.143929  0.1   16  -36
2.31803116  0.165309  2.158845  0.2   16  -37
2.31803301  0.165137  2.154358  0.0   17  -38
2.31810845  0.210381  3.496538  0.0  313  -45
2.31811310  0.213516  3.601552  0.1  319  -31
2.31819028  0.212175  3.556430  2.0  165  -30
2.31819164  0.212263  3.559375  1.0  158  -29
2.31819036  0.213197  3.590786  1.3  354  -18
2.31828225  0.216291  3.695777  0.4  180   -7
2.31828236  0.216418  3.700091  0.8  180   -9
2.31827742  0.217959  3.752968  1.7    3   10
2.31836576  0.224907  3.996083  3.8  311   60
2.31836812  0.223185  3.935116  2.2  278   66
2.31838273  0.221614  3.879924  0.1   67  -37
2.31843618  0.219127  3.793308  1.5  305    7
2.31846579  0.221472  3.874944  0.1  291  -58
2.31846003  0.220866  3.853763  0.6  209  -41
2.31853827  0.216623  3.707100  0.1  200   14
2.31853852  0.217145  3.725017  0.5  200   12
2.31853882  0.216849  3.714843  0.2  200   12
2.31861438  0.219820  3.817349  1.3  271   35
2.31862509  0.219366  3.801601  1.7  210   68
2.31862325  0.220234  3.831732  1.1  208   71
2.31868951  0.214823  3.645761  0.1  171   26
2.31869067  0.215307  3.662215  0.0  173   27
2.31878871  0.203103  3.258805  5.2  316   41
2.31878471  0.196378  3.046591  3.8  331   31
2.31878730  0.196162  3.039890  4.1  158   24
2.31878758  0.195721  3.026222  4.3  158   24
2.31886890  0.211523  3.534609  0.7  305   30
2.31893910  0.209007  3.451026  1.7  136   60
2.31895481  0.181270  2.595842  1.0  189   12
2.31895459  0.180631  2.577574  1.7   12   26
2.31895467  0.180950  2.586701  2.1   11   26
2.31895479  0.181178  2.593221  2.2   12   27
2.31903293  0.182709  2.637237  2.7  353   46
2.31903192  0.182894  2.642562  2.9  353   47
2.31913714  0.179427  2.543334  1.0  193  -42
2.31913700  0.178833  2.526506  3.9  192  -42
2.31913642  0.178751  2.524189  3.8  193  -42
2.31913673  0.178199  2.508623  4.1  192  -42
2.31913691  0.178110  2.506123  3.9  192  -42
2.31920509  0.190250  2.859404  0.0    6   28
2.31920673  0.195035  3.005056  1.2    7   21
2.31929393  0.201316  3.201719  2.2  164  -20
2.31929058  0.200757  3.183982  1.2  340   -2
2.31929022  0.201522  3.208265  0.5  339   -3
2.31937358  0.197176  3.071407  3.5    3   10
2.31937291  0.197854  3.092554  3.1    1   11
2.31937445  0.199475  3.143429  4.2    1    6
2.31938661  0.206990  3.384746  1.5  336  -16
2.31946925  0.208762  3.442954  1.0  304  -37
2.31946882  0.207592  3.404471  0.3  303  -37
2.31955043  0.210249  3.492165  0.0    9  -27
2.31955577  0.208844  3.445650  0.1   15  -33
2.31955602  0.209889  3.480215  0.3  198  -46
2.31962923  0.211478  3.533124  1.0    2   33
2.31963214  0.210142  3.488628  0.0  182   11
2.31962952  0.210489  3.500144  1.0    1   36
2.31973122  0.214940  3.649731  0.2  100   50
2.31973385  0.212873  3.579873  1.0  276   46
2.31973231  0.213831  3.612172  0.3  281   43
2.31981364  0.214816  3.645534  0.2  190  -63
2.31981134  0.208624  3.438397  0.0  218  -44
2.31981206  0.211170  3.522819  0.4  216  -45
2.31990197  0.216943  3.718083  1.0  187   -9
2.31990225  0.216449  3.701149  3.1  188  -11
2.31990765  0.215737  3.676839  1.4  124  -32
2.31998487  0.224955  3.997772  0.3  195  -35
2.31998969  0.222334  3.905172  0.2    7  -34
2.32005697  0.223881  3.959693  0.3  196   19
2.32005891  0.222844  3.923101  0.0  192   20
2.32006035  0.226133  4.039770  1.5  198   -2
2.32012059  0.223497  3.946119  0.7  287   31
2.32012163  0.223898  3.960281  0.5  287   30
2.32016706  0.222585  3.913998  0.0  188   39
2.32015811  0.223291  3.938861  0.4   78  -41
2.32025585  0.217825  3.748367  3.9  296   34
2.32028332  0.204920  3.317383  4.3  132   52
2.32028138  0.206600  3.372002  1.0  115   56
2.32028399  0.205052  3.321666  4.0  134   51
2.32028879  0.206544  3.370163  1.4  186   47
2.32038581  0.206035  3.353577  2.6  336  -23
2.32038694  0.205730  3.343661  3.2  334  -23
2.32038604  0.205939  3.350461  2.6  336  -23
2.32038766  0.205840  3.347225  3.0  153  -34
2.32048131  0.208000  3.417843  2.2  177   -6
2.32048312  0.209003  3.450909  0.8  181  -11
2.32055168  0.213151  3.589229  3.4  319   19
2.32055658  0.215655  3.674049  1.8  351   31
2.32064060  0.201124  3.195617  0.1  343   -3
2.32064362  0.205846  3.347448  0.8  164  -14
2.32064275  0.203646  3.276271  0.7  345   -3
2.32064858  0.206150  3.357327  2.4  176  -17
2.32072784  0.208187  3.424009  1.4  185   22
2.32073049  0.206161  3.357695  1.3  187   15
2.32073044  0.206136  3.356860  1.6  187   16
2.32081657  0.201135  3.195956  0.1  284   36
2.32081678  0.202445  3.237726  1.0  284   38
2.32081999  0.201496  3.207450  0.0  157   28
2.32091275  0.198328  3.107381  1.3  176  -22
2.32099600  0.198337  3.107679  4.8  130  -20
2.32091869  0.199395  3.140903  0.7  182  -34
2.32099633  0.197658  3.086413  4.7  131  -20
2.32099632  0.198063  3.099100  4.9  131  -20
2.32099597  0.198607  3.116124  5.0  130  -20
2.32107887  0.203971  3.286743  0.1  181  -35
2.32107744  0.202911  3.252670  0.6    2  -22
2.32115936  0.201616  3.211272  0.0  353  -17
2.32115941  0.202701  3.245938  0.1  352  -18
2.32116846  0.201143  3.196236  0.1  178  -36
2.32116802  0.201466  3.206497  0.4  177  -36
2.32125619  0.211871  3.546272  0.7   70  -56
2.32125505  0.211693  3.540299  0.0   87  -60
2.32125614  0.210959  3.515805  0.1  286  -58
2.32133791  0.227991  4.106402  2.9    0 -130
2.32135363  0.225579  4.019989  1.0  288  -53
2.32134788  0.225597  4.020620  0.1  310  -25
2.32142943  0.228243  4.115487  0.1  337   32
2.32142701  0.227345  4.083178  0.1  160   18
2.32142292  0.237346  4.450316  2.4  196   -6
2.32152234  0.232847  4.283215  2.1  113  -20
2.32152418  0.232511  4.270838  1.3  112  -20
2.32152287  0.232396  4.266631  1.0  114  -20
2.32156048  0.230437  4.194982  0.1  170   37
2.32165907  0.223506  3.946446  2.4  206  122
2.32165951  0.222074  3.896015  1.6  205   52
2.32166060  0.224092  3.967157  2.8   51   63
2.32165616  0.219694  3.812978  0.0  263   62
2.32173394  0.230203  4.186485  0.1  350   14
2.32173888  0.230252  4.188275  0.3  350   10
2.32181722  0.226361  4.047898  2.0   38   48
2.32182640  0.218287  3.764299  1.8   21   36
2.32183000  0.216782  3.712571  0.4   19   38
2.32182960  0.216790  3.712821  0.6   18   37
2.32191824  0.225815  4.028401  0.1  161  -34
2.32192310  0.226712  4.060465  0.8  151    8
2.32191981  0.226505  4.053060  0.6  160  -36
2.32200632  0.219351  3.801060  3.3    5   -8
2.32200644  0.219268  3.798212  3.0    5   -8
2.32207607  0.209077  3.453358  0.1  113   38
2.32207877  0.210916  3.514371  0.1  287   42
2.32207867  0.212088  3.553525  0.3  290   41
2.32207925  0.214749  3.643248  0.4  112   43
2.32216531  0.218247  3.762910  0.0   80   35
2.32217519  0.213778  3.610392  0.1  270   50
2.32217560  0.213083  3.586942  0.0  279   55
2.32226312  0.211811  3.544246  2.6    7   18
2.32226351  0.212085  3.553420  2.0  183   13
2.32226827  0.211554  3.535661  4.2  192   -5
2.32236971  0.204066  3.289796  0.6  123  -29
2.32237414  0.201525  3.208380  0.1  300  -35
2.32237383  0.203310  3.265448  0.1  298  -37
2.32237423  0.202950  3.253916  0.0  297  -36
2.32244507  0.213222  3.591621  1.0  122    8
2.32244542  0.213154  3.589327  1.0  121    8
2.32244995  0.221793  3.886176  3.2  331   -7
2.32251280  0.231985  4.251531  1.5  346   22
2.32254485  0.231964  4.250771  0.8  113  -39
2.32261532  0.210676  3.506357  2.1  128  -46
2.32261149  0.211151  3.522204  1.8  317  -37
2.32261602  0.210706  3.507376  1.6  126  -50
2.32261407  0.212697  3.573961  0.0  121  -53
2.32268579  0.233442  4.305109  2.8  310   43
2.32271051  0.233985  4.325157  1.4  176  -27
2.32273559  0.235950  4.398126  0.2   41  -23
2.32280356  0.230833  4.209421  1.6  291  -39
2.32280382  0.230277  4.189169  1.0  281  -30
2.32289171  0.229802  4.171923  1.8  284  -55
2.32288170  0.227217  4.078565  2.4   47  -66
2.32288220  0.228075  4.109429  2.0   72  -67
2.32289370  0.228159  4.112466  1.5  103  -61
2.32289489  0.231234  4.224061  1.4  299  -52
2.32297875  0.239100  4.516331  2.2   60    5
2.32301635  0.227713  4.096419  2.0  191  -29
2.32301864  0.228300  4.117552  1.6  192  -28
2.32311195  0.231758  4.243222  0.6   28   -4
2.32310402  0.228249  4.115698  0.4  205  -10
2.32310532  0.228521  4.125532  0.3  209  -10
2.32317699  0.236028  4.401022  0.4   15    4
2.32318680  0.229528  4.161975  3.9  312   24
2.32320182  0.231805  4.244949  2.7  183   32
2.32320078  0.231591  4.237128  2.6  183   31
2.32327844  0.227945  4.104737  0.1  347   12
2.32328476  0.227397  4.085036  0.0  263   27
2.32333833  0.225420  4.014314  0.0  186   50
2.32336346  0.226174  4.041228  0.2  198   15
2.32336323  0.225081  4.002263  0.3  198   14
2.32336341  0.227741  4.097400  2.3  186   22
2.32345094  0.228575  4.127494  2.6  186   39
2.32350776  0.227330  4.082620  0.1   94  139
2.32352948  0.224487  3.981170  5.2  186   -3
2.32354337  0.223468  3.945095  1.0  180  -34
2.32354441  0.222219  3.901114  4.7  180  -34
2.32354739  0.223228  3.936619  4.8  188  -40
2.32362973  0.229632  4.165731  3.2  179   -6
2.32362096  0.229061  4.145040  3.2  358   14
2.32369795  0.228127  4.111322  0.6  339   -1
2.32371648  0.226289  4.045341  1.0  156  -20
2.32371735  0.226839  4.065004  1.6  151  -21
2.32372340  0.225696  4.024142  1.4  111  -43
2.32377977  0.229528  4.161954  0.0  167   23
2.32385966  0.219939  3.821483  0.2  109   34
2.32386289  0.224668  3.987578  2.0   66   55
2.32386162  0.224536  3.982909  2.0  264  128
2.32386704  0.226426  4.050226  1.3  175   47
2.32395803  0.227517  4.089371  1.2  176  -12
2.32396886  0.226489  4.052490  2.4  184  -19
2.32398131  0.225741  4.025753  0.8  188  -24
2.32398147  0.227996  4.106596  1.9  189  -44
2.32403920  0.222454  3.909371  2.4  321   17
2.32404845  0.223164  3.934371  0.1  151    7
2.32412588  0.224574  3.984241  0.2  165  -21
2.32412575  0.224696  3.988560  0.1  164  -21
2.32413949  0.225253  4.008376  1.6    3  -39
2.32422393  0.219591  3.809409  1.2  291  -43
2.32422399  0.219225  3.796696  0.9  291  -42
2.32422411  0.220170  3.829512  1.4   91  -48
2.32430697  0.228767  4.134405  0.5  273  -50
2.32430670  0.226407  4.049533  0.2   81  -44
2.32430796  0.229232  4.151237  0.3  276  -44
2.32438892  0.235431  4.378782  1.1   23  -18
2.32439557  0.235539  4.382806  0.1  295   60
2.32438840  0.234890  4.358700  1.1  203  -29
2.32446018  0.237869  4.469958  0.1  122   49
2.32446151  0.238413  4.490405  0.1  117   53
2.32453457  0.234614  4.348439  0.2  285   19
2.32453117  0.239878  4.545756  0.2  195  -52
2.32453700  0.234549  4.346044  0.6  105   15
2.32459738  0.235546  4.383055  3.0  109   53
2.32459903  0.235946  4.397987  2.8  274   59
2.32460462  0.237305  4.448784  3.3   94   58
2.32470309  0.235084  4.365910  2.9  194   37
2.32470320  0.235208  4.370495  2.6  197   40
2.32471373  0.236979  4.436583  0.6   40   27
2.32475705  0.237983  4.474251  1.2  238   36
2.32479239  0.237096  4.440935  0.3  289  -36
2.32482289  0.234297  4.336711  1.0  293  -59
2.32482386  0.233154  4.294502  0.7  110  -55
2.32488517  0.231708  4.241388  0.4  162   10
2.32489058  0.231338  4.227881  0.9  164    7
2.32496836  0.233254  4.298186  1.3  283   19
2.32496674  0.233260  4.298399  0.7  280    8
2.32496769  0.233227  4.297205  2.4  138   33
2.32497537  0.234057  4.327814  2.0  285   30
2.32507149  0.234984  4.362185  1.9  304  -22
2.32514807  0.225498  4.017095  1.2  117  -16
2.32514684  0.226356  4.047727  1.7  118  -15
2.32514316  0.226224  4.043018  2.0  302  -11
2.32514742  0.226658  4.058534  1.9  118  -16
2.32519887  0.233142  4.294062  0.2   50   44
2.32520653  0.234900  4.359053  0.3   37   50
2.32529629  0.226273  4.044763  0.6  364   55
2.32529556  0.226248  4.043864  1.0    4   53
2.32529596  0.225798  4.027778  0.6  184   41
2.32528981  0.225448  4.015302  0.0    5   50
2.32535020  0.225481  4.016477  0.2  270  111
2.32541560  0.229525  4.161854  0.9   52  -28
2.32542544  0.226017  4.035621  1.0   55  -26
2.32548587  0.230919  4.212574  1.0   16  -29
2.32548527  0.231750  4.242939  1.6   15  -31
2.32550102  0.235061  4.365059  2.1  188  -40
2.32555605  0.232792  4.281182  1.0   33  -55
2.32555063  0.233347  4.301631  0.1  223  -84
2.32561029  0.235392  4.377349  0.0  279  -59
2.32565373  0.233326  4.300844  0.6   26  -55
2.32567476  0.222663  3.916729  1.1  271 -168
2.32567478  0.222754  3.919922  1.3  271 -168
2.32567033  0.224433  3.979233  1.6  277  -16
2.32567522  0.223927  3.961319  1.0   93  -15
2.32579026  0.235230  4.371325  0.8  206   59
2.32579205  0.236861  4.432153  1.3   45   70
2.32586116  0.231717  4.241720  2.9   96    1
2.32587170  0.231185  4.222264  2.9  100    4
2.32590013  0.228214  4.114449  2.1  111   27
2.32589965  0.228900  4.139233  2.3  111   26
2.32594989  0.236644  4.424022  0.0  289  -45
2.32603552  0.234740  4.353132  0.9  101   52
2.32599212  0.234618  4.348618  1.2   18  -44
2.32603466  0.228238  4.115323  1.1  294   50
2.32604270  0.232390  4.266386  0.9  279   40
2.32609769  0.235327  4.374907  1.4  294   64
2.32609864  0.233356  4.301938  0.0  147   72
2.32613450  0.238677  4.500370  2.6  305  -63
2.32618670  0.237252  4.446793  1.8  195   35
2.32622234  0.234039  4.327179  2.6  206   41
2.32627024  0.230108  4.183020  1.2  106  -33
2.32624865  0.229370  4.156233  1.8   37   64
2.32633591  0.228495  4.124597  0.0  113   48
2.32633142  0.223312  3.939584  0.2   66   65
2.32633281  0.224684  3.988151  0.1   69   69
2.32634344  0.226168  4.041016  0.8  301   34
2.32643026  0.225941  4.032894  0.3  284   11
2.32642803  0.222225  3.901317  0.0  278    5
2.32642739  0.222049  3.895160  0.1  280    8
2.32651218  0.233210  4.296553  1.5    1  -43
2.32653534  0.232971  4.287771  2.6  153  -48
2.32659398  0.227058  4.072869  0.8  282    4
2.32660035  0.222818  3.922196  0.1  111   -4
2.32660291  0.223378  3.941911  0.2  113   -5
2.32664753  0.226645  4.058066  0.3  107   30
2.32666542  0.226242  4.043652  1.5  117   33
2.32666663  0.225121  4.003685  1.5  293   35
2.32674677  0.227254  4.079915  0.9   57  -41
2.32674442  0.227411  4.085552  0.7   58  -52
2.32678351  0.228665  4.130735  0.4   69  -34
2.32679248  0.224651  3.986966  0.2  314  -40
2.32683611  0.225629  4.021777  2.8  283   30
2.32684312  0.228159  4.112459  4.4  263   20
2.32689403  0.231199  4.222774  0.3  199  -56
2.32689439  0.230373  4.192676  0.1  204  -65
2.32698639  0.226797  4.063500  1.0  256   35
2.32698942  0.225247  4.008170  0.2   82   40
2.32701129  0.231529  4.234835  2.5  121  -18
2.32699445  0.224957  3.997852  0.2   80   40
2.32709749  0.236344  4.412836  2.1  314   50
2.32711298  0.233558  4.309396  3.6  192   34
2.32714846  0.226669  4.058938  1.4  106  -21
2.32714850  0.225249  4.008248  0.7  106  -22
2.32714823  0.226675  4.059161  1.4  106  -21
2.32718956  0.233413  4.304058  2.0   95  -35
2.32728189  0.233029  4.289911  0.3   84   76
2.32728623  0.227807  4.099770  0.4  104   46
2.32728510  0.227675  4.095045  1.0  263   42
2.32732560  0.226630  4.057520  0.5  283  -38
2.32734477  0.226454  4.051238  0.6  282  -30
2.32735578  0.234865  4.357758  3.0  102  -12
2.32745901  0.218111  3.758227  0.2  288   -9
2.32745928  0.216036  3.687040  0.0  285  -12
2.32746057  0.215350  3.663684  0.0  286  -11
2.32746309  0.222288  3.903560  1.0  284  -12
2.32753885  0.234946  4.360775  0.1   96    3
2.32751126  0.234209  4.333443  1.4  282   19
2.32754254  0.234570  4.346816  0.1   49   61
2.32763522  0.223653  3.951642  0.9  189  -72
2.32763477  0.220245  3.832117  0.1  214  -52
2.32763195  0.222835  3.922787  0.0  297  -66
2.32769911  0.231152  4.221061  1.0   85  -44
2.32773726  0.231024  4.216398  1.0  306  -51
2.32773654  0.229432  4.158468  3.4  306  -49
2.32782276  0.227543  4.090289  3.5  307   47
2.32782944  0.226588  4.056013  3.9  129   42
2.32782962  0.223908  3.960633  3.9  128   47
2.32789918  0.228496  4.124615  2.0  207   59
2.32789234  0.228936  4.140511  0.6  107   14
2.32790243  0.234194  4.332915  1.0  297   60
2.32793529  0.233211  4.296615  1.4  196  -67
2.32802027  0.226282  4.045084  1.0   26   37
2.32803948  0.227212  4.078410  0.7  302  -53
2.32809035  0.221949  3.891659  0.6   98  -38
2.32809345  0.222872  3.924065  0.1  289  -34
2.32809200  0.225543  4.018704  0.4  102  -33
2.32809037  0.226344  4.047307  0.8  104  -35
2.32819103  0.228009  4.107053  0.1  209   52
2.32818562  0.230775  4.207322  0.1   42   66
2.32825848  0.230090  4.182380  4.0  289  -13
2.32827907  0.225524  4.018024  5.2  274    7
2.32830514  0.224154  3.969345  0.7  285   37
2.32830539  0.224546  3.983249  1.3  284   35
2.32831957  0.228572  4.127356  3.1  301   46
2.32837990  0.230330  4.191108  0.7  195   53
2.32837421  0.229995  4.178928  0.6   88  -55
2.32844390  0.222651  3.916306  0.1   55  -40
2.32845868  0.223247  3.937291  0.0  249  -21
2.32845103  0.225310  4.010410  1.2  244  -38
2.32854243  0.228006  4.106968  0.1   61   69
2.32854243  0.226073  4.037597  0.4    1  -38
2.32855039  0.229988  4.178671  1.7  197  -58
2.32854410  0.229857  4.173889  0.8   88   -8
2.32868163  0.227836  4.100823  0.1  106  -56
2.32868185  0.228380  4.120420  1.0  106  -54
2.32868088  0.230133  4.183930  0.0  304  -60
2.32873384  0.216290  3.695742  0.0  118   52
2.32873473  0.218856  3.783930  1.1  284   50
2.32873449  0.218955  3.787372  0.9  284   50
2.32878801  0.226703  4.060136  1.9  112  -42
2.32886265  0.222155  3.898888  0.0  194   38
2.32886357  0.223321  3.939922  0.0  194   38
2.32893553  0.213337  3.595506  0.4  102   22
2.32893546  0.213167  3.589770  0.1  102   22
2.32893596  0.213451  3.599341  0.2  103   23
2.32893566  0.213196  3.590741  0.1  103   22
2.32895956  0.222684  3.917448  3.2  140   52
2.32906058  0.212598  3.570619  1.4  156  -51
2.32906107  0.213476  3.600183  0.3  164  -58
2.32911134  0.214442  3.632853  0.2  281  -18
2.32912378  0.211265  3.525987  0.4   97   -1
2.32914601  0.210633  3.504950  0.4  290   14
2.32914739  0.210457  3.499096  0.1  291   12
2.32916286  0.223650  3.951518  1.0  119  -10
2.32926813  0.228299  4.117532  1.0   10  -26
2.32927301  0.223909  3.960697  0.5  182  -52
2.32928117  0.220507  3.841238  0.2  197  -56
2.32928898  0.229173  4.149110  1.9  308  -57
2.32933460  0.234126  4.330369  5.3  192    5
2.32937766  0.236083  4.403066  1.0    5   10
2.32938512  0.235181  4.369495  2.7  288   61
2.32949248  0.226302  4.045799  0.6  103  133
2.32949187  0.226495  4.052705  0.1  282   47
2.32949136  0.226047  4.036681  1.5  296   48
2.32955226  0.220405  3.837680  1.0  127   56
2.32955263  0.220787  3.850994  3.4  298   57
2.32955262  0.221113  3.862388  1.4  291   53
2.32961040  0.231655  4.239460  1.4  273  -49
2.32964917  0.228383  4.120544  0.6   53   54
2.32970426  0.227208  4.078247  1.7  288   54
2.32970470  0.226470  4.051797  2.0  288   54
2.32970381  0.226043  4.036542  0.5  275   54
2.32974852  0.226105  4.038737  0.4  280  -33
2.32975269  0.223949  3.962086  0.0  288  -32
2.32984428  0.226618  4.057104  0.9  346  -49
2.32984822  0.222868  3.923945  0.0  317  -40
2.32989345  0.219582  3.809082  2.4   40   41
2.32990287  0.217088  3.723043  1.0   36   40
2.32990348  0.217521  3.737910  0.9   36   38
2.32994821  0.229761  4.170422  1.8   24   58
2.32998633  0.226913  4.067661  1.9  302   50
2.33006567  0.216389  3.699127  0.3   45   33
2.33006985  0.209096  3.453957  4.4  118   43
2.33007069  0.209481  3.466698  5.6  300   52
2.33006990  0.209724  3.474752  4.4  287   48
2.33018012  0.226681  4.059353  0.6  357  -37
2.33018049  0.229398  4.157249  1.1  176  -49
2.33019732  0.216779  3.712447  0.1   40  -50
2.33019523  0.213809  3.611431  0.6  207  -61
2.33025249  0.218828  3.782975  2.3  202  -26
2.33024664  0.219663  3.811908  2.2   16   -2
2.33026069  0.221251  3.867207  2.8  203  -30
2.33036566  0.229189  4.149663  0.4  120   54
2.33036650  0.226517  4.053480  1.0  118   48
2.33042603  0.217779  3.746782  6.3  316  -39
2.33042604  0.217835  3.748728  6.5  316  -38
2.33042991  0.217829  3.748517  6.9  316  -34
2.33043206  0.218018  3.755022  6.9  317  -34
2.33052433  0.217070  3.722429  0.1   15   41
2.33053208  0.217605  3.740811  1.0  190   14
2.33053182  0.217199  3.726847  2.6  190   15
2.33061881  0.214537  3.636078  4.4  168   -2
2.33061933  0.214514  3.635289  4.3  167   -2
2.33061875  0.214536  3.636043  4.4  168   -2
2.33061997  0.219142  3.793822  5.0  343    7
2.33071779  0.218893  3.785221  0.3   46  -36
2.33077837  0.221532  3.877033  1.0  197    7
2.33077816  0.221323  3.869736  1.0  196    8
2.33077832  0.221060  3.860539  4.0  197    7
2.33080084  0.219478  3.805487  0.9  203  -34
2.33088187  0.208572  3.436677  4.2  299  -37
2.33088014  0.208275  3.426887  3.7  303  -37
2.33088139  0.210716  3.507689  3.1  313  -38
2.33094799  0.226933  4.068386  4.6  205  -51
2.33096877  0.224340  3.975935  2.3   11  -46
2.33097348  0.223874  3.959429  1.0    9  -51
2.33104591  0.227014  4.071278  0.1   39  -41
2.33105750  0.232594  4.273906  1.0  175  -28
2.33108044  0.225261  4.008675  1.1  191  -24
2.33109235  0.224035  3.965157  1.0  198  -31
2.33115487  0.224440  3.979475  2.9  319   44
2.33115775  0.224019  3.964569  3.9  144   33
2.33123903  0.228333  4.118744  1.6   40    2
2.33124622  0.220929  3.855964  1.0   11  -31
2.33125232  0.219971  3.822601  0.1    9  -38
2.33126606  0.223388  3.942285  0.2  201  -40
2.33133204  0.228687  4.131518  0.0   76   -8
2.33133648  0.227824  4.100411  0.0   75  -10
2.33139386  0.218976  3.788080  0.0  294  -58
2.33139376  0.220231  3.831623  1.0  296  -59
2.33140114  0.222234  3.901640  0.2  239  -47
2.33143270  0.220867  3.853806  0.1  250   44
2.33150121  0.226286  4.045210  2.8   14  -35
2.33150846  0.230485  4.196736  2.8  111  -52
2.33156444  0.230730  4.205662  1.8  292  -48
2.33157485  0.231097  4.219057  1.3   97  -43
2.33160117  0.232280  4.262351  0.5   43   46
2.33161845  0.233529  4.308312  4.5   11    9
2.33165052  0.229038  4.144230  0.3   83   54
2.33170364  0.224760  3.990832  1.4  294   44
2.33170519  0.224649  3.986907  1.5  289   41
2.33173984  0.232485  4.269882  0.1  179   25
2.33179402  0.224003  3.964001  0.1    8   25
2.33180856  0.218105  3.758008  0.0    1   20
2.33187837  0.213206  3.591083  1.9   70   28
2.33188710  0.212212  3.557683  1.8  224   32
2.33188392  0.211481  3.533205  2.6   62   34
2.33189237  0.214097  3.621154  0.1  198   34
2.33196787  0.229789  4.171434  0.3  351   26
2.33200685  0.214595  3.638014  0.1   15  -84
2.33201928  0.207180  3.390964  0.4  282 -137
2.33201963  0.210784  3.509949  1.0   99  -48
2.33207775  0.214658  3.640180  2.0  113   10
2.33207906  0.214871  3.647406  1.0  125    3
2.33208071  0.213941  3.615899  2.9  122    6
2.33215247  0.225835  4.029099  2.2  171   20
2.33215647  0.224654  3.987083  1.6  171   22
2.33223932  0.212218  3.557878  2.0  135  -38
2.33223939  0.212742  3.575485  2.3  135  -38
2.33224008  0.212505  3.567522  2.4  133  -37
2.33230918  0.228112  4.110755  3.1  306   31
2.33231371  0.228256  4.115948  3.1  308   34
2.33235858  0.225785  4.027320  1.4  196  -55
2.33239883  0.222882  3.924451  2.5  199   53
2.33239821  0.223767  3.955646  2.0  220   56
2.33243473  0.227977  4.105902  0.0   97   40
2.33251881  0.226990  4.070420  4.5  319  -36
2.33251510  0.228861  4.137797  0.0  193  -49
2.33254508  0.222561  3.913123  0.3  187   32
2.33252376  0.226301  4.045753  2.5  211  -65
2.33263482  0.221711  3.883298  0.1  316   24
2.33263556  0.221052  3.860270  0.0  315   32
2.33263479  0.221057  3.860416  0.0  314   31
2.33263370  0.222121  3.897680  1.2  136   14
2.33273042  0.221275  3.868058  4.9  193   -5
2.33273070  0.220558  3.843035  4.9   13    7
2.33273725  0.221719  3.883602  4.8   13    4
2.33279182  0.221558  3.877940  0.2  125   35
2.33283956  0.227360  4.083702  1.0  202   45
2.33284025  0.227212  4.078415  1.3   41   57
2.33290134  0.224256  3.972975  4.2    9  -11
2.33290434  0.225753  4.026178  1.0  193  -18
2.33291669  0.224292  3.974236  0.2  150   40
2.33300388  0.204303  3.297426  1.6  226   24
2.33300127  0.205349  3.331296  3.6  241  147
2.33300398  0.205638  3.340688  3.1   54   35
2.33301076  0.205401  3.332987  2.5  197   34
2.33309801  0.223566  3.948563  0.5  293  -46
2.33316099  0.211122  3.521239  0.0  308   34
2.33317999  0.211759  3.542512  0.5  191   -7
2.33317839  0.207750  3.409654  0.0    8    6
2.33317904  0.209793  3.477035  1.0  187   -4
2.33317916  0.211972  3.549648  0.3  188   -5
2.33326472  0.214083  3.620701  0.2  187   53
2.33326442  0.215107  3.655420  0.8  187   53
2.33336264  0.200241  3.167635  6.4  134  -19
2.33336281  0.199949  3.158383  6.5  134  -18
2.33336191  0.200103  3.163244  6.2  138  -17
2.33336196  0.199563  3.146213  6.1  137  -18
2.33344672  0.224029  3.964914  1.7  169  -20
2.33344000  0.225550  4.018969  3.6  158   32
2.33351724  0.214375  3.630582  0.0  204   40
2.33352339  0.218842  3.783438  2.2  189   42
2.33352444  0.219745  3.814744  2.0  189   36
2.33361200  0.213193  3.590643  6.1  321    4
2.33361320  0.215170  3.657564  6.4  143   -8
2.33368244  0.209865  3.479418  0.2  176   16
2.33368576  0.209025  3.451633  1.0  320   24
2.33368969  0.207340  3.396204  0.0  177    6
2.33368315  0.207486  3.400978  0.4  176   13
2.33377548  0.212037  3.551800  1.0  324   32
2.33377697  0.209534  3.468464  0.0  153   21
2.33377722  0.210036  3.485098  0.0  153   21
2.33387447  0.195127  3.007902  1.0  350  -36
2.33387518  0.196205  3.041223  1.0  348  -33
2.33387564  0.195562  3.021320  0.2  353  -39
2.33387360  0.199430  3.142017  1.0  339  -30
2.33396167  0.222014  3.893939  0.0  109  -43
2.33395966  0.219757  3.815153  0.1  304  -28
2.33400286  0.234021  4.326497  2.0   10  -30
2.33405279  0.230182  4.185727  1.0  164  -41
2.33404152  0.229483  4.160349  0.1  194  -67
2.33404351  0.230726  4.205525  0.2  220  -74
2.33413549  0.236630  4.423524  1.5  186  -30
2.33416065  0.230372  4.192642  0.3  289   49
2.33415970  0.231420  4.230864  0.9  289   47
2.33423253  0.232804  4.281608  0.4  196   44
2.33424068  0.232665  4.276499  1.0  190   37
2.33426273  0.235868  4.395057  2.1  194    7
2.33427358  0.236200  4.407441  1.8   14   -1
2.33437040  0.233784  4.317755  1.0  206   56
2.33436658  0.224441  3.979539  0.1   49   39
2.33441006  0.228490  4.124406  1.0  196   -4
2.33443528  0.224518  3.982262  0.1  194  -30
2.33443429  0.225422  4.014375  0.4   12  -18
2.33444367  0.226851  4.065444  0.1  198  -28
2.33453763  0.211129  3.521464  0.6   24   49
2.33453930  0.206667  3.374173  1.0  197   34
2.33454439  0.208588  3.437197  0.7  189   30
2.33461793  0.203358  3.266991  1.4   84   48
2.33462074  0.206556  3.370557  0.7  199   67
2.33461932  0.201910  3.220654  0.2  101   42
2.33472098  0.208470  3.433306  2.1  356   -5
2.33472049  0.207172  3.390699  1.5  355   -4
2.33472398  0.208223  3.425175  1.1  173  -17
2.33479838  0.200182  3.165761  1.9  142    3
2.33479726  0.198896  3.125198  2.3  140    5
2.33479700  0.198821  3.122840  1.7  140    5
2.33479700  0.199035  3.129574  1.4  140    4
2.33488730  0.209622  3.471384  1.0  353  -19
2.33488729  0.211162  3.522577  1.8  353  -19
2.33497831  0.208212  3.424816  2.3  332  -16
2.33498041  0.209625  3.471463  1.0  155  -25
2.33498216  0.210214  3.491016  0.1  163  -23
2.33505932  0.199917  3.157377  1.0  340   33
2.33505636  0.201179  3.197371  0.5  359   64
2.33505453  0.203460  3.270292  0.1  223   89
2.33505867  0.201593  3.210534  1.1  340   27
2.33514958  0.213334  3.595384  2.6  161    9
2.33514486  0.212220  3.557933  0.1  296   24
2.33515150  0.215032  3.652853  1.4  174  -12
2.33524119  0.204733  3.311347  0.0  190  -10
2.33524069  0.204194  3.293929  0.0  191   -9
2.33524301  0.205395  3.332769  0.0  188  -11
2.33532403  0.218149  3.759523  1.4  338   12
2.33532581  0.217436  3.734978  0.1  339   14
2.33541318  0.212441  3.565367  1.4  188  -57
2.33541461  0.212271  3.559662  1.5  189  -55
2.33541741  0.212181  3.556637  1.4  195  -68
2.33542020  0.219309  3.799612  0.4   94  -46
2.33550618  0.221677  3.882109  1.0  315  -11
2.33550950  0.220038  3.824919  2.2  176   -8
2.33550615  0.220943  3.856452  1.4  355    0
2.33550632  0.221146  3.863550  1.5  356    0
2.33559653  0.225027  4.000338  0.0  332   18
2.33564761  0.223081  3.931454  0.3  283   49
2.33567600  0.218217  3.761879  1.0  198   -8
2.33573504  0.211009  3.517446  0.8   62   36
2.33573646  0.211117  3.521059  1.8   66   38
2.33573764  0.210576  3.503040  1.4  237   30
2.33574918  0.215651  3.673919  1.1  181   45
2.33582316  0.221979  3.892691  0.8   11   -5
2.33584538  0.216248  3.694308  0.5  196  -38
2.33590808  0.208105  3.421307  0.2  200   15
2.33590767  0.207009  3.385369  1.0   13   22
2.33590947  0.205303  3.329809  2.4  189   10
2.33595308  0.224529  3.982661  0.1   75  -47
2.33600544  0.205836  3.347108  0.0  170  -61
2.33600361  0.205205  3.326619  0.1  360  -47
2.33608922  0.200835  3.186455  2.7   10  -12
2.33608801  0.200357  3.171286  0.1   12  -10
2.33608867  0.200548  3.177343  2.4   11  -15
2.33608812  0.198920  3.125950  1.7   12  -10
2.33609004  0.204649  3.308613  1.0  191  -26
2.33618483  0.208872  3.446583  0.9  176   28
2.33618563  0.207461  3.400159  0.2  178   31
2.33626019  0.208646  3.439118  1.2  333   17
2.33626729  0.205288  3.329310  0.0  167   17
2.33626601  0.204217  3.294657  0.1  165   18
2.33634379  0.205501  3.336212  0.4    6   37
2.33634923  0.207151  3.390027  1.2  184   18
2.33643285  0.199305  3.138064  1.0  365   30
2.33643330  0.198561  3.114680  0.1    2   24
2.33643295  0.198798  3.122143  1.0    4   27
2.33643219  0.199857  3.155489  0.8    6   33
2.33652475  0.203943  3.285838  1.8  348    6
2.33653087  0.206254  3.360731  1.0  357   -9
2.33653689  0.209895  3.480415  0.6  201  -49
2.33662496  0.211979  3.549882  0.9  113   56
2.33662714  0.212418  3.564590  0.8  100   65
2.33662472  0.213202  3.590959  0.3  270   56
2.33662655  0.213118  3.588107  0.5  278  112
2.33671074  0.218601  3.775110  1.4  159    3
2.33671852  0.219058  3.790930  4.1  147   12
2.33679026  0.211025  3.517978  5.6  161   -8
2.33685018  0.211803  3.543967  0.5  297   31
2.33686885  0.202977  3.254776  0.2  194   36
2.33688105  0.201019  3.192296  0.1  182   12
2.33687456  0.200872  3.187619  0.7  183   24
2.33688012  0.202422  3.237003  1.0  182   10
2.33698311  0.202180  3.229276  0.0  260  -49
2.33698435  0.202868  3.251280  0.1  275  -53
2.33698420  0.201574  3.209923  0.2  275  -55
2.33699111  0.197414  3.078803  0.2  254  -29
2.33706994  0.204194  3.293904  1.2  359  -42
2.33707759  0.204768  3.312464  1.0    7  -44
2.33707383  0.207198  3.391552  1.4  294  -50
2.33720834  0.205296  3.329555  1.0  187  -42
2.33720827  0.203440  3.269632  2.2  187  -42
2.33720848  0.204538  3.305027  2.5    5  -32
2.33721915  0.203926  3.285292  2.6  336 -115
2.33721461  0.204261  3.296085  2.8  189  -58
2.33729626  0.220412  3.837920  1.0  318  -21
2.33729627  0.217523  3.737974  0.1  318  -22
2.33736583  0.219511  3.806611  1.4   10  -29
2.33737155  0.220023  3.824397  0.1  190  -41
2.33746219  0.212331  3.561659  0.6  200   26
2.33746419  0.210491  3.500216  0.6  198   21
2.33746524  0.208923  3.448241  0.2   15   31
2.33754153  0.208100  3.421130  0.1  288 -145
2.33753970  0.207097  3.388250  0.1  300  -29
2.33754165  0.206403  3.365570  0.2  300  -26
2.33754193  0.204951  3.318381  0.0  300  -26
2.33764495  0.208629  3.438557  1.2  190   -2
2.33764440  0.209189  3.457027  1.5  190   -1
2.33772713  0.202288  3.232725  0.1  183    8
2.33772855  0.202638  3.243907  1.0  182    8
2.33772892  0.201127  3.195720  0.1  181   10
2.33773129  0.202031  3.224503  1.0  179    8
2.33781939  0.200946  3.189975  0.0    5   -8
2.33781566  0.200327  3.170347  0.7  187   -9
2.33781587  0.199881  3.156253  0.3  188  -10
2.33789672  0.197898  3.093914  1.0  359   19
2.33789626  0.197783  3.090320  0.1  359   20
2.33797212  0.184488  2.688822  0.8  289   35
2.33797174  0.183548  2.661511  0.6  288   35
2.33797194  0.184434  2.687259  0.3  289   35
2.33798196  0.194779  2.997162  3.1  142   23
2.33800004  0.204352  3.299012  2.4   98  -51
2.33808393  0.207880  3.413897  0.1  164  -36
2.33816040  0.201074  3.194033  0.3  193   -3
2.33815703  0.192984  2.942198  0.0  189   -1
2.33815686  0.194987  3.003586  0.0  189    1
2.33816450  0.201783  3.216600  0.4  196   -6
2.33823811  0.206118  3.356295  0.5  182   29
2.33823933  0.207034  3.386191  0.4  182   29
2.33823955  0.207567  3.403635  0.1  183   30
2.33833678  0.185132  2.707639  0.0  196  -51
2.33833708  0.184501  2.689196  0.0  196  -51
2.33834053  0.185599  2.721325  0.1  203  -52
2.33841901  0.199695  3.150370  0.0  158   -8
2.33841543  0.202829  3.250043  3.0  324    3
2.33841566  0.203633  3.275860  0.3  334    1
2.33851718  0.210250  3.492190  0.0  149   -8
2.33851736  0.208603  3.437696  0.0  149   -8
2.33859410  0.218684  3.777989  0.1  169  -34
2.33859391  0.209246  3.458917  1.3  308  -25
2.33859403  0.210152  3.488958  1.0  119  -33
2.33866502  0.220895  3.854758  1.9  310  -17
2.33866212  0.218925  3.786314  5.3  313    0
2.33867567  0.221220  3.866109  0.0   76  -27
2.33869218  0.219935  3.821345  2.6  110  -20
2.33876571  0.218304  3.764885  0.9  197  -35
2.33876776  0.217868  3.749846  1.6  200  -34
2.33884353  0.208090  3.420815  2.7  201   11
2.33884509  0.207568  3.403673  1.1  184   17
2.33884838  0.209926  3.481456  2.4  192    7
2.33884954  0.208572  3.436681  1.7  193    2
2.33893551  0.209843  3.478705  1.0  168  -31
2.33900814  0.206946  3.383289  0.0  345   19
2.33902015  0.198142  3.101569  0.0  193  -19
2.33902020  0.199620  3.147992  1.0  192  -20
2.33902080  0.198848  3.123714  1.0  193  -19
2.33903364  0.209392  3.463747  2.8  147  -40
2.33909238  0.220365  3.836291  3.0  306   35
2.33910530  0.225999  4.034962  1.0  325   65
2.33918129  0.219172  3.794866  2.7   16   -9
2.33918464  0.216504  3.703048  2.4   16  -10
2.33926616  0.219861  3.818776  2.6   19   41
2.33926636  0.221059  3.860506  1.6   19   41
2.33926719  0.220342  3.835491  2.3   21   41
2.33934883  0.201337  3.202381  0.6  278   54
2.33934873  0.200861  3.187262  0.5  278   53
2.33934698  0.201056  3.193449  0.6  166   56
2.33934891  0.199061  3.130389  1.7  313  131
2.33943903  0.206838  3.379764  0.1    4   37
2.33944355  0.208697  3.440789  0.6  353   38
2.33952849  0.199626  3.148193  5.5  323   15
2.33952904  0.198537  3.113928  5.4  323   16
2.33952898  0.198537  3.113936  5.4  323   16
2.33952855  0.198419  3.110237  5.7  319   17
2.33961647  0.215578  3.671427  1.0   15   -1
2.33963124  0.214379  3.630700  1.0  193  -29
2.33963401  0.213478  3.600266  0.1  194  -32
2.33971570  0.202393  3.236071  3.7  311  -20
2.33971494  0.202564  3.241535  3.2  309  -21
2.33971611  0.203211  3.262287  3.7  309  -20
2.33971638  0.206403  3.365559  2.4  121  -27
2.33980415  0.213751  3.609455  1.9  174  -37
2.33980150  0.214618  3.638794  2.1  173  -34
2.33987307  0.214826  3.645879  1.2  297   30
2.33988917  0.219840  3.818053  2.3  174  -53
2.33989889  0.213962  3.616594  1.0  130   30
2.33998171  0.214435  3.632620  3.0  187  -13
2.33998168  0.214147  3.622854  2.9  187  -12
2.33999215  0.215039  3.653101  1.0  189  -22
2.34005854  0.209650  3.472281  2.7  127  -28
2.34005728  0.209042  3.452198  2.1  125  -32
2.34007091  0.210440  3.498504  2.6  124  -28
2.34008134  0.212348  3.562229  2.1  120  -28
2.34015149  0.222470  3.909957  2.0  193  -45
2.34016363  0.221337  3.870211  0.3   96  -49
2.34020864  0.220498  3.840946  0.0   10  -10
2.34023601  0.223295  3.938976  0.4  279  -51
2.34030218  0.219491  3.805939  2.0    4  -10
2.34030163  0.219865  3.818919  2.1  183  -21
2.34037565  0.217816  3.748053  2.6  188   15
2.34030776  0.219172  3.794889  0.4  213  -17
2.34038044  0.218282  3.764105  2.2    6   31
2.34037983  0.215641  3.673595  3.1   14   33
2.34038143  0.216313  3.696526  2.6  188   16
2.34048132  0.220839  3.852802  1.3    7 -130
2.34048320  0.221040  3.859842  1.7  188  -49
2.34055554  0.216285  3.695552  0.8    5    5
2.34055786  0.212604  3.570836  2.5  357   11
2.34055466  0.215695  3.675419  0.1    5    4
2.34064397  0.226524  4.053727  0.5  334   15
2.34064073  0.223120  3.932809  1.6  320   -9
2.34064614  0.224014  3.964391  1.0  322  -11
2.34073972  0.216553  3.704718  4.2  179   -5
2.34074250  0.216596  3.706199  3.8  176   -6
2.34074027  0.220807  3.851709  3.8  358   13
2.34083013  0.213641  3.605750  1.4  175   46
2.34083043  0.215864  3.681168  1.2  177   44
2.34082364  0.211939  3.548535  0.1  265   39
2.34091529  0.204892  3.316485  1.4  168   14
2.34091452  0.203486  3.271103  1.9  168   14
2.34091520  0.204302  3.297421  2.0  168   14
2.34100663  0.199541  3.145500  2.1  159    2
2.34100660  0.196668  3.055591  0.2  156    3
2.34100697  0.197905  3.094133  1.7  159    1
2.34100671  0.200623  3.179732  2.3  161    2
2.34108796  0.207028  3.385995  0.1  346   -8
2.34117630  0.196537  3.051519  0.1  334   -8
2.34117678  0.197406  3.078562  0.0  333   -7
2.34119627  0.197082  3.068467  2.3  121  -24
2.34119744  0.195630  3.023427  2.0  124  -23
2.34119719  0.195120  3.007685  2.3  124  -23
2.34127296  0.210169  3.489495  1.0  159   -2
2.34127330  0.210297  3.493768  1.0  159   -3
2.34136248  0.210199  3.490491  0.1  173  -34
2.34136192  0.210182  3.489926  0.0  173  -34
2.34136248  0.210368  3.496129  0.1  173  -35
2.34136548  0.218227  3.762222  0.3  189  -44
2.34144924  0.220064  3.825812  1.0  334  -24
2.34145104  0.220308  3.834325  1.6  119  -35
2.34145317  0.219974  3.822689  1.2  119  -33
2.34155947  0.216386  3.699001  0.3  290    5
2.34156027  0.213703  3.607838  0.0  291   12
2.34155966  0.215822  3.679737  0.7  294 -184
2.34156569  0.217135  3.724675  0.6  293   17
2.34162080  0.224067  3.966281  0.0  293   13
2.34167747  0.225291  4.009720  0.1    1  -10
2.34175128  0.218617  3.775685  5.5  153    8
2.34175038  0.216014  3.686293  1.0  331   15
2.34175052  0.215864  3.681177  5.4  331   15
2.34175072  0.215581  3.671554  5.2  332   17
2.34181316  0.222370  3.906441  0.4    1  -51
2.34182251  0.225656  4.022719  0.4    8  -46
2.34184066  0.227472  4.087741  2.6  124  -23
2.34195067  0.218586  3.774603  2.9  184   45
2.34194990  0.218970  3.787879  3.4  183   46
2.34195448  0.218462  3.770319  3.1  173   59
2.34195431  0.218223  3.762096  3.0  172   58
2.34201719  0.225185  4.005956  2.6  305   51
2.34202962  0.227079  4.073628  0.8  172   15
2.34212117  0.223609  3.950075  1.0  206  -40
2.34212648  0.216905  3.716777  4.3  196    9
2.34212926  0.214554  3.636626  4.5  196   11
2.34212928  0.214453  3.633201  4.4  196   11
2.34219544  0.213791  3.610812  0.0  167   10
2.34220843  0.213938  3.615773  0.1  170  -10
2.34229823  0.206527  3.369631  5.0  202  -19
2.34229840  0.206445  3.366957  4.9  200  -19
2.34229686  0.207551  3.403130  5.1   17   -7
2.34236730  0.213097  3.587420  0.2  172   47
2.34237095  0.213486  3.600519  1.6    9   46
2.34237196  0.213674  3.606882  2.1   11   46
2.34240213  0.229359  4.155822  1.9  164   30
2.34246149  0.216815  3.713677  2.0  350  -12
2.34246432  0.219684  3.812614  2.2  354  -17
2.34254564  0.221489  3.875534  4.6  327   55
2.34254215  0.225174  4.005549  3.7  172   38
2.34262169  0.219470  3.805212  0.1  274   39
2.34261861  0.218308  3.764997  0.2  275   33
2.34264586  0.216145  3.690775  1.0  155  -26
2.34265109  0.215081  3.654518  1.0  155  -26
2.34271442  0.215578  3.671431  1.6  310   26
2.34271490  0.217235  3.728090  1.8  309   26
2.34271534  0.217247  3.728506  0.0  309   26
2.34273430  0.218865  3.784251  0.9  337  -19
2.34279518  0.220785  3.850927  1.8   16   28
2.34282002  0.220310  3.834396  2.5  173   13
2.34289273  0.224976  3.998514  5.5  349   -7
2.34292479  0.220205  3.830736  1.9  297 -130
2.34292448  0.224455  3.980020  1.7  302  -54
2.34291872  0.224033  3.965071  4.3  127  -46
2.34297712  0.226666  4.058807  6.3  315 -174
2.34305961  0.224773  3.991307  5.9  179   -6
2.34304945  0.224236  3.972269  0.5   45  -53
2.34307929  0.225258  4.008549  0.3  265  -38
2.34307591  0.223594  3.949541  0.4   71  -35
2.34307748  0.225686  4.023810  0.6  217  -68
2.34316290  0.231373  4.229133  0.9  297  -42
2.34316755  0.230464  4.195972  1.2  113  -42
2.34322733  0.222985  3.928059  0.0  341    5
2.34323288  0.224848  3.993958  0.8  316  -11
2.34323394  0.224370  3.977005  0.1  346  -13
2.34331661  0.228362  4.119772  1.7  191   45
2.34332448  0.223765  3.955579  1.2  196   31
2.34333567  0.227967  4.105533  0.1  171   31
2.34341829  0.225667  4.023132  2.1  205  -36
2.34341741  0.228622  4.129190  3.1  183  -51
2.34349425  0.218863  3.784184  1.3  202   -7
2.34350047  0.213238  3.592154  0.1  201   -3
2.34349981  0.216183  3.692069  0.1  202   -4
2.34350170  0.217552  3.738990  0.5  203   -6
2.34352740  0.229167  4.148886  1.8    2  -31
2.34360049  0.232033  4.253304  0.5  205  -39
2.34367130  0.215088  3.654771  0.2   16   -4
2.34367617  0.210236  3.491748  0.0  197  -61
2.34367058  0.214066  3.620125  0.0   15   -0
2.34366989  0.216516  3.703442  1.8   16  -11
2.34375918  0.233409  4.303883  0.7  171  -36
2.34378170  0.226267  4.044538  0.0  292  -53
2.34377642  0.230014  4.179593  0.5  288  -49
2.34385668  0.235693  4.388556  0.4  178  -14
2.34385762  0.234794  4.355114  1.4  357    4
2.34393172  0.229612  4.165025  2.2   15   21
2.34393153  0.225214  4.006982  1.1   15   20
2.34393397  0.227669  4.094825  1.7  192   17
2.34393425  0.223159  3.934208  0.1  200    6
2.34402007  0.236431  4.416070  0.9  169  -10
2.34402314  0.236772  4.428834  1.4  167  -15
2.34410445  0.221579  3.878698  0.4  167    9
2.34410707  0.220324  3.834884  0.3    1   11
2.34411061  0.220766  3.850256  0.8  181   -1
2.34411154  0.221438  3.873749  1.0  182   -3
2.34418974  0.226165  4.040908  0.1  171   -6
2.34419515  0.232137  4.257117  1.2  144   25
2.34429814  0.217710  3.744428  0.4  355  -53
2.34430079  0.214846  3.646551  0.7  300  -35
2.34429919  0.214121  3.621966  1.1  111  -38
2.34430022  0.213132  3.588583  0.9  110  -38
2.34438744  0.225345  4.011652  0.0  154  -44
2.34438541  0.226011  4.035382  1.0  308  -18
2.34444654  0.220917  3.855537  3.1  306   46
2.34444578  0.224418  3.978725  1.3  271   55
2.34444569  0.220234  3.831727  2.1  290   45
2.34450690  0.230732  4.205748  0.7   58   61
2.34455009  0.231817  4.245381  0.2  186  -32
2.34456445  0.228524  4.125620  0.2  167  -49
2.34460881  0.227431  4.086251  0.9  324   67
2.34464932  0.227534  4.089954  0.9   41  -68
2.34468203  0.221895  3.889767  0.7  291   42
2.34468380  0.219488  3.805817  0.3  290   37
2.34468719  0.223404  3.942833  1.2  297   41
2.34475449  0.224470  3.980549  3.5  276 -138
2.34475654  0.224850  3.994053  4.3  107  -43
2.34480519  0.226867  4.066025  2.2   32  -56
2.34481380  0.224720  3.989413  1.2   56  -50
2.34486245  0.229861  4.174063  1.7   62   49
2.34489950  0.227824  4.100384  0.1  281   -8
2.34489951  0.227696  4.095804  1.0  281   -8
2.34493832  0.225339  4.011422  0.0  281   21
2.34493513  0.230770  4.207129  0.2   34  -41
2.34497297  0.231855  4.246795  2.2  334  -43
2.34504571  0.233882  4.321361  3.1  193   15
2.34507010  0.230460  4.195827  3.1  201   18
2.34507746  0.231003  4.215612  2.3   27   28
2.34509704  0.230834  4.209472  0.6  206  -45
2.34513640  0.234848  4.357122  0.9  292   43
2.34518812  0.238219  4.483109  1.0  187  -12
2.34521294  0.223701  3.953341  0.0  175   41
2.34529963  0.214362  3.630129  0.7  244   37
2.34524133  0.222288  3.903556  0.4  175   -5
2.34531187  0.199115  3.132101  0.0  203   38
2.34531197  0.200359  3.171360  0.1   24   50
2.34532558  0.211136  3.521697  0.5   10   45
2.34542850  0.216984  3.719481  1.5  276  -58
2.34543308  0.214112  3.621655  1.6   93  -54
2.34543339  0.214471  3.633821  1.6  296  -53
2.34544042  0.216455  3.701372  1.5  205  -61
2.34550358  0.229268  4.152556  0.1   66  -23
2.34553107  0.230354  4.191984  0.1  309  -42
2.34557163  0.217538  3.738497  0.0   65  -28
2.34559715  0.218694  3.778326  0.1  264   44
2.34559611  0.219216  3.796410  0.8   96   45
2.34565157  0.224547  3.983298  3.1  294  -41
2.34565162  0.224344  3.976084  2.9  294  -41
2.34574050  0.228355  4.119552  0.9   56   37
2.34575904  0.226951  4.069029  1.0   13   35
2.34576134  0.226994  4.070589  4.2   14   33
2.34580646  0.220671  3.846957  2.6  308  -47
2.34580206  0.220503  3.841105  3.0  114  -56
2.34580520  0.220551  3.842765  2.7  114  -51
2.34584775  0.230121  4.183487  0.1  173   23
2.34591099  0.231899  4.248397  3.6  316  -46
2.34596788  0.213696  3.607605  0.7  128 -122
2.34596672  0.214989  3.651392  2.0  306  -61
2.34596900  0.213359  3.596227  1.0  310  -58
2.34597068  0.217267  3.729185  1.0  311  -58
2.34603126  0.225781  4.027206  3.0  307  -13
2.34603372  0.226241  4.043602  3.0  303  201
2.34612338  0.234766  4.354075  1.7  180  -71
2.34612424  0.234092  4.329122  4.5  305  -48
2.34618687  0.239989  4.549987  1.0  301  -35
2.34617760  0.239072  4.515270  0.2   10   64
2.34624635  0.234349  4.338648  1.5  289  -25
2.34625305  0.234275  4.335885  1.9  290  -27
2.34628647  0.228386  4.120642  0.0   57   42
2.34631722  0.236857  4.431994  1.4  182  -42
2.34636350  0.232912  4.285582  1.5  313   47
2.34640173  0.222450  3.909235  1.3  332   48
2.34640408  0.218724  3.779390  0.1  170   40
2.34647809  0.210231  3.491583  0.0  290   45
2.34647680  0.210487  3.500063  2.6  309   57
2.34647591  0.209440  3.465356  1.1  291   51
2.34651127  0.231755  4.243119  3.5  294   63
2.34653343  0.233671  4.313579  0.2  271  -76
2.34660528  0.218294  3.764544  1.0   30  -27
2.34660971  0.218203  3.761407  1.4  202  -41
2.34661191  0.218174  3.760377  1.0  203  -50
2.34662586  0.222755  3.919953  0.5   65  -28
2.34676210  0.231196  4.222680  2.6  301   13
2.34676726  0.229168  4.148909  1.5  128   -1
2.34676905  0.226803  4.063723  2.1  101  -26
2.34677402  0.226720  4.060755  2.2  101  -30
2.34683015  0.228026  4.107679  1.3  146  -48
2.34682907  0.228626  4.129321  1.2  322  -39
2.34689170  0.228549  4.126527  0.2  318   54
2.34689632  0.228730  4.133066  1.5  315   40
2.34696792  0.227994  4.106523  0.8  286   27
2.34696819  0.227432  4.086307  0.2  285   26
2.34701372  0.232808  4.281762  0.0   67    1
2.34701414  0.233023  4.289685  0.5  207  -58
2.34707210  0.229732  4.169349  0.7  206  -26
2.34707176  0.226339  4.047120  1.9  220  -37
2.34712022  0.228045  4.108366  1.0  291  -47
2.34713462  0.230752  4.206474  1.0  284  -39
2.34718761  0.230420  4.194393  0.4  141  -63
2.34718719  0.230172  4.185348  1.0  316  -53
2.34724421  0.236737  4.427522  1.4  157  -71
2.34727726  0.228348  4.119277  2.4  168  -56
2.34728491  0.227951  4.104980  1.6  313  -31
2.34728529  0.224575  3.984286  1.0  122  -36
2.34735950  0.235365  4.376354  2.1   16  -45
2.34736216  0.235064  4.365167  1.6   16  -47
2.34735858  0.238487  4.493206  2.4  208  -61
2.34743506  0.236133  4.404951  0.1   56   55
2.34749733  0.236575  4.421466  1.2  292   33
2.34751161  0.231507  4.234052  4.4  315   19
2.34751987  0.232803  4.281572  1.0  310   30
2.34752091  0.235059  4.364952  1.3  333    8
2.34760543  0.228032  4.107872  0.4  111    6
2.34760913  0.228082  4.109673  1.0  289    9
2.34762096  0.230424  4.194530  4.1  304   44
2.34764174  0.236059  4.402180  1.7  297   13
2.34768740  0.237262  4.447157  4.1  293   50
2.34775617  0.238963  4.511161  0.4  260 -148
2.34775664  0.236708  4.426439  2.4  205   17
2.34778516  0.236279  4.410410  1.2   14   29
2.34779650  0.233405  4.303766  0.3   34   22
2.34783517  0.235902  4.396317  2.5   18   40
2.34788820  0.236566  4.421108  1.2  112  -37
2.34792539  0.234758  4.353808  0.5  191  -56
2.34793486  0.229874  4.174508  0.1   46  -54
2.34798171  0.233667  4.313414  3.1  320   30
2.34797821  0.233771  4.317261  3.9  326   30
2.34802517  0.232987  4.288341  1.0  319   16
2.34804391  0.236273  4.410163  4.8  311   35
2.34807473  0.239177  4.519247  1.0   27  -42
2.34816941  0.222424  3.908333  2.4  112   36
2.34817175  0.222047  3.895094  3.5  120   46
2.34818127  0.220103  3.827173  2.9  266   43
2.34818680  0.221943  3.891422  3.0  259   42
2.34822088  0.222622  3.915290  1.6  197   14
2.34822772  0.222802  3.921606  2.4  194   13
2.34823058  0.224605  3.985341  2.3  195   12
2.34834390  0.227086  4.073886  3.1  300  -33
2.34834747  0.226071  4.037554  4.1  280    4
2.34840572  0.224850  3.994056  2.1  163  -43
2.34841454  0.222443  3.909000  3.9  117  -44
2.34841027  0.222419  3.908137  4.8  316  -33
2.34841572  0.222670  3.916989  4.0  119  -46
2.34850154  0.233664  4.313321  0.9   42  -41
2.34854164  0.229437  4.158650  3.1  347  -30
2.34855079  0.229007  4.143103  4.8  333  -30
2.34857869  0.230958  4.214001  0.4  218  -28
2.34858699  0.229952  4.177349  0.0   38  -15
2.34863420  0.232801  4.281491  0.5   43   31
2.34864549  0.232457  4.268855  0.0   40   32
2.34874015  0.225600  4.020716  1.8  111  -50
2.34873898  0.225409  4.013934  0.5  104  -45
2.34873894  0.225188  4.006056  0.7  110  -46
2.34879593  0.226870  4.066132  0.8   45  -28
2.34879218  0.225759  4.026417  0.2   38  -31
2.34880763  0.236882  4.432937  0.5   96    7
2.34889340  0.242245  4.635942  0.9  108   -4
2.34892505  0.232909  4.285493  0.2   83   86
2.34892303  0.233377  4.302713  0.1   51   79
2.34896868  0.243735  4.693116  2.6  304  -53
2.34898704  0.238857  4.507158  1.1  119  -27
2.34899050  0.240500  4.569366  1.6  119  -26
2.34899559  0.238330  4.487283  1.1  118  -24
2.34910961  0.237819  4.468090  0.0  284  -37
2.34912509  0.238117  4.479294  0.8   59  -69
2.34912005  0.235727  4.389797  0.2   85  -68
2.34918590  0.240736  4.578355  1.5  296  145
2.34920237  0.238731  4.502422  0.2  202   47
2.34922227  0.235182  4.369527  0.1  180   49
2.34927638  0.235274  4.372950  3.4  294   50
2.34931339  0.230896  4.211715  1.5  127   41
2.34933744  0.225354  4.011974  0.0  247  -12
2.34934098  0.229689  4.167812  0.2   65   -6
2.34934411  0.228787  4.135130  0.1   65   -7
2.34943471  0.233142  4.294069  0.4  303   50
2.34943598  0.232449  4.268576  0.6  302   54
2.34947942  0.230731  4.205717  1.5   69   -4
2.34949023  0.225389  4.013203  2.4  236   -6
2.34950412  0.229748  4.169937  2.0  238   23
2.34951049  0.231807  4.245029  1.4   50   10
2.34962555  0.229093  4.146211  1.0  258  -26
2.34963808  0.220274  3.833141  1.1  271  -30
2.34964082  0.220837  3.852739  0.6  269  -24
2.34964956  0.219803  3.816750  1.0  273  -15
2.34967744  0.219855  3.818561  0.1  268   16
2.34967757  0.221069  3.860849  0.1  269   15
2.34977929  0.223217  3.936238  0.3  192   28
2.34978409  0.217753  3.745884  0.0  187   27
2.34978454  0.218778  3.781255  0.0  187   27
2.34987353  0.219233  3.796975  3.3  141   32
2.34987527  0.219737  3.814470  2.8  144   36
2.34996103  0.214267  3.626903  0.0  282   22
2.34996217  0.199465  3.143114  0.0  102   16
2.34996074  0.198552  3.114406  0.0  102   14
2.34996062  0.204407  3.300786  0.1  105   16
2.35002089  0.223210  3.936008  0.4  296   57
2.35001734  0.224879  3.995075  0.5  130   51
2.35007663  0.235815  4.393097  1.7  308  -51
2.35013156  0.216927  3.717513  0.8  294  -33
2.35013584  0.217485  3.736677  1.1  288  -40
2.35013821  0.216205  3.692838  0.9  101  -37
2.35023640  0.217736  3.745297  1.9  354  -41
2.35024168  0.218051  3.756167  1.5  359  -44
2.35024078  0.218545  3.773184  1.1  179  -57
2.35024256  0.222335  3.905180  1.6   15  -56
2.35032988  0.228210  4.114300  0.1   44  -28
2.35033855  0.238480  4.492943  1.4  296  -35
2.35040691  0.232026  4.253056  1.0  311    1
2.35040960  0.235054  4.364771  2.5  303   32
2.35041362  0.233645  4.312614  1.8  319   -4
2.35048212  0.234402  4.340596  0.0  100    3
2.35048155  0.232741  4.279286  0.0  279    6
2.35048329  0.236171  4.406370  1.0  101    3
2.35057948  0.226255  4.044104  0.1   95  -41
2.35058033  0.227095  4.074199  0.4   92  -39
2.35058206  0.226757  4.062090  1.0  291  -35
2.35058465  0.228254  4.115898  0.4   95  -26
2.35066675  0.230787  4.207757  0.1  267  -26
2.35066126  0.230868  4.210708  0.3   79  -31
2.35072985  0.236615  4.422956  0.8  299  -49
2.35072220  0.239146  4.518071  1.0   23   60
2.35081938  0.229875  4.174565  1.2   88   12
2.35082637  0.226673  4.059080  1.1  271   23
2.35082462  0.226430  4.050378  1.1  259   22
2.35088913  0.228465  4.123512  1.8  190   40
2.35089583  0.228782  4.134937  0.4  178   34
2.35098902  0.227344  4.083139  2.7  106   37
2.35099049  0.225132  4.004069  3.1  311  154
2.35098982  0.223149  3.933845  2.7  306   34
2.35103808  0.230640  4.202383  0.0   51   41
2.35106831  0.227559  4.090879  1.1  111   38
2.35106450  0.223877  3.959550  0.6  296   42
2.35114920  0.209992  3.483638  3.2  294   61
2.35115192  0.207728  3.408912  0.1   43   48
2.35114697  0.211431  3.531547  1.6   98  117
2.35114667  0.209939  3.481863  1.5   76   48
2.35114979  0.213201  3.590914  1.6  175   59
2.35126122  0.219573  3.808765  2.2  305  -40
2.35126591  0.214781  3.644345  2.0   86  -34
2.35135002  0.207494  3.401242  0.1  286   30
2.35134928  0.203761  3.279961  0.9  114   25
2.35134901  0.206353  3.363941  1.3  111   27
2.35135076  0.204911  3.317089  0.9  116   19
2.35144493  0.220789  3.851061  1.4  180   24
2.35144506  0.219094  3.792171  0.7  180   24
2.35153054  0.207510  3.401778  1.3  321  -13
2.35153356  0.203607  3.274994  0.3  134  -21
2.35153587  0.204546  3.305290  0.1  138  -24
2.35153337  0.204939  3.318002  0.2  132  -24
2.35160885  0.215784  3.678463  0.3  356   16
2.35161313  0.216415  3.700006  1.0  175    2
2.35168092  0.222869  3.923967  0.1  329   61
2.35172093  0.202648  3.244230  0.0  281  -28
2.35172010  0.202751  3.247542  0.0  281  -28
2.35179932  0.196790  3.059383  0.1    7  -48
2.35179835  0.202893  3.252081  0.1  351  -47
2.35180007  0.198802  3.122254  0.3    9  -51
2.35180762  0.202217  3.230439  0.2   21  -51
2.35188228  0.229420  4.158057  1.4  291  -44
2.35189781  0.227577  4.091507  0.0   15  -33
2.35191061  0.227660  4.094493  1.6  315  -43
2.35190876  0.228976  4.141961  0.0   21  -37
2.35197208  0.226710  4.060409  0.7   84  -31
2.35201000  0.232021  4.252869  0.1   51   16
2.35203498  0.237021  4.438147  3.2  316  -44
2.35209232  0.238396  4.489767  1.4  195  -47
2.35209432  0.239031  4.513748  2.0   16  -40
2.35217256  0.230487  4.196824  2.7   20  -34
2.35217147  0.230100  4.182727  2.9  204  -46
2.35217242  0.230622  4.201721  2.9   21  -34
2.35226175  0.229119  4.147161  0.4  149  -66
2.35229145  0.216912  3.717013  0.9  254   29
2.35229242  0.216093  3.688994  0.3  256   30
2.35229963  0.214322  3.628783  0.0  251   33
2.35230498  0.215447  3.666975  0.1  250   37
2.35240683  0.224527  3.982572  1.6  314   32
2.35240975  0.225608  4.021024  0.1  195   57
2.35246825  0.224632  3.986311  2.8  245  -24
2.35248329  0.216625  3.707185  0.2   97    6
2.35248443  0.216166  3.691505  0.1   98    6
2.35248366  0.215864  3.681195  0.1   98    6
2.35250850  0.230574  4.199984  3.1   69  -17
2.35257618  0.225651  4.022557  0.0  185   26
2.35264888  0.227733  4.097118  1.7  185  -70
2.35266695  0.222104  3.897082  3.9  312  -14
2.35266288  0.222785  3.921036  2.9  307  -19
2.35266678  0.222003  3.893524  3.6  309  -15
2.35274907  0.228006  4.106935  1.0  174   -2
2.35275197  0.226875  4.066304  1.2  358    9
2.35277108  0.229035  4.144120  1.0  181  -34
2.35283063  0.223919  3.961049  1.0  192   48
2.35284257  0.221392  3.872156  0.7  182   35
2.35285043  0.225117  4.003537  1.7  179   30
2.35293800  0.232357  4.265200  2.5   10  -42
2.35295593  0.231214  4.223334  0.4  276   31
2.35295547  0.227730  4.097024  0.0  272   27
2.35297351  0.228572  4.127371  0.0  296   77
2.35302216  0.229928  4.176477  3.7  190   -2
2.35304882  0.233221  4.296969  2.2  193  -16
2.35308050  0.227753  4.097854  0.4  199  -59
2.35308240  0.226779  4.062862  0.2  196  -61
2.35312356  0.226418  4.049936  0.1  182   43
2.35321085  0.220342  3.835509  0.1  173  -49
2.35320983  0.218566  3.773917  0.1  353  -39
2.35321433  0.217897  3.750836  0.0  174  -50
2.35321648  0.224346  3.976147  1.1  328 -123
2.35330508  0.224809  3.992583  0.6  200  -21
2.35330533  0.224860  3.994396  0.4  200  -21
2.35330956  0.226134  4.039783  0.3  206  -20
2.35339894  0.226299  4.045676  0.4  350  -57
2.35339459  0.226210  4.042519  1.0  309  -62
2.35339950  0.225206  4.006714  0.1  185  -82
2.35347441  0.223286  3.938687  0.2   56  -59
2.35347937  0.222496  3.910841  0.0   56  -45
2.35352060  0.240230  4.559131  1.9  313   42
2.35358798  0.235995  4.399800  7.5   23   -4
2.35362942  0.234178  4.332306  5.4  247   -5
2.35363036  0.233959  4.324200  5.5  248   -5
2.35366134  0.230978  4.214706  4.3  191   44
2.35366161  0.230900  4.211886  4.2  190   43
2.35366292  0.231722  4.241927  4.8   17   53
2.35375328  0.228738  4.133375  0.9  165  -28
2.35376115  0.230904  4.212009  1.5  172  -30
2.35377711  0.232060  4.254280  1.0  167  -54
2.35377099  0.232900  4.285149  2.5  133  -36
2.35383227  0.235230  4.371335  0.4  188   20
2.35384681  0.236822  4.430686  0.2  216  -17
2.35395456  0.226083  4.037960  1.9  253   48
2.35396503  0.223476  3.945396  0.9  213   53
2.35395878  0.225111  4.003313  0.9   49   54
2.35401241  0.226318  4.046382  1.1   16   39
2.35400958  0.225311  4.010454  0.5  196   27
2.35401748  0.228764  4.134321  1.3  188   18
2.35411229  0.215224  3.659387  1.3  193   33
2.35411194  0.214822  3.645731  0.7  189   36
2.35411192  0.214596  3.638071  0.6  190   36
2.35413916  0.219443  3.804248  1.5  191   19
2.35417528  0.223530  3.947285  0.6   95    9
2.35424536  0.223672  3.952310  0.0  199   49
2.35429084  0.213874  3.613636  0.0   12    9
2.35428830  0.218454  3.770060  0.1  201    9
2.35428906  0.219695  3.813020  0.1  200    8
2.35436336  0.225923  4.032269  0.0  152  -56
2.35441013  0.219300  3.799302  2.5   52   50
2.35441031  0.220073  3.826153  3.5   54   51
2.35441853  0.221687  3.882472  2.3   31   48
2.35446828  0.224695  3.988524  2.7   37   39
2.35448661  0.223197  3.935534  3.8  277   36
2.35459075  0.216052  3.687614  0.2  165   12
2.35457976  0.220530  3.842038  0.1  179   25
2.35458987  0.217398  3.733683  0.1  165   14
2.35458510  0.216732  3.710861  0.3  169   18
2.35461530  0.221861  3.888557  1.3  214  -62
2.35466900  0.223725  3.954166  1.8  195   49
2.35466974  0.222983  3.927990  2.6   16   58
2.35478501  0.219431  3.803854  4.6   21  -52
2.35477582  0.218663  3.777272  3.3  356  -23
2.35478997  0.214579  3.637490  5.9  320  -27
2.35479000  0.214377  3.630630  6.0  320  -28
2.35485186  0.218089  3.757448  6.2  313    3
2.35485802  0.229483  4.160336  4.1  114  -39
2.35486527  0.222645  3.916107  4.5  133  -12
2.35493525  0.227381  4.084466  0.0    4  -42
2.35495747  0.224197  3.970872  0.4  204  -71
2.35503515  0.226791  4.063300  1.1  348  -13
2.35503518  0.228513  4.125244  1.5  349  -17
2.35503546  0.227812  4.099981  2.6  209  -61
2.35505811  0.228588  4.127942  0.4  190  -25
2.35514134  0.226618  4.057088  0.6   10    2
2.35514465  0.225009  3.999706  1.5  189    7
2.35514159  0.224209  3.971309  0.5  189   -5
2.35523331  0.222036  3.894706  1.6  179  -14
2.35523370  0.222078  3.896158  0.5  178  -10
2.35531931  0.214092  3.620987  5.9  140    7
2.35531195  0.214825  3.645820  5.3  316   18
2.35531357  0.216453  3.701287  5.5  317   17
2.35540350  0.210836  3.511684  5.5  356  162
2.35540399  0.210807  3.510733  5.5  178   16
2.35539111  0.208859  3.446154  4.3   19   40
2.35540227  0.209246  3.458914  5.3  355   31
2.35549588  0.217923  3.751758  3.7  148  -61
2.35549348  0.215078  3.654414  3.2  312  -42
2.35548601  0.220737  3.849270  5.2   91  -34
2.35558988  0.214689  3.641228  5.1    8   10
2.35559225  0.214314  3.628511  4.8  184   -3
2.35559194  0.214183  3.624066  4.7  185   -4
2.35567041  0.214530  3.635835  3.0  321   32
2.35567378  0.215846  3.680575  4.5  136   17
2.35575193  0.218881  3.784785  0.4   34  -42
2.35575254  0.222830  3.922597  1.4   39  -45
2.35580197  0.216085  3.688722  0.4  363   50
2.35580256  0.214272  3.627088  0.0    3   46
2.35585854  0.211878  3.546482  3.3  317    3
2.35585953  0.212594  3.570513  4.2  314    2
2.35585960  0.213669  3.606706  4.6  136   -7
2.35589790  0.216715  3.710281  6.9  309   10
2.35596661  0.222004  3.893582  4.2  314   35
2.35599668  0.219932  3.821251  0.2  330   40
2.35600478  0.222408  3.907767  0.0  183   -1
2.35605053  0.216072  3.688298  0.4  156  -47
2.35605468  0.217537  3.738458  0.6  169  -29
2.35605178  0.217205  3.727059  2.9  121  -61
2.35617024  0.209382  3.463428  1.6  314   28
2.35616653  0.208883  3.446931  0.2  319   49
2.35617231  0.208493  3.434072  1.0  317   52
2.35617092  0.208888  3.447113  0.1  152   41
2.35628330  0.217901  3.750990  1.9  172  -10
2.35628471  0.215087  3.654730  1.2  166  -19
2.35628446  0.214962  3.650485  1.2  167  -18
2.35636540  0.212626  3.571566  1.5  143  -35
2.35636495  0.207848  3.412872  0.1  338  -10
2.35645259  0.197989  3.096769  0.1  337   14
2.35646062  0.196697  3.056481  0.0  160   -8
2.35645867  0.197025  3.066702  0.0  340    5
2.35645864  0.196820  3.060309  0.0  340    5
2.35654091  0.217194  3.726678  2.0  350   -2
2.35654247  0.217750  3.745788  2.4  172  -17
2.35662474  0.208482  3.433719  0.2  134  -28
2.35662607  0.209316  3.461227  0.6  133  -36
2.35662214  0.206096  3.355563  0.2  318  -24
2.35662034  0.205955  3.350991  1.0  317  -23
2.35671587  0.223470  3.945159  5.7  174  -10
2.35671686  0.224201  3.971027  5.8  176  -12
2.35672957  0.220700  3.847982  0.0  288  -22
2.35677693  0.223933  3.961548  0.0   89  -28
2.35681016  0.227524  4.089620  1.5  316  147
2.35680907  0.225835  4.029125  1.2  299   32
2.35687327  0.226680  4.059313  1.5   57  -46
2.35690519  0.226063  4.037253  0.2  285  154
2.35691558  0.228268  4.116380  0.7  288  -52
2.35698565  0.228496  4.124622  3.2  149  -12
2.35699409  0.228306  4.117767  1.2  194  -21
2.35705949  0.219037  3.790204  0.2  211   17
2.35706288  0.215628  3.673148  0.0   33   27
2.35706325  0.213907  3.614740  0.0   31   27
2.35710285  0.217659  3.742649  2.5  146   33
2.35710382  0.218866  3.784299  3.3  312   38
2.35716504  0.222012  3.893855  2.0    3  -23
2.35716363  0.221798  3.886368  2.1  362  -21
2.35723770  0.221996  3.893298  2.8  206   12
2.35724665  0.216152  3.691023  2.0   17   18
2.35726181  0.218745  3.780110  4.4  175   30
2.35728322  0.222196  3.900305  1.0  299    8
2.35728538  0.222185  3.899940  0.0  299    5
2.35737992  0.215656  3.674092  2.0  319   42
2.35737863  0.215911  3.682792  2.2  316   43
2.35737887  0.218797  3.781914  1.2  159   36
2.35748301  0.219797  3.816539  0.4  149  -40
2.35748533  0.214831  3.646045  0.1  337  -23
2.35756794  0.222176  3.899609  2.6  308  171
2.35758338  0.214102  3.621321  7.7  323   -2
2.35758647  0.215304  3.662098  2.5  184    8
2.35758798  0.213601  3.604413  3.5  184    6
2.35767181  0.217319  3.730968  0.7  349   50
2.35767493  0.218752  3.780328  0.7  173   29
2.35767768  0.215823  3.679788  0.1  174   29
2.35776163  0.204540  3.305082  1.0    8   -0
2.35776347  0.204055  3.289444  1.0    8   -2
2.35784619  0.197893  3.093770  4.3  158   10
2.35784888  0.194999  3.003944  3.4  342   14
2.35784948  0.192850  2.938088  3.9  341   13
2.35785094  0.195102  3.007133  3.9  161    2
2.35794153  0.206077  3.354944  0.1  181  -52
2.35793678  0.203740  3.279282  0.0  163   24
2.35793673  0.205366  3.331834  0.0  163   24
2.35803174  0.199466  3.143144  1.7  151  -56
2.35803230  0.199029  3.129392  2.5  302  -44
2.35803404  0.199458  3.142884  1.8  352  -38
2.35803250  0.203316  3.265653  2.2   89  -49
2.35811667  0.212303  3.560720  2.0  316   -6
2.35811749  0.218541  3.773069  0.4  306  -15
2.35819998  0.204042  3.289033  0.6  130   56
2.35820001  0.202817  3.249634  0.3  294   63
2.35820088  0.206440  3.366786  0.5  129   60
2.35829019  0.225216  4.007058  0.2   99   42
2.35830406  0.219678  3.812426  3.7  313  -48
2.35830592  0.219078  3.791626  3.8  314  -49
2.35837885  0.206706  3.375464  0.0  189   -2
2.35838236  0.206890  3.381468  0.5  187   -5
2.35838601  0.206731  3.376294  0.2  187   -9
2.35838488  0.206540  3.370034  0.2  187   -7
2.35846652  0.222426  3.908393  3.6   21    4
2.35846938  0.220567  3.843336  0.1  166   17
2.35855469  0.211370  3.529509  2.4  353    7
2.35856174  0.211673  3.539620  0.2  183   -6
2.35855585  0.211411  3.530859  1.0  353   -0
2.35864750  0.213168  3.589804  0.0  346  -17
2.35865801  0.221762  3.885087  0.5  272  -50
2.35865294  0.220747  3.849611  0.4  356  -20
2.35872990  0.223466  3.945015  1.4  193  -17
2.35873658  0.221815  3.886933  0.9  182  -30
2.35873535  0.223313  3.939644  0.4    5  -16
2.35874379  0.220742  3.849423  0.3  223  -50
2.35881213  0.221461  3.874568  0.1  183   51
2.35881903  0.226719  4.060718  0.1    4   36
2.35889636  0.231642  4.239001  1.2    2   37
2.35892084  0.222827  3.922509  3.4  125  -14
2.35897029  0.215461  3.667436  3.6  312   44
2.35897155  0.215105  3.655339  4.0  313   52
2.35897466  0.214662  3.640288  3.4   14   62
2.35898377  0.213794  3.610924  3.2    5   39
2.35909172  0.227699  4.095899  0.1   41  -39
2.35908688  0.227283  4.080941  0.1  351  -43
2.35913239  0.221658  3.881466  0.2   59   21
2.35913546  0.221646  3.881016  0.3   56   20
2.35916830  0.222114  3.897440  4.3    3   -7
2.35917625  0.220684  3.847411  4.0  178  -31
2.35917813  0.221610  3.879769  2.2  184  -33
2.35925516  0.235952  4.398204  1.0  305   26
2.35930640  0.226606  4.056664  1.7   69   73
2.35933014  0.218445  3.769732  0.6  213   34
2.35933670  0.227035  4.072051  0.2  287  -29
2.35941073  0.224634  3.986388  0.3  282   32
2.35943785  0.217172  3.725923  0.1  161    4
2.35943649  0.216842  3.714603  0.2  162    6
2.35949348  0.215291  3.661670  2.6  309    9
2.35951121  0.214991  3.651482  4.5  142   10
2.35949459  0.214336  3.629243  2.6  309   10
2.35959267  0.212180  3.556593  2.5  359   16
2.35960019  0.210689  3.506787  1.5  178    0
2.35958922  0.204327  3.298210  0.0  356   33
2.35961508  0.213408  3.597905  1.6  190  -20
2.35969994  0.215333  3.663082  1.0  153  -68
2.35969915  0.214868  3.647301  0.0  159  -66
2.35978354  0.198256  3.105140  0.3   14  -50
2.35978689  0.197914  3.094436  1.3  284  -60
2.35978797  0.196788  3.059312  2.3  103  -61
2.35978766  0.195757  3.027357  1.7  103  -57
2.35986924  0.214941  3.649765  3.9  163  -46
2.35987247  0.210708  3.507429  3.6  318  -40
2.35986623  0.217696  3.743921  2.5   98  -53
2.35995340  0.224680  3.987996  0.0  177  -62
2.35996233  0.228180  4.113216  0.5  169  -35
2.36001610  0.238442  4.491521  0.1  199  -20
2.36004071  0.239108  4.516653  1.5  301  -35
2.36005851  0.237641  4.461381  1.4  107  -38
2.36012520  0.227530  4.089836  0.2  191   46
2.36013503  0.221340  3.870306  0.1  192    7
2.36013564  0.221913  3.890399  0.1  191    6
2.36012757  0.230056  4.181129  0.2   25   54
2.36022741  0.225755  4.026259  0.1  170   17
2.36022955  0.223658  3.951791  0.0  169   14
2.36030319  0.228259  4.116055  0.2   27    3
2.36031814  0.223903  3.960477  0.1  164  -24
2.36038166  0.218682  3.777930  1.3  202   38
2.36038241  0.218728  3.779502  0.3  201   39
2.36038490  0.218433  3.769308  0.6  201   34
2.36038497  0.218550  3.773364  0.6  202   33
2.36045075  0.223282  3.938529  0.2  110   11
2.36045875  0.223123  3.932937  0.1  284   14
2.36046116  0.224444  3.979617  4.2  137   36
2.36056521  0.224751  3.990511  1.2  188  -13
2.36056524  0.224920  3.996542  2.1  188  -13
2.36063984  0.213939  3.615817  5.1  302   30
2.36064005  0.214456  3.633314  4.7  127   29
2.36063795  0.214214  3.625136  4.7  299   31
2.36072060  0.208779  3.443512  2.6  344   38
2.36071897  0.211372  3.529585  0.2  298   43
2.36080523  0.203217  3.262464  1.0  283   50
2.36081112  0.194991  3.003703  1.0  115   54
2.36081870  0.199596  3.147233  1.1  200   52
2.36082044  0.198985  3.128003  0.5  203   43
2.36082533  0.206568  3.370948  1.6  180   27
2.36091358  0.212214  3.557734  0.6  358  -17
2.36091781  0.212423  3.564767  0.1  170  -24
2.36100413  0.187295  2.771276  0.0   24   -5
2.36100719  0.186476  2.747077  0.2  202  -17
2.36100612  0.184710  2.695319  0.0  203  -16
2.36100601  0.187871  2.788351  0.0   23   -5
2.36109283  0.201520  3.208222  4.6  139   -4
2.36109258  0.201515  3.208056  4.4  138   -5
2.36117759  0.194496  2.988482  0.0  346  -21
2.36117821  0.196424  3.048023  0.9  358  -37
2.36117876  0.195466  3.018358  0.1  163  -31
2.36117952  0.195494  3.019208  2.2  350  -29
2.36127210  0.209560  3.469300  0.0  281  -40
2.36127325  0.205476  3.335407  0.2   92  -39
2.36127304  0.205289  3.329333  0.0   92  -39
2.36136043  0.218551  3.773406  0.1  155  -35
2.36136187  0.219700  3.813195  0.2  154  -37
2.36144567  0.213521  3.601708  0.1  208   -2
2.36144723  0.213259  3.592875  0.1   28    7
2.36144735  0.214175  3.623803  0.5   27    6
2.36144765  0.215695  3.675412  0.5   27    5
2.36153817  0.210109  3.487514  1.7  200   25
2.36153631  0.212104  3.554070  0.1   29   38
2.36153779  0.211488  3.533442  2.1   19   36
2.36161858  0.222623  3.915325  0.4  270  -59
2.36161863  0.221797  3.886320  0.5   74  -43
2.36170353  0.222493  3.910742  0.0  267  -16
2.36171521  0.222427  3.908411  2.8  203  -32
2.36171935  0.220978  3.857678  3.1  211  -36
2.36172227  0.220623  3.845273  2.5  216  -39
2.36179346  0.227730  4.097031  0.0    6   20
2.36179991  0.225863  4.030121  0.0  190    7
2.36178785  0.231489  4.233367  0.6  110  -46
2.36190682  0.231936  4.249733  1.5  142   31
2.36190270  0.229811  4.172218  4.0  319   10
2.36195768  0.225414  4.014111  3.6  125   42
2.36196162  0.225255  4.008449  4.5  119   47
2.36197398  0.227140  4.075826  4.5  290   51
2.36203461  0.231851  4.246649  2.2  278   29
2.36203736  0.232099  4.255735  2.1  282   22
2.36211695  0.218835  3.783219  0.3  326   56
2.36211225  0.222728  3.919012  1.0  183   35
2.36219154  0.208797  3.444089  4.4  293   46
2.36219168  0.208962  3.449533  4.3  293   46
2.36219624  0.208752  3.442610  5.2  297   48
2.36219663  0.210762  3.509223  4.4  297   48
2.36231446  0.205271  3.328764  1.7  171  -43
2.36231421  0.205194  3.326257  1.8  170  -44
2.36231852  0.203630  3.275755  1.8  183  -50
2.36234842  0.199126  3.132435  2.5  102  -48
2.36234961  0.198534  3.113847  2.5  107  -48
2.36238388  0.218737  3.779812  2.8  307    3
2.36238336  0.218389  3.767800  2.5  307    3
2.36249343  0.216924  3.717413  0.3  295   28
2.36250180  0.215464  3.667556  1.6  295  153
2.36249335  0.215593  3.671933  1.2  122   21
2.36257127  0.218487  3.771188  0.1  334  -17
2.36258271  0.220224  3.831387  2.6  188  -19
2.36258305  0.220613  3.844931  2.8  188  -19
2.36265513  0.221208  3.865694  0.6  198   30
2.36268306  0.220423  3.838328  2.4  307  -19
2.36268146  0.219575  3.808834  1.0  122  -25
2.36276302  0.218033  3.755535  2.6  182  -35
2.36276308  0.217898  3.750873  2.8  183  -36
2.36276662  0.218176  3.760455  2.8  181  -42
2.36285832  0.220038  3.824930  0.0   38  -46
2.36286716  0.219162  3.794540  0.1  266  -53
2.36286935  0.222847  3.923201  0.1   75  -43
2.36292247  0.230296  4.189875  2.7  193   -7
2.36293169  0.223439  3.944075  0.0  188  -18
2.36301686  0.229700  4.168209  0.4   14   14
2.36301712  0.231178  4.222031  0.3  192    0
2.36302302  0.230083  4.182112  0.2   11    4
2.36309084  0.232870  4.284032  3.7  303   46
2.36310840  0.228794  4.135386  1.0    7  -26
2.36311191  0.227270  4.080471  0.9  191  -47
2.36311290  0.228256  4.115975  0.0  189   -4
2.36318471  0.236444  4.416569  2.6  294   32
2.36318479  0.233446  4.305250  2.8  294   32
2.36322948  0.236005  4.400187  1.7   81  -61
2.36328655  0.228642  4.129904  0.9  287  -51
2.36328760  0.228562  4.127007  0.7  287  -48
2.36334152  0.233323  4.300718  1.3   39  -50
2.36333825  0.229790  4.171461  1.1  210  -51
2.36336922  0.230992  4.215238  0.6  179   34
2.36347345  0.224350  3.976294  3.4  308  -40
2.36345769  0.223493  3.945986  0.0  356  -24
2.36347666  0.224405  3.978255  3.2  306  -39
2.36348679  0.224078  3.966660  1.5  303  -42
2.36355356  0.229043  4.144388  0.8  191   14
2.36356799  0.228319  4.118241  0.4  187  -16
2.36361897  0.214175  3.623806  0.1   62   33
2.36362411  0.216674  3.708856  1.5  357   49
2.36363085  0.220292  3.833770  2.5  157   33
2.36371191  0.218878  3.784689  0.1  123   45
2.36371846  0.203647  3.276286  1.0  196   21
2.36371900  0.203914  3.284885  0.0  198   21
2.36371907  0.203471  3.270644  0.0  198   20
2.36380311  0.204466  3.302702  1.1  180   33
2.36380081  0.203119  3.259319  0.0  356   49
2.36391328  0.206764  3.377357  0.0  164  -20
2.36390471  0.208638  3.438848  0.6  165  -16
2.36391239  0.208887  3.447064  0.7  165  -23
2.36391384  0.212589  3.570324  0.3  354  -19
2.36398438  0.214707  3.641832  0.0  179   -5
2.36398260  0.214131  3.622318  1.1    1    7
2.36402285  0.222639  3.915894  1.1   97  -34
2.36408367  0.229616  4.165161  0.5  159  -71
2.36407850  0.217698  3.743994  2.0  121  -26
2.36415231  0.220385  3.836991  6.4  178    3
2.36414714  0.220698  3.847915  5.9  353   12
2.36424252  0.218445  3.769723  1.2  191   54
2.36424172  0.216338  3.697357  1.4  189   55
2.36424300  0.217775  3.746654  4.2  317   44
2.36424269  0.219203  3.795954  3.9  316   43
2.36432591  0.224719  3.989402  3.2  352   13
2.36435519  0.222574  3.913610  1.3   11  -22
2.36437288  0.223590  3.949412  1.4   21  -29
2.36441110  0.224263  3.973202  0.1   21   13
2.36442454  0.221419  3.873067  2.6  325    4
2.36446641  0.232050  4.253939  2.0  343  -38
2.36451125  0.217405  3.733936  6.3  104  -55
2.36451170  0.215466  3.667633  6.3  110  -53
2.36451124  0.215751  3.677331  6.3  110  -54
2.36459330  0.216988  3.719634  0.1    1  -36
2.36461414  0.218536  3.772875  3.8  121  -36
2.36461403  0.219182  3.795231  3.5  122  -36
2.36469972  0.223126  3.933018  2.2  212  -30
2.36469170  0.222174  3.899527  3.1  207  -41
2.36469387  0.224896  3.995694  4.0  202  -52
2.36479284  0.220693  3.847725  3.2  100   61
2.36479105  0.220220  3.831266  3.2  264   49
2.36479113  0.220150  3.828827  3.5  106   48
2.36488404  0.223132  3.933241  1.0  199  -25
2.36488404  0.223044  3.930142  0.9  199  -24
2.36488444  0.224613  3.985625  0.7  200  -26
2.36489407  0.226603  4.056576  2.7  357 -136
2.36495966  0.226393  4.049067  0.2   16   -4
2.36498177  0.232879  4.284382  0.3   62   13
2.36501235  0.234493  4.343962  0.2  316  -49
2.36508201  0.226107  4.038834  0.2  269   39
2.36511824  0.226772  4.062610  0.2   35   -2
2.36512384  0.225010  3.999715  0.1  201   27
2.36513421  0.227402  4.085214  0.4  198   35
2.36513159  0.230843  4.209779  1.3   16    5
2.36519934  0.229691  4.167869  0.0   49   44
2.36523530  0.232013  4.252576  3.3  307  -36
2.36529318  0.231471  4.232722  0.1  109   56
2.36528795  0.230238  4.187747  0.9  290   48
2.36537506  0.219375  3.801903  1.0  286   46
2.36537635  0.216808  3.713468  1.0  288   40
2.36537678  0.216054  3.687683  0.2  168   36
2.36537875  0.216556  3.704818  0.1  348   46
2.36546352  0.221605  3.879611  0.7  278   44
2.36546507  0.220188  3.830138  0.3  278   45
2.36553220  0.222861  3.923701  0.0   82   44
2.36555086  0.206147  3.357216  0.1   12   32
2.36555143  0.205596  3.339310  0.0   10   31
2.36555495  0.207317  3.395457  0.3  189   15
2.36564246  0.216340  3.697421  0.6  346   23
2.36564143  0.215761  3.677658  1.0  344   26
2.36564665  0.217162  3.725573  1.1  164    9
2.36574822  0.192892  2.939371  0.1  189  -50
2.36574780  0.192717  2.934033  0.0  189  -50
2.36574773  0.193398  2.954835  0.0  189  -50
2.36575253  0.197987  3.096706  0.1  200  -50
2.36583339  0.220588  3.844077  2.6  187    3
2.36583583  0.221255  3.867341  3.3  188    1
2.36590068  0.225262  4.008710  1.0  305   30
2.36591303  0.222170  3.899386  0.7  170   10
2.36591522  0.226298  4.045658  1.6  164   11
2.36600043  0.222391  3.907166  2.8  331   27
2.36600195  0.220693  3.847736  2.3  331   26
2.36601833  0.225505  4.017356  2.1  148  -22
2.36609539  0.216608  3.706592  1.6  191  -15
2.36610150  0.216578  3.705589  1.3  196  -18
2.36610226  0.215364  3.664162  1.2  195  -19
2.36619166  0.221960  3.892019  0.2   14  -50
2.36619102  0.223055  3.930534  5.2  330  -19
2.36620315  0.224163  3.969660  1.3  186  -47
2.36627926  0.221987  3.892973  0.6  235  -59
2.36627494  0.212871  3.579816  0.0   35  -25
2.36627811  0.218173  3.760359  0.2   27  -28
2.36634855  0.232649  4.275929  0.1   91   -8
2.36637856  0.233647  4.312677  0.9  187  -20
2.36639838  0.230638  4.202307  2.2  309  -30
2.36643794  0.229609  4.164914  1.0   50  -19
2.36645794  0.230418  4.194300  0.0  274   25
2.36651465  0.230485  4.196743  0.0  295  -24
2.36651734  0.232039  4.253526  0.3  288  -19
2.36651716  0.229308  4.153989  0.0  106  -24
2.36661130  0.231373  4.229134  1.0   89   31
2.36661097  0.228386  4.120649  1.8   89   33
2.36664301  0.229795  4.171669  0.7   50   54
2.36665304  0.232149  4.257551  0.3   42   53
2.36671910  0.224902  3.995897  0.6  202    4
2.36671751  0.224857  3.994290  0.7  198    4
2.36677237  0.221496  3.875783  1.0  202   47
2.36678525  0.219815  3.817187  0.8  184   26
2.36677612  0.218386  3.767711  0.2  217  129
2.36684333  0.231356  4.228532  0.1  173   23
2.36688127  0.217600  3.740639  0.0    2  -20
2.36693426  0.216664  3.708529  0.0  210    4
2.36696329  0.206911  3.382150  1.8  196   21
2.36696586  0.206823  3.379297  0.8  191   18
2.36696525  0.207496  3.401298  1.0  192   19
2.36697585  0.211248  3.525425  2.6  200   -6
2.36704794  0.216706  3.709959  3.3  311   32
2.36705989  0.216425  3.700337  4.7  151   10
2.36715447  0.210286  3.493412  0.1  353  -25
2.36715983  0.206174  3.358112  0.0  169  -41
2.36716138  0.208962  3.449538  0.0  353  -30
2.36716102  0.213056  3.586020  0.8  181  -39
2.36722035  0.227128  4.075389  4.2   18   46
2.36727753  0.224570  3.984099  0.0  336   35
2.36732511  0.211965  3.549419  1.0  339  -33
2.36732486  0.211616  3.537715  0.2  339  -34
2.36733238  0.212372  3.563033  1.0  156  -47
2.36742317  0.227853  4.101441  4.4  265  -72
2.36742511  0.218214  3.761762  3.9    6  -22
2.36743245  0.219206  3.796049  4.5  190  -35
2.36743213  0.219140  3.793763  4.5  191  -36
2.36752848  0.230758  4.206704  2.0  276  -50
2.36753586  0.228898  4.139156  2.9  290  -53
2.36753565  0.228635  4.129649  2.9  290  -53
2.36760602  0.229191  4.149758  0.1  345  -30
2.36760879  0.228963  4.141488  0.0  161  -42
2.36761144  0.239571  4.534159  1.0  328  -46
2.36772142  0.237580  4.459104  0.5  321   50
2.36771943  0.235091  4.366165  0.3  326   58
2.36774520  0.234795  4.355163  1.1  303   51
2.36778519  0.232259  4.261596  0.1  190   21
2.36781496  0.230216  4.186959  1.0   60   50
2.36782784  0.226601  4.056507  0.5   20   53
2.36782144  0.226683  4.059424  1.0   22   61
2.36792486  0.220192  3.830291  0.0  209   31
2.36792649  0.218744  3.780081  0.0  205   32
2.36793204  0.220349  3.835757  0.0   34   46
2.36798009  0.222061  3.895561  0.0   73  -22
2.36801291  0.230614  4.201444  0.9   75   17
2.36804260  0.228580  4.127651  0.4  293   36
2.36808792  0.226970  4.069706  1.6   65   12
2.36810759  0.225256  4.008480  0.3  213   19
2.36813348  0.227562  4.090969  1.2  202   29
2.36813713  0.227689  4.095525  1.4  199   28
2.36818388  0.232456  4.268834  0.0  291   29
2.36824652  0.231198  4.222757  0.6   27  -64
2.36827602  0.223943  3.961877  0.1   50  -20
2.36827262  0.223360  3.941294  0.0  193  -67
2.36827862  0.226409  4.049630  0.1  208  -55
2.36832715  0.232049  4.253892  2.9   10   20
2.36832766  0.231899  4.248384  2.7   12   19
2.36841648  0.235406  4.377869  4.0  303   59
2.36843559  0.232009  4.252444  1.5  239  -31
2.36846445  0.230486  4.196792  2.1   66   33
2.36853056  0.227884  4.102554  0.2  177  -55
2.36853180  0.227310  4.081902  0.1  358  -49
2.36853274  0.229832  4.172982  0.3  178  -58
2.36860200  0.232766  4.280234  2.4  193   -1
2.36860666  0.231981  4.251390  3.2  176  -13
2.36868323  0.226466  4.051657  0.1  143  -60
2.36868436  0.226554  4.054813  0.9  160  -68
2.36868543  0.225507  4.017421  0.1  312  -55
2.36868112  0.230437  4.195004  0.9  347  -52
2.36875806  0.234209  4.333454  0.8   43  -45
2.36879712  0.229031  4.143966  0.1  308  -55
2.36879711  0.228525  4.125678  0.0  309  -55
2.36889280  0.237056  4.439458  3.5  284   33
2.36890146  0.238189  4.481977  1.0  191   42
2.36892424  0.229801  4.171885  0.0  297  -49
2.36892397  0.228458  4.123262  0.0  297  -47
2.36899362  0.231191  4.222498  0.0  335   49
2.36899833  0.227784  4.098965  0.1  298   42
2.36900067  0.226723  4.060863  0.7  295   34
2.36903910  0.231223  4.223665  0.9  256   26
2.36909344  0.235657  4.387219  2.1  200   41
2.36912683  0.231063  4.217829  0.0   31   47
2.36912884  0.232882  4.284487  0.8   52   40
2.36917648  0.233802  4.318389  1.7  298 -142
2.36920019  0.228542  4.126279  1.8  278   39
2.36923334  0.230187  4.185881  1.2   68   63
2.36924026  0.229144  4.148062  3.2  305   38
2.36931239  0.224721  3.989472  0.2  200   51
2.36933112  0.224462  3.980285  2.1  278   54
2.36933227  0.223692  3.953005  2.6  157   39
2.36943153  0.223116  3.932695  0.2  125   -1
2.36944750  0.217002  3.720096  2.0   24  -50
2.36945201  0.217196  3.726747  1.0   41  -43
2.36944790  0.216449  3.701178  2.8  203  -55
2.36952335  0.222719  3.918690  1.2  107    6
2.36957006  0.219697  3.813088  1.5  341   57
2.36957008  0.214350  3.629720  0.1  168   49
2.36957896  0.213711  3.608135  0.1  342   61
2.36958031  0.214862  3.647093  0.0  171   45
2.36962791  0.214707  3.641840  0.0  278    4
2.36969549  0.222978  3.927801  3.6  315  -48
2.36969385  0.221355  3.870849  2.8  133  -60
2.36975456  0.233018  4.289511  1.7  275    8
2.36979758  0.222883  3.924470  1.0  177  -55
2.36981796  0.222974  3.927673  0.0  260  -35
2.36981926  0.222783  3.920947  0.0  261  -35
2.36982928  0.225777  4.027048  4.1  127  -51
2.36988265  0.231791  4.244430  0.2   94  -58
2.36988610  0.232834  4.282705  1.0  293  -51
2.36995560  0.231926  4.249401  1.9  295   51
2.36999361  0.232321  4.263870  2.7  301   34
2.36999731  0.232065  4.254477  3.2  295   39
2.36999858  0.233466  4.306018  2.6  290   54
2.37011221  0.232822  4.282276  0.0  315   58
2.37011278  0.231553  4.235724  0.1  315   57
2.37011409  0.234144  4.331060  0.4  303   57
2.37019683  0.222995  3.928397  0.0  214    9
2.37020378  0.223029  3.929604  1.0  220    9
2.37020418  0.224389  3.977676  0.8  219   10
2.37022371  0.228672  4.130967  2.3   31   65
2.37030257  0.232700  4.277795  0.3  118  -49
2.37035464  0.223828  3.957813  3.1  315  -47
2.37037157  0.222522  3.911752  2.3   38  -46
2.37037426  0.222025  3.894304  1.0   12  -48
2.37040313  0.221727  3.883879  1.7  327   15
2.37039344  0.223292  3.938890  1.4  289   12
2.37046977  0.234953  4.361036  0.1  187   41
2.37049228  0.232279  4.262341  3.5  314   39
2.37056832  0.228778  4.134828  0.0  281    7
2.37057859  0.225657  4.022780  3.1  346  -14
2.37057854  0.227145  4.075976  3.0  346  -15
2.37058749  0.228538  4.126153  0.3  299  -17
2.37068250  0.225277  4.009244  3.5  290    3
2.37068545  0.226354  4.047651  3.5  287    0
2.37073226  0.218840  3.783394  3.5  309   44
2.37072974  0.216934  3.717767  3.7  303   47
2.37073676  0.223189  3.935244  3.1  336   49
2.37074454  0.223843  3.958364  2.2  167   37
2.37077232  0.226501  4.052924  0.1  269   55
2.37088265  0.230194  4.186160  0.4   54  -18
2.37088209  0.228378  4.120358  0.1  202  -59
2.37093831  0.223913  3.960838  3.1   72   -9
2.37090945  0.223876  3.959511  0.0  296   19
2.37094772  0.221772  3.885432  0.1  283    9
2.37095394  0.226086  4.038074  1.0  275    9
2.37101398  0.234971  4.361703  2.2  190   24
2.37111214  0.216454  3.701330  0.1  287  -47
2.37112175  0.215856  3.680910  1.4  306  -41
2.37111879  0.215418  3.665998  0.9  302  -42
2.37112084  0.214672  3.640652  0.7  109  -46
2.37112107  0.214644  3.639685  1.7  124  -44
2.37121453  0.234719  4.352365  2.0  356  -30
2.37122681  0.232779  4.280700  2.1  313  -32
2.37129735  0.232747  4.279522  1.7  303  -37
2.37131098  0.228207  4.114183  0.2  284  -11
2.37131409  0.230125  4.183636  1.0  288   -7
2.37137131  0.227762  4.098185  0.9  266   28
2.37137145  0.227975  4.105835  0.8  264   29
2.37139530  0.230742  4.206122  1.0  183   53
2.37151598  0.227444  4.086734  1.3    4  -31
2.37151663  0.226860  4.065758  1.1  184  -51
2.37151636  0.226484  4.052306  1.5    4  -27
2.37151793  0.225941  4.032899  1.4  186  -42
2.37155735  0.229367  4.156141  2.2  273  -14
2.37161421  0.237268  4.447405  1.5  195    5
2.37161427  0.237919  4.471831  1.9  196    6
2.37161434  0.240380  4.564835  1.0  197    5
2.37171537  0.234771  4.354272  0.1  311   38
2.37169900  0.235979  4.399212  0.1  167   11
2.37173470  0.238474  4.492707  1.4  316  -22
2.37181417  0.221003  3.858533  1.5  329   62
2.37180516  0.223512  3.946659  4.2   13   44
2.37182211  0.220691  3.847671  3.5  172   47
2.37188839  0.223091  3.931784  1.2  202   46
2.37190688  0.215885  3.681903  1.9   78   83
2.37190681  0.215698  3.675513  1.7   75   83
2.37191256  0.220378  3.836739  2.7  163   60
2.37198118  0.224731  3.989829  0.0  172  -11
2.37201111  0.225600  4.020733  0.7  184  -24
2.37206971  0.225605  4.020926  0.1   46  -19
2.37207020  0.224030  3.964952  0.2  215  -20
2.37209222  0.227111  4.074789  1.5  286    7
2.37214695  0.225066  4.001734  1.6  190   35
2.37214813  0.225073  4.001973  1.5  191   38
2.37214748  0.224878  3.995036  1.8  190   35
2.37225428  0.228220  4.114678  3.2  354  -21
2.37227985  0.222035  3.894650  2.5  260  -35
2.37227750  0.221222  3.866192  2.4   75  -34
2.37227813  0.220674  3.847079  1.8   75  -33
2.37233533  0.228807  4.135853  3.5  309   12
2.37236909  0.228815  4.136156  0.1  310  -28
2.37237020  0.228385  4.120624  0.1  310  -18
2.37241849  0.230410  4.194003  1.1  299   23
2.37244987  0.232625  4.275022  1.8  321    5
2.37250971  0.229479  4.160188  3.2  301   49
2.37251319  0.229899  4.175428  3.1  297   57
2.37257847  0.222949  3.926799  0.4   86   17
2.37257671  0.222326  3.904870  0.2   88   17
2.37259364  0.223316  3.939744  0.3   81    4
2.37261864  0.227293  4.081308  3.1    9   16
2.37272035  0.224677  3.987889  0.3   33  -41
2.37271708  0.224208  3.971283  0.0  217  -52
2.37274004  0.224329  3.975556  1.0  186   73
2.37273926  0.227324  4.082420  0.3  181   32
2.37274870  0.228396  4.121014  2.9   99  -23
2.37284179  0.230492  4.197005  1.9  358  -42
2.37285169  0.231847  4.246501  2.3    2  -46
2.37284955  0.232573  4.273120  1.7  116  -44
2.37290885  0.231815  4.245306  0.1  208  -22
2.37293249  0.236767  4.428643  1.3  325  -55
2.37301531  0.234717  4.352268  1.8  113   17
2.37302835  0.229041  4.144310  4.4  301   46
2.37302852  0.230470  4.196197  1.0  303   49
2.37303141  0.230782  4.207570  2.6    1   75
2.37306399  0.234592  4.347633  0.7  106  -31
2.37317461  0.230559  4.199456  3.5  305  -60
2.37318284  0.231243  4.224392  0.8  247  -15
2.37321420  0.228934  4.140461  1.0  203   18
2.37321577  0.228875  4.138311  1.1  200   17
2.37321663  0.226673  4.059074  1.5  198   16
2.37329896  0.225221  4.007227  0.1  193   35
2.37329947  0.226670  4.058965  0.4  193   40
2.37329071  0.229442  4.158839  0.3   27   46
2.37339797  0.217361  3.732419  3.3    3  -36
2.37340182  0.216597  3.706229  3.5  186  -46
2.37340559  0.219480  3.805553  2.8  179  -48
2.37340828  0.219987  3.823162  3.4  337  -41
2.37348557  0.232989  4.288418  3.9  197   -3
2.37349276  0.233494  4.307041  4.2  264   -3
2.37349219  0.233490  4.306890  4.3  264   -4
2.37357897  0.234269  4.335689  0.4   13  -34
2.37365617  0.227926  4.104055  1.6  268   -4
2.37365277  0.228295  4.117378  1.6  268   -2
2.37365585  0.228132  4.111508  2.1  267   -4
2.37374922  0.237200  4.444828  0.3  263    6
2.37375220  0.234522  4.345056  1.0  199   48
2.37376044  0.233643  4.312525  1.9   14   52
2.37377059  0.232672  4.276767  0.4  191   39
2.37382354  0.237923  4.471967  0.1   13  -33
2.37387754  0.237034  4.438628  0.0  197   59
2.37394147  0.226893  4.066953  1.0  285   11
2.37393981  0.224847  3.993950  0.6  107    6
2.37394641  0.220839  3.852820  0.1  106    8
2.37394516  0.220853  3.853311  1.0  107    8
2.37402358  0.237179  4.444057  1.0  168  -17
2.37402909  0.239661  4.537542  2.2  180  -10
2.37407491  0.238058  4.477048  0.4  187   23
2.37407853  0.233465  4.305974  0.0  186   28
2.37412495  0.233533  4.308491  1.0  196   31
2.37414135  0.233096  4.292383  2.8  303   18
2.37420351  0.225714  4.024804  3.9  308   45
2.37420351  0.226540  4.054325  3.7  307   46
2.37421059  0.225199  4.006446  3.7  309   43
2.37431415  0.224705  3.988899  2.3  134   36
2.37431061  0.222061  3.895585  1.8  187   50
2.37431468  0.223818  3.957450  1.9  169   40
2.37437769  0.225112  4.003360  1.0   20   19
2.37443205  0.219244  3.797353  2.4  110   45
2.37443799  0.217416  3.734323  4.7  311   48
2.37443711  0.217399  3.733723  4.7  311   48
2.37444373  0.219502  3.806313  0.2  194   47
2.37455522  0.211258  3.525754  1.5    1  -41
2.37456069  0.211707  3.540782  2.8   12  -42
2.37455526  0.210327  3.494753  2.8    1  -41
2.37456395  0.215008  3.652048  1.8  210  -73
2.37462985  0.222190  3.900090  3.9    7    7
2.37465066  0.226867  4.066015  0.9  185  -42
2.37465598  0.229311  4.154081  0.0   91  -41
2.37469519  0.233233  4.297431  0.2  290   62
2.37476230  0.225888  4.031006  0.3  316   60
2.37481388  0.222603  3.914613  2.5  285  -25
2.37481201  0.223099  3.932070  2.7  286  -27
2.37481338  0.222447  3.909145  2.4  285  -25
2.37490237  0.227316  4.082124  0.8  160  -74
2.37490403  0.224024  3.964740  0.2  172  -81
2.37490406  0.225824  4.028705  0.8  192  -76
2.37497788  0.232934  4.286403  0.8  287  -26
2.37500106  0.227059  4.072919  1.6  249  -31
2.37500793  0.227046  4.072452  2.5  249  -32
2.37501340  0.230366  4.192395  0.5  207  -51
2.37509444  0.233335  4.301171  0.3  331   38
2.37513574  0.229520  4.161690  2.0  309  -43
2.37513574  0.225425  4.014480  0.0  104  -46
2.37518125  0.224205  3.971164  0.2  162  -43
2.37519023  0.227582  4.091686  0.1   20  -37
2.37526129  0.230565  4.199657  0.7  200   17
2.37527707  0.222113  3.897410  1.0  189   36
2.37528471  0.223220  3.936331  0.0  183   36
2.37536801  0.210538  3.501782  1.0  296   29
2.37536992  0.208183  3.423860  4.6  124   24
2.37536983  0.208226  3.425296  4.7  124   24
2.37536702  0.210131  3.488233  4.8  301   29
2.37546552  0.227167  4.076771  2.4  177   -4
2.37546427  0.226430  4.050359  2.8  357   11
2.37556076  0.220225  3.831410  5.2  130   -3
2.37555758  0.220074  3.826156  0.2  293   -3
2.37555693  0.218773  3.781056  1.0  292   -2
2.37563279  0.212366  3.562856  1.0  359   31
2.37563173  0.210509  3.500825  1.4  181   30
2.37563309  0.208941  3.448859  0.2    1   34
2.37563364  0.208930  3.448488  0.4  359   33
2.37575438  0.215631  3.673250  5.7  314  -22
2.37575282  0.215799  3.678972  1.0  316  -24
2.37575454  0.211742  3.541955  5.1  124  -26
2.37583070  0.215673  3.674684  7.6  267   12
2.37582960  0.215924  3.683234  7.7  265   11
2.37582969  0.215735  3.676787  7.6  266   11
2.37591122  0.222955  3.927000  3.5  123   46
2.37592374  0.222457  3.909486  6.2  182   13
2.37595725  0.221434  3.873624  1.0  359  -19
2.37600731  0.218084  3.757290  7.8  322 -157
2.37601935  0.216315  3.696567  6.3  326  -17
2.37602016  0.216454  3.701349  6.2  327  -19
2.37602193  0.219974  3.822685  6.3  328  -20
2.37611398  0.216616  3.706874  0.3  327    5
2.37611310  0.216158  3.691215  0.1  327    5
2.37611479  0.214971  3.650779  0.0  328    4
2.37620829  0.215111  3.655545  1.2  280  -48
2.37620728  0.215271  3.660996  1.4  283  -48
2.37628974  0.215303  3.662063  1.3  356  -52
2.37629030  0.215073  3.654259  1.0  175  -64
2.37629391  0.215645  3.673721  0.0  185  -53
2.37629806  0.216373  3.698565  1.3  315  -44
2.37640356  0.221701  3.882940  7.3  194  -21
2.37641384  0.220647  3.846140  7.5  197  -24
2.37642602  0.221035  3.859659  1.6  251  -40
2.37640727  0.221431  3.873514  6.0   16  -16
2.37652148  0.225791  4.027551  4.5  124   25
2.37652209  0.227867  4.101962  4.4  126   23
2.37658423  0.223442  3.944171  0.1  284  -56
2.37659496  0.218482  3.771033  2.1  186  -18
2.37659638  0.217301  3.730355  1.8    8  -12
2.37660217  0.217860  3.749592  0.1  193  -30
2.37667105  0.234808  4.355644  2.6  310  -22
2.37670780  0.234306  4.337043  1.5  308  -17
2.37677047  0.226791  4.063306  1.0  231   25
2.37678136  0.225940  4.032857  0.0  299    1
2.37677766  0.228042  4.108236  0.5  304    1
2.37678747  0.227146  4.076039  0.2  300    0
2.37679513  0.232219  4.260111  0.4  305   -6
2.37690489  0.224840  3.993676  0.1  267  -62
2.37690294  0.225629  4.021766  1.2  207  -70
2.37695975  0.228600  4.128362  1.0  334   16
2.37696124  0.226244  4.043722  6.1  156    6
2.37698856  0.229434  4.158548  3.9  316   19
2.37706894  0.228732  4.133139  0.6  330   84
2.37706783  0.216371  3.698480  0.0  158   41
2.37706895  0.217534  3.738359  0.0  157   41
2.37715297  0.230482  4.196633  0.4  347   21
2.37717309  0.223727  3.954242  0.6  292  -14
2.37717118  0.225246  4.008126  0.7  106  -18
2.37717288  0.224536  3.982888  0.5  106  -15
2.37725064  0.219945  3.821680  3.2  127   -9
2.37725172  0.220175  3.829670  1.0  126   -8
2.37725063  0.220033  3.824731  3.1  126   -9
2.37734440  0.228150  4.112153  2.8    2  -34
2.37735371  0.226534  4.054082  2.7  192  -57
2.37744751  0.218557  3.773619  0.5  178  -70
2.37744778  0.217882  3.750322  0.1  356  -98
2.37745252  0.218423  3.768994  1.0  202  -54
2.37753235  0.218076  3.757021  0.2  313  189
2.37752910  0.222475  3.910123  0.5  313   -2
2.37755863  0.219806  3.816875  0.3  315   24
2.37755844  0.219380  3.802087  0.7  313   23
2.37756246  0.223657  3.951760  0.3  183   32
2.37765090  0.231434  4.231366  0.2  277   76
2.37772478  0.226435  4.050565  2.4  288   -6
2.37772623  0.226742  4.061555  2.1  285   -6
2.37772629  0.225972  4.034013  2.1  288   -6
2.37773928  0.225655  4.022681  0.0  181  -13
2.37774266  0.228759  4.134121  2.8  304  -14
2.37783712  0.230385  4.193121  1.3    3   12
2.37783513  0.227578  4.091540  0.7    2   10
2.37787945  0.236770  4.428731  2.1    5  -18
2.37792586  0.228969  4.141723  0.5    1  -41
2.37794801  0.227656  4.094341  0.1   57   51
2.37795233  0.224826  3.993189  0.0   36   53
2.37802609  0.233501  4.307282  3.3  195  -15
2.37802335  0.232102  4.255852  0.3  179  -71
2.37807718  0.229751  4.170039  1.3   33  -43
2.37807860  0.226630  4.057543  0.0  221  -34
2.37808464  0.227665  4.094691  0.9  236  -33
2.37814374  0.232969  4.287703  0.2   16   30
2.37818153  0.235988  4.399522  1.0   54   59
2.37818335  0.236069  4.402541  1.6   55   54
2.37822565  0.236629  4.423482  4.5  356   35
2.37831494  0.225729  4.025336  0.8   21  -13
2.37831382  0.225714  4.024793  0.4   20  -16
2.37832322  0.224046  3.965544  0.6   18  -13
2.37832475  0.227498  4.088687  0.4  199  -28
2.37839526  0.236232  4.408641  0.7  299  -47
2.37839277  0.236152  4.405662  1.6  311  -52
2.37847987  0.231032  4.216687  2.4  202  -11
2.37849491  0.229142  4.147987  0.9   18   -9
2.37849826  0.228379  4.120395  0.2  192  -35
2.37849470  0.228722  4.132804  0.9   18  -12
2.37858452  0.230436  4.194964  1.1  178  -41
2.37859401  0.233547  4.309001  1.7  178  -54
2.37868813  0.217978  3.753630  2.9  312   17
2.37868864  0.217371  3.732775  2.4  134    5
2.37868550  0.216985  3.719526  1.2  310    9
2.37868880  0.217991  3.754092  3.1  135   14
2.37877679  0.225653  4.022635  6.0  320    6
2.37877732  0.225517  4.017773  5.9  320    6
2.37884911  0.218404  3.768321  5.6  323   33
2.37884994  0.217744  3.745576  5.9  322   35
2.37885342  0.218415  3.768705  4.1  166   22
2.37887538  0.216785  3.712653  0.1  177   -9
2.37892543  0.226551  4.054689  3.5  104   36
2.37895275  0.220369  3.836425  2.0  326   26
2.37905813  0.206059  3.354366  0.3  191  -50
2.37905778  0.206457  3.367345  0.5  191  -50
2.37905868  0.207165  3.390459  0.3  187  -47
2.37906066  0.210185  3.490052  0.6   11  -40
2.37905772  0.211400  3.530497  0.2  192 -145
2.37912689  0.215923  3.683180  0.4  349   41
2.37915468  0.226665  4.058770  1.0  308   41
2.37923076  0.215174  3.657675  5.3  160  -46
2.37923294  0.216014  3.686296  6.8  319  -52
2.37923189  0.214329  3.629002  4.7  348  -46
2.37931333  0.217394  3.733565  3.1  312  -13
2.37935147  0.205888  3.348797  0.0   99   20
2.37935321  0.206636  3.373180  0.0   98   24
2.37936461  0.210451  3.498893  1.2  270   33
2.37937032  0.213382  3.597024  1.0  272   38
2.37936885  0.216255  3.694544  0.9   12   67
2.37948847  0.212770  3.576426  0.1   22  -34
2.37949154  0.213367  3.596516  0.9   18  -33
2.37953475  0.216603  3.706424  0.2  105  -37
2.37953171  0.216601  3.706363  0.2  103  -35
2.37956680  0.220505  3.841166  0.6   46   15
2.37961811  0.230119  4.183432  1.4  296  -28
2.37961906  0.230851  4.210070  1.2  296  -30
2.37967551  0.231743  4.242676  0.0  274  -14
2.37972462  0.234578  4.347131  0.2   23  -48
2.37972753  0.236387  4.414410  1.0  287  -49
2.37979115  0.235632  4.386285  2.8  195   46
2.37980268  0.231807  4.245024  0.3   14   -9
2.37980965  0.234140  4.330899  0.7   13  -11
2.37988462  0.228028  4.107761  0.1   15   46
2.37990888  0.224162  3.969655  0.4  336   51
2.37988996  0.226527  4.053851  0.1  191   26
2.37998271  0.234575  4.347005  3.9   51  -49
2.38000375  0.230055  4.181084  3.4   55   38
2.38000469  0.231388  4.229683  3.3   56   38
2.38000910  0.230276  4.189123  3.3   50   40
2.38009987  0.227783  4.098905  5.7  288   46
2.38010066  0.228725  4.132901  5.1  291   43
2.38017186  0.229552  4.162843  4.5  194  -47
2.38017713  0.228854  4.137544  3.8   26  -38
2.38019204  0.226949  4.068965  0.0  179   29
2.38027433  0.216831  3.714239  1.0  185   38
2.38027343  0.215365  3.664170  0.1  183   37
2.38027571  0.217975  3.753536  0.2  186   33
2.38027513  0.216761  3.711827  1.0  181   33
2.38037981  0.205068  3.322192  2.6  150  -22
2.38038134  0.205350  3.331336  3.7  336  -13
2.38038002  0.205639  3.340699  3.5  152  -21
2.38046892  0.209375  3.463206  0.1  177  -13
2.38053999  0.201458  3.206231  3.5  308   30
2.38053920  0.201533  3.208614  3.6  311   31
2.38054813  0.199689  3.150165  1.6  161   28
2.38054679  0.197502  3.081546  2.2  340   42
2.38054941  0.204277  3.296593  1.9  164   32
2.38065241  0.219463  3.804972  1.6  156  -46
2.38064837  0.221397  3.872299  2.0  156   13
2.38072496  0.218460  3.770251  0.5  291  -19
2.38072529  0.215314  3.662440  0.0  293  -10
2.38073517  0.211675  3.539694  0.6  354    7
2.38073763  0.210996  3.517035  0.4  352    5
2.38073002  0.220213  3.831012  0.8  106  -25
2.38083972  0.229041  4.144333  3.1  147  -24
2.38090291  0.212732  3.575141  4.6   18  -43
2.38090874  0.213610  3.604697  5.0  203  -53
2.38091266  0.213255  3.592727  4.2   14  -31
2.38090988  0.212814  3.577909  4.8  372  -39
2.38101410  0.229878  4.174666  2.9   64    1
2.38101841  0.229770  4.170741  2.4   64    5
2.38103087  0.229020  4.143548  2.4   66   14
2.38110634  0.228508  4.125052  2.2  310   41
2.38111654  0.226534  4.054077  0.1  185   33
2.38111941  0.225566  4.019522  0.5  175   39
2.38118055  0.224610  3.985530  0.1   73   23
2.38118615  0.226054  4.036928  1.0   73   20
2.38122467  0.223543  3.947738  0.1   12  -29
2.38126838  0.227454  4.087107  4.1   92   18
2.38126741  0.228455  4.123128  3.8   92   18
2.38133538  0.226814  4.064108  0.1  202    1
2.38135044  0.226738  4.061417  0.3   27   12
2.38135760  0.217807  3.747737  0.1  207   -5
2.38142943  0.214484  3.634273  0.0  204   45
2.38143675  0.215789  3.678617  0.2  187   49
2.38143763  0.216947  3.718222  1.0  184   48
2.38151883  0.224458  3.980113  0.1  176   40
2.38153555  0.213587  3.603925  0.0  354   -7
2.38154014  0.215592  3.671898  0.7  177  -24
2.38162141  0.208645  3.439099  1.2  342   18
2.38162159  0.208367  3.429929  1.7  343   19
2.38162196  0.208286  3.427253  2.1  343   19
2.38169653  0.215208  3.658855  3.2  312   19
2.38169638  0.214828  3.645920  2.7  312   19
2.38172311  0.226293  4.045474  1.8   17  -40
2.38176084  0.226788  4.063186  2.7   47   18
2.38179921  0.226719  4.060707  0.3  307  -29
2.38180200  0.225430  4.014659  0.1  306  -31
2.38189403  0.218442  3.769620  0.0  220   42
2.38189060  0.216025  3.686687  0.0   57   52
2.38196510  0.194020  2.973852  0.5  285   37
2.38196931  0.192135  2.916349  0.4  214   53
2.38196694  0.193970  2.972325  0.5  272   40
2.38196961  0.196276  3.043424  1.7  130   46
2.38208518  0.200458  3.174505  0.0  195  -36
2.38208801  0.202247  3.231408  0.4  192  -43
2.38208594  0.196957  3.064559  0.1  194  -41
2.38216783  0.206370  3.364494  3.9  161  -14
2.38214781  0.207420  3.398831  2.6  289   -4
2.38217135  0.209454  3.465801  0.0  181   -2
2.38218987  0.218349  3.766434  0.2  312  -29
2.38227054  0.217493  3.736948  3.5  300   23
2.38227078  0.217437  3.735013  2.9  302   23
2.38232281  0.208616  3.438124  0.2   29  -39
2.38232812  0.211545  3.535368  0.2  216  -45
2.38234648  0.215682  3.674967  0.0  346   -7
2.38233476  0.217550  3.738902  0.4  228  -62
2.38244339  0.214827  3.645886  0.0  248   10
2.38243833  0.213466  3.599865  0.0   72  -16
2.38246899  0.216524  3.703723  0.9  264   14
2.38247725  0.216192  3.692396  1.5  260   24
2.38255902  0.219490  3.805901  5.9  126   34
2.38255914  0.219484  3.805675  5.9  126   34
2.38256346  0.221924  3.890755  5.0  134   40
2.38267405  0.222816  3.922121  3.4  313  -26
2.38268230  0.223646  3.951397  5.6  164  -37
2.38272592  0.223226  3.936567  5.0  246  -18
2.38272602  0.224129  3.968479  2.5  268  -36
2.38273100  0.222689  3.917652  4.4  316  -30
2.38280400  0.227552  4.090616  1.0  303  -46
2.38280261  0.226703  4.060147  0.8  307  -44
2.38288685  0.221869  3.888853  0.2  264  -21
2.38289485  0.223336  3.940453  0.0  254  -16
2.38288980  0.221059  3.860503  0.1   83  -19
2.38293970  0.223035  3.929825  6.7  314  -26
2.38293939  0.221855  3.888355  2.2  170  -20
2.38303381  0.232275  4.262193  5.2  273  -37
2.38304001  0.227674  4.094992  6.3  307  -42
2.38304105  0.227665  4.094679  5.9  306  -45
2.38313164  0.229709  4.168542  2.6  302  147
2.38310996  0.234327  4.337815  4.2   70  -10
2.38313827  0.232039  4.253544  0.9  204   71
2.38323057  0.232710  4.278172  5.1  186  -25
2.38322371  0.227919  4.103804  7.3  327    6
2.38321982  0.228274  4.116601  4.5  336   -6
2.38331594  0.230426  4.194596  1.4   18   33
2.38331534  0.229094  4.146229  1.3   18   32
2.38332478  0.229323  4.154544  2.2  200   15
2.38340981  0.217375  3.732890  0.0   15   -8
2.38340893  0.219990  3.823250  0.4   12   -9
2.38341131  0.217417  3.734358  0.0   13  -10
2.38341050  0.214209  3.624940  0.0  193  -21
2.38350299  0.214900  3.648372  0.1  169   20
2.38350669  0.208808  3.444466  0.0  159   31
2.38358637  0.217761  3.746167  0.1  344   44
2.38358460  0.219565  3.808507  0.4  171   24
2.38358942  0.218832  3.783105  0.1  165   24
2.38364496  0.222693  3.917783  0.0   85  -13
2.38370779  0.215477  3.668000  0.1  290    3
2.38370299  0.211553  3.535613  0.0  112   -2
2.38370332  0.212814  3.577903  0.0  111   -1
2.38373782  0.213991  3.617587  0.9  281   39
2.38374659  0.215870  3.681385  1.6  192   59
2.38385613  0.217023  3.720819  1.0  141  -60
2.38385680  0.218663  3.777261  1.5  334  -41
2.38385719  0.216939  3.717928  2.4  333  -41
2.38395882  0.216145  3.690763  0.4  190  -31
2.38395833  0.217151  3.725218  1.5  191  -34
2.38396539  0.215761  3.677684  1.8  195  -47
2.38397205  0.217053  3.721847  0.7  202  -62
2.38409617  0.226898  4.067129  5.3   71   11
2.38409806  0.223083  3.931518  4.2   62   12
2.38409123  0.223361  3.941317  4.0   60   12
2.38411981  0.224024  3.964744  3.6   47   14
2.38418328  0.222751  3.919818  2.4  311   39
2.38418947  0.221179  3.864703  0.7  142   27
2.38418655  0.222455  3.909394  1.7  312   34
2.38427115  0.227226  4.078905  0.3  197  -44
2.38430277  0.217881  3.750296  0.1  301  -50
2.38430700  0.216186  3.692169  0.2  310  -51
2.38431250  0.216531  3.703972  0.1  306  -45
2.38439873  0.217947  3.752561  0.2  173  -39
2.38439903  0.219468  3.805147  0.2  172  -39
2.38440969  0.221025  3.859316  0.7  180  -46
2.38448490  0.225820  4.028569  1.0  222   24
2.38448009  0.224835  3.993513  0.1   49   36
2.38454755  0.226112  4.038992  2.5  130  -35
2.38454750  0.226158  4.040646  2.8  312  -26
2.38455107  0.225145  4.004535  0.7  124  -29
2.38457941  0.226610  4.056819  1.2  199   -1
2.38465735  0.231720  4.241849  1.6   59   53
2.38466990  0.228033  4.107907  2.7  189   50
2.38466989  0.228154  4.112274  2.5  189   50
2.38473219  0.229991  4.178777  3.2  280   37
2.38473443  0.229285  4.153144  2.9  109   34
2.38483229  0.216234  3.693807  1.0   30   -0
2.38483184  0.216311  3.696449  2.2   30   -0
2.38483121  0.216886  3.716128  1.6   26    3
2.38490020  0.219271  3.798301  0.1  278   28
2.38490358  0.219309  3.799615  0.2  274   30
2.38491330  0.220521  3.841716  2.9    9   67
2.38490869  0.222987  3.928130  0.0  273   31
2.38500281  0.223916  3.960941  3.6  316   51
2.38500402  0.224600  3.985170  3.6  157   37
2.38508355  0.223939  3.961737  1.3  198    1
2.38509561  0.226262  4.044351  4.2   18   -3
2.38511114  0.227873  4.102167  4.0  204  -33
2.38510665  0.227114  4.074864  3.2   19  -10
2.38519468  0.222376  3.906653  1.5  185   30
2.38521281  0.222763  3.920243  3.8  298   21
2.38528884  0.211341  3.528548  1.0  124   29
2.38529679  0.210887  3.513402  2.1  117   19
2.38529587  0.209241  3.458749  2.4  116   19
2.38529739  0.214505  3.634968  2.3  286   19
2.38535819  0.217461  3.735857  1.1  288   48
2.38539188  0.219839  3.818002  3.8  340 -147
2.38546539  0.210769  3.509446  6.3  335   41
2.38546874  0.210120  3.487892  5.6  172   28
2.38547064  0.210653  3.505599  5.8  167   25
2.38547892  0.210592  3.503583  2.7  110  -39
2.38546347  0.211622  3.537916  5.2    7   49
2.38557122  0.212820  3.578102  4.2  190  -39
2.38557795  0.213704  3.607897  3.8  196  -41
2.38557800  0.213638  3.605651  3.8  196  -41
2.38560667  0.225812  4.028276  1.0   77   -0
2.38573052  0.217324  3.731146  1.4  331  -32
2.38573160  0.217138  3.724765  1.8  329  -31
2.38573242  0.217710  3.744399  1.4  323  -25
2.38582314  0.223944  3.961938  4.0  204  -48
2.38582612  0.222618  3.915159  3.9   18  -47
2.38582734  0.223075  3.931229  3.9   20  -46
2.38583592  0.223703  3.953412  3.2  222  -59
2.38589300  0.230831  4.209355  0.7  295   47
2.38594969  0.227713  4.096415  0.1   58    1
2.38598615  0.220861  3.853582  2.5  202   -6
2.38599146  0.219941  3.821559  2.5  203  -10
2.38599163  0.222162  3.899104  1.2   22   -3
