2.00000295  0.234491  4.343893  0.2  297  -60
2.00003252  0.233112  4.292943  0.1   90   72
2.00003085  0.229073  4.145482  1.8  213  -62
2.00003073  0.232861  4.283707  0.1  242   63
2.00011563  0.236467  4.417430  0.0  263   56
2.00006357  0.240442  4.567192  1.6  354   26
2.00015532  0.235559  4.383572  0.6  274  -37
2.00016012  0.230618  4.201585  0.1  275  -39
2.00019080  0.231698  4.241016  0.8  196   -9
2.00019011  0.231161  4.221386  0.7   17    2
2.00018514  0.232891  4.284824  1.2   13    3
2.00019042  0.232583  4.273479  0.2  195  -25
2.00023670  0.236864  4.432272  0.6   89   90
2.00029521  0.237559  4.458313  0.9    6  -39
2.00029753  0.231004  4.215668  0.0    3  -37
2.00033519  0.236583  4.421758  1.0   53  -54
2.00033533  0.233065  4.291241  2.7  327  -44
2.00038777  0.237360  4.450829  1.1  141  -42
2.00038712  0.235978  4.399178  0.0  307  -54
2.00039038  0.235477  4.380493  0.1  314  -51
2.00044868  0.235624  4.385967  0.2  285  -47
2.00044898  0.238633  4.498695  0.9  309  -52
2.00045035  0.238473  4.492698  1.3  314  -47
2.00050142  0.235651  4.386979  1.6  295  -37
2.00051731  0.236106  4.403924  1.0  300   57
2.00056110  0.235076  4.365600  0.4  299   43
2.00055821  0.240014  4.550929  2.8  307   31
2.00056059  0.232330  4.264210  0.2  296   48
2.00059912  0.234382  4.339857  0.1   61   81
2.00063255  0.228440  4.122590  0.2  183   25
2.00063499  0.226977  4.069955  0.0  176   17
2.00064320  0.232109  4.256079  0.5  299   32
2.00069489  0.238185  4.481825  8.7  131   41
2.00070627  0.232832  4.282641  0.1   95  -49
2.00076475  0.230185  4.185840  0.2   11   15
2.00077678  0.227246  4.079602  0.9  176  -24
2.00077637  0.227400  4.085161  1.2  176  -26
2.00077642  0.227171  4.076938  1.2  177  -27
2.00077657  0.227900  4.103141  1.3  177  -26
2.00082240  0.230767  4.207034  0.2  284   59
2.00083570  0.233391  4.303254  1.2  348   36
2.00087186  0.233310  4.300247  3.7  181   24
2.00089926  0.226848  4.065346  0.0  304  -45
2.00089884  0.228528  4.125788  0.0  304  -43
2.00093020  0.227507  4.088983  0.5  287   26
2.00096326  0.231315  4.227008  5.8  299  -50
2.00096019  0.230781  4.207538  7.4   14  -52
2.00099789  0.233840  4.319824  2.5   63   81
2.00102908  0.232416  4.267372  6.3   70   62
2.00106415  0.232453  4.268706  3.8  216   58
2.00106644  0.231152  4.221079  0.3  185   38
2.00110788  0.228087  4.109869  1.4   87   57
2.00111017  0.230984  4.214937  1.9  262   54
2.00111845  0.230984  4.214940  1.0  264   45
2.00112648  0.234235  4.334398  2.6  340  -20
2.00115741  0.236198  4.407357  0.9   81   54
2.00119303  0.239144  4.517998  0.2  180   31
2.00121426  0.238542  4.495294  1.7   79  -21
2.00124290  0.232832  4.282658  0.9  171  -14
2.00124441  0.235909  4.396589  2.8  168  -17
2.00126878  0.237262  4.447164  6.4  354  -35
2.00127986  0.237211  4.445270  0.1  286   30
2.00132670  0.235999  4.399936  0.1   73   58
2.00132968  0.236401  4.414967  0.1   45  120
2.00137099  0.222135  3.898160  0.1   54   82
2.00137075  0.222833  3.922705  0.1   61   82
2.00143967  0.233410  4.303950  0.7  293   42
2.00144134  0.231505  4.233964  0.1  293   42
2.00144410  0.232944  4.286752  0.6  293   45
2.00147051  0.235966  4.398710  0.0  152  -29
2.00150617  0.236654  4.424406  3.2  292  -45
2.00152020  0.233974  4.324768  1.1  287  -67
2.00152448  0.234530  4.345355  2.4  193  -52
2.00156987  0.232824  4.282357  0.0  107   15
2.00156296  0.232044  4.253718  0.1  284    7
2.00163718  0.228465  4.123504  6.3  120   53
2.00163751  0.227987  4.106268  6.4  288   52
2.00163743  0.230263  4.188667  7.3   75   64
2.00164488  0.232704  4.277941  4.8  163   33
2.00170808  0.240271  4.560670  6.4  157   -9
2.00171577  0.238037  4.476280  2.5  303  -46
2.00172568  0.236199  4.407417  0.2  305  -56
2.00172132  0.235978  4.399154  0.5  107  -51
2.00178940  0.233986  4.325190  1.1  271   17
2.00178076  0.235782  4.391858  0.1  353  -13
2.00182000  0.228749  4.133762  2.0  289   39
2.00182863  0.231662  4.239720  1.0  290   45
2.00185401  0.231488  4.233358  0.0  112   58
2.00192096  0.233384  4.302966  4.2  261 -113
2.00191921  0.230387  4.193170  0.1   84  -59
2.00191726  0.232518  4.271100  1.2   72  -65
2.00195569  0.235596  4.384923  2.5   21  -43
2.00196065  0.233373  4.302555  3.3   19  -49
2.00195948  0.233995  4.325526  2.6  201  -60
2.00201486  0.231736  4.242423  1.5   46  -66
2.00201150  0.232624  4.274996  1.2  206  -64
2.00205167  0.228989  4.142457  0.5  291  -46
2.00207123  0.229608  4.164855  0.6   65   48
2.00209488  0.229912  4.175905  3.9  122  -19
2.00211325  0.230767  4.207003  0.4  309  -38
2.00211177  0.231817  4.245387  1.3  115  -48
2.00217873  0.232493  4.270197  0.1  259  -46
2.00218286  0.227776  4.098678  0.1  255  -29
2.00220406  0.229063  4.145126  2.5   11   72
2.00222166  0.225589  4.020350  0.4  293  -56
2.00222169  0.223762  3.955498  0.3  288  -53
2.00227007  0.233681  4.313950  0.4  109   37
2.00226956  0.233016  4.289428  0.3  118   39
2.00232545  0.235786  4.392000  1.4   95   -6
2.00234210  0.228591  4.128068  1.7   45    3
2.00234173  0.228802  4.135676  1.4   45    3
2.00234457  0.222922  3.925844  1.6  218  -10
2.00237652  0.232595  4.273934  0.5  293   64
2.00239188  0.234244  4.334749  0.8   13   50
2.00241528  0.236678  4.425286  1.0  305   -0
2.00246796  0.232321  4.263881  3.5  344  -36
2.00247032  0.224579  3.984433  0.1  191  -68
2.00247409  0.230704  4.204735  2.9   87  -76
2.00252509  0.232324  4.263978  0.0  285  -55
2.00253024  0.231424  4.231019  0.2  300  -55
2.00257265  0.235141  4.368021  0.4  276   41
2.00260416  0.229279  4.152951  0.2  272  -28
2.00258898  0.235286  4.373412  0.0  187   32
2.00261080  0.230309  4.190335  1.1   85  -26
2.00265592  0.227029  4.071817  2.9  323   14
2.00265828  0.236937  4.435006  1.5  345  -12
2.00265873  0.234055  4.327757  1.6  160  -21
2.00272565  0.235222  4.371015  1.5    9  -23
2.00272582  0.234474  4.343281  1.0    8  -24
2.00276345  0.235356  4.376004  0.2   94   11
2.00278921  0.227462  4.087366  0.0   47  -71
2.00279396  0.225766  4.026661  0.2   56  -59
2.00279905  0.232570  4.273033  2.5   72  -54
2.00280438  0.234415  4.341069  1.9  271  -61
2.00285075  0.233439  4.305006  1.0   96  -30
2.00287761  0.222231  3.901529  0.5  300   57
2.00288687  0.231670  4.239993  4.1  281   63
2.00292101  0.236821  4.430668  0.8  289   67
2.00295780  0.238994  4.512329  0.0   98   27
2.00297155  0.239556  4.533585  1.2  103   40
2.00299692  0.233709  4.314979  0.5  276   44
2.00300069  0.236009  4.400304  1.0  277   49
2.00302255  0.234961  4.361344  0.1  298   48
2.00306008  0.232110  4.256118  0.1  180   32
2.00307102  0.228660  4.130551  0.1  168   49
2.00312186  0.230711  4.204960  0.5  114   51
2.00310619  0.228537  4.126120  1.0  199  -58
2.00312870  0.230751  4.206445  0.0  278   52
2.00316311  0.231708  4.241416  3.0   65   19
2.00319653  0.227936  4.104446  1.8  214   29
2.00320287  0.228970  4.141755  2.3   28   42
2.00320815  0.224737  3.990036  4.1   25   47
2.00320533  0.230445  4.195293  1.5  340   96
2.00327740  0.226934  4.068432  1.1  153  -77
2.00328433  0.229231  4.151216  0.2  289  -46
2.00328961  0.227303  4.081673  0.1  103  -53
2.00332737  0.234300  4.336810  0.2  185  -67
2.00335118  0.233386  4.303053  0.0  305  -64
2.00336883  0.230692  4.204277  0.1  178  -67
2.00342042  0.235990  4.399614  1.1  108   60
2.00342107  0.235802  4.392587  3.7  305   60
2.00342268  0.234299  4.336779  2.4  290   60
2.00344951  0.236380  4.414148  0.0  260   25
2.00346341  0.240164  4.556627  0.3  256   59
2.00351015  0.231865  4.247147  0.1  202   63
2.00351117  0.231557  4.235861  0.7   59   72
2.00354087  0.233805  4.318529  0.3  296   50
2.00354718  0.236241  4.408972  0.5  292   51
2.00360404  0.236099  4.403681  0.9  289  -42
2.00359676  0.231757  4.243180  0.7  296   76
2.00361458  0.234318  4.337506  0.2  194  -63
2.00361749  0.238277  4.485311  0.4  288  -31
2.00365544  0.246471  4.799081  1.9  313  -69
2.00369080  0.242121  4.631200  2.9  305   47
2.00372404  0.239401  4.527705  5.0   67   44
2.00373862  0.240218  4.558652  0.4  309  -53
2.00377971  0.232650  4.275966  2.2   32  -62
2.00377962  0.229771  4.170787  0.4   12  -55
2.00378042  0.224461  3.980226  0.0  215  -78
2.00382855  0.235984  4.399392  1.7  359  -54
2.00383421  0.233930  4.323145  2.0  199  -71
2.00383290  0.233256  4.298251  2.3   58   53
2.00390944  0.236739  4.427569  0.6  129   29
2.00391390  0.234437  4.341914  1.9  166  -68
2.00391646  0.230275  4.189113  0.4  189  -66
2.00394896  0.233358  4.302025  0.0  305  -42
2.00399375  0.234020  4.326451  3.4   56  -59
2.00399445  0.233594  4.310715  3.6   60  -51
2.00401676  0.234076  4.328524  1.2   75   -9
2.00404126  0.235180  4.369473  1.1  184  -18
2.00403651  0.230615  4.201477  0.1   78   47
2.00405064  0.236007  4.400259  0.9   50    9
2.00410857  0.241901  4.622758  1.1   49  -56
2.00412424  0.238965  4.511223  0.1   20   29
2.00414541  0.240208  4.558292  2.9   87    4
2.00417516  0.229793  4.171593  0.0  281  -44
2.00418970  0.236324  4.412082  2.9  192   52
2.00422586  0.237658  4.462008  2.6  282   40
2.00423356  0.239653  4.537242  3.0  289   27
2.00422621  0.238575  4.496525  2.2  284   40
2.00427383  0.237331  4.449753  1.1  201   40
2.00427632  0.236670  4.425000  0.5  266   54
2.00435552  0.236878  4.432776  1.5  191  -28
2.00431441  0.239428  4.528725  2.4   84   50
2.00436376  0.233739  4.316098  0.9  199  -22
2.00436507  0.233478  4.306450  0.5  198  -22
2.00437414  0.237264  4.447252  1.0  198  -17
2.00443384  0.235946  4.397987  0.4  283   62
2.00443450  0.235317  4.374541  0.3  268   63
2.00446139  0.237047  4.439114  1.1  296  -52
2.00446005  0.238302  4.486236  1.2   72  -74
2.00449983  0.237594  4.459629  0.5   22    9
2.00455222  0.231761  4.243332  3.7  294  -46
2.00455697  0.230320  4.190740  2.5  290  -46
2.00455453  0.229427  4.158320  3.0   99  -53
2.00459033  0.234550  4.346098  0.7  201  -60
2.00461060  0.237333  4.449840  1.6   97   11
2.00462497  0.237866  4.469829  1.4  210  -35
2.00467007  0.232970  4.287739  0.8  206   64
2.00466966  0.230215  4.186910  0.5   51   78
2.00469837  0.233198  4.296107  1.1  185   82
2.00470035  0.237562  4.458434  0.0   50   89
2.00473535  0.233089  4.292111  2.7  299   38
2.00474267  0.239761  4.541324  3.2  190   40
2.00479142  0.240748  4.578826  0.0  188  -65
2.00480892  0.236785  4.429316  1.2   90  -50
2.00483475  0.238003  4.474987  0.1  277   16
2.00483813  0.232648  4.275883  0.1  275   21
2.00486712  0.237139  4.442558  5.2   19   30
2.00492746  0.240258  4.560175  3.4  131   33
2.00492510  0.230157  4.184811  3.7  186   21
2.00493061  0.235262  4.372492  3.0  186   10
2.00493040  0.232992  4.288520  3.0    1   24
2.00499021  0.234974  4.361803  0.8  273   30
2.00499055  0.232434  4.268031  0.2  271   26
2.00499635  0.234377  4.339685  3.4  161   25
2.00505815  0.231866  4.247178  0.2   27  -53
2.00506507  0.228425  4.122075  6.1  166   11
2.00506521  0.229250  4.151900  6.4  347   26
2.00512173  0.219062  3.791074  1.8  322   40
2.00512334  0.218066  3.756681  2.5  155   26
2.00512331  0.217397  3.733655  1.0  156   29
2.00518674  0.235369  4.376497  0.6    8  -11
2.00519234  0.233391  4.303221  2.9  161   26
2.00521803  0.232270  4.261995  0.4   45   11
2.00525759  0.221651  3.881205  4.7    4   13
2.00525815  0.221046  3.860038  4.3  188    3
2.00525929  0.218905  3.785640  4.2  187    4
2.00527922  0.227806  4.099762  1.0  261   34
2.00533096  0.225334  4.011256  2.2    9  -58
2.00533080  0.227089  4.073968  3.2  192  -63
2.00533272  0.224648  3.986884  3.2    7  -58
2.00538569  0.223116  3.932663  3.9    8  -39
2.00538859  0.226055  4.036982  2.6  196  -59
2.00539703  0.231983  4.251457  5.1  300   71
2.00544356  0.227873  4.102158  0.0  311    0
2.00546928  0.228881  4.138525  2.4  174  -38
2.00547303  0.231797  4.244670  0.5  108  -56
2.00551085  0.232624  4.274986  1.1  311  -64
2.00555569  0.232881  4.284453  0.2  293   48
2.00554964  0.235910  4.396621  0.1  300   47
2.00558012  0.231503  4.233887  0.0  205    6
2.00561009  0.232372  4.265736  0.2  120  154
2.00563097  0.222606  3.914724  2.1   49  -64
2.00563279  0.222972  3.927611  3.2  277  -66
2.00565534  0.226506  4.053104  5.1   71  -21
2.00569693  0.226611  4.056865  0.8  342  -49
2.00568312  0.229867  4.174274  4.4   67  -15
2.00569368  0.221129  3.862956  0.2  314  -45
2.00577138  0.229956  4.177508  2.3  325  -47
2.00576736  0.237106  4.441319  1.0  306  -54
2.00580420  0.236138  4.405133  0.3   65   79
2.00580965  0.235505  4.381555  0.0  192   79
2.00583589  0.239889  4.546206  0.1   86  -32
2.00587489  0.234041  4.327232  3.4  311  147
2.00587447  0.235198  4.370132  0.4  288   35
2.00587608  0.234615  4.348500  2.0  293   39
2.00591499  0.236388  4.414475  0.4  287   42
2.00593985  0.237712  4.464041  0.1  106  -39
2.00593715  0.238609  4.497806  0.8  111  -54
2.00599738  0.235996  4.399817  3.5  315   59
2.00599669  0.239317  4.524528  3.0  300   58
2.00599725  0.236045  4.401651  0.0  317  118
2.00606265  0.234821  4.356116  3.8  186   30
2.00607156  0.230251  4.188215  3.0  175   -5
2.00607577  0.233408  4.303864  4.8  174  -13
2.00612926  0.225052  4.001224  0.8  290   52
2.00612958  0.223659  3.951851  1.0  288   50
2.00613338  0.232020  4.252841  2.2   80   67
2.00618716  0.235295  4.373720  0.3  286  -60
2.00619929  0.231988  4.251643  1.0  305  119
2.00619948  0.232223  4.260263  0.0  269   66
2.00624569  0.237308  4.448907  0.6  183   35
2.00626848  0.235521  4.382138  5.4  157  -15
2.00626712  0.235828  4.393566  5.3  345  -11
2.00631741  0.237138  4.442510  0.1  159  -39
2.00634433  0.235016  4.363364  1.8  187   81
2.00635168  0.231976  4.251233  1.0  293   72
2.00635111  0.232749  4.279589  1.2  275   78
2.00639318  0.233786  4.317824  1.0   55  -61
2.00640597  0.231059  4.217673  1.9  186  -12
2.00643688  0.231801  4.244815  0.5  191  -55
2.00645521  0.232472  4.269409  1.0  110   39
2.00647532  0.226368  4.048157  0.0   16   69
2.00647437  0.233877  4.321181  0.4  159   67
2.00652984  0.239108  4.516629  0.4  191   61
2.00655327  0.240247  4.559761  0.1  185   40
2.00656051  0.238164  4.481042  0.1  199  -48
2.00659045  0.230412  4.194079  0.0   30   57
2.00659113  0.228274  4.116606  0.0   44   62
2.00662009  0.231902  4.248487  3.6  175  -61
2.00661662  0.229831  4.172957  1.1  300  -54
2.00667221  0.236617  4.423031  5.7  300   -9
2.00666986  0.235002  4.362834  6.6  298  -18
2.00672508  0.236051  4.401871  3.4  190   42
2.00674484  0.233313  4.300376  0.4   45  -73
2.00674670  0.232280  4.262359  0.6  295  -65
2.00675636  0.234839  4.356788  3.1  282   44
2.00680639  0.234508  4.344528  1.0  318   52
2.00681641  0.236584  4.421786  2.1  299  -43
2.00682715  0.232993  4.288566  0.0   13  -12
2.00684809  0.232420  4.267523  0.3  265   84
2.00688579  0.233113  4.292992  0.0   25   84
2.00689925  0.236657  4.424524  1.2  193   48
2.00689256  0.239257  4.522258  3.4  320  144
2.00695755  0.231995  4.251904  0.1  105   52
2.00695819  0.229890  4.175091  0.0  108   52
2.00699151  0.227799  4.099499  2.5  193  -64
2.00699359  0.226130  4.039661  4.0  308  -56
2.00704011  0.234989  4.362364  0.1  180   87
2.00705824  0.230739  4.205994  0.0  192  -94
2.00706187  0.235098  4.366400  0.0  205  -84
2.00710229  0.241575  4.610337  0.2  284  -53
2.00712320  0.237910  4.471476  1.1  307   77
2.00715776  0.241039  4.589873  0.7  184  -65
2.00715360  0.242696  4.653219  2.6  178  -53
2.00721733  0.242961  4.663359  3.1  186   15
2.00722629  0.239680  4.538282  5.3  189    7
2.00723004  0.242072  4.629327  5.3  192    5
2.00727077  0.239832  4.544021  0.2  204    6
2.00726610  0.240740  4.578522  0.2   30   18
2.00730917  0.241375  4.602696  0.6   74   34
2.00730872  0.240097  4.554063  0.5   74   34
2.00732535  0.242769  4.656003  2.2   22  -49
2.00737809  0.237592  4.459531  0.3  293   17
2.00739665  0.236752  4.428057  0.2  199   58
2.00740019  0.233612  4.311386  0.2  306   60
2.00740132  0.232828  4.282503  0.0  283   61
2.00740516  0.235525  4.382289  0.6  190   44
2.00746105  0.234526  4.345201  0.4  191   50
2.00746893  0.235007  4.363052  1.8  295   34
2.00751897  0.230734  4.205833  1.1  298   47
2.00752024  0.232617  4.274759  1.3  281   58
2.00755051  0.237571  4.458749  2.5  307   85
2.00757020  0.241504  4.607629  3.7  117   47
2.00759102  0.237041  4.438897  0.3   14    6
2.00761416  0.238786  4.504500  0.6  190  -15
2.00764825  0.232095  4.255564  1.2  308   74
2.00764732  0.232279  4.262326  0.2  283   70
2.00767545  0.233525  4.308166  0.1  289   77
2.00771110  0.228141  4.111818  0.6    8   28
2.00773579  0.225529  4.018206  0.0  315   47
2.00772182  0.228708  4.132264  0.2   41   64
2.00774332  0.236335  4.412481  2.0  302  -36
2.00781427  0.232094  4.255529  2.0    1 -114
2.00783715  0.231345  4.228138  3.0  284    4
2.00783769  0.231222  4.223617  2.5  284    4
2.00784227  0.231537  4.235131  0.1   11    7
2.00788102  0.223309  3.939468  0.7   51  -79
2.00788016  0.221821  3.887173  1.1  212  -77
2.00791738  0.237169  4.443681  1.0  304  -44
2.00795415  0.238644  4.499117  1.1   62  -51
2.00796755  0.232020  4.252844  1.0  189   50
2.00796773  0.235845  4.394202  5.7   97  -32
2.00796527  0.234626  4.348887  4.4  281 -149
2.00803037  0.232629  4.275196  0.0  256  -14
2.00803243  0.232199  4.259400  2.6   40   19
2.00806975  0.232607  4.274391  0.9  167  -17
2.00808459  0.228960  4.141391  0.0   72    9
2.00811503  0.228464  4.123469  0.8  194   47
2.00811402  0.229559  4.163076  0.4  192   47
2.00816332  0.223939  3.961742  1.5  199   48
2.00816385  0.225180  4.005788  1.4  192   45
2.00819582  0.230560  4.199468  1.8  284   51
2.00819907  0.232778  4.280647  3.3  295   58
2.00823881  0.230693  4.204326  2.7  295   42
2.00823818  0.230907  4.212138  2.4  294   44
2.00827616  0.228763  4.134258  0.5   64   67
2.00828638  0.231044  4.217123  0.6  180   27
2.00831514  0.231370  4.229026  0.8  208  -43
2.00833551  0.231585  4.236899  0.0   20  -18
2.00838112  0.233558  4.309405  2.1   53  -70
2.00838606  0.227704  4.096083  0.8  288  -58
2.00842446  0.226599  4.056416  2.6  193  -59
2.00842810  0.227067  4.073191  3.3  183  -65
2.00842534  0.226117  4.039200  3.3  206  -70
2.00848098  0.223350  3.940931  0.2  292   67
2.00848211  0.222883  3.924461  0.5  275   66
2.00853379  0.232225  4.260333  1.9   66   51
2.00853351  0.231029  4.216564  0.0  293   62
2.00855807  0.229172  4.149050  0.7  310   -4
2.00855849  0.223463  3.944933  0.2  128  -12
2.00863370  0.224630  3.986235  0.7  175  -72
2.00863435  0.225488  4.016730  1.0  172  -71
2.00860585  0.227110  4.074740  0.0  283   21
2.00867871  0.217525  3.738068  0.1  197  -44
2.00867945  0.216557  3.704865  0.1   16  -34
2.00868769  0.227537  4.090069  1.4  194  -56
2.00873469  0.232596  4.273987  0.3  177   11
2.00874420  0.231272  4.225470  1.9  296  -44
2.00879290  0.218035  3.755588  2.0  125   58
2.00879079  0.220269  3.832960  1.5   66   69
2.00880981  0.235003  4.362891  0.5  103  -33
2.00886716  0.232050  4.253939  2.3  192  -12
2.00886654  0.228644  4.129964  0.0  192  -15
2.00886677  0.231611  4.237840  2.0   12    1
2.00893083  0.235783  4.391888  0.9  284  -22
2.00893295  0.232025  4.253013  0.2  101  -33
2.00893248  0.232984  4.288239  0.7  103  -26
2.00896274  0.234693  4.351396  0.0   54  -49
2.00900168  0.228101  4.110357  0.4  277  -66
2.00900174  0.228017  4.107346  0.6   78  -69
2.00900667  0.230981  4.214827  3.9  200  -43
2.00904002  0.232475  4.269533  0.6   59   61
2.00911094  0.233413  4.304059  1.2   55  -53
2.00909860  0.232664  4.276488  0.1  305  -47
2.00911588  0.226840  4.065065  0.0  318  -73
2.00911699  0.228328  4.118566  0.0  319  -80
2.00916107  0.236121  4.404492  0.0   12   -7
2.00918299  0.235705  4.388990  0.7  105   30
2.00918990  0.238276  4.485253  1.9  316  -54
2.00923949  0.241723  4.615960  0.3   52   82
2.00927416  0.232481  4.269748  0.6  181  -45
2.00929886  0.228906  4.139435  0.0  301   36
2.00930479  0.228864  4.137932  1.0  308   42
2.00929822  0.227064  4.073072  0.2  297   32
2.00930045  0.232798  4.281383  0.4    7   56
2.00935165  0.229985  4.178555  0.0  169   66
2.00936770  0.231675  4.240194  0.3  156   63
2.00941027  0.235622  4.385911  0.8   90   58
2.00941542  0.229297  4.153585  0.2  341   64
2.00942033  0.237655  4.461898  1.8  176   67
2.00947350  0.236859  4.432061  3.3  329   59
2.00947004  0.236623  4.423260  3.8  287  108
2.00949964  0.235586  4.384577  0.2   35   42
2.00951415  0.229057  4.144890  0.1  195  -77
2.00955842  0.225038  4.000728  0.0  149  -56
2.00956315  0.227732  4.097087  0.5  304  -46
2.00956411  0.228707  4.132245  0.0  304  -44
2.00959951  0.234836  4.356687  0.9  322  -49
2.00963935  0.236240  4.408935  0.2  192  -19
2.00964261  0.235582  4.384427  0.5   88  -69
2.00968515  0.229861  4.174041  1.1  202   40
2.00968501  0.229151  4.148301  0.4  202   42
2.00972910  0.228896  4.139066  0.6   56   62
2.00972978  0.228138  4.111712  0.6   49   58
2.00976750  0.229860  4.174023  5.2  320  -32
2.00976475  0.233749  4.316449  5.2  318  -29
2.00982344  0.222136  3.898217  0.2  336   -4
2.00984961  0.223334  3.940368  0.0  114   50
2.00984963  0.223861  3.958971  0.0  114   50
2.00985003  0.225734  4.025505  1.8  277   54
2.00987884  0.233960  4.324235  2.0  173    8
2.00993279  0.229673  4.167233  0.1  323   83
2.00995038  0.225422  4.014407  3.0  310  -46
2.00994952  0.223773  3.955874  1.5  311  -44
2.00996143  0.224347  3.976178  0.1   75  -30
2.01000461  0.230252  4.188257  0.3  355  -36
2.01004415  0.231405  4.230315  1.0  162   34
2.01004529  0.226790  4.063271  0.5  304   50
2.01004409  0.229370  4.156219  0.7  291   59
2.01008154  0.228297  4.117426  0.6  194  -48
2.01010652  0.233583  4.310327  3.3   30   -7
2.01011358  0.231496  4.233653  3.3   36  -16
2.01014924  0.234099  4.329387  1.7   61  -72
2.01015404  0.236770  4.428732  1.1  236 -108
2.01019421  0.237361  4.450890  0.7  295  -62
2.01022394  0.236112  4.404176  0.3   44  -24
2.01023158  0.236111  4.404129  2.0  306  -42
2.01023833  0.234299  4.336768  0.8  104  -49
2.01026813  0.238787  4.504527  2.9  324  -44
2.01029881  0.242490  4.645328  1.9  307  -44
2.01034605  0.238983  4.511907  0.9   78   63
2.01035504  0.236677  4.425253  0.5  127   68
2.01035524  0.242074  4.629372  1.5   34   60
2.01038911  0.231925  4.249355  0.4   44   49
2.01039014  0.230973  4.214550  0.4   41   54
2.01041140  0.238395  4.489737  1.4  321  -59
2.01044230  0.234861  4.357610  0.7    9   33
2.01049592  0.235063  4.365112  0.8  198   55
2.01050863  0.230281  4.189314  0.2   19   53
2.01051528  0.227862  4.101761  0.1  178   41
2.01051969  0.230878  4.211079  1.2  330   58
2.01055922  0.230565  4.199639  0.1    4   37
2.01058035  0.229577  4.163754  0.0  225  -51
2.01059351  0.232652  4.276024  2.8   24  -49
2.01060777  0.233829  4.319393  2.2  289   62
2.01063801  0.237122  4.441936  3.3  299   31
2.01065617  0.235917  4.396905  0.6   21  -13
2.01069640  0.235494  4.381121  1.6  194   20
2.01075123  0.225678  4.023504  0.0   10   56
2.01075622  0.229434  4.158561  0.0  347   61
2.01075699  0.222919  3.925735  0.1  187  -70
2.01075977  0.222864  3.923792  0.2  289  -45
2.01079500  0.230047  4.180799  0.7   65  -48
2.01079499  0.230013  4.179586  0.3   65  -51
2.01083609  0.234398  4.340437  1.2  186  -56
2.01088430  0.234979  4.362010  0.4  191   20
2.01088311  0.231705  4.241277  0.6  296   31
2.01090121  0.234824  4.356224  0.1  286   74
2.01092807  0.235255  4.372239  3.3   59  -38
2.01095826  0.232551  4.272335  3.7   86   48
2.01097465  0.230224  4.187248  2.5  101   41
2.01098863  0.228112  4.110779  2.0  273   58
2.01099074  0.226105  4.038770  0.6  104   54
2.01103225  0.236215  4.408018  1.3  177  -22
2.01107357  0.229625  4.165466  4.0   84   52
2.01107253  0.229600  4.164561  2.7  246   54
2.01108696  0.228495  4.124593  5.2  198   60
2.01108784  0.229018  4.143474  4.8  195   62
2.01114914  0.232842  4.283020  0.2  185    2
2.01115976  0.234969  4.361608  1.2  183  -20
2.01121151  0.230619  4.201619  1.0  172    5
2.01121413  0.229618  4.165241  1.0  171   12
2.01121699  0.229214  4.150574  9.1  168    9
2.01124994  0.233704  4.314800  0.1  300   52
2.01126767  0.235965  4.398666  0.9  164  -21
2.01129640  0.238993  4.512310  0.0  300   70
2.01133576  0.226949  4.068944  6.4    7    3
2.01134023  0.224255  3.972949  6.3  186  -14
2.01137597  0.223273  3.938200  0.1   76   80
2.01137933  0.225279  4.009308  0.2  207   74
2.01137624  0.224752  3.990548  0.2   56   82
2.01139056  0.234704  4.351779  0.6  169   52
2.01148201  0.214718  3.642191  7.9   98  -44
2.01148515  0.213432  3.598714  7.5  290  -41
2.01148429  0.214202  3.624720  7.8  296  -43
2.01149518  0.226549  4.054633 10.0  288  -29
2.01152397  0.233580  4.310219  0.8  101  -63
2.01153035  0.235105  4.366674  0.6  137   65
2.01157770  0.237372  4.451292  0.2  190   34
2.01160570  0.232610  4.274472  1.0  274    3
2.01160720  0.229450  4.159132  0.1  274    5
2.01165900  0.228277  4.116710  0.1  325   62
2.01165806  0.231331  4.227625  0.4  164   55
2.01165910  0.229894  4.175245  0.0  169   54
2.01171775  0.228718  4.132653  5.0  322    6
2.01171823  0.228430  4.122235  3.5  320   10
2.01171856  0.228868  4.138075  3.7  318   13
2.01174215  0.233354  4.301889  0.0  277    8
2.01180117  0.233132  4.293695  0.2   49  -62
2.01183889  0.228000  4.106732  3.0   94   58
2.01184388  0.219592  3.809428  5.2   48   53
2.01184493  0.219409  3.803074  5.5   44   57
2.01188450  0.224982  3.998725  7.0  306   47
2.01191865  0.224189  3.970609  4.2  140   60
2.01191705  0.223717  3.953890  3.5   48   85
2.01191669  0.223521  3.946974  3.8  156   69
2.01197352  0.231698  4.241049  0.2   25  -34
2.01197351  0.230289  4.189609  0.2  208  -55
2.01199572  0.236623  4.423234  0.5   47    7
2.01202232  0.237994  4.474665  0.4  291  -60
2.01204729  0.234194  4.332895  3.4  145   21
2.01206682  0.229634  4.165812  0.3  286  -46
2.01210396  0.228155  4.112317  3.6  224  -64
2.01210810  0.227254  4.079895  3.4  193  -69
2.01214121  0.225481  4.016492  0.1   96   73
2.01214372  0.226827  4.064593  0.0   50   79
2.01217596  0.229794  4.171634  6.9  150  -29
2.01221734  0.223622  3.950531  1.9  127   51
2.01222529  0.218059  3.756412  0.6  188   53
2.01223453  0.223020  3.929302  0.9  352   49
2.01225564  0.226769  4.062493  0.1   46  -34
2.01228765  0.224813  3.992726  0.0  201  -10
2.01231230  0.218962  3.787594  0.0  293  -55
2.01231173  0.225472  4.016158  0.8  112  -51
2.01232516  0.223017  3.929191  0.1  330  -53
2.01238342  0.231070  4.218088  0.2  168  -51
2.01239089  0.231925  4.249350  0.2    4  -32
2.01241424  0.228139  4.111751  0.3  300  -45
2.01241268  0.227051  4.072606  1.7  317  -44
2.01245393  0.239169  4.518962  2.4  196  -17
2.01248146  0.218986  3.788434  0.0  177  -78
2.01248235  0.224594  3.984970  0.1   14  -56
2.01250156  0.231567  4.236247  0.5  296  -52
2.01253645  0.236245  4.409130  1.0  296   71
2.01257853  0.236641  4.423908  0.8  176  -10
2.01259035  0.234638  4.349359  1.4  360  -16
2.01260391  0.236482  4.417963  0.6  189  -29
2.01263813  0.232850  4.283318  0.3  187   38
2.01263160  0.232038  4.253485  0.1   25   60
2.01268963  0.217328  3.731283  1.0  269   44
2.01269257  0.210307  3.494083  0.2  262   42
2.01270959  0.214027  3.618802  0.3   85   58
2.01272114  0.218574  3.774178  0.1  292   68
2.01273600  0.221725  3.883810  0.1  157   54
2.01278706  0.222425  3.908361  0.3  327   64
2.01280341  0.219185  3.795328  0.3   39  -28
2.01286384  0.217068  3.722379  3.1  345  -25
2.01286949  0.214375  3.630591  1.0  165  -40
2.01286951  0.214707  3.641817  3.0  166  -41
2.01286784  0.216874  3.715721  3.0  348  -28
2.01292252  0.225056  4.001377  0.3  348  -14
2.01293931  0.218794  3.781805  0.9  328  -19
2.01295899  0.220377  3.836725  1.1  317  -70
2.01296280  0.226096  4.038426  0.3   48   81
2.01299293  0.230866  4.210620  1.8  197    8
2.01301371  0.231743  4.242688  0.0   58  -27
2.01304663  0.223818  3.957471  0.1  287  -66
2.01304644  0.220353  3.835877  0.2   87  -75
2.01306032  0.227874  4.102197  1.3  329  -49
2.01310385  0.229976  4.178210  2.6  301   61
2.01311818  0.228277  4.116708  2.0  302   18
2.01312130  0.232254  4.261421  5.6  318   -4
2.01318664  0.229113  4.146935  1.3   20    7
2.01318595  0.229236  4.151400  1.6  199   -3
2.01321704  0.228175  4.113059  0.6   95    6
2.01322976  0.238873  4.507760  0.1   39   80
2.01325671  0.232101  4.255786  0.0  295  -65
2.01326245  0.231396  4.229997  0.1   79  -56
2.01331875  0.231802  4.244841  1.0    8  -37
2.01332210  0.214899  3.648347  0.5  186  -52
2.01332600  0.210087  3.486782  0.0  192  -56
2.01337241  0.226267  4.044559  0.1   94   68
2.01333878  0.222913  3.925525  0.6  129  -58
2.01339535  0.232110  4.256137  0.1  296  -47
2.01341871  0.232821  4.282249  0.8  186  -38
2.01344771  0.231190  4.222461  1.3  321  -41
2.01346046  0.231105  4.219335  0.2  176   60
2.01349226  0.235945  4.397933  1.4    2   34
2.01354346  0.221238  3.866752  2.7  301   39
2.01354813  0.220905  3.855125  0.5  160   59
2.01354799  0.220555  3.842909  0.4  161   61
2.01354788  0.217953  3.752771  0.0  159   63
2.01355578  0.226847  4.065316  0.5  246   40
2.01363390  0.229066  4.145231  1.2  154  -62
2.01364461  0.225862  4.030095  0.0   93  -34
2.01367322  0.226745  4.061635  3.6   70   11
2.01366801  0.226503  4.052968  3.4   74    2
2.01369168  0.225782  4.027211  3.4  108  -15
2.01372695  0.231614  4.237965  4.4  300   45
2.01379042  0.229046  4.144505  0.2  203  -36
2.01378284  0.232481  4.269740  0.2   68   87
2.01379186  0.229234  4.151315  0.6   21  -24
2.01382402  0.226354  4.047641  0.4   41  -64
2.01382720  0.227300  4.081552  1.5   55  -55
2.01387608  0.226420  4.050015  0.2   24  -49
2.01387489  0.224606  3.985395  0.1  206  -58
2.01388819  0.228479  4.124001  0.0   64  -59
2.01394749  0.229931  4.176601  2.8  313  -28
2.01394216  0.230924  4.212754  1.3  307  -48
2.01394767  0.229640  4.166028  2.2  317  -43
2.01400421  0.226124  4.039422  0.0  277   50
2.01400184  0.228681  4.131305  2.7  287   49
2.01400113  0.228348  4.119295  2.2  291   54
2.01406567  0.234015  4.326267  0.3   95   27
2.01406764  0.233887  4.321532  0.0  280   61
2.01410578  0.234145  4.331083  0.4   25  -62
2.01411326  0.233186  4.295683  0.1  200  -76
2.01414919  0.228871  4.138178  0.1  257  -63
2.01418502  0.226431  4.050416  2.2  356   53
2.01419357  0.228396  4.121032  1.5   30   72
2.01419820  0.226528  4.053891  0.9  194   63
2.01419775  0.227784  4.098976  0.8   11   73
2.01422011  0.231943  4.250005  0.4  109   34
2.01427437  0.232246  4.261124  3.9  295  -40
2.01427201  0.233802  4.318395  3.8  314  -53
2.01433802  0.233383  4.302929  0.1  286  -66
2.01437347  0.226554  4.054824  1.3  113   41
2.01437366  0.226993  4.070552  1.5  112   40
2.01438733  0.223708  3.953564  2.0   64   82
2.01438863  0.225558  4.019231  2.7   31   79
2.01438502  0.224749  3.990445  0.1   93   36
2.01441763  0.232756  4.279840  0.5  306  137
2.01444922  0.234092  4.329144  1.3  293   49
2.01449451  0.223837  3.958146  0.5   98   57
2.01451423  0.219738  3.814505  0.0   20   33
2.01451579  0.220193  3.830326  0.1   17   32
2.01455942  0.222877  3.924263  3.5  298   40
2.01455931  0.223716  3.953862  4.1  270   49
2.01457068  0.224078  3.966677  3.3  154   41
2.01463575  0.223697  3.953171  0.8  194   25
2.01463550  0.222701  3.918058  0.4  193   27
2.01464562  0.222472  3.910001  1.1   19  -13
2.01470199  0.223406  3.942921  0.4  335  -26
2.01472104  0.216713  3.710202  0.2  152  -60
2.01472400  0.217024  3.720859  0.6  305  -54
2.01472448  0.213231  3.591926  0.4  125  -54
2.01476150  0.224951  3.997650  0.1    8    2
2.01477437  0.228872  4.138215  0.0    6  -28
2.01480637  0.230499  4.197241  0.0  286   59
2.01482387  0.236538  4.420055  0.2  273   30
2.01482938  0.236125  4.404648  0.5   15   62
2.01488817  0.229800  4.171823  0.9  119  -36
2.01489028  0.226220  4.042863  0.1  207  -68
2.01489227  0.228428  4.122181  0.7   91  -44
2.01495081  0.237536  4.457442  0.3  160  -67
2.01495347  0.233755  4.316676  0.1  276  -13
2.01497317  0.234755  4.353695  0.1   59  -66
2.01497020  0.234763  4.353977  2.1  186  -36
2.01503863  0.230747  4.206292  0.7  328   81
2.01503770  0.230102  4.182791  2.5  298   81
2.01508453  0.236957  4.435732  2.5  188  -39
2.01507788  0.229944  4.177076  0.1  321  -47
2.01512671  0.227347  4.083247  0.0  288   97
2.01513401  0.230724  4.205439  0.0  315   60
2.01515744  0.231562  4.236049  0.0   37   77
2.01515769  0.230154  4.184681  0.0   38   77
2.01521437  0.229319  4.154397  0.0    1   16
2.01522392  0.223488  3.945787  1.0  301   66
2.01522478  0.222935  3.926287  0.6  299   65
2.01525822  0.228989  4.142434  0.2   76   63
2.01528933  0.231376  4.229260  0.2  210   47
2.01529740  0.231122  4.219980  4.4  350  -25
2.01534590  0.228411  4.121568  1.5   50   55
2.01535256  0.228277  4.116734  4.0  200   21
2.01540849  0.223831  3.957911  0.0   60  -83
2.01540918  0.225191  4.006151  0.4  328  -69
2.01540801  0.223104  3.932247  0.0   81  -72
2.01544966  0.236073  4.402716  0.2  246  -47
2.01548334  0.230612  4.201380  2.8  179  -33
2.01548405  0.228400  4.121162  1.2  177  -33
2.01548405  0.228366  4.119914  1.2  177  -33
2.01552714  0.229706  4.168431  0.0  103  -69
2.01554055  0.231862  4.247021  0.0  190   96
2.01556712  0.234313  4.337306  0.1  193   53
2.01558023  0.232579  4.273354  0.0  177   16
2.01561977  0.226910  4.067549  0.1  104   40
2.01562217  0.227251  4.079805  0.0  102   42
2.01566642  0.226062  4.037228  0.0   93   52
2.01567183  0.226564  4.055167  0.2  176   27
2.01566452  0.231592  4.237160  0.6  272   52
2.01571732  0.230560  4.199467  0.0   59  -85
2.01573872  0.232381  4.266056  0.2  186   56
2.01575610  0.220780  3.850754  0.0    4   47
2.01576997  0.227456  4.087157  1.0  290   -8
2.01582217  0.221537  3.877196  0.1  117   57
2.01582553  0.218885  3.784928  0.0  103   91
2.01582132  0.220957  3.856952  0.1    0   88
2.01583747  0.230354  4.191983  0.9  166   61
2.01590119  0.229852  4.173733  0.0  194  -46
2.01591531  0.226500  4.052862  0.1   55  -71
2.01591668  0.226690  4.059684  0.0  289  -67
2.01595475  0.229575  4.163658  0.2  185   58
2.01598608  0.230004  4.179258  0.0  309   77
2.01599884  0.231896  4.248269  0.0  158  -70
2.01601052  0.234367  4.339290  1.0  291  -13
2.01604781  0.229268  4.152547  0.4   70   87
2.01605015  0.230749  4.206353  0.0   44   85
2.01608461  0.237414  4.452878  0.2   34   69
2.01610034  0.234291  4.336485  0.6  188    4
2.01613102  0.228279  4.116795  0.0  309  -66
2.01616135  0.232928  4.286175  0.3  348  -28
2.01615960  0.234244  4.334733  0.1  327  -49
2.01622283  0.231020  4.216259  2.2  327   15
2.01622749  0.218803  3.782113  0.0  352  -76
2.01622500  0.222695  3.917854  0.0  202  -89
2.01622650  0.224165  3.969737  0.1  236  -88
2.01629523  0.228028  4.107760  2.2  155  -78
2.01629762  0.225649  4.022478  0.8    8  -57
2.01631251  0.230833  4.209413  0.1  201  -12
2.01635810  0.237617  4.460485  1.6  191   43
2.01636965  0.231286  4.225975  0.0   37   80
2.01637121  0.233524  4.308154  0.0   42   79
2.01642060  0.232711  4.278204  0.2  179   46
2.01643516  0.231341  4.227983  0.7  144   52
2.01645937  0.231799  4.244745  0.2    9   49
2.01649223  0.219838  3.817981  1.4  201   31
2.01649705  0.218541  3.773060  1.3  192   40
2.01649980  0.218247  3.762893  1.4   28   45
2.01649937  0.221267  3.867756  1.9  194   28
2.01656364  0.231718  4.241758  0.8  342   10
2.01657107  0.232358  4.265239  0.4  162   -3
2.01660102  0.232314  4.263600  7.1  106    8
2.01660096  0.232484  4.269854  7.1  107    8
2.01664527  0.225320  4.010760  0.0  311  -60
2.01665932  0.225932  4.032581  0.0  318  -63
2.01671650  0.223635  3.950987  0.0  278   68
2.01671528  0.229209  4.150400  0.2  299   70
2.01671751  0.225677  4.023479  0.1  260   71
2.01676208  0.227418  4.085800  3.8  346  -20
2.01676941  0.222329  3.904972  0.1  204  -59
2.01676800  0.230793  4.207970  0.0  311  -82
2.01682314  0.225535  4.018421  0.1  190   14
2.01683962  0.233279  4.299091  0.0  296  -63
2.01686338  0.228393  4.120918  0.7  183  -55
2.01687543  0.230641  4.202428  0.9   74  -75
2.01692602  0.233233  4.297413  3.1  110   24
2.01693936  0.227214  4.078486  0.1  180  -17
2.01695110  0.231512  4.234215  2.6   11  -19
2.01698197  0.232678  4.276974  1.0  187   65
2.01699373  0.231062  4.217790  1.0   31   43
2.01699434  0.228274  4.116625  0.8  194   40
2.01706014  0.233310  4.300244  3.0  303  -32
2.01706821  0.231476  4.232927  1.1   18  -64
2.01708419  0.231269  4.225347  2.6  279  -47
2.01713862  0.219501  3.806291  0.3  343    8
2.01713917  0.218044  3.755924  0.1  163   -4
2.01712870  0.224828  3.993271  1.6  162   -4
2.01719061  0.237325  4.449516  0.9   49  -91
2.01718959  0.236351  4.413076  1.1  162  -58
2.01720414  0.234301  4.336846  1.0  281   52
2.01725234  0.238929  4.509867  4.5  194   21
2.01726613  0.232184  4.258859  1.2  186   64
2.01727149  0.231433  4.231352  2.8  356   49
2.01727172  0.228496  4.124633  3.3  172   37
2.01732747  0.224997  3.999280  1.5  335   -1
2.01733426  0.228086  4.109849  1.7  165  -11
2.01733204  0.224240  3.972392  0.1  149  -17
2.01739141  0.225936  4.032735  0.2  193  111
2.01739603  0.226820  4.064336  0.1  266   69
2.01739435  0.228916  4.139792  0.9  121   63
2.01746238  0.225776  4.027002  0.1  172  -29
2.01746823  0.230657  4.203000  0.5  179  -17
2.01747256  0.226700  4.060029  0.2  312  -63
2.01753579  0.230215  4.186912  1.0  165  -55
2.01752253  0.232257  4.261536  1.2   19   29
2.01754278  0.231309  4.226820  2.7  308  -58
2.01759311  0.231040  4.216962  0.1  282  -40
2.01759576  0.233136  4.293830  0.2  109  -45
2.01761755  0.231704  4.241250  0.0  163   63
2.01765141  0.233296  4.299751  1.0   50  -25
2.01766517  0.237142  4.442654  0.0   23  -13
2.01771529  0.229011  4.143223  1.0  294   50
2.01771556  0.224015  3.964434  0.4  118   50
2.01771707  0.223732  3.954414  0.0  277   54
2.01771769  0.228379  4.120388  0.1  273   58
2.01775954  0.237105  4.441285  0.1  192  -10
2.01779656  0.235556  4.383431  0.3    1  -44
2.01782839  0.236957  4.435724  0.2    0  -21
2.01783961  0.236266  4.409898  0.8   61  -55
2.01787708  0.231508  4.234074  4.2  174  -52
2.01787646  0.232315  4.263668  0.0  176  -49
2.01790773  0.228172  4.112943  7.6  118  -40
2.01790749  0.227979  4.105995  7.8  118  -39
2.01796066  0.231768  4.243581  0.4  296   39
2.01796901  0.234035  4.327007  1.5   52   55
2.01797166  0.230993  4.215249  0.2  292   43
2.01801043  0.234635  4.349243  0.6   37   40
2.01803096  0.233604  4.311079  0.5  281   82
2.01805385  0.235627  4.386088  0.2   47   73
2.01808932  0.235380  4.376897  1.7  175   29
2.01811464  0.225446  4.015238  0.2  145  -57
2.01811767  0.223870  3.959306  0.4  150  -64
2.01811406  0.229656  4.166601  0.3  224  -80
2.01815844  0.230839  4.209634  0.0    3   84
2.01819767  0.232534  4.271681  0.0   52   74
2.01823122  0.220031  3.824687  0.0  156  -68
2.01823358  0.221322  3.869694  0.1  168  -65
2.01823254  0.219866  3.818933  0.0  186  -68
2.01828155  0.230505  4.197457  0.2  182   87
2.01828306  0.231268  4.225316  0.3    6   -9
2.01835132  0.230599  4.200890  0.9  221   61
2.01834711  0.228763  4.134281  0.1   53   73
2.01835016  0.227311  4.081968  1.2   17   62
2.01839843  0.225075  4.002028  0.4    4   17
2.01841141  0.220773  3.850508  0.6    8  -16
2.01842427  0.218081  3.757191  0.2  186  -59
2.01842516  0.227968  4.105572  0.1  319  -65
2.01844990  0.235182  4.369544  0.0  201  -31
2.01848169  0.230346  4.191666  0.1   25   21
2.01853514  0.218853  3.783838  0.6   25  -75
2.01853751  0.219815  3.817167  0.1  174  -94
2.01853688  0.219492  3.805972  0.7  325  -79
2.01854248  0.225174  4.005557  1.4  216  -66
2.01860297  0.224530  3.982682  0.1  286   29
2.01860391  0.227375  4.084260  1.0  284   30
2.01864197  0.231829  4.245843  0.3  288   51
2.01867375  0.235932  4.397461  1.2   77   -3
2.01868382  0.231630  4.238527  0.2   79   12
2.01868710  0.231106  4.219404  0.0  257   18
2.01873982  0.227714  4.096447  3.1   11   71
2.01874012  0.224847  3.993927  2.8   14   67
2.01874352  0.225845  4.029480  3.5   13   65
2.01880262  0.228740  4.133426  0.1   94   32
2.01881806  0.221778  3.885663  0.3  193   46
2.01881720  0.228062  4.108954  1.2  262   65
2.01886636  0.226594  4.056246  0.2  300   68
2.01886212  0.220669  3.846884  0.0  288  119
2.01892030  0.226897  4.067089  0.1  274  -13
2.01893187  0.226010  4.035370  0.1  260    0
2.01895004  0.221100  3.861937  1.0  265   54
2.01896924  0.226781  4.062929  0.1   64  -55
2.01896746  0.227636  4.093632  0.5  208  -67
2.01900050  0.237050  4.439212  0.5   27   11
2.01901568  0.231751  4.242987  0.1   22   11
2.01905264  0.227750  4.097718  0.2  311  -60
2.01909217  0.224968  3.998227  0.0  271 -112
2.01909556  0.226314  4.046227  0.0  313  -66
2.01910017  0.226694  4.059822  0.0  312  -67
2.01913875  0.229340  4.155147  0.5   13  -34
2.01918388  0.231064  4.217854  0.8   81   74
2.01919062  0.228327  4.118523  0.9   82   73
2.01919026  0.229137  4.147808  2.7   23   62
2.01922476  0.236289  4.410762  4.9  188  -30
2.01922471  0.236805  4.430038  1.0  188  -30
2.01929119  0.225287  4.009598  0.7  299   57
2.01929214  0.222067  3.895784  1.0  288   64
2.01933645  0.223434  3.943883  0.0  280   52
2.01933714  0.226527  4.053844  1.0  103   57
2.01933782  0.223800  3.956814  0.1   63   58
2.01936436  0.231407  4.230390  0.7  164   46
2.01941485  0.231874  4.247478  0.3  105  -14
2.01943349  0.231082  4.218529  2.3  359  -26
2.01943397  0.230732  4.205759  1.7  181  -40
2.01947082  0.231152  4.221062  0.0  170  -48
2.01948161  0.230336  4.191321  1.0  121  -35
2.01950509  0.236631  4.423559  0.4  348  -36
2.01952521  0.232563  4.272773  0.2   89  -56
2.01956485  0.231459  4.232300  0.0  288  -62
2.01956420  0.230620  4.201673  0.3   72  -57
2.01958605  0.227922  4.103914  0.0  289   53
2.01961277  0.228020  4.107469  1.0  204  -48
2.01961605  0.233857  4.320451  2.2  231  -70
2.01967161  0.234632  4.349131  1.4   44   60
2.01967810  0.237894  4.470881  1.6  165   76
2.01970405  0.238576  4.496551  3.7  308   41
2.01973831  0.234553  4.346189  0.1  285  -61
2.01975803  0.229986  4.178609  0.8  273   51
2.01978136  0.226367  4.048113  0.1   61  -67
2.01978371  0.219722  3.813926  0.1  313  -59
2.01981530  0.232877  4.284322  2.2  331  -50
2.01986604  0.232701  4.277842  0.5  124   36
2.01986853  0.231322  4.227291  0.4  112   39
2.01990416  0.231214  4.223334  1.3  281  -41
2.01990797  0.225763  4.026556  2.4  298  -36
2.01990668  0.225683  4.023682  1.8  289  -43
2.01992365  0.233647  4.312684  0.7  288   53
2.01997915  0.235509  4.381703  0.0   42   51
2.01999544  0.237435  4.453637  0.7  191   70
2.02004067  0.220149  3.828766  5.3  298    1
2.02005045  0.227046  4.072440  6.8  115   -2
2.02004668  0.219880  3.819416  5.6  294    3
2.02004824  0.228998  4.142751  2.9  195    4
2.02012182  0.223197  3.935543  1.3  280   65
2.02013084  0.222246  3.902054  1.3  271   49
2.02012604  0.223612  3.950180  1.7  288   61
2.02014271  0.225343  4.011591  0.1  198   70
2.02018520  0.221096  3.861806  0.1   69   58
2.02022235  0.229495  4.160774  0.1  278   56
2.02024618  0.230178  4.185587  0.1  285   44
2.02025366  0.229414  4.157840  0.3  304   16
2.02026517  0.229319  4.154388  0.0   70   18
2.02028733  0.230397  4.193521  0.1   49    9
2.02032312  0.229137  4.147791  0.6  181   43
2.02032429  0.228579  4.127615  0.6  177   40
2.02038443  0.227181  4.077291  1.8  174  -53
2.02039371  0.224767  3.991098  0.2   40  -60
2.02040357  0.224333  3.975710  1.1   35  -52
2.02040194  0.225999  4.034975  0.8  220  -73
2.02044787  0.226220  4.042861  0.6  288   54
2.02045232  0.221629  3.880431  0.1  151   23
2.02048773  0.227254  4.079920  0.4  297   55
2.02048931  0.235803  4.392624  0.7  256   74
2.02054694  0.228724  4.132842  1.9  158  -55
2.02054623  0.229351  4.155561  0.3  189  -62
2.02059417  0.225823  4.028698  0.4  144  -55
2.02059510  0.225909  4.031740  0.3   50  -44
2.02063764  0.228210  4.114289  0.8  257 -118
2.02063761  0.225608  4.021004  0.1   52  -67
2.02067592  0.227623  4.093161  0.2   97  -52
2.02067876  0.226518  4.053521  0.6  295  -42
2.02072393  0.215569  3.671139  0.3  298  -45
2.02072307  0.215406  3.665568  2.6   92  -52
2.02073534  0.220624  3.845309  0.4   95  -80
2.02077187  0.230470  4.196185  0.2  179  -52
2.02079341  0.229479  4.160195  0.3   11  -17
2.02080275  0.236376  4.414025  0.7  202  -40
2.02085998  0.237591  4.459510  0.3  106   37
2.02086969  0.235191  4.369874  3.1  121   36
2.02087173  0.234370  4.339432  2.8  291   49
2.02091952  0.231898  4.248347  1.3   76   63
2.02092050  0.231196  4.222676  0.5   54   56
2.02096007  0.226736  4.061339  0.2  208   58
2.02096136  0.230981  4.214836  1.1   55   68
2.02100454  0.228261  4.116139  1.9  308   54
2.02100422  0.222242  3.901921  0.1  284   55
2.02104999  0.226038  4.036364  1.9  309   55
2.02104956  0.225659  4.022835  1.6  306   53
2.02106794  0.230095  4.182559  0.7   77  -70
2.02110140  0.228102  4.110402  0.9  202  -59
2.02110151  0.227832  4.100681  0.7  204  -58
2.02113493  0.226174  4.041228  3.2  302   29
2.02118093  0.227251  4.079789  0.7  200   55
2.02118067  0.225338  4.011386  0.0  277   66
2.02119725  0.224466  3.980405  0.2  105  -66
2.02124255  0.231308  4.226766  1.0   97  -44
2.02124293  0.229120  4.147173  2.4  103  -45
2.02127788  0.235072  4.365454  2.5  299  -48
2.02132293  0.228205  4.114138  0.4  247  -90
2.02132512  0.226788  4.063191  1.4  275  -68
2.02132370  0.224126  3.968361  0.3   58  -56
2.02136588  0.227218  4.078623  1.9  105  -40
2.02136360  0.230312  4.190448  0.9  288  -42
2.02136655  0.228362  4.119799  0.9  295  -42
2.02141474  0.239345  4.525584  1.3  104  -50
2.02147109  0.235440  4.379135  0.0  304   75
2.02147231  0.232814  4.281974  0.4   59   82
2.02147387  0.227854  4.101479  0.1  225   53
2.02151985  0.234329  4.337897  0.6  277   47
2.02153056  0.237090  4.440706  0.3   89   40
2.02155902  0.234367  4.339310  1.3  296   37
2.02159274  0.235486  4.380845  2.8  288   46
2.02160133  0.236471  4.417548  2.4  290   57
2.02160150  0.236231  4.408587  1.6  287   53
2.02165421  0.224336  3.975806  0.7   64   68
2.02165356  0.226781  4.062934  2.0   35   75
2.02168734  0.222205  3.900645  1.5   64   70
2.02169026  0.223951  3.962181  2.6   52   63
2.02173193  0.224498  3.981536  0.1  284   36
2.02173274  0.225809  4.028197  0.6  286   46
2.02176110  0.232779  4.280716  2.6  319  -32
2.02181911  0.223863  3.959069  2.5  345   29
2.02181741  0.225132  4.004076  1.9  344   43
2.02186533  0.221743  3.884443  2.5  296   41
2.02186904  0.218659  3.777146  0.1  121   35
2.02186776  0.218530  3.772677  0.1  122   57
2.02192355  0.223842  3.958298  3.1   98  -51
2.02192303  0.222262  3.902619  3.7  110  -49
2.02192398  0.222230  3.901503  3.8  111  -48
2.02196695  0.226247  4.043833  1.2   53  -47
2.02199110  0.228984  4.142259  1.9  170   64
2.02200867  0.231383  4.229521  0.6  189  -58
2.02209385  0.222920  3.925763  1.4  274 -113
2.02205602  0.225344  4.011629  4.5  109  -55
2.02209889  0.217928  3.751917  0.1   87  -52
2.02209421  0.221698  3.882862  1.0  310  -57
2.02214238  0.219361  3.801421  1.4  286  -63
2.02214156  0.219626  3.810602  1.4  290  -58
2.02214327  0.221595  3.879241  1.4   98  -46
2.02217746  0.226175  4.041249  1.3  113  -47
2.02222007  0.232745  4.279435  1.5  161  -55
2.02222405  0.237090  4.440728  2.6   50  -71
2.02226163  0.234941  4.360590  2.4  279  -56
2.02225956  0.234697  4.351548  1.5  205  -58
2.02230453  0.231919  4.249141  0.2  294   71
2.02230805  0.237778  4.466517  2.4  282   62
2.02233382  0.236959  4.435805  3.1  306   32
2.02236288  0.240686  4.576456  0.1  129   19
2.02242960  0.207660  3.406690  0.1   87   46
2.02242618  0.202676  3.245135  0.1  279   50
2.02242751  0.206668  3.374221  0.1  103   50
2.02242590  0.201773  3.216278  0.0  279   49
2.02246355  0.231743  4.242666  1.5   61   56
2.02250362  0.220546  3.842607  0.2   78   87
2.02250111  0.220951  3.856725  0.0  170   77
2.02250338  0.221639  3.880786  0.1   82   74
2.02255644  0.226466  4.051669  0.7   16   16
2.02256496  0.226381  4.048609  0.1  201  -12
2.02259581  0.224373  3.977107  1.5   65  -39
2.02260875  0.226750  4.061814  2.1  257  -49
2.02261494  0.224628  3.986146  1.0  102  -54
2.02269862  0.213992  3.617602  2.7  310  -27
2.02269797  0.213672  3.606819  2.6  124  -35
2.02269907  0.213483  3.600411  2.6  123  -34
2.02270166  0.213739  3.609070  3.4  313  -25
2.02277476  0.225540  4.018587  0.1  154  -72
2.02277408  0.224265  3.973299  0.0  357  -63
2.02277451  0.229328  4.154709  0.5  108  -68
2.02283360  0.234568  4.346753  2.7  316   48
2.02283033  0.232989  4.288409  2.6  155   37
2.02284690  0.232974  4.287871  2.9  162   17
2.02290799  0.226655  4.058441  0.2  226   70
2.02290810  0.222690  3.917676  0.0  258  108
2.02289975  0.225148  4.004636  0.1  110   34
2.02296288  0.236799  4.429818  2.0  112   44
2.02299192  0.227659  4.094448  1.3  357  -35
2.02301779  0.224274  3.973602  2.3  291   75
2.02301574  0.223218  3.936264  2.0  283   60
2.02301710  0.224690  3.988345  2.3  286   62
2.02302968  0.226431  4.050409  2.5  126  -21
2.02308026  0.224755  3.990653  0.7  192   44
2.02310449  0.231364  4.228808  0.0   81   48
2.02312332  0.229110  4.146811  0.0  289  -55
2.02314415  0.230717  4.205205  1.0  339   60
2.02319314  0.227031  4.071887  0.2  284   39
2.02319226  0.229167  4.148885  0.3  289   46
2.02320257  0.231890  4.248079  0.1  269   53
2.02324007  0.225328  4.011043  0.1   86   52
2.02323983  0.228241  4.115439  0.0   45   82
2.02327660  0.223112  3.932537  0.5  286   41
2.02328020  0.230939  4.213277  0.2  271   46
2.02332173  0.222691  3.917724  0.8  271   44
2.02336436  0.221379  3.871676  2.4   84   62
2.02336166  0.221668  3.881796  1.8  275   53
2.02339848  0.226190  4.041804  3.4   19   21
2.02339890  0.226082  4.037917  3.0   19   20
2.02340010  0.226371  4.048273  3.4   20   23
2.02346124  0.229709  4.168523  4.0  274   50
2.02346183  0.227935  4.104402  3.5  275   52
2.02351534  0.217434  3.734937  0.0  279  -53
2.02351392  0.220272  3.833067  0.5   83  -49
2.02355405  0.220244  3.832072  0.6  299  -63
2.02355408  0.220115  3.827586  0.7  186  -51
2.02359488  0.218052  3.756199  1.1  306   23
2.02359813  0.219555  3.808155  0.7  301   23
2.02359676  0.225141  4.004402  1.4  294   20
2.02366020  0.217592  3.740366  0.3   86   89
2.02365951  0.214270  3.627017  0.0   60   83
2.02369879  0.234001  4.325756  1.2  161   39
2.02373277  0.224271  3.973498  0.7  146  -65
2.02373568  0.219939  3.821472  1.0  307  -46
2.02377032  0.216344  3.697584  0.1  197  -56
2.02377082  0.218882  3.784825  0.3  197  -58
2.02378419  0.232794  4.281267  0.7   88  -19
2.02378926  0.236935  4.434933  3.2  279  -11
2.02385331  0.224468  3.980472  0.0  339  -48
2.02384738  0.225271  4.009005  0.3  115  -62
2.02392485  0.230259  4.188520  0.2  316    1
2.02392328  0.235111  4.366882  1.5   16  -22
2.02392756  0.225905  4.031612  0.0  320   -4
2.02396047  0.235693  4.388556  0.0  294  -70
2.02397797  0.233973  4.324723  1.5  164   66
2.02401322  0.229254  4.152047  0.0  216   54
2.02400751  0.234821  4.356146  1.1  103   58
2.02404877  0.239535  4.532789  0.8   53   58
2.02406181  0.238648  4.499267  0.3  204   14
2.02408770  0.228525  4.125654  1.0   76   62
2.02412104  0.236300  4.411195  1.0  287  -60
2.02412320  0.230318  4.190647  2.5  298  -65
2.02414374  0.228956  4.141249  0.0  301   33
2.02417536  0.225399  4.013555  0.3   76   85
2.02418784  0.229240  4.151514  1.7  188   34
2.02424500  0.229454  4.159266  2.0  342  -71
2.02424899  0.221483  3.875326  0.1  182  -49
2.02424572  0.222343  3.905493  0.5   50  -54
2.02428240  0.222095  3.896782  1.0  108  -40
2.02430454  0.226864  4.065906  2.3  296   80
2.02434692  0.229263  4.152369  0.9  272  -64
2.02435366  0.226922  4.067988  0.3  276  -55
2.02436585  0.231489  4.233399  0.2  298  -62
2.02438482  0.232854  4.283443  0.6  192  -57
2.02441495  0.227029  4.071842  0.1  190  -30
2.02444950  0.229066  4.145245  0.4  193  -48
2.02444957  0.229435  4.158578  0.4  193  -48
2.02448204  0.230607  4.201204  0.0  336  -74
2.02452087  0.233687  4.314166  2.4  277  -59
2.02453801  0.230090  4.182380  0.0   17  -12
2.02454095  0.232654  4.276086  0.1  195  -32
2.02459589  0.234968  4.361605  1.0  186  -38
2.02460150  0.233094  4.292288  3.3  185  -41
2.02459656  0.230899  4.211849  0.0  262   75
2.02464785  0.228863  4.137870  1.1  260   45
2.02465249  0.226010  4.035357  0.5   72   58
2.02465691  0.226621  4.057213  0.4  171   58
2.02469405  0.228735  4.133242  2.8  316   66
2.02472470  0.220193  3.830315  0.1  204   -6
2.02475947  0.222783  3.920944  1.8   42    6
2.02476604  0.218022  3.755153  0.0   76  -75
2.02477268  0.223236  3.936928  3.1   54   15
2.02478171  0.224272  3.973543  5.0  241    6
2.02477789  0.224660  3.987299  5.2  234    4
2.02486119  0.237030  4.438490  1.1   17  -12
2.02489422  0.231640  4.238923  2.7   54   -3
2.02489698  0.229173  4.149109  1.3   63   14
2.02490442  0.229435  4.158603  1.1   60   16
2.02490384  0.227728  4.096932  2.5  100  -76
2.02493552  0.234968  4.361578  2.3  143  -66
2.02497322  0.236014  4.400513  0.2  156  -19
2.02498859  0.230372  4.192616  0.1  300  -51
2.02502707  0.227085  4.073849  0.3   59  -55
2.02503262  0.226851  4.065432  0.0  301  -77
2.02506970  0.237297  4.448492  2.1  171  -41
2.02509850  0.225934  4.032654  0.1  311  -58
2.02509830  0.226447  4.050967  0.3  313  -57
2.02514243  0.234440  4.342009  0.2   53  -65
2.02513763  0.241296  4.599688  0.8  313  -59
2.02517441  0.228529  4.125797  0.2  182   62
2.02517410  0.227672  4.094920  0.7   21   65
2.02523727  0.228513  4.125220  0.0  303   86
2.02523655  0.225423  4.014413  0.0  181   66
2.02529840  0.219172  3.794870  0.1  300   37
2.02529911  0.221567  3.878267  0.8  303   30
2.02529841  0.219045  3.790480  0.1  301   35
2.02530301  0.228690  4.131645  1.3  300   21
2.02535013  0.234720  4.352397  0.0   37  -67
2.02538195  0.227396  4.085024  0.6  206  -41
2.02538212  0.226888  4.066768  0.5  208  -43
2.02543187  0.229054  4.144792  6.4  310   23
2.02543725  0.229997  4.178994  5.4  307   20
2.02546649  0.227761  4.098142  1.2  192    9
2.02547422  0.223644  3.951327  0.1   11   11
2.02549153  0.233171  4.295117  0.3   47   69
2.02551532  0.223631  3.950860  0.0  319  -62
2.02551876  0.226793  4.063364  0.7  126  -68
2.02555565  0.236030  4.401112  0.0  190  -71
2.02560617  0.212555  3.569197  0.0  201   22
2.02561261  0.215728  3.676564  0.0  202   18
2.02561024  0.218534  3.772828  0.2  198   28
2.02564833  0.225753  4.026194  0.7  194   59
2.02570397  0.229291  4.153387  3.1  333 -104
2.02572610  0.222264  3.902697  0.4  195   30
2.02572720  0.220848  3.853133  0.2   15   38
2.02573426  0.224571  3.984132  0.2  193   12
2.02576954  0.223839  3.958209  0.1  199   30
2.02577192  0.220176  3.829734  0.0  198   25
2.02580106  0.234921  4.359855  0.1  304  -59
2.02583323  0.227232  4.079128  0.2  292  -51
2.02587685  0.228691  4.131664  0.4   31  -68
2.02587664  0.226794  4.063396  0.5  304  -55
2.02588664  0.228002  4.106825  0.2  200  -76
2.02591076  0.231494  4.233573  2.8  294   50
2.02591442  0.233438  4.304962  2.7   29   61
2.02593767  0.235646  4.386780  1.0  332  -70
2.02597097  0.231868  4.247242  0.2  195  -49
2.02602568  0.232317  4.263717  0.6  214   58
2.02602921  0.231736  4.242427  0.1  184  -82
2.02603399  0.237043  4.438977  1.4   98   57
2.02609263  0.231019  4.216225  0.0  154  -81
2.02609417  0.225221  4.007218  0.0  298  -52
2.02609646  0.226000  4.035002  0.2  308  -54
2.02613147  0.227601  4.092362  1.0  286   38
2.02616888  0.224137  3.968761  0.7  319   51
2.02616434  0.227154  4.076315  0.0  297   55
2.02621157  0.235652  4.387034  2.0  317   50
2.02625388  0.229255  4.152078  0.3  292  -31
2.02628397  0.226043  4.036532  4.8  280   11
2.02628975  0.224074  3.966521  4.2  279   12
2.02628699  0.223676  3.952440  2.7  277   11
2.02629102  0.225784  4.027302  4.6  103    9
2.02632625  0.226319  4.046412  4.4  211  -41
2.02632527  0.227515  4.089269  4.8  211  -45
2.02639816  0.221479  3.875168  4.8  209   37
2.02640023  0.221622  3.880202  5.5   32   43
2.02643894  0.215641  3.673568  1.1   63   72
2.02644408  0.217113  3.723916  0.7  212   69
2.02645016  0.222237  3.901752  0.6  308  -48
2.02653315  0.224162  3.969632  3.5  264   57
2.02648041  0.228615  4.128934  3.5  324  -50
2.02651351  0.220710  3.848311  0.2  296   36
2.02656540  0.222332  3.905102  4.8  190   55
2.02656283  0.222056  3.895398  2.9  112   56
2.02660079  0.218289  3.764352  0.8  157   -6
2.02660284  0.224120  3.968163  1.0   61    1
2.02660488  0.218836  3.783234  1.2  337    4
2.02664556  0.222143  3.898456  0.7   28   57
2.02669622  0.212935  3.581951  2.7  250  -66
2.02670590  0.213393  3.597391  3.2   53  -53
2.02671147  0.215512  3.669205  2.5   60  -50
2.02674003  0.220595  3.844320  0.3   66  -12
2.02674777  0.222461  3.909619  0.2  302  -39
2.02679419  0.221039  3.859811  2.2  110  -50
2.02679396  0.221048  3.860108  2.5  295  -38
2.02684422  0.228428  4.122165  1.9  193  -43
2.02683176  0.225770  4.026810  2.5   91  -42
2.02691969  0.231775  4.243865  2.2  257  -54
2.02691640  0.231768  4.243614  2.7   51  -47
2.02691949  0.229082  4.145816  0.8  204  -65
2.02696085  0.229608  4.164872  0.6   52   30
2.02698246  0.224598  3.985085  0.5  183   36
2.02698338  0.224171  3.969951  0.3    2   50
2.02698300  0.229774  4.170882  0.8  185   32
2.02704739  0.232513  4.270913  0.2  187  -23
2.02706109  0.228210  4.114296  0.1  183  -17
2.02706109  0.225780  4.027166  0.0  183  -16
2.02708999  0.231392  4.229853  0.5   32  -13
2.02711877  0.228647  4.130084  0.1  186  -45
2.02716798  0.227317  4.082172  1.5  109    8
2.02717109  0.228706  4.132196  1.8  284   15
2.02717301  0.228281  4.116878  6.0  101   15
2.02718047  0.230085  4.182177  1.3  287   34
2.02724206  0.233936  4.323367  0.6   24  -36
2.02725677  0.224674  3.987804  0.1  189  -44
2.02726356  0.226453  4.051181  0.1    7  -36
2.02727396  0.234534  4.345500  1.6  210  -74
2.02729626  0.231767  4.243559  2.3  303  -50
2.02734495  0.238699  4.501207  2.3  304   50
2.02735416  0.234004  4.325868  2.6  290   32
2.02739837  0.228633  4.129577  0.3   75  -49
2.02739527  0.231593  4.237196  1.4  294  -74
2.02741829  0.238434  4.491225  2.0  297  -41
2.02743128  0.242543  4.647354  3.1   72   -9
2.02749193  0.234954  4.361073  1.3  131   21
2.02750693  0.233996  4.325581  7.1  192  -20
2.02752337  0.234492  4.343925  4.4   47  -41
2.02754877  0.232192  4.259142  0.1  312   63
2.02755165  0.232384  4.266190  0.0  201   30
2.02757731  0.237057  4.439491  0.2  319  -65
2.02760126  0.231059  4.217685  0.4  186   54
2.02763529  0.236393  4.414651  2.5  279  -50
2.02763619  0.234330  4.337926  1.9  284  -47
2.02764259  0.234473  4.343244  4.8  336  -32
2.02768411  0.236250  4.409312  0.1  259   36
2.02768447  0.238066  4.477352  0.3  262   34
2.02774650  0.228950  4.141019  0.7  150  -69
2.02774283  0.226962  4.069445  1.0  120  -67
2.02774729  0.228438  4.122545  0.9  333  -62
2.02780724  0.232773  4.280486  1.0  195   45
2.02781129  0.232333  4.264306  1.0   15   52
2.02782933  0.235327  4.374922  0.1  188   16
2.02788733  0.233798  4.318277  0.4  178  -42
2.02788827  0.233744  4.316272  0.2  358  -31
2.02789950  0.238840  4.506527  0.1   59  -60
2.02795416  0.224329  3.975569  0.4  342   58
2.02794774  0.226518  4.053513  1.1   24   42
2.02796399  0.231268  4.225298  2.2  201   -4
2.02800515  0.232574  4.273161  2.1  191   11
2.02800155  0.231631  4.238582  1.5   39   38
2.02806181  0.230142  4.184270  0.1  316   32
2.02808849  0.232494  4.270206  0.7   14    1
2.02808969  0.232686  4.277282  1.7    2  -34
2.02809579  0.229442  4.158837  0.1   89  -67
2.02814100  0.228660  4.130546  0.3  304  -55
2.02815105  0.225880  4.030704  0.3  174    1
2.02815701  0.223959  3.962446  0.0  179  -15
2.02817255  0.228448  4.122877  0.1  183  -30
2.02822299  0.232279  4.262332  2.8  168  -56
2.02822114  0.230589  4.200517  1.1  355  -55
2.02824705  0.236790  4.429498  1.2  218  -45
2.02829337  0.234113  4.329886  0.3  300  -42
2.02829465  0.229821  4.172605  0.2  315  -33
2.02829610  0.235062  4.365089  0.1   91  -59
2.02837229  0.237037  4.438744  0.5  270  -16
2.02838848  0.234965  4.361463  1.9   49  -43
2.02839236  0.228888  4.138803  1.0   39  -52
2.02840251  0.233912  4.322455  1.4   48  -68
2.02842572  0.230400  4.193653  0.0   84  -56
2.02842931  0.231684  4.240503  0.1  211  -55
2.02845769  0.241789  4.618480  3.6  297   42
2.02851108  0.236094  4.403487  2.1   61  -67
2.02851608  0.234868  4.357884  2.2  178  -72
2.02852018  0.236112  4.404155  2.7  254   -3
2.02859378  0.235373  4.376619  2.4   62   73
2.02859282  0.234983  4.362156  2.7  185   58
2.02859653  0.235439  4.379106  1.0   38   71
2.02864363  0.238524  4.494596  1.7   27   -6
2.02865366  0.237822  4.468172  0.7  301   74
2.02865796  0.235948  4.398033  0.0  176   46
2.02870885  0.233529  4.308320  0.3  297   48
2.02871229  0.233337  4.301260  0.9  295   51
2.02875666  0.236075  4.402777  0.1  305  -51
2.02878525  0.230627  4.201912  3.1  322   39
2.02879336  0.228844  4.137179  5.6  190   18
2.02879104  0.228596  4.128238  4.1   10   39
2.02884391  0.227415  4.085694  4.6  192   52
2.02885172  0.227993  4.106482  1.8  178   50
2.02886361  0.229472  4.159941  3.1  307  -59
2.02892449  0.228988  4.142423  2.4  123   27
2.02892453  0.228875  4.138330  2.5  123   27
2.02892220  0.229628  4.165587  1.3  117   23
2.02892958  0.227209  4.078293  6.3  134  -39
2.02900357  0.229358  4.155798  0.1  289   58
2.02898858  0.226340  4.047156  1.0  121  -13
2.02902149  0.237035  4.438670  2.0  155  -33
2.02904270  0.228688  4.131541  0.1   33   56
2.02906467  0.231501  4.233822  2.1  320  -19
2.02906972  0.233873  4.321029  2.4  108  -37
2.02912176  0.221475  3.875035  3.8  157  -34
2.02912406  0.221148  3.863591  3.8  335  -26
2.02912081  0.223324  3.940008  5.9  329  -29
2.02917408  0.229637  4.165937  0.0  163   28
2.02919287  0.231996  4.251940  1.0  184  -65
2.02920063  0.233520  4.307979  3.3   48  -43
2.02924899  0.232392  4.266469  1.3  194  -54
2.02927020  0.228732  4.133134  0.0  175  -59
2.02928084  0.234027  4.326735  0.3  189  -59
2.02930808  0.232558  4.272562  0.1  282  -41
2.02932348  0.233589  4.310541  0.0   88  -30
2.02936999  0.233693  4.314392  0.9  292  -35
2.02939119  0.230306  4.190210  0.2   77   23
2.02939834  0.227961  4.105344  0.0   80   21
2.02944254  0.226734  4.061273  1.2  184  -33
2.02944546  0.227581  4.091642  1.0  188  -29
2.02944571  0.226537  4.054202  1.7  189  -26
2.02944618  0.225612  4.021175  2.4  189  -23
2.02951266  0.229190  4.149730  0.1  172   13
2.02951769  0.232701  4.277838  0.0  165   11
2.02957738  0.224304  3.974682  1.3   27  -18
2.02958402  0.223299  3.939140  0.4   28  -20
2.02958828  0.227550  4.090554  0.5  211  -25
2.02962091  0.222919  3.925749  0.0  204   34
2.02963839  0.227538  4.090125  0.0  202   17
2.02964453  0.231765  4.243492  0.3  196   31
2.02970957  0.225828  4.028872  0.1   73  -10
2.02971172  0.231272  4.225465  0.0  175  -26
2.02972042  0.225265  4.008802  0.3   68    1
2.02975152  0.234591  4.347614  0.1    4  -47
2.02977061  0.237838  4.468787  0.1  300  -18
2.02978885  0.236987  4.436861  2.1  282   37
2.02983696  0.224509  3.981930  0.1  106  -38
2.02983728  0.226075  4.037665  0.6  113  -30
2.02982441  0.228134  4.111564  0.0    1   64
2.02988820  0.228778  4.134810  0.1  301   64
2.02988530  0.233888  4.321592  0.6  299   54
2.02995079  0.230235  4.187635  2.2  301   43
2.02995096  0.231672  4.240077  0.1  121   26
2.02997591  0.232448  4.268525  0.8  300  -80
2.02997829  0.232232  4.260588  0.1  302  -70
2.03000619  0.231837  4.246126  0.2  185   31
2.03003862  0.232882  4.284474  1.3  193  -26
2.03006355  0.235667  4.387583  4.2  190  -65
2.03009109  0.230566  4.199709  1.6  306   75
2.03013169  0.229921  4.176215  0.6  195   42
2.03010872  0.228978  4.142042  0.0  197  -52
2.03015873  0.223111  3.932500  5.3  155  -23
2.03015470  0.221365  3.871203  5.0  165  -23
2.03020621  0.219357  3.801267  0.1  130   40
2.03020635  0.214999  3.651727  0.0  300   43
2.03020102  0.221157  3.863924  0.0  269   69
2.03026040  0.216027  3.686737  0.0  275   74
2.03026517  0.221801  3.886463  0.3  288   53
2.03028160  0.226654  4.058396  0.5  291   46
2.03034468  0.221278  3.868137  6.0  339    6
2.03034530  0.221580  3.878715  3.8  338   13
2.03034460  0.221232  3.866533  6.3  339    6
2.03038999  0.226178  4.041354  0.3  309   46
2.03039992  0.227654  4.094294  0.2  285   47
2.03044937  0.222674  3.917104  3.0  185   62
2.03045702  0.218498  3.771584  0.8  174   61
2.03047866  0.214767  3.643849  0.4  243  137
2.03048158  0.215541  3.670165  0.2   24   53
2.03052593  0.217386  3.733283  0.1   64   56
2.03054273  0.220795  3.851301  1.4  180  -68
2.03054422  0.220589  3.844116  0.7  196  -79
2.03056496  0.226303  4.045838  1.7  271   55
2.03059845  0.221863  3.888644  0.3   32  -12
2.03060848  0.224528  3.982598  0.1   36  -22
2.03065424  0.228584  4.127800  0.0  291   51
2.03065514  0.229305  4.153880  0.1  293   53
2.03069926  0.229160  4.148641  2.9  291   69
2.03072044  0.225026  4.000298  1.2   59  -47
2.03072643  0.222966  3.927378  0.3   31  -55
2.03071966  0.218517  3.772219  0.2  110  -41
2.03079365  0.231421  4.230893  0.4  300  -41
2.03079454  0.227891  4.102809  0.0  299  -40
2.03084772  0.234574  4.346986  2.7   57  -57
2.03085089  0.231269  4.225340  1.3  101   53
2.03085336  0.232373  4.265764  1.3  101  -57
2.03090220  0.225126  4.003842  0.0  309   33
2.03092263  0.229790  4.171473  0.3  357   44
2.03092168  0.229898  4.175404  0.6  173   30
2.03097764  0.234244  4.334761  1.1  330   84
2.03099561  0.223410  3.943049  0.0  193   71
2.03099437  0.224108  3.967710  0.0  182   72
2.03105109  0.219450  3.804512  0.3  310   22
2.03105129  0.215617  3.672767  0.1  323   33
2.03106228  0.226123  4.039382  1.8  353   -2
2.03109244  0.212560  3.569358  0.0   58   67
2.03113162  0.222751  3.919812  0.1  155   20
2.03112774  0.215510  3.669127  0.0  165   61
2.03117667  0.217928  3.751910  0.2  359   30
2.03118301  0.217571  3.739619  0.0  167   -6
2.03119922  0.218457  3.770159  0.0  171   -0
2.03123852  0.221150  3.863687  1.0  213   32
2.03125153  0.219192  3.795551  0.0  208   29
2.03124877  0.218233  3.762412  0.0   32   42
2.03131108  0.203108  3.258960  1.1  324   64
2.03131214  0.198134  3.101299  0.1  175   56
2.03131163  0.196543  3.051703  0.0  170   57
2.03137166  0.210542  3.501902  0.8  266   60
2.03137426  0.208820  3.444870  0.1  103   81
2.03138186  0.202361  3.235043  0.0  170   48
2.03138796  0.211753  3.542311  0.1  351   19
2.03145768  0.213779  3.610416  0.1  359  -42
2.03145894  0.214029  3.618861  0.2  180  -54
2.03151200  0.216413  3.699930  0.0  333   -0
2.03151930  0.210420  3.497840  0.0  162  -42
2.03153234  0.218878  3.784715  0.0   84  -46
2.03158120  0.213204  3.591037  0.2  171  -66
2.03158097  0.209633  3.471731  0.0  288  -60
2.03158094  0.207131  3.389341  0.0  105  -59
2.03158672  0.221656  3.881365  0.9  100  -46
2.03163622  0.222747  3.919687  0.2  200  -68
2.03165076  0.225240  4.007905  0.1  190  -26
2.03166774  0.229360  4.155876  0.5  105  -57
2.03172320  0.222191  3.900142  1.9  298   44
2.03172281  0.220749  3.849669  0.2  282   48
2.03174067  0.224470  3.980548  3.6  171  -55
2.03174485  0.224173  3.970040  0.8  215  -65
2.03179680  0.228952  4.141101  0.3  225  -35
2.03179503  0.225183  4.005873  0.1  201  -53
2.03184935  0.225360  4.012179  0.0  181    0
2.03186791  0.221187  3.864966  0.1   69  -67
2.03186963  0.216666  3.708594  1.4   92  -45
2.03187351  0.219403  3.802862  1.9  290  -40
2.03194594  0.220941  3.856394  0.2  182   59
2.03194789  0.220823  3.852276  0.2  186   57
2.03194815  0.218503  3.771742  0.1  169   53
2.03199302  0.222941  3.926495  0.0  300   68
2.03199308  0.220461  3.839645  0.0  265   68
2.03202114  0.229321  4.154465  0.1  334  -57
2.03203393  0.222424  3.908309  0.1  271   61
2.03209063  0.230397  4.193545  0.0  177  -53
2.03209373  0.224966  3.998161  0.2  170   33
2.03212440  0.229789  4.171438  0.0  297  -76
2.03216487  0.218184  3.760734  0.8  315   75
2.03215900  0.215357  3.663902  0.0  172   51
2.03216225  0.213826  3.611987  0.3  347   62
2.03222485  0.226027  4.035951  2.2  288  -90
2.03222886  0.224776  3.991399  0.0  313  -56
2.03226520  0.230234  4.187621  0.8   63  -59
2.03227120  0.222267  3.902813  0.3  302  -44
2.03228988  0.227852  4.101414  0.3  295  -20
2.03229751  0.228756  4.133999  2.8  350   33
2.03235168  0.225471  4.016130  0.0  299   37
2.03235420  0.224259  3.973072  0.1   31   48
2.03235932  0.225800  4.027879  0.1   25   48
2.03242627  0.216943  3.718089  1.0  358  -14
2.03242590  0.214791  3.644667  0.0  179  -23
2.03244306  0.225443  4.015127  0.0  319  -80
2.03250765  0.229042  4.144361  1.4  267  -64
2.03249862  0.229141  4.147955  0.1  181   -1
2.03250442  0.226689  4.059652  0.1  182  -12
2.03253389  0.231527  4.234761  1.0  313  -37
2.03256864  0.226926  4.068120  0.6  157    4
2.03256984  0.228800  4.135591  0.2  116  -23
2.03262322  0.227079  4.073617  1.0  175  -15
2.03264050  0.225107  4.003165  0.4  291  -75
2.03264198  0.218716  3.779094  0.5  152  -65
2.03264121  0.218782  3.781385  0.2  325  -56
2.03268760  0.225886  4.030923  0.0  305   59
2.03272989  0.216720  3.710436  0.1  209   54
2.03273026  0.220483  3.840423  0.6   29   61
2.03276859  0.224040  3.965329  0.1  303  -52
2.03276916  0.224206  3.971184  0.0  291 -121
2.03278563  0.226882  4.066562  0.0  278   78
2.03283249  0.216269  3.695021  0.0  168  -59
2.03286582  0.218476  3.770820  1.9   12   52
2.03286631  0.220689  3.847580  2.3  187   47
2.03287646  0.222417  3.908082  2.5  261   62
2.03290797  0.223936  3.961644  0.3  198  -29
2.03292294  0.229926  4.176399  0.6   68  -62
2.03296234  0.226231  4.043268  0.1   50  -80
2.03299743  0.223958  3.962426  3.1  189   45
2.03299777  0.224785  3.991730  3.4   61   74
2.03300894  0.228469  4.123665  0.5   59  -55
2.03305833  0.220886  3.854444  1.2  176  -39
2.03306264  0.214477  3.634016  0.6  187  -51
2.03306338  0.213500  3.601007  0.1    6  -39
2.03313316  0.225503  4.017292  0.1  185  -51
2.03314785  0.216241  3.694042  0.0  212   69
2.03314872  0.215888  3.682018  0.1   63   82
2.03319225  0.222479  3.910258  0.1  285  -56
2.03320778  0.221451  3.874211  0.2  193   58
2.03320765  0.220223  3.831354  0.0   30   83
2.03326609  0.226027  4.035980  8.4  178  -35
2.03328560  0.221807  3.886679  1.8   87   49
2.03328089  0.225235  4.007737  0.6  281   49
2.03328067  0.230482  4.196631  5.5   24  -46
2.03333767  0.223814  3.957317  0.7  175   30
2.03338609  0.219349  3.801016  0.0   67   55
2.03339773  0.220122  3.827832  0.5  288    4
2.03339839  0.220075  3.826201  1.7  355   17
2.03340778  0.221253  3.867277  2.0  175   -2
2.03345660  0.220031  3.824669  0.1  298   26
2.03347500  0.216226  3.693527  0.1  153   -8
2.03347400  0.217924  3.751771  0.7  156  -12
2.03352209  0.218875  3.784594  3.9  312   51
2.03351873  0.218752  3.780336  2.9  301   50
2.03356564  0.212372  3.563053  0.0  203   55
2.03356993  0.214575  3.637365  0.0  195   50
2.03356861  0.212025  3.551403  0.0   13   58
2.03361115  0.218215  3.761798  0.0  306  -66
2.03361126  0.218820  3.782682  0.2  108  -75
2.03366143  0.219747  3.814803  0.4  343  -26
2.03366449  0.221630  3.880478  1.7  344  -36
2.03372144  0.225474  4.016234  1.2  297   51
2.03372241  0.225212  4.006931  0.3  155   40
2.03372466  0.230996  4.215377  1.2  177    3
2.03380254  0.228011  4.107150  2.6   21  -31
2.03379085  0.221171  3.864403  0.2  346   22
2.03382997  0.220245  3.832133  0.4   93   83
2.03383115  0.220759  3.850039  0.0   60   77
2.03385555  0.224535  3.982845  1.3  173   -3
2.03385629  0.225830  4.028953  2.3  355    7
2.03392721  0.217580  3.739952  2.6  123  -63
2.03392543  0.217587  3.740176  1.6  326  -56
2.03394365  0.218575  3.774237  5.9  112  -36
2.03398044  0.219258  3.797864  0.0  179  -54
2.03399854  0.215718  3.676206  0.0  252  -65
2.03400683  0.220808  3.851739  0.1  301  -81
2.03402725  0.229379  4.156556  0.1   85   58
2.03406747  0.230590  4.200586  2.7    4   17
2.03406950  0.223078  3.931339  0.0  181  -74
2.03407322  0.227424  4.086013  0.0  211  -24
2.03412751  0.231924  4.249309  0.3  182  -65
2.03413287  0.231945  4.250092  0.3   63  -76
2.03420224  0.226072  4.037572  2.5  181  -14
2.03419867  0.226721  4.060794  2.0  187   -3
2.03420653  0.225380  4.012885  2.0  187  -13
2.03420478  0.228698  4.131937  1.0    5   -7
2.03424718  0.231320  4.227216  0.1  309  -53
2.03429692  0.235877  4.395397  1.3   88   59
2.03435135  0.220520  3.841688  0.0   71    4
2.03434203  0.227607  4.092576  0.6  210   58
2.03435056  0.223648  3.951443  0.1   71    3
2.03437261  0.219634  3.810896  0.0  299   68
2.03437060  0.222997  3.928491  0.3  273   67
2.03436822  0.223118  3.932745  0.7  240   54
2.03442254  0.231037  4.216856  0.8   27   32
2.03444647  0.230143  4.184285  0.5   90  -62
2.03447580  0.232884  4.284577  3.2  298   54
2.03448450  0.232868  4.283968  0.3  217  -73
2.03452380  0.235334  4.375174  0.3   61  -42
2.03455606  0.227472  4.087722  0.3  286   27
2.03455480  0.225033  4.000559  0.0  289   26
2.03455691  0.226187  4.041696  0.2  286   25
2.03461677  0.231494  4.233553  0.1   10   -8
2.03462633  0.235514  4.381866  0.6  200  -37
2.03469808  0.236842  4.431434  1.1   88   57
2.03469462  0.223083  3.931520  0.0  171  -60
2.03469608  0.225487  4.016710  0.1  173  -64
2.03469999  0.237602  4.459907  3.2  180   31
2.03469277  0.229205  4.150256  1.9  117  -38
2.03476480  0.229791  4.171522  0.5  159   38
2.03477108  0.234189  4.332709  2.9  166   44
2.03482911  0.235420  4.378394  0.2   10   17
2.03483937  0.232914  4.285672  2.6  178  -54
2.03484171  0.234163  4.331758  2.8  359  -20
2.03489491  0.234886  4.358545  0.8  197   27
2.03490433  0.232419  4.267464  0.9    7   13
2.03490677  0.231760  4.243296  0.4    5   13
2.03491066  0.234127  4.330413  0.5  187    6
2.03496135  0.229784  4.171252  2.2  191  -57
2.03495950  0.230646  4.202598  1.8   17  -48
2.03503038  0.235319  4.374625  1.4   12    3
2.03504408  0.233409  4.303884  2.2  157  -37
2.03504525  0.226769  4.062500  0.1  168  -37
2.03509540  0.224371  3.977063  5.1  296   43
2.03509505  0.224085  3.966907  5.2  301   38
2.03509654  0.224107  3.967678  5.3  312   38
2.03513184  0.231622  4.238267  2.1  100   54
2.03517234  0.235860  4.394769  0.0   69  -54
2.03517931  0.233337  4.301239  0.4  344  -97
2.03524390  0.229749  4.169983  0.4  161  -52
2.03523951  0.231013  4.216001  1.5  349  -16
2.03525185  0.231464  4.232473  0.0   83   69
2.03525213  0.232444  4.268390  0.1  278   36
2.03532381  0.228148  4.112073  0.1  187   34
2.03532697  0.224068  3.966314  0.0   49   57
2.03536024  0.226735  4.061281  1.2  110  126
2.03536061  0.226206  4.042372  0.3  109   53
2.03539715  0.230197  4.186267  3.8  287   47
2.03539724  0.229610  4.164949  3.4  280   51
2.03540830  0.231038  4.216912  4.3   59  -81
2.03547024  0.228976  4.141960  0.6  194    5
2.03547216  0.228201  4.113992  0.5  191    3
2.03547235  0.228726  4.132933  1.2  190    3
2.03552309  0.231134  4.220401  0.3  279  -28
2.03554738  0.224130  3.968505  2.1  268  -50
2.03554810  0.223391  3.942382  2.7   69  -45
2.03559000  0.221757  3.884934  0.1  356  -42
2.03559527  0.222779  3.920824  0.2  355  -42
2.03562338  0.228452  4.123052  1.5  276   25
2.03562309  0.228695  4.131813  2.1  274   26
2.03567305  0.230920  4.212612  3.1  302  -36
2.03567746  0.230040  4.180544  0.5  183   16
2.03573691  0.230181  4.185672  2.3  196   51
2.03574060  0.219453  3.804623  0.0  275   62
2.03574121  0.220759  3.850023  0.0  295   64
2.03574207  0.224543  3.983131  1.0  328   50
2.03581527  0.232788  4.281026  4.0   46  -69
2.03581349  0.229533  4.162134  0.2  159   21
2.03586337  0.227842  4.101053  2.4   20  -34
2.03587706  0.228225  4.114861  4.2  358   -1
2.03587759  0.228425  4.122071  3.9  358   -2
2.03594730  0.219496  3.806115  5.9  132   28
2.03594639  0.217801  3.747549  5.1  305   36
2.03594621  0.217634  3.741803  5.1  306   36
2.03595083  0.223509  3.946551  0.2  176   29
2.03601068  0.224375  3.977198  0.0  351   -4
2.03602586  0.225575  4.019859  0.0  276  -48
2.03604718  0.226997  4.070668  0.1  287   42
2.03608571  0.223584  3.949212  0.8  190    5
2.03608684  0.224002  3.963973  0.4  190    8
2.03608505  0.224123  3.968275  0.0   11   19
2.03615040  0.227530  4.089820  2.8  162    8
2.03615064  0.227611  4.092744  3.3  344   16
2.03615082  0.229392  4.157045  0.0  347   36
2.03621842  0.225698  4.024226  1.9  192  -54
2.03622349  0.226516  4.053434  1.6  185  -56
2.03622543  0.225690  4.023927  1.5  194  -59
2.03627636  0.233658  4.313081  1.7  277   49
2.03627672  0.230970  4.214418  0.3  276   38
2.03632865  0.225521  4.017931  1.1   47  -62
2.03633288  0.224417  3.978687  0.2  310  -82
2.03633181  0.225338  4.011395  0.8  184  -66
2.03633118  0.223898  3.960298  0.2  293  -80
2.03640608  0.238026  4.475860  0.1  285  -49
2.03642844  0.223980  3.963190  0.9  175  -70
2.03642958  0.224752  3.990572  1.6   13  -50
2.03646938  0.230346  4.191683  1.9   92    8
2.03647292  0.231521  4.234546  0.2  277   -3
2.03647920  0.232704  4.277930  0.5  280   -3
2.03656281  0.239821  4.543633  4.1   86  -59
2.03656758  0.235487  4.380871  2.7   79  -41
2.03656943  0.235734  4.390070  1.2  276  -34
2.03661406  0.232143  4.257356  4.4  254  -21
2.03661940  0.232116  4.256333  3.6  258  -19
2.03662011  0.232212  4.259886  3.6  259  -18
2.03666235  0.230998  4.215444  0.1  182  -52
2.03666763  0.234541  4.345749  1.2  195  -49
2.03671760  0.235528  4.382418  0.6  288  -39
2.03672304  0.237899  4.471095  0.8   14  -34
2.03673904  0.238201  4.482451  0.5  310  -57
2.03678475  0.230309  4.190326  0.8  163    0
2.03678354  0.230625  4.201850  0.9  163    2
2.03682661  0.231733  4.242298  1.5   79   33
2.03683413  0.227830  4.100614  0.1   71   44
2.03691013  0.233635  4.312246  3.0  203   51
2.03689631  0.225556  4.019164  0.1  174   56
2.03689848  0.230617  4.201548  0.5  173   54
2.03690047  0.224568  3.984032  0.1  359   68
2.03697959  0.223567  3.948606  4.1  308   18
2.03698175  0.223264  3.937889  4.0  310   21
2.03698031  0.224888  3.995412  3.6  131   14
2.03698264  0.225162  4.005150  3.5  311   19
2.03705654  0.229741  4.169686  0.7  107   13
2.03705903  0.226689  4.059646  0.0  105   12
2.03709142  0.228763  4.134253  3.6  296  -51
2.03709155  0.228308  4.117838  3.7  295  -51
2.03709437  0.233157  4.294600  0.3  156   36
2.03714571  0.236540  4.420159  3.3  302  -38
2.03717804  0.234937  4.360446  3.0  167  -65
2.03720955  0.237580  4.459107  3.9  206   45
2.03724241  0.234907  4.359324  2.0  198   26
2.03723735  0.232823  4.282335  0.0  297   32
2.03724533  0.235245  4.371895  1.8   35   60
2.03730171  0.231884  4.247830  0.8  173   33
2.03731231  0.225600  4.020735  0.0  181   26
2.03733068  0.230441  4.195134  0.9  346   17
2.03734266  0.236432  4.416124  0.6  284   44
2.03736848  0.225183  4.005867  0.0  287   20
2.03736848  0.225932  4.032576  0.0  287   18
2.03740696  0.226689  4.059633  0.1   19   72
2.03744077  0.226225  4.043059  0.1  190   10
2.03744326  0.225378  4.012825  0.1   12   21
2.03749491  0.230827  4.209225  1.2  176  -70
2.03751836  0.225304  4.010173  0.9  275  -39
2.03751827  0.226623  4.057289  1.1  275  -37
2.03757269  0.226622  4.057253  0.4  353  -40
2.03758038  0.225545  4.018781  2.1  309  -35
2.03758880  0.223666  3.952104  2.4  305  -38
2.03759200  0.221399  3.872398  2.8  106  -48
2.03758943  0.225179  4.005732  2.7  110  -42
2.03764281  0.234768  4.354179  0.9   62  -43
2.03769833  0.230543  4.198868  0.1  290   56
2.03769696  0.234308  4.337102  1.9  299   62
2.03771561  0.232743  4.279383  0.5  297   59
2.03774805  0.233146  4.294220  0.1  297   36
2.03774788  0.234752  4.353562  0.4  294   39
2.03783398  0.233677  4.313791  2.7   73   29
2.03783296  0.234390  4.340165  4.3  317   53
2.03783990  0.236625  4.423304  2.5  198   69
2.03784215  0.238661  4.499754  2.6   98    8
2.03786435  0.238908  4.509094  0.3   54  -57
2.03791602  0.237709  4.463950  0.4  194   23
2.03792070  0.236391  4.414579  0.3  186   25
2.03795180  0.230107  4.182981  0.1   80   56
2.03796438  0.236332  4.412362  1.6   90   24
2.03798324  0.238636  4.498806  3.7  349  -15
2.03803814  0.237514  4.456618  2.5  192   39
2.03804109  0.234653  4.349900  2.0  195   22
2.03809621  0.222345  3.905547  0.5  124   48
2.03809684  0.222257  3.902442  0.6  126   49
2.03809746  0.222714  3.918531  0.4  291   51
2.03809648  0.223154  3.934004  0.2  294   51
2.03812744  0.240667  4.575717  4.6   23  -44
2.03816094  0.227536  4.090023  0.0  165   86
2.03819665  0.239596  4.535082  1.0  177   42
2.03823347  0.235014  4.363283  1.7  286   44
2.03824224  0.225572  4.019746  0.0   48  -74
2.03824136  0.228133  4.111541  0.0  299  -58
2.03827843  0.223859  3.958902  0.9  161   54
2.03829640  0.228671  4.130953  0.1  182   16
2.03829320  0.227303  4.081659  0.1    3   29
2.03836682  0.232985  4.288261  3.4  340   49
2.03838289  0.229420  4.158032  0.2  272  -17
2.03838320  0.229079  4.145702  0.3  271  -17
2.03839806  0.229631  4.165689  2.3   52   22
2.03843879  0.225546  4.018800  0.5    6  -35
2.03844783  0.222437  3.908782  0.0  176  -76
2.03849316  0.233152  4.294420  0.5  212   54
2.03849922  0.235942  4.397836  2.3  303   69
2.03851807  0.232408  4.267063  1.8  294   27
2.03851834  0.228174  4.113008  5.0  274    4
2.03855091  0.231906  4.248636  0.4  308  -53
2.03858841  0.230581  4.200238  0.1   71   94
2.03859461  0.229108  4.146737  0.2  167   31
2.03865058  0.221477  3.875097  4.0  167  -66
2.03865371  0.219649  3.811399  2.9  179  -67
2.03865539  0.224297  3.974426  5.5   91  -65
2.03871186  0.224571  3.984155  0.4  186   24
2.03871993  0.223744  3.954860  0.1  193   23
2.03872141  0.224132  3.968570  0.6   14   31
2.03877736  0.226947  4.068875  2.7  178  -90
2.03878163  0.226285  4.045202  2.9  319  -86
2.03879176  0.227908  4.103405  4.4  282  -61
2.03883220  0.230135  4.184008  4.2  172    3
2.03885589  0.230316  4.190592  3.4  180    3
2.03887271  0.229114  4.146973  0.6   66  -64
2.03890441  0.223268  3.938036  0.0  213   39
2.03893373  0.223852  3.958660  3.6  276  -54
2.03893743  0.224719  3.989384  2.6  271  -59
2.03893639  0.224023  3.964712  3.0  271  -61
2.03897967  0.229723  4.169055  0.1  298  -42
2.03899999  0.230776  4.207349  0.6  108  -47
2.03904194  0.227545  4.090365  1.5  301  -34
2.03904347  0.228888  4.138786  1.4  108  -37
2.03908317  0.217944  3.752467  0.0  194   16
2.03908434  0.218124  3.758663  0.1  189   15
2.03911470  0.220088  3.826662  0.0  162   67
2.03912277  0.227650  4.094142  0.7   14   69
2.03916861  0.224696  3.988566  0.1  307   63
2.03917225  0.231947  4.250159  0.4  305   70
2.03921298  0.231161  4.221394  4.7  291   10
2.03926199  0.228071  4.109307  2.0  357  -46
2.03921531  0.230203  4.186473  6.1  288    8
2.03926769  0.227544  4.090333  1.9  178  -57
2.03929453  0.230416  4.194232  0.3  186  -42
2.03933993  0.236647  4.424134  1.1  199   39
2.03933761  0.233853  4.320308  0.1   45   67
2.03936104  0.232043  4.253676  0.3  308  -40
2.03938869  0.236933  4.434842  0.8  184  -39
2.03940799  0.229437  4.158678  0.8  339  -66
2.03941613  0.234066  4.328169  0.1  287   74
2.03942674  0.232522  4.271256  0.2  302   -4
2.03947831  0.225604  4.020873  0.0  185   68
2.03947909  0.230695  4.204406  0.0  306   93
2.03953689  0.228933  4.140399  0.0  211   63
2.03954019  0.223634  3.950958  0.0  188   69
2.03954565  0.228529  4.125804  0.1  338   56
2.03959480  0.236626  4.423360  0.4  183  -65
2.03961916  0.233569  4.309809  0.0    2  -12
2.03962668  0.228814  4.136121  0.0  189  -77
2.03965681  0.225038  4.000715  0.0  176  -75
2.03967277  0.227761  4.098141  0.2   61   54
2.03968573  0.237306  4.448811  0.0  318  -57
2.03970581  0.230293  4.189738  0.0   25   95
2.03975179  0.222208  3.900744  0.1  290  -45
2.03975257  0.221182  3.864807  0.2  314  -57
2.03975302  0.224894  3.995619  0.2   93  -77
2.03981728  0.224979  3.998611  0.1  181  -55
2.03981953  0.227572  4.091330  0.5  192  -62
2.03982868  0.228217  4.114560  0.3  212  -67
2.03988631  0.223972  3.962912  0.0   53  -75
2.03990493  0.231498  4.233713  0.0  319   82
2.03988801  0.229997  4.178999  0.0   73  -76
2.03994452  0.231223  4.223655  3.7  322   57
2.03996900  0.229134  4.147694  0.0  303  -65
2.03996481  0.228427  4.122142  1.9   11   91
2.04001492  0.234994  4.362544  4.1  283    8
2.04004596  0.221567  3.878247  1.0  193  -45
2.04004637  0.222557  3.912989  1.7  196  -45
2.04005002  0.220333  3.835197  0.9  198  -51
2.04010065  0.235550  4.383233  0.0   91   11
2.04011568  0.227580  4.091634  0.0  355  -56
2.04011660  0.226867  4.066015  0.0  172  -68
2.04014709  0.232417  4.267405  0.1  334  -71
2.04021611  0.233404  4.303713  2.4  164  -57
2.04022461  0.231007  4.215781  0.3  348   89
2.04022808  0.232770  4.280381  2.1  199   51
2.04023356  0.230845  4.209855  1.2  190   46
2.04027947  0.236167  4.406223  0.0  317  -63
2.04034278  0.234304  4.336957  1.3   28   54
2.04033892  0.235356  4.375996  4.8  276   27
2.04034021  0.227870  4.102065  1.2   70   57
2.04038565  0.227950  4.104942  1.5  294   61
2.04038855  0.222633  3.915683  0.1  290   58
2.04039351  0.224509  3.981946  0.0  272   85
2.04043121  0.225942  4.032932  0.2  358   30
2.04046064  0.223614  3.950265  0.1  195   41
2.04047097  0.226616  4.057019  2.4   97    3
2.04049007  0.224346  3.976160  2.0  288   63
2.04051377  0.226382  4.048644  4.2  297   58
2.04051191  0.227469  4.087638  0.0  239   76
2.04055725  0.228470  4.123674  3.6  305   47
2.04059313  0.226174  4.041229  5.1  327   54
2.04061229  0.216262  3.694756  0.2   25  -51
2.04061731  0.220680  3.847256  1.7   59  -63
2.04063228  0.226899  4.067186  2.0  105  -44
2.04067244  0.224558  3.983682  0.9  176  -62
2.04067321  0.224763  3.990964  0.6  200  -72
2.04070713  0.232281  4.262389  0.8   79  -59
2.04075199  0.226906  4.067410  0.3   95  -60
2.04075568  0.228257  4.116010  0.2  300  -62
2.04079258  0.220327  3.834973  1.2   86  -41
2.04079261  0.218848  3.783656  1.9   88  -45
2.04083497  0.218312  3.765157  2.2  302  -69
2.04083536  0.217028  3.720978  3.4  324  -66
2.04083456  0.218742  3.779980  1.8  306  -67
2.04088483  0.227915  4.103675  0.2   38   35
2.04088253  0.234066  4.328178  1.5   93  -60
2.04094789  0.241345  4.601553  0.1  305   76
2.04099066  0.230986  4.215000  1.5  309  -72
2.04099144  0.228601  4.128402  0.6  301  -72
2.04099652  0.228405  4.121357  2.1  206  -45
2.04102564  0.227428  4.086141  0.6   57  -54
2.04106362  0.224808  3.992547  0.0  166  -38
2.04108195  0.236632  4.423573  0.4  188   60
2.04108378  0.233779  4.317554  0.1  190   54
2.04110430  0.242868  4.659808  2.7  293   55
2.04114822  0.231619  4.238145  0.2  185   55
2.04115433  0.229255  4.152057  0.0  186   48
2.04119812  0.235349  4.375756  0.7  289   15
2.04121325  0.226576  4.055613  0.0   73   61
2.04120953  0.231578  4.236651  0.0  302   42
2.04125275  0.233514  4.307777  0.1  305  137
2.04125521  0.233518  4.307922  1.7  303   46
2.04129794  0.233622  4.311774  0.8   44  -69
2.04132332  0.226724  4.060902  0.1  307  -40
2.04132315  0.226301  4.045751  0.5  119  -43
2.04132378  0.227581  4.091642  2.1  117  -44
2.04139447  0.231921  4.249207  0.1  192   28
2.04139634  0.234505  4.344433  0.4   24  -62
2.04141649  0.240052  4.552371  0.0  165  -69
2.04144587  0.225959  4.033553  0.0   27  -29
2.04145238  0.224627  3.986129  0.1   84  -58
2.04149117  0.220259  3.832600  0.0  298  -40
2.04153042  0.231688  4.240665  0.4  181  -64
2.04153412  0.232208  4.259715  0.1  301  -52
2.04153295  0.233125  4.293435  0.0  320  -68
2.04158126  0.233533  4.308471  0.5  194  -51
2.04158888  0.235223  4.371059  0.2   57  -47
2.04162867  0.236189  4.407026  0.8  286  -58
2.04166528  0.232353  4.265044  0.5   14  -73
2.04167355  0.231603  4.237555  2.3  179   61
2.04167052  0.229267  4.152494  0.2  274  -58
2.04172482  0.231685  4.240540  0.3  282   16
2.04172918  0.227834  4.100764  0.0  100   24
2.04178083  0.226010  4.035358  1.0   78   42
2.04178041  0.225438  4.014954  0.7  249   39
2.04178981  0.224905  3.996016  0.0   43   54
2.04182888  0.225230  4.007563  0.6  285   50
2.04188044  0.225895  4.031246  1.7  209    1
2.04187922  0.226233  4.043332  1.4  208    0
2.04188767  0.226551  4.054710  0.8  194   54
2.04188909  0.228936  4.140517  3.7   23    9
2.04195088  0.221739  3.884289  0.6  285   56
2.04195991  0.222460  3.909589  0.3  282   39
2.04195124  0.221659  3.881485  0.8  282   58
2.04200471  0.216580  3.705641  0.0  289   60
2.04200594  0.217327  3.731264  0.0  276   61
2.04204396  0.223607  3.950011  0.1  290   44
2.04208977  0.228907  4.139466  0.0  332   84
2.04210482  0.222649  3.916231  0.1  164  -85
2.04210379  0.221813  3.886880  0.0   77  -72
2.04215161  0.223358  3.941205  0.7  304  -37
2.04214936  0.216248  3.694281  0.2  204  -48
2.04215098  0.222276  3.903107  0.9  116  -41
2.04219228  0.233927  4.323043  1.0  109  -39
2.04223032  0.233765  4.317038  0.6  197   58
2.04224332  0.226939  4.068586  0.1  298  -55
2.04224510  0.227073  4.073409  0.1  317  -61
2.04229424  0.226117  4.039165  0.0  105  -36
2.04230620  0.226846  4.065261  4.8  114    8
2.04233125  0.231283  4.225852  0.3   74  -54
2.04237526  0.224324  3.975382  0.4  280  -73
2.04237263  0.221172  3.864449  0.1   55  -66
2.04241282  0.221886  3.889456  0.1  297   61
2.04241192  0.223007  3.928847  0.6  261   65
2.04244523  0.229721  4.168953  1.3  170  -69
2.04248434  0.224844  3.993820  1.4  135   48
2.04248393  0.225064  4.001636  1.9  137   52
2.04252595  0.227517  4.089358  1.3   66   46
2.04252856  0.227243  4.079523  1.3   49   51
2.04256282  0.225462  4.015816  0.6  187   20
2.04258567  0.224789  3.991861  4.4  207  -48
2.04256505  0.223953  3.962253  0.1  280   62
2.04263298  0.230080  4.182022  3.4  162  -62
2.04266103  0.228857  4.137655  0.5  194   49
2.04266384  0.226887  4.066732  0.1  185   40
2.04267997  0.222665  3.916790  0.0  296  -53
2.04271752  0.223300  3.939154  0.0   73  -37
2.04271822  0.223967  3.962734  0.2  310  -36
2.04274405  0.222041  3.894875  0.3  277   47
2.04278751  0.218410  3.768545  0.2  112   58
2.04278802  0.219072  3.791401  0.1   55  114
2.04279002  0.226170  4.041076  0.1  202   68
2.04286966  0.231343  4.228056  0.4  351   56
2.04286460  0.227184  4.077399  0.1   32   59
2.04289241  0.232546  4.272136  0.3  281   44
2.04293128  0.233313  4.300373  3.9  175  -29
2.04294205  0.227315  4.082108  0.2  281  -70
2.04294025  0.218703  3.778664  0.0  205  -51
2.04298486  0.227525  4.089653  1.9  321  -37
2.04301901  0.222141  3.898391  0.2   38  -50
2.04301752  0.227892  4.102832  1.2  199  -73
2.04306290  0.232808  4.281759  0.1  287  -30
2.04306457  0.222153  3.898805  0.1  191  -50
2.04306875  0.222070  3.895884  0.1  217  -58
2.04311367  0.233254  4.298186  0.5   48  -45
2.04314832  0.220490  3.840659  3.3  306   58
2.04314863  0.221325  3.869798  3.7  306   58
2.04315078  0.221829  3.887456  3.5  302   56
2.04322326  0.239290  4.523534  0.7   94   73
2.04324427  0.221347  3.870568  1.4  257  -69
2.04324535  0.221454  3.874309  1.7   48  -59
2.04328121  0.227013  4.071255  3.6  190   -8
2.04328123  0.227762  4.098184  4.2    9    4
2.04328971  0.229873  4.174498  4.8  189  -10
2.04335233  0.223507  3.946477  0.6    1   54
2.04335333  0.223696  3.953147  1.6  185   46
2.04335385  0.224362  3.976739  0.7   25   63
2.04341821  0.225749  4.026058  7.1  188  -32
2.04341669  0.225820  4.028572  7.2  183  -32
2.04344849  0.230132  4.183912  0.2   48   58
2.04344820  0.230838  4.209624  0.0   30   51
2.04349147  0.228915  4.139752  0.6  183   51
2.04349654  0.231160  4.221349  1.3  266   66
2.04352461  0.231968  4.250932  1.7  292  -47
2.04358217  0.222868  3.923955  0.0   72   70
2.04358351  0.223392  3.942422  0.2  282   60
2.04358356  0.217598  3.740558  0.0  269   55
2.04362970  0.228458  4.123247  1.8    4  -19
2.04363440  0.222105  3.897111  0.3  196  -53
2.04363955  0.222322  3.904723  0.9  198  -51
2.04368999  0.232515  4.270980  0.0  278  -72
2.04372755  0.231596  4.237284  0.1   45  -59
2.04372715  0.233101  4.292538  0.7  348  -75
2.04377222  0.228425  4.122056  2.9  125  -24
2.04377296  0.227920  4.103850  2.9  126  -23
2.04377380  0.228537  4.126116  2.9  131  -21
2.04381580  0.231846  4.246441  0.3   61  -50
2.04385225  0.233181  4.295493  0.3    8  -41
2.04385928  0.227036  4.072084  0.1   98  -44
2.04386331  0.226206  4.042350  0.4  110  -43
2.04391078  0.234081  4.328705  0.6  301  -42
2.04394830  0.238427  4.490960  0.4  176  -51
2.04395306  0.235710  4.389178  0.1  101  -46
2.04397955  0.239014  4.513094  0.0   73  -65
2.04399724  0.231646  4.239118  0.1   91  -38
2.04399958  0.235209  4.370530  0.2  284  -34
2.04406100  0.236059  4.402177  0.5  263   43
2.04406365  0.236790  4.429475  0.6   67   52
2.04410380  0.232473  4.269437  0.5  282   40
2.04410564  0.233296  4.299732  0.4  303   43
2.04414496  0.217864  3.749700  0.8  109   60
2.04414492  0.212860  3.579440  0.4  288   57
2.04418561  0.219194  3.795652  0.3  355   53
2.04418589  0.216358  3.698055  0.0  351   57
2.04423956  0.227736  4.097246  0.1  195   18
2.04424367  0.225751  4.026102  0.1  196    9
2.04426798  0.235341  4.375460  1.7  155   23
2.04431383  0.225787  4.027413  1.9  289   60
2.04431247  0.223500  3.946233  0.7  172   71
2.04433374  0.219270  3.798272  0.0  190    6
2.04437223  0.216072  3.688280  3.8  273   54
2.04437204  0.215992  3.685558  5.0  271   56
2.04442215  0.217016  3.720592  0.3  314  -41
2.04442577  0.215793  3.678751  0.1  301 -134
2.04442219  0.217222  3.727659  0.3  314  -41
2.04442499  0.219058  3.790931  0.1  300  -30
2.04447393  0.228562  4.126991  1.4  109  -32
2.04452834  0.221665  3.881699  0.8  277  -64
2.04456685  0.215163  3.657331  0.4  283  -58
2.04456744  0.221832  3.887543  4.5  104  -52
2.04456770  0.217656  3.742552  0.6   69  -67
2.04460847  0.223300  3.939169  4.4   93  -50
2.04461021  0.220836  3.852706  0.9  107  -50
2.04465004  0.223280  3.938467  0.6   54  -57
2.04461136  0.220744  3.849521  3.1  104  -47
2.04472281  0.226459  4.051405  2.9  122   47
2.04472560  0.225319  4.010730  0.8  180  -65
2.04473055  0.223943  3.961891  0.7  297  -54
2.04472880  0.222966  3.927382  0.4   95  -57
2.04478836  0.233674  4.313698  0.2  353   -4
2.04479648  0.225510  4.017522  0.0  167  -21
2.04479307  0.224901  3.995848  0.0  350   -3
2.04484395  0.225747  4.025992  1.7  142   39
2.04484252  0.225157  4.004959  1.0  322   49
2.04491397  0.231878  4.247632  2.7  351   46
2.04491642  0.231528  4.234819  2.8  175   28
2.04491682  0.231346  4.228172  2.3  176   27
2.04499042  0.232097  4.255649  4.7  334  -17
2.04499495  0.228066  4.109130  0.1  278  -27
2.04499491  0.227378  4.084345  0.0  284  -32
2.04500703  0.233694  4.314433  1.3  277   -8
2.04506092  0.230821  4.208988  0.0   41  -36
2.04506974  0.227236  4.079268  0.5   40   66
2.04507487  0.229583  4.163958  0.9   24   61
2.04511078  0.228854  4.137551  0.8  299   58
2.04515459  0.228870  4.138147  0.0  213   63
2.04514131  0.230046  4.180756  0.2  347  -66
2.04518358  0.230749  4.206357  5.9  317  -17
2.04518662  0.230561  4.199508  1.6  180  -56
2.04524062  0.234297  4.336702  2.3   31  -58
2.04526200  0.230580  4.200207  1.1  276  -55
2.04526442  0.229625  4.165466  0.9  303  -48
2.04530772  0.222057  3.895424  0.2   46  -62
2.04531003  0.220970  3.857407  0.1  310  -51
2.04534286  0.219868  3.819009  1.0   13  -40
2.04534764  0.226363  4.047966  1.2   45  -48
2.04538885  0.233647  4.312696  0.4   87  -44
2.04538126  0.236198  4.407359  0.2   63  -57
2.04542273  0.229962  4.177717  0.3   55   58
2.04544435  0.239731  4.540216  0.1  205   13
2.04549790  0.224434  3.979283  0.0  287   65
2.04549681  0.222579  3.913777  0.0  307   65
2.04550483  0.225367  4.012432  0.0  168   58
2.04550435  0.227826  4.100462  0.1  343   61
2.04557651  0.223862  3.959012  3.3  277   50
2.04557546  0.221693  3.882660  3.6  109   35
2.04557520  0.221701  3.882953  3.5  289  146
2.04565165  0.230031  4.180221  0.5   15  -11
2.04564560  0.226324  4.046576  0.1  193  -22
2.04568586  0.221852  3.888259  0.5  279   52
2.04569051  0.224512  3.982062  1.3  188   42
2.04569837  0.222099  3.896904  1.3  347   41
2.04571474  0.230890  4.211495  2.3    0   27
2.04576408  0.222831  3.922629  0.7   30   69
2.04577323  0.220874  3.854023  0.2  162   31
2.04579074  0.230707  4.204839  2.3  289  -47
2.04584027  0.221152  3.863764  1.9  176  -64
2.04584003  0.219858  3.818653  1.0  173  -69
2.04586334  0.227811  4.099927  3.4  289  -22
2.04590161  0.226162  4.040779  6.0  304   22
2.04592170  0.229817  4.172461  0.4    2  -48
2.04595286  0.226396  4.049151  2.0  292   62
2.04594861  0.226983  4.070167  1.0  169   56
2.04599891  0.224992  3.999084  0.2   89  122
2.04601140  0.220413  3.837971  0.0  270   56
2.04601137  0.224054  3.965827  0.2  265   10
2.04604932  0.229023  4.143681  0.4    3   37
2.04608002  0.222660  3.916612  0.0  320   56
2.04609397  0.225814  4.028365  1.9  176   27
2.04614073  0.219795  3.816466  1.4  293   -6
2.04614508  0.217573  3.739698  2.3   61  -59
2.04614101  0.219377  3.801962  2.2  294   -9
2.04613773  0.219567  3.808551  2.3  108  -19
2.04621478  0.229969  4.177963  3.3  299   -7
2.04622367  0.228130  4.111433  2.0  120   -7
2.04628289  0.227986  4.106223  2.2  355    2
2.04628232  0.228667  4.130802  2.9  355   10
2.04628744  0.231697  4.240991  1.0  348    2
2.04635223  0.230188  4.185917  1.1  381   64
2.04635601  0.223786  3.956330  1.1  105   52
2.04635682  0.223624  3.950593  0.1  106   52
2.04636836  0.229246  4.151744  0.3  203  -67
2.04642498  0.208210  3.424772  0.2  158   45
2.04642896  0.212487  3.566906  0.7  313   68
2.04642603  0.212914  3.581262  0.0  158   53
2.04648595  0.230556  4.199323  3.6  302   -2
2.04649419  0.224229  3.972017  4.4  158   -7
2.04649383  0.224535  3.982867  3.5  160   -4
2.04656173  0.211217  3.524389  3.1   16   27
2.04656489  0.209087  3.453677  0.1  195   15
2.04656096  0.210129  3.488193  0.3  206   17
2.04662686  0.210418  3.497796  0.0  175  -51
2.04669997  0.213883  3.613937  0.9  241  -49
2.04669333  0.214076  3.620451  0.1  208 -114
2.04669842  0.211041  3.518522  1.2  184  -50
2.04669199  0.211198  3.523749  0.3  186  -69
2.04669504  0.213735  3.608931  1.0  177  -32
2.04675757  0.229385  4.156768  0.0  132  -67
2.04676936  0.221696  3.882764  1.0  175  -13
2.04676813  0.227136  4.075676  0.2    4  -14
2.04677629  0.229505  4.161120  0.5  264   14
2.04683711  0.227409  4.085480  1.7  342   15
2.04689236  0.219611  3.810106  0.0   84   31
2.04690127  0.218909  3.785756  3.6  184   25
2.04690370  0.213721  3.608455  1.3  181   27
2.04690368  0.214357  3.629980  0.2  179   25
2.04691035  0.224414  3.978576  1.7   61   38
2.04699389  0.226360  4.047862  2.0  293  -25
2.04699520  0.224660  3.987309  1.1  106  -27
2.04703701  0.212717  3.574647  0.1   30   -8
2.04703684  0.214514  3.635282  0.3   28   -9
2.04704390  0.216592  3.706049  0.0  173  -25
2.04707503  0.228089  4.109958  0.5  179  -72
2.04710311  0.234305  4.337008  0.6  353    8
2.04713498  0.231390  4.229773  0.0   66   99
2.04717783  0.224507  3.981873  1.5  295  -38
2.04717009  0.225199  4.006461  0.0  355  -49
2.04717943  0.224509  3.981952  2.5  295  -37
2.04717602  0.228005  4.106907  2.1  197  -75
2.04725369  0.229481  4.160269  1.5  295   -9
2.04727689  0.218387  3.767731  1.7  304   28
2.04730223  0.220914  3.855446  4.4  168    3
2.04727777  0.218728  3.779515  2.4  304   28
2.04730206  0.220460  3.839601  4.4  168    5
2.04734121  0.226398  4.049235  0.3  285   24
2.04734676  0.227608  4.092617  1.3  283   37
2.04740612  0.222239  3.901810  1.3  166   32
2.04740435  0.221613  3.879859  0.3  343   47
2.04746234  0.219534  3.807432  2.7  342   61
2.04746565  0.221371  3.871392  3.4  185   47
2.04748631  0.218696  3.778392  4.0  173  -25
2.04748723  0.219005  3.789080  4.1  172  -25
2.04748521  0.221463  3.874629  0.0  104  -87
2.04754637  0.223021  3.929317  0.0  355   -4
2.04755967  0.222218  3.901079  0.2  354  -12
2.04761105  0.227946  4.104803  2.8  340   12
2.04761588  0.224071  3.966410  3.5  354   14
2.04761657  0.226285  4.045198  3.9  174   -4
2.04767742  0.226028  4.036003  1.0  357  -12
2.04768415  0.224841  3.993724  1.0  182  -34
2.04768739  0.224942  3.997307  0.0  191  -40
2.04773299  0.224485  3.981075  0.0   54   88
2.04774318  0.224637  3.986487  0.1   13    2
2.04774827  0.229597  4.164450  0.2  190   15
2.04780836  0.224131  3.968543  0.1   11  -56
2.04780958  0.226057  4.037030  0.3    3  -56
2.04781199  0.218610  3.775435  0.0  215  -74
2.04788748  0.223793  3.956596  0.6  197  -21
2.04788811  0.224195  3.970810  0.8  197  -21
2.04793579  0.216456  3.701394  0.0  207   51
2.04794446  0.211091  3.520182  0.0  200   49
2.04794362  0.208629  3.438553  0.0  199   50
2.04794627  0.215407  3.665620  0.2   14   61
2.04801491  0.229714  4.168707  2.4  350   17
2.04803527  0.219642  3.811182  1.1  150  -34
2.04803728  0.222337  3.905269  0.0  319  -41
2.04804100  0.217730  3.745090  0.9  324  -23
2.04807889  0.220991  3.858140  0.0  176   40
2.04814830  0.221832  3.887553  1.4  121   44
2.04814705  0.218124  3.758667  0.9  114   26
2.04814456  0.219825  3.817512  1.3  292   32
2.04814965  0.218980  3.788218  0.4  291   39
2.04821352  0.218527  3.772573  0.7  189   -6
2.04821372  0.216997  3.719920  0.1  190   -6
2.04825891  0.214091  3.620946  0.0  109   89
2.04826084  0.210586  3.503377  0.3    4   82
2.04825909  0.211154  3.522285  0.0  337   82
2.04829475  0.212378  3.563246  0.3  312  -51
2.04834968  0.218150  3.759556  0.6  158  -47
2.04834673  0.215755  3.677469  0.0  337  -34
2.04834493  0.218087  3.757399  0.2  338  -34
2.04841750  0.225408  4.013901  1.3  180    3
2.04842821  0.224015  3.964437  0.7  269  -41
2.04841617  0.223509  3.946534  1.3    2   14
2.04846970  0.228404  4.121305  0.4  346    9
2.04847086  0.226709  4.060370  1.4  174   -6
2.04847176  0.227440  4.086597  0.3  166   -4
2.04854852  0.227878  4.102360  0.9  180  -25
2.04854142  0.227811  4.099935  2.7  337  -10
2.04860899  0.227637  4.093664  1.6  347    6
2.04861479  0.227583  4.091719  0.4  283  -59
2.04861516  0.226048  4.036725  0.2  288  -56
2.04868103  0.227205  4.078156  0.2  165  -42
2.04868084  0.227161  4.076560  0.1  348  -23
2.04867177  0.227721  4.096707  0.1  191  -47
2.04867319  0.230344  4.191625  0.3  199  -49
2.04873991  0.231432  4.231303  2.2  199    0
2.04873929  0.229450  4.159121  1.3  200   -2
2.04879949  0.228690  4.131646  0.5  216   54
2.04880012  0.228086  4.109852  0.7  167  -19
2.04879919  0.228548  4.126508  3.1  238   44
2.04887006  0.227019  4.071468  0.0  251  -90
2.04886976  0.224914  3.996307  0.0  188  -85
2.04889400  0.226519  4.053553  0.0  315  -80
2.04893401  0.225311  4.010438  0.2  198   23
2.04894080  0.225322  4.010817  2.1  198   -1
2.04894721  0.224856  3.994260  1.6  202   -9
2.04894730  0.224249  3.972724  0.9  202   -9
2.04901107  0.221222  3.866195  0.0  171   23
2.04901033  0.221376  3.871584  0.3  165   29
2.04907272  0.219754  3.815045  0.6  183  -32
2.04906872  0.219124  3.793194  0.4  178  -31
2.04907040  0.219067  3.791230  1.0  188  -20
2.04914059  0.206466  3.367641  0.4  350   51
2.04913770  0.208802  3.444270  0.2    2   56
2.04913721  0.205745  3.344135  0.0    2   56
2.04920371  0.221487  3.875474  2.2   92   56
2.04920713  0.218456  3.770114  6.0  113   49
2.04920627  0.218388  3.767756  6.0  282   51
2.04927162  0.216204  3.692783  1.7  214   27
2.04927077  0.216027  3.686729  2.4   36   37
2.04927175  0.215678  3.674847  4.6   18   13
2.04927166  0.215659  3.674191  4.8   18   13
2.04934794  0.221490  3.875581  3.9  160    2
2.04934582  0.221841  3.887873  4.4  339   16
2.04940385  0.227690  4.095573  0.4  180    1
2.04941125  0.218486  3.771149  0.2  358  -15
2.04941316  0.217543  3.738667  0.0  175  -27
2.04943007  0.233823  4.319190  1.3  310  -50
2.04948821  0.229999  4.179055  0.1  161  -40
2.04948847  0.231111  4.219566  0.1  340    2
2.04949106  0.235377  4.376792  3.4   96  -44
2.04954177  0.228330  4.118634  6.0   53  -46
2.04954377  0.228490  4.124390  5.7  251  -56
2.04957594  0.232977  4.287971  1.2  193   34
2.04961061  0.236975  4.436404  2.0  200   44
2.04964820  0.231458  4.232244  5.6   79   65
2.04964608  0.233299  4.299849  1.0  258   42
2.04966874  0.228688  4.131555  1.0  300  -45
2.04971101  0.228912  4.139665  1.6  323   -6
2.04971783  0.228083  4.109720  2.2  321  -10
2.04977043  0.222369  3.906394  2.4  304   12
2.04977003  0.220846  3.853072  0.2  311   57
2.04977047  0.222459  3.909557  2.3  303   12
2.04979355  0.230680  4.203858  0.8  302   41
2.04985324  0.228213  4.114411  0.5  339   45
2.04980011  0.231190  4.222439  2.9  120  -17
2.04985356  0.227850  4.101350  0.4  345   40
2.04992081  0.226168  4.040998  0.4  163  -25
2.04991995  0.226425  4.050199  0.8  172  -28
2.04993257  0.229591  4.164238  3.6   12   -5
2.04998644  0.223891  3.960065  2.9   12   41
2.04999015  0.222114  3.897424  1.7  198   16
2.04999991  0.219924  3.820947  0.2  195   17
2.05000095  0.221619  3.880077  0.8  195   10
2.05005174  0.228346  4.119222  0.1  170  -75
2.05004918  0.224208  3.971252  0.1  177   57
2.05012632  0.219932  3.821245  0.9  197  -13
2.05012583  0.216395  3.699314  1.0  196   -9
2.05012910  0.212851  3.579128  0.0   20    3
2.05012893  0.214323  3.628828  0.1  199  -12
2.05019644  0.233131  4.293657  0.1  352   -6
2.05019730  0.235169  4.369048  0.3  192   18
2.05026152  0.227769  4.098426  1.3  136  -83
2.05027140  0.222745  3.919611  0.0  161  -62
2.05027559  0.223732  3.954436  0.4  292  -95
2.05027560  0.224424  3.978934  0.7  113  -83
2.05033956  0.220757  3.849975  0.1  329   47
2.05033360  0.223832  3.957972  0.1  193   59
2.05033538  0.226636  4.057745  0.4  177   52
2.05039411  0.228606  4.128593  0.8   96   49
2.05039903  0.230763  4.206885  0.5  306  -48
2.05045355  0.222628  3.915492  0.0   76   57
2.05046645  0.217045  3.721577  0.3  173   15
2.05046630  0.215490  3.668426  0.0  176    5
2.05046565  0.216066  3.688078  0.0  176    7
2.05053353  0.218580  3.774416  0.2  181   32
2.05053096  0.219089  3.792010  1.7  350   47
2.05054992  0.226439  4.050708  1.4  122  -37
2.05061039  0.216529  3.703902  0.0  354  -37
2.05063001  0.215815  3.679497  1.3  333   60
2.05063224  0.217067  3.722337  1.9  185   55
2.05064770  0.215642  3.673624  0.0  181   14
2.05064770  0.213958  3.616478  0.0    1   27
2.05071414  0.218625  3.775961  0.5  150  -58
2.05071215  0.212723  3.574844  0.0  357  -31
2.05078304  0.223637  3.951079  0.1  155  -17
2.05078338  0.227852  4.101416  0.6  160  -29
2.05078065  0.227157  4.076428  3.6    6    7
2.05084550  0.220004  3.823726  2.5  316   -2
2.05083776  0.225435  4.014849  1.1  189   51
2.05084551  0.224327  3.975482  0.1  310  -20
2.05091976  0.224652  3.987017  0.5   91   57
2.05090619  0.217227  3.727829  0.0  298   29
2.05091959  0.224204  3.971140  0.7  303   66
2.05091638  0.219522  3.807016  0.1  336   59
2.05098440  0.223418  3.943333  0.1  178  -24
2.05098538  0.222367  3.906315  0.0  176  -24
2.05098233  0.224626  3.986082  0.1  355   -1
2.05106030  0.226270  4.044649  3.9  163  -18
2.05106101  0.229665  4.166949  3.9  166  -18
2.05106205  0.227080  4.073659  3.1  170  -18
2.05112371  0.218637  3.776380  0.1  302  -62
2.05112406  0.219368  3.801670  0.0   53  -69
2.05112265  0.217185  3.726393  0.0   91  -59
2.05119064  0.229344  4.155311  4.0  203   10
2.05120266  0.221306  3.869134  0.1  164  -67
2.05120184  0.221059  3.860501  0.0  316  -74
2.05125694  0.222978  3.927830  0.1  343   45
2.05125750  0.225597  4.020630  1.9  187  -67
2.05126640  0.227615  4.092878  4.0  186   33
2.05132967  0.227652  4.094192  3.3   14   -3
2.05133166  0.224320  3.975246  3.0  189  -16
2.05133290  0.224804  3.992393  2.6  189  -16
2.05139657  0.223849  3.958569  0.0  178   11
2.05139503  0.223670  3.952236  0.5  180   12
2.05139662  0.221841  3.887861  0.2  176   11
2.05147052  0.223540  3.947654  0.2   11  -48
2.05146617  0.221414  3.872902  0.1  181  -48
2.05149741  0.220735  3.849188  0.3   78  106
2.05149558  0.219218  3.796461  0.0  300   65
2.05150086  0.221983  3.892856  3.1   19   58
2.05154108  0.226290  4.045374  0.4  190  -27
2.05154196  0.227338  4.082922  0.6  190  -25
2.05161336  0.224833  3.993444  3.3  181   42
2.05163357  0.223332  3.940297  0.0  310   81
2.05163405  0.219737  3.814464  0.1   94   76
2.05168185  0.222408  3.907775  3.6   89   52
2.05168159  0.221381  3.871771  4.9  289   59
2.05168089  0.222939  3.926447  4.3  271   58
2.05172257  0.232065  4.254482  3.1  305   -0
2.05176429  0.220771  3.850439  4.0  311   47
2.05176484  0.220657  3.846473  5.0  308   45
2.05178473  0.224879  3.995083  0.8  329  -49
2.05182231  0.230247  4.188072  0.3  155  -50
2.05183260  0.231593  4.237181  1.1  157    5
2.05187874  0.221861  3.888552  4.5  125  -43
2.05191590  0.220999  3.858389  0.1  273  -59
2.05191726  0.220609  3.844807  0.5  136  -50
2.05191604  0.219607  3.809948  0.8  299 -127
2.05195792  0.226074  4.037655  3.8  310  -37
2.05195859  0.225306  4.010270  3.6  311  -36
2.05200184  0.236631  4.423562  3.6  286  -55
2.05204360  0.222988  3.928162  0.3  177  -49
2.05204566  0.223889  3.959988  1.3  176  -56
2.05204664  0.235175  4.369266  3.5  294  -77
2.05210605  0.235320  4.374679  1.9  187  -48
2.05210785  0.232372  4.265727  1.5  311  -43
2.05212484  0.233947  4.323757  2.4  195  -57
2.05214021  0.231422  4.230921  3.1  312  -19
2.05218070  0.230458  4.195765  0.0  323   11
2.05217639  0.231734  4.242362  1.1  186  -21
2.05225282  0.226157  4.040605  6.1  200   44
2.05224964  0.223547  3.947896  0.0  176   -6
2.05225816  0.216279  3.695339  0.0  201  -74
2.05230123  0.226483  4.052286  0.4  187   34
2.05230895  0.227063  4.073054  0.3    1   40
2.05234945  0.222009  3.893764  0.0  190   61
2.05237118  0.219730  3.814233  0.1  189   14
2.05237617  0.218338  3.766034  0.0  190   14
2.05242037  0.217269  3.729264  0.1   44   57
2.05242054  0.217557  3.739151  0.5   44   57
2.05242513  0.218714  3.779013  0.4  208  120
2.05245647  0.231189  4.222438  0.8    6   21
2.05251328  0.220946  3.856560  1.7   17  -16
2.05252313  0.212329  3.561607  0.1  207  -20
2.05251979  0.210980  3.516508  0.2   28   -6
2.05256554  0.228254  4.115883  0.9  187   39
2.05256783  0.227293  4.081319  0.4  179   37
2.05260538  0.228292  4.117252  0.1  276   50
2.05264342  0.227642  4.093860  0.5  107   43
2.05265027  0.228190  4.113594  2.3  214  -60
2.05267614  0.225351  4.011857  0.2   46  -53
2.05266746  0.223168  3.934521  0.7   38  -51
2.05271828  0.228523  4.125587  0.7  159  -69
2.05272611  0.228083  4.109709  0.1  357   -7
2.05276749  0.222066  3.895738  1.0  294  -39
2.05276730  0.227390  4.084773  0.1   96  -63
2.05284659  0.225851  4.029673  0.4    0   12
2.05284942  0.223491  3.945893  0.1  359    6
2.05284605  0.227498  4.088688  0.2   61  -47
2.05290664  0.226128  4.039566  1.0   77   84
2.05290571  0.223653  3.951634  0.5  198   67
2.05290858  0.226033  4.036199  1.4  191   49
2.05290746  0.223518  3.946868  0.6  173   63
2.05298990  0.224040  3.965312  0.0  281   41
2.05299351  0.223392  3.942429  0.1  274   42
2.05299756  0.226959  4.069303  0.8   44   51
2.05303842  0.227199  4.077940  0.9  295   25
2.05304684  0.229912  4.175905  0.7  283   23
2.05306768  0.231607  4.237691  0.5  112  -38
2.05306763  0.230545  4.198914  0.1  114  -37
2.05313678  0.235256  4.372303  0.0  312   37
2.05314073  0.234733  4.352866  3.5  302   40
2.05317827  0.227317  4.082178  0.1  286  -53
2.05318267  0.227019  4.071459  0.0   80  -56
2.05318828  0.224027  3.964872  0.1   70  -37
2.05322400  0.229835  4.173090  0.3  195   47
2.05327321  0.219565  3.808477  0.1  104   52
2.05327121  0.222796  3.921395  0.5  262   53
2.05331128  0.220157  3.829057  1.5  286   51
2.05331129  0.220145  3.828639  1.4  285   52
2.05335256  0.222835  3.922771  0.6   68   43
2.05335485  0.217253  3.728694  0.0   54   45
2.05339976  0.227465  4.087490  0.0  105   80
2.05341981  0.219699  3.813141  4.2  286  -63
2.05342528  0.220670  3.846925  4.2  317  -53
2.05348363  0.213654  3.606198  1.0  283   33
2.05348194  0.213159  3.589520  0.6  102  147
2.05348129  0.216837  3.714431  0.0  107   26
2.05354898  0.222148  3.898627  0.1  273  -50
2.05355398  0.215423  3.666154  0.0  290  -45
2.05355659  0.216107  3.689481  0.0   89  -62
2.05358904  0.217844  3.749040  0.7  298  -45
2.05359305  0.221229  3.866429  0.7  102  -38
2.05364417  0.232245  4.261100  0.0  188   17
2.05369745  0.225564  4.019442  0.1  293  -63
2.05369682  0.223979  3.963162  0.3  266  -65
2.05369806  0.226126  4.039489  0.8   65  -60
2.05372360  0.231884  4.247839  3.4  167    3
2.05376551  0.231282  4.225820  2.7  175  -24
2.05377730  0.231701  4.241141  4.8  175  -54
2.05378528  0.231173  4.221850  4.6  354  -29
2.05382148  0.232898  4.285074  1.7  297  -65
2.05383895  0.235071  4.365401  4.2  174  -56
2.05385105  0.231973  4.251089  0.3  279   49
2.05389328  0.233150  4.294355  0.5   63   60
2.05393473  0.232705  4.277972  0.4  126   70
2.05393166  0.219396  3.802617  0.2   58   52
2.05393818  0.223069  3.931040  0.2   32   51
2.05397118  0.226816  4.064201  0.0   65   61
2.05401521  0.229884  4.174880  0.1   43   63
2.05401823  0.230519  4.197974  0.5  188   50
2.05401815  0.232920  4.285886  0.4  288   49
2.05407973  0.229672  4.167174  1.7  319   16
2.05408634  0.227869  4.102034  2.4  312   -3
2.05412020  0.232866  4.283895  1.2   32  -44
2.05415363  0.227538  4.090101  0.1  126   15
2.05415948  0.228467  4.123561  0.0  310  -29
2.05415252  0.225620  4.021448  0.0  126   21
2.05420761  0.226315  4.046276  1.1  322   43
2.05427039  0.229038  4.144229  0.6  125   55
2.05427133  0.227901  4.103156  0.7  126   57
2.05428860  0.219075  3.791527  0.0  316  -27
2.05428603  0.223573  3.948792  0.5  310  -30
2.05429196  0.217346  3.731910  0.0  314  -25
2.05435150  0.216466  3.701758  3.1  298   32
2.05435138  0.216146  3.690825  2.5  298   33
2.05435218  0.217381  3.733095  0.9  132   25
2.05439809  0.224852  3.994104  0.3   94  -58
2.05443865  0.221442  3.873901  0.0  108  -48
2.05443922  0.222531  3.912089  0.0  109  -50
2.05449396  0.219537  3.807527  0.1  297 -155
2.05449703  0.218149  3.759513  0.0  108  -28
2.05450034  0.219886  3.819645  0.6  114  -38
2.05455311  0.219842  3.818113  0.2   99  120
2.05455090  0.220894  3.854755  0.5  274   58
2.05459673  0.234437  4.341896  0.5   58   64
2.05462238  0.229437  4.158663  3.4    1  -25
2.05463362  0.228286  4.117048  1.9  169  -42
2.05464179  0.223000  3.928597  1.4  168  -54
2.05468568  0.218906  3.785655  3.5  311   40
2.05468418  0.220439  3.838877  0.9  301   35
2.05469609  0.225324  4.010899  0.0  297  -69
2.05473065  0.230292  4.189731  0.1   28   51
2.05476919  0.233703  4.314747  2.1  203  -46
2.05477459  0.231369  4.228990  1.7  198  -52
2.05481587  0.232323  4.263948  1.0  113    6
2.05481957  0.228021  4.107481  0.5  279   56
2.05482042  0.225188  4.006062  0.1  295  131
2.05484916  0.229909  4.175783  0.0   40   39
2.05488370  0.235732  4.389984  0.9  118  -30
2.05492064  0.237067  4.439858  3.1  315  -18
2.05496799  0.225516  4.017755  1.2  284 -128
2.05496943  0.223740  3.954696  0.8  276  -56
2.05497035  0.229763  4.170498  0.3   88  -52
2.05501482  0.227601  4.092366  0.2  311  -40
2.05501538  0.228222  4.114752  0.1  313  -36
2.05506123  0.227334  4.082786  0.1  168   46
2.05506232  0.228829  4.136656  0.6  174   47
2.05510502  0.235563  4.383712  0.0  301  -63
2.05510671  0.232937  4.286519  0.0  302  -63
2.05513401  0.234051  4.327594  0.2   16   -2
2.05514573  0.235026  4.363722  1.9   96  -49
2.05516794  0.233958  4.324164  1.8   36   66
2.05521560  0.238867  4.507538  3.1  302  -35
2.05526713  0.232369  4.265619  4.1    9  -50
2.05527311  0.227910  4.103502  0.7  298  -38
2.05527217  0.231248  4.224563  2.5  297  -50
2.05527279  0.227969  4.105609  1.7   85  -54
2.05527240  0.227786  4.099036  1.9  298  -48
2.05534074  0.229842  4.173359  0.0  178   47
2.05534261  0.232345  4.264742  0.2  179   46
2.05541112  0.225954  4.033354  2.9  308   25
2.05541583  0.226266  4.044500  2.7  306   39
2.05541833  0.222899  3.925039  1.2  147   25
2.05541840  0.224496  3.981481  1.6  318   32
2.05548206  0.233169  4.295044  0.7  191   32
2.05552300  0.230746  4.206259  0.6  289   40
2.05552758  0.231375  4.229232  0.7   96   47
2.05552783  0.228789  4.135222  0.1  266   41
2.05557436  0.228858  4.137705  2.5    5  -15
2.05558235  0.229020  4.143581  0.0   10  -40
2.05558515  0.235834  4.393810  0.7  289  -34
2.05563803  0.234065  4.328136  0.1  309  -56
2.05568789  0.224705  3.988879  0.3  150  -60
2.05568865  0.224178  3.970189  0.3  351  -34
2.05568731  0.225492  4.016898  0.1  329  -52
2.05572051  0.234031  4.326867  0.5  109  -67
2.05576170  0.235653  4.387052  0.2   52  -58
2.05576313  0.235470  4.380238  0.1   63  -58
2.05580615  0.240552  4.571372  1.7   54  -51
2.05584305  0.238756  4.503356  2.5   72  -42
2.05584727  0.235612  4.385524  2.0   71  -45
2.05584824  0.234503  4.344327  1.3   84  -48
2.05588145  0.231453  4.232078  0.0   49   66
2.05591205  0.234460  4.342763  0.0  208   86
2.05584859  0.236394  4.414695  1.9  287  -51
2.05596185  0.236899  4.433584  0.1  302   42
2.05600212  0.234028  4.326776  0.1  130   53
2.05600191  0.236939  4.435068  0.3   52   75
2.05603880  0.234653  4.349901  0.3   40  -45
2.05603968  0.237841  4.468898  0.7   46  -45
2.05607845  0.235958  4.398401  1.7   54  -57
2.05608150  0.234771  4.354291  2.4   66  -50
2.05611874  0.235036  4.364128  0.1  282  -48
2.05615596  0.233366  4.302310  0.7  159  -94
2.05615753  0.225389  4.013213  0.0  176  -89
2.05617898  0.237410  4.452723  1.7  200  -42
2.05620084  0.233622  4.311774  0.4  313  -56
2.05623537  0.232975  4.287913  0.7  294   51
2.05624048  0.233203  4.296296  1.1  193  -55
2.05628382  0.230330  4.191100  2.3  274   47
2.05628470  0.227765  4.098277  2.3  280   49
2.05632628  0.235170  4.369093  0.3  274   72
2.05633001  0.236498  4.418585  0.2   67   98
2.05634240  0.236076  4.402817  1.4  294   45
2.05642210  0.227103  4.074502  2.4  288   38
2.05642594  0.229284  4.153109  3.4  187   26
2.05642222  0.226131  4.039682  1.3  288   39
2.05646769  0.224645  3.986777  3.5  128   53
2.05646725  0.224296  3.974402  3.3  293   61
2.05647091  0.232358  4.265219  1.7   29  114
2.05652679  0.233524  4.308126  0.2  195  -47
2.05652336  0.225420  4.014322  0.1  120  -30
2.05655290  0.238109  4.478976  4.0  260    2
2.05658931  0.236942  4.435173  0.1  167  -80
2.05661332  0.235766  4.391279  1.7  283  -50
2.05662010  0.235149  4.368323  1.2  308  -60
2.05666180  0.233909  4.322367  2.2  285  -53
2.05665989  0.224301  3.974553  0.2  131  -41
2.05670556  0.227589  4.091943  0.1   98   64
2.05670576  0.230846  4.209898  0.3  289   68
2.05674558  0.238672  4.500194  2.5  297  -50
2.05675116  0.235608  4.385398  3.0  299  -32
2.05679849  0.243976  4.702437  0.5  302   44
2.05682301  0.240924  4.585489  0.2  286  -15
2.05682323  0.232850  4.283302  0.0  195   28
2.05686279  0.234155  4.331472  1.2  282  -70
2.05689805  0.232196  4.259288  0.9  103  -53
2.05689870  0.229586  4.164080  0.0  299  -47
2.05690079  0.233147  4.294253  0.6  114  -51
2.05694128  0.237851  4.469277  0.2  185  -49
2.05697372  0.235310  4.374289  0.2  311   26
2.05697997  0.232209  4.259761  0.9  288   54
2.05698805  0.230936  4.213180  0.1  211  -18
2.05705538  0.238097  4.478529  0.2  299   55
2.05706189  0.234546  4.345953  0.1   61   61
2.05706665  0.235071  4.365413  0.4   53   61
2.05712205  0.232432  4.267933  1.0  286   27
2.05712508  0.222558  3.913016  0.1  120   30
2.05713711  0.221692  3.882623  0.1  160   71
2.05717235  0.229024  4.143693  0.2  185   39
2.05718027  0.235926  4.397218  0.8  168   36
2.05721075  0.237150  4.442953  0.2  296  -40
2.05725187  0.230354  4.191990  1.0  329  -49
2.05725120  0.226817  4.064233  1.6   84  -54
2.05726694  0.228632  4.129539  3.0  300    2
2.05727208  0.229113  4.146946  0.2  108  -12
2.05731929  0.232457  4.268855  0.0  313  -76
2.05736774  0.234778  4.354525  0.1  304  -53
2.05736452  0.230512  4.197718  0.1   68  -57
2.05741001  0.229789  4.171449  3.3  166  -58
2.05740600  0.230709  4.204890  2.4  110  -51
2.05741553  0.231163  4.221458  0.6   88  -50
2.05746639  0.234332  4.338005  1.1   18   65
2.05746546  0.234490  4.343850  1.6   17   65
2.05754438  0.230750  4.206397  1.3   23  -36
2.05755161  0.229133  4.147653  3.3   21  -57
2.05754693  0.231339  4.227916  3.5  192  -63
2.05755198  0.227823  4.100367  3.4  203  -69
2.05762181  0.236583  4.421732  1.6  323  116
2.05762654  0.233929  4.323089  0.8  294   65
2.05762670  0.235702  4.388879  0.7  278   66
2.05767169  0.238577  4.496589  4.4  176   26
2.05771007  0.238000  4.474889  1.2  353  -56
2.05771148  0.231647  4.239156  0.2  282  -52
2.05771014  0.230535  4.198566  0.1  283  -52
2.05775099  0.232688  4.277339  0.0   45  -69
2.05777771  0.236944  4.435258  0.2   76  -30
2.05780747  0.236089  4.403299  2.0  173   15
2.05782404  0.235778  4.391724  2.0  290  -37
2.05782287  0.232906  4.285389  1.6  315  -46
2.05785889  0.240510  4.569747  2.1   80    2
2.05792530  0.243360  4.678714  2.8   53   68
2.05793629  0.229216  4.150672  0.0  317   16
2.05793917  0.231845  4.246434  0.5  313   15
2.05795835  0.230435  4.194906  1.9    8  -32
2.05796279  0.234864  4.357714  3.7  316  -61
2.05796972  0.237086  4.440562  4.4  123  -45
2.05801511  0.236484  4.418063  0.7  191  -60
2.05805899  0.232525  4.271362  6.8    5   37
2.05805856  0.234314  4.337340  6.9  184   20
2.05808482  0.232135  4.257044  0.1  305  -56
2.05812187  0.234393  4.340262  5.8  313   26
2.05812166  0.237884  4.470499  4.6  188   56
2.05818663  0.236499  4.418626  4.9  291  142
2.05818796  0.240085  4.553640  0.9  108   31
2.05820791  0.236716  4.426723  0.6  185   20
2.05820827  0.236508  4.418939  0.3  184   22
2.05828213  0.241940  4.624275  0.9  173  -43
2.05829278  0.241552  4.609429  0.2  200   41
2.05828665  0.239476  4.530534  2.0  193  -51
2.05834060  0.237175  4.443894  0.3  202   54
2.05834322  0.234253  4.335082  1.0  201   62
2.05835647  0.235966  4.398727  3.8  304  -11
2.05835697  0.235088  4.366037  4.1  303 -166
2.05841210  0.239106  4.516560  1.9  294   30
2.05842874  0.233473  4.306276  0.1  298   47
2.05846221  0.234659  4.350105  4.3  287 -121
2.05847286  0.238143  4.480266  1.1  350   40
2.05851389  0.238772  4.503968  0.3  278  -65
2.05855293  0.236923  4.434483  1.5  307   45
2.05855764  0.235445  4.379312  2.1  151  -22
2.05855128  0.236097  4.403584  2.5  319   -9
2.05860060  0.231254  4.224804  0.1  183  -15
2.05861291  0.232807  4.281730  0.6    5   -3
2.05864702  0.234373  4.339523  0.3   23   14
2.05866358  0.239275  4.522950  0.8   25   24
2.05868227  0.237338  4.450002  0.7   44   41
2.05873261  0.232046  4.253786  2.4  109   31
2.05873854  0.231590  4.237081  0.0  111   32
2.05873280  0.231361  4.228723  1.8  287   64
2.05877749  0.231930  4.249534  0.1  315   51
2.05878101  0.235462  4.379930  1.2  296   67
2.05882982  0.234535  4.345523  0.5  302   59
2.05884585  0.231240  4.224286  0.3  190  -53
2.05884933  0.234038  4.327115  1.5  203  -54
2.05887918  0.235801  4.392551  1.1  144   42
2.05888862  0.234731  4.352792  2.0  161   66
2.05892449  0.238123  4.479492  0.9    1  -42
2.05898054  0.238437  4.491315  2.2  169  -31
2.05897880  0.237606  4.460062  2.8  351  -15
2.05897973  0.239400  4.527664  3.3  218  -45
2.05901940  0.238457  4.492090  3.0   38   40
2.05908633  0.233402  4.303630  1.0  283   64
2.05908686  0.233425  4.304494  1.0  285   58
2.05908718  0.227312  4.082001  0.2  172   42
2.05908970  0.226732  4.061176  0.2  169   41
2.05915447  0.236776  4.428960  0.3  187   63
2.05915432  0.236293  4.410913  0.2  186   60
2.05915534  0.236017  4.400629  0.0   35   82
2.05920289  0.239622  4.536077  0.8  194   -5
2.05922486  0.237627  4.460847  0.5  291   40
2.05923572  0.236868  4.432406  0.2  300   70
2.05927047  0.235812  4.392959  1.0  282   -7
2.05926773  0.236173  4.406451  1.6  281  -12
2.05932336  0.231357  4.228546  0.3   48  -50
2.05933743  0.231048  4.217285  3.7  323  -44
2.05933657  0.231166  4.221596  1.0  324  -47
2.05940919  0.224081  3.966775 10.4  317    2
2.05940098  0.228975  4.141930  0.0  312    2
2.05940603  0.224266  3.973339 10.8  316    2
2.05940911  0.226536  4.054180  9.3  316    5
2.05947107  0.233480  4.306526  0.0  300  -66
2.05947327  0.237309  4.448929  0.2   90  -57
2.05951960  0.235227  4.371210  0.1  174  -54
2.05954018  0.235986  4.399466  1.0  284   -8
2.05955306  0.240802  4.580867  1.1   28   36
2.05955336  0.241471  4.606366  1.2  190   14
2.05962879  0.237275  4.447642  3.2  298   28
2.05962863  0.237848  4.469163  3.0  298   27
2.05963025  0.236242  4.409022  0.1  169   21
2.05968177  0.233230  4.297288  0.1  289   53
2.05968221  0.234657  4.350040  0.0  289   54
2.05975507  0.231709  4.241423  1.2  117   39
2.05975538  0.228848  4.137357  2.5  189   40
2.05975869  0.227583  4.091713  0.9  355   47
2.05975854  0.227059  4.072912  1.2  176   35
2.05981053  0.232303  4.263228  0.2  291   65
2.05984049  0.232484  4.269863  1.6  188  -40
2.05984286  0.231203  4.222935  1.4  196  -39
2.05989189  0.222853  3.923410  0.3   18   44
2.05989194  0.225611  4.021129  0.0   20   45
2.05992253  0.231215  4.223384  2.2  201   42
2.05994426  0.232988  4.288403  1.3  298   29
2.05996998  0.233029  4.289898  3.7  191  -69
2.05997681  0.233691  4.314306  3.5  212  -47
2.06001441  0.234481  4.343526  4.0   18  -38
2.06003009  0.233681  4.313945  0.9   18   45
2.06006955  0.229711  4.168608  4.0  209   60
2.06007422  0.226303  4.045821  3.5  195   60
2.06007806  0.226073  4.037609  0.0   24   66
2.06012784  0.234425  4.341467  2.1  198   -9
2.06017350  0.225482  4.016536  2.8  308  -55
2.06017387  0.225140  4.004362  0.0  306  -57
2.06017528  0.225501  4.017191  2.6  110  -63
2.06022066  0.235535  4.382674  4.1  287  -27
2.06022717  0.238132  4.479823  3.0   97  -26
2.06025825  0.239783  4.542181  1.8   14    5
2.06028955  0.238424  4.490838  0.2   14   14
2.06032581  0.231638  4.238826  0.0   16  -34
2.06033427  0.232145  4.257413  2.6   21  -34
2.06035966  0.230742  4.206118  2.2   21  -67
2.06037244  0.232082  4.255093  1.9  197  -42
2.06037885  0.231650  4.239258  0.3   13  -34
2.06039412  0.234725  4.352575  0.9  106  -45
2.06043475  0.235401  4.377686  0.7  271   34
2.06046947  0.235369  4.376470  2.9   63  -53
2.06047763  0.236323  4.412034  2.3  299  -63
2.06051533  0.237782  4.466684  0.2  169   33
2.06055657  0.231352  4.228389  0.1  306   33
2.06055862  0.229865  4.174187  0.1   64   45
2.06060458  0.227183  4.077361  0.5   72   40
2.06060145  0.224724  3.989557  0.0  299  121
2.06060209  0.228818  4.136273  1.0  271   61
2.06063325  0.238644  4.499111  1.4  180   31
2.06067276  0.234811  4.355754  0.2   64   36
2.06068209  0.235333  4.375137  1.1   46   43
2.06074271  0.230628  4.201958  4.0   20   64
2.06075362  0.227567  4.091144  3.4  187   29
2.06075400  0.228240  4.115387  3.9  187   29
2.06075677  0.228165  4.112672  3.2  190   16
2.06082588  0.216891  3.716283  0.6  281   43
2.06082738  0.217207  3.727134  0.3  109   40
2.06082630  0.216561  3.704978  0.4  280   43
2.06087388  0.224706  3.988934  3.1  298   51
2.06087631  0.226717  4.060631  2.0  292   54
2.06090366  0.231722  4.241906  2.6   80  -29
2.06095887  0.217963  3.753131  0.0  162   18
2.06096042  0.218160  3.759911  0.0  159   19
2.06095931  0.217952  3.752741  0.0  161   19
2.06102691  0.225370  4.012551  1.0  178  -51
2.06102668  0.225079  4.002195  3.1  177  -50
2.06103081  0.226009  4.035332  3.2  180  -48
2.06108872  0.228242  4.115459  0.7  354   14
2.06111072  0.221256  3.867371  0.0  281  -72
2.06110956  0.223294  3.938946  0.3   65  -63
2.06115088  0.223759  3.955392  0.2  355  -31
2.06115842  0.225492  4.016891  0.8  185  -47
2.06117883  0.230955  4.213882  1.6  323  -57
2.06123679  0.233264  4.298573  0.1  160  -54
2.06124522  0.232426  4.267739  0.0   80  -47
2.06124078  0.232751  4.279654  1.6  188  -32
2.06130826  0.234588  4.347477  0.0  279  -26
2.06131323  0.234201  4.333177  2.1  276  -28
2.06131432  0.235205  4.370394  2.1   87  -25
2.06131220  0.234700  4.351650  1.4  277  -23
2.06136958  0.240268  4.560567  0.0  184   -4
2.06140531  0.237474  4.455123  1.1   91  -50
2.06140555  0.236959  4.435820  1.2   93  -50
2.06145489  0.232030  4.253187  0.5  301   54
2.06145655  0.234721  4.352414  0.0  107   65
2.06144819  0.235508  4.381654  0.2  207  -50
2.06150444  0.237700  4.463605  1.6  305   73
2.06154461  0.234136  4.330764  1.0  194   42
2.06154504  0.233405  4.303748  1.1  188   38
2.06155145  0.231697  4.240989  0.1  156   25
2.06161874  0.228801  4.135658  1.0  176   60
2.06162095  0.229626  4.165512  1.0  177   46
2.06168684  0.220060  3.825687  1.0  131   44
2.06168637  0.220796  3.851319  1.8  117   55
2.06168795  0.219665  3.811950  3.7  293   55
2.06169027  0.220079  3.826350  1.2   95  122
2.06174343  0.225881  4.030762  6.7   14   31
2.06174327  0.225786  4.027369  6.3  193   20
2.06178349  0.230997  4.215396  1.2  264   43
2.06183043  0.216584  3.705788  4.5  132  -27
2.06182940  0.215630  3.673203  5.0  316  -13
2.06183007  0.215722  3.676343  4.7  316  -14
2.06189661  0.215493  3.668528  1.2  330   54
2.06188917  0.218362  3.766887  1.1  276   30
2.06188862  0.219003  3.789010  0.0  275   30
2.06196927  0.218165  3.760099  0.3  173   -5
2.06197020  0.217351  3.732092  1.1  175   -5
2.06197062  0.217452  3.735558  0.6  174   -5
2.06203320  0.223643  3.951293  3.7  146   -2
2.06202994  0.221563  3.878137  2.7  150    9
2.06202870  0.226385  4.048753  1.1  265   42
2.06209545  0.220236  3.831824  0.4  173   -1
2.06209591  0.218363  3.766919  0.2  174    0
2.06210908  0.220574  3.843567  3.0  194  -24
2.06215957  0.214220  3.625314  0.2  188   40
2.06216682  0.206099  3.355654  0.0  198   29
2.06216864  0.206650  3.373626  0.0  194   26
2.06224083  0.203467  3.270493  1.0  149  -49
2.06224113  0.203340  3.266410  0.6  149  -50
2.06224406  0.202933  3.253363  0.6  194  -74
2.06231333  0.202007  3.223729  0.4  166  -62
2.06231274  0.202620  3.243337  0.1  165  -61
2.06231294  0.205653  3.341164  0.8    9  -41
2.06231727  0.211693  3.540284  0.4  215  -50
2.06236707  0.220877  3.854155  3.3  106  -42
2.06236956  0.220990  3.858092  3.1  111  -30
2.06244001  0.225386  4.013126  1.5  333  -24
2.06248010  0.226278  4.044946  4.0  273   27
2.06248613  0.222184  3.899898  3.0  213   50
2.06248810  0.220124  3.827919  3.0   65   70
2.06248932  0.220481  3.840344  3.6   47   70
2.06248836  0.219735  3.814403  3.0   66   71
2.06260316  0.223184  3.935060  4.7   96   48
2.06260362  0.223128  3.933095  4.2  256   44
2.06260374  0.223211  3.936043  4.4  256   43
2.06260597  0.222448  3.909149  4.1   79   48
2.06264216  0.229021  4.143606  2.9  295  -73
2.06260630  0.222116  3.897507  4.3   81   47
2.06264879  0.228681  4.131323  2.6  329  -59
2.06273622  0.229710  4.168574  2.5   78  -37
2.06272842  0.230131  4.183876  2.0  274  -44
2.06275594  0.225272  4.009047  3.0   47  -43
2.06276258  0.225598  4.020659  3.7   70  -41
2.06276532  0.226419  4.049997  3.8   80  -42
2.06284040  0.235774  4.391567  4.0  205   43
2.06288216  0.222864  3.923787  1.9  262  -64
2.06288016  0.224391  3.977770  1.2  282  -80
2.06288248  0.223530  3.947280  1.9  279  -64
2.06290313  0.219216  3.796381  0.0  162   17
2.06295678  0.228732  4.133131  3.0  134   30
2.06295932  0.225287  4.009569  0.2    3   37
2.06301904  0.208851  3.445886  5.0  280   57
2.06302309  0.204934  3.317854  4.3  103   56
2.06302829  0.203842  3.282572  3.0   14   53
2.06302861  0.203627  3.275650  2.5    4   53
2.06302819  0.204745  3.311718  2.8    1   55
2.06303400  0.215991  3.685504  1.4  333   40
2.06311552  0.219606  3.809910  1.7  175  -77
2.06317158  0.216760  3.711802  1.5   10   -9
2.06317182  0.218175  3.760437  2.6  190  -18
2.06317167  0.217077  3.722666  2.2   10   -8
2.06317613  0.218699  3.778523  2.1  194  -26
2.06323594  0.229636  4.165881  2.4  180   21
2.06323647  0.228694  4.131787  3.1  179   18
2.06330817  0.225216  4.007056  0.0    3  -26
2.06330853  0.224347  3.976180  2.7    3  -28
2.06330849  0.224108  3.967713  0.0    3  -27
2.06336723  0.209362  3.462769  6.6  166   24
2.06336713  0.209309  3.461003  6.9  165   23
2.06336716  0.209327  3.461595  6.6  166   23
2.06336770  0.209401  3.464037  6.2  171   23
2.06344477  0.213332  3.595333  0.0  157   32
2.06344601  0.212209  3.557570  0.0  159   33
2.06349252  0.225925  4.032310  1.2   49   23
2.06351200  0.218772  3.781044  3.9  168  -28
2.06351614  0.217954  3.752798  0.1  322  -77
2.06351825  0.221124  3.862762  3.0  327  -52
2.06359886  0.218815  3.782503  5.2  262  -30
2.06358889  0.220736  3.849217  5.5   66  -45
2.06363346  0.217158  3.725460  5.3  282  -54
2.06363471  0.217265  3.729117  0.0   59  -48
2.06363848  0.216269  3.694994  5.2   79  -54
2.06361301  0.220152  3.828875  4.6  273  -11
2.06371888  0.229721  4.168973  0.9   85  -41
2.06371964  0.226705  4.060235  0.0  182  -26
2.06373682  0.227691  4.095597  0.1  193  -27
2.06377763  0.226352  4.047600  0.6   97   37
2.06378252  0.227823  4.100367  0.8  266   42
2.06382620  0.222708  3.918305  1.5  302   68
2.06382817  0.223549  3.947945  0.0  302   61
2.06384573  0.225726  4.025210  0.6  180   23
2.06391274  0.202419  3.236901  0.4  205   48
2.06391244  0.199097  3.131516  0.0   31   58
2.06390832  0.202139  3.227948  0.6   43   67
2.06392843  0.215491  3.668467  1.7   45   50
2.06397032  0.221732  3.884058  0.1   66   49
2.06403022  0.220729  3.848994  0.3  239   25
2.06403549  0.219051  3.790668  0.0   14   10
2.06404067  0.216985  3.719517  1.0   21    3
2.06404620  0.211746  3.542086  0.2  211  -12
2.06408354  0.215419  3.666034  1.0   88   29
2.06409033  0.219168  3.794745  1.4  257   58
2.06417689  0.224009  3.964228  3.4  272   36
2.06418759  0.221573  3.878488  3.7   78   51
2.06418296  0.221745  3.884484  3.9   70   31
2.06419350  0.221913  3.890389  3.3   91   52
2.06421153  0.222044  3.894983  0.2  306  -44
2.06425538  0.222748  3.919711  0.0  286  -56
2.06424700  0.221605  3.879580  0.1  158   32
2.06433408  0.223173  3.934691  1.2  185   31
2.06433793  0.221988  3.893022  2.7  184   22
2.06434159  0.221726  3.883818  2.2  179   17
2.06437291  0.217087  3.723013  1.0  303   -5
2.06438429  0.217348  3.731984  1.0  119   -5
2.06443194  0.214011  3.618258  1.0  329   36
2.06443663  0.212635  3.571870  1.6  306   48
2.06444557  0.214809  3.645277  2.9  181   49
2.06444694  0.215954  3.684269  4.5  187   21
2.06452648  0.202522  3.240202  0.2   51  -66
2.06452700  0.203564  3.273617  0.0   73  -57
2.06452439  0.200715  3.182648  0.0  220  -52
2.06452760  0.208688  3.440506  0.4  239  -86
2.06460141  0.212272  3.559704  0.0   39  -35
2.06459706  0.214978  3.651013  0.2  194  -37
2.06459640  0.210284  3.493333  0.1  204  -37
2.06466014  0.218853  3.783846  0.1  108  -25
2.06464219  0.221600  3.879418  3.0  168   41
2.06472678  0.210910  3.514166  0.0  173  -43
2.06472158  0.211206  3.524022  0.1  165  -31
2.06472294  0.214387  3.630970  0.5  136  -20
2.06478207  0.216733  3.710869  0.4  354   13
2.06478228  0.217983  3.753813  0.3  175    1
2.06479044  0.222967  3.927445  1.4  176    2
2.06486250  0.214470  3.633785  2.7   37  -37
2.06486330  0.214013  3.618339  2.8  223  -49
2.06492783  0.216046  3.687383  3.7  175  -50
2.06492789  0.215772  3.678058  4.1  357  -39
2.06492765  0.216469  3.701844  3.5  176  -51
2.06493034  0.222560  3.913121  4.8  209  -47
2.06496221  0.224585  3.984650  0.1   47   72
2.06500760  0.231617  4.238074  0.4   72   63
2.06503305  0.229253  4.152007  0.2   57  -66
2.06503454  0.229918  4.176106  0.3   79  -63
2.06506953  0.225048  4.001073  0.2  290  -47
2.06516049  0.223434  3.943880  0.0  111  -40
2.06510889  0.223484  3.945671  0.0  300  -60
2.06511055  0.225045  4.000989  0.2  325  -63
2.06515889  0.222192  3.900160  0.0  293  -49
2.06519804  0.233750  4.316503  0.9   71  -47
2.06516938  0.229282  4.153057  0.0  277   -5
2.06523731  0.234853  4.357334  0.7  315   45
2.06524416  0.235801  4.392550  0.6  296   49
2.06530946  0.216753  3.711566  3.4  243   59
2.06531312  0.211862  3.545947  0.7  197   40
2.06531460  0.211161  3.522520  0.0   15   51
2.06530965  0.211857  3.545792  0.0  286   48
2.06537526  0.219543  3.807732  0.3  306   45
2.06537804  0.224049  3.965629  1.3  266   62
2.06537807  0.221368  3.871294  0.0  280   34
2.06545163  0.213221  3.591606  0.6  175   -1
2.06545262  0.213460  3.599650  0.1  184    1
2.06545212  0.213995  3.617732  1.0  176   -1
2.06551281  0.210808  3.510768  0.0  345   31
2.06551207  0.210060  3.485906  1.0  347   33
2.06551258  0.207976  3.417052  0.1  167   23
2.06558731  0.208036  3.419049  0.1  328   16
2.06558930  0.207742  3.409369  0.0  341   -9
2.06565218  0.208179  3.423749  0.1  351   25
2.06566011  0.206147  3.357240  0.1  168   -8
2.06565914  0.206563  3.370783  0.2  170  -10
2.06565831  0.207157  3.390216  0.2  170  -10
2.06572822  0.210007  3.484116  0.0   13  -59
2.06572550  0.208922  3.448228  0.1  176  -76
2.06579266  0.213588  3.603961  1.7  190   -9
2.06573011  0.212540  3.568680  0.1  308  -47
2.06579258  0.213096  3.587383  1.6  190   -9
2.06579400  0.212700  3.574072  1.4  191  -13
2.06579342  0.213754  3.609579  1.9  192  -12
2.06585305  0.222052  3.895264  2.3  355   42
2.06587047  0.225594  4.020508  1.8  310  -35
2.06593593  0.212993  3.583899  2.7  302  -46
2.06594113  0.209044  3.452258  1.7  287  -43
2.06594011  0.207391  3.397882  2.3   91  -47
2.06600247  0.211234  3.524963  0.0  174  -32
2.06600142  0.211446  3.532037  0.0  169  -29
2.06600497  0.209650  3.472309  0.0  175  -32
2.06605987  0.231209  4.223132  1.6  148  -46
2.06605339  0.231677  4.240258  0.8  186  -64
2.06609069  0.230979  4.214747  2.6  295  -51
2.06609840  0.232655  4.276127  1.8  312  -57
2.06613773  0.228913  4.139691  0.1  358  -32
2.06613512  0.233804  4.318464  0.1   78  -54
2.06620969  0.237132  4.442312  4.2  352  -26
2.06621912  0.236085  4.403160  3.6   42  -58
2.06621858  0.235473  4.380359  2.8  170  -69
2.06625669  0.235527  4.382354  0.0  281   68
2.06625952  0.237046  4.439080  0.4  171   73
2.06625923  0.238033  4.476127  0.0  110   65
2.06632178  0.236367  4.413671  1.4  353   18
2.06632468  0.237064  4.439761  1.4  171   32
2.06639176  0.224589  3.984779  0.4  213   63
2.06638936  0.223310  3.939513  0.4  191   41
2.06639208  0.222289  3.903596  0.1  189   41
2.06644298  0.237339  4.450056  0.8  117   34
2.06645736  0.236905  4.433798  0.2   70   58
2.06647796  0.233664  4.313296  0.1  190   56
2.06651680  0.225649  4.022472  0.8  360   32
2.06652767  0.222710  3.918393  1.9  174    3
2.06652898  0.220226  3.831451  0.1  174    3
2.06653089  0.225264  4.008753  1.1  178    3
2.06659355  0.229769  4.170709  0.8  352   31
2.06660359  0.235358  4.376077  1.2  167   39
2.06666148  0.225574  4.019820  0.1  320   23
2.06666584  0.221985  3.892921  1.7    5    8
2.06673118  0.220507  3.841245  2.0  307   77
2.06673377  0.213342  3.595672  2.4  159   29
2.06672897  0.211948  3.548819  2.8  334   42
2.06673079  0.213134  3.588664  2.6  159   29
2.06673541  0.214708  3.641858  1.8  155   28
2.06681495  0.216175  3.691786  1.0  270  -57
2.06680911  0.216140  3.690617  0.1  167  -51
2.06681500  0.216894  3.716409  1.0   94  -53
2.06686594  0.222268  3.902842  0.9  320   -6
2.06686897  0.222482  3.910358  0.3  319   -7
2.06686854  0.219570  3.808667  0.0  319   -5
2.06693681  0.226536  4.054179  0.2  161   14
2.06693887  0.232488  4.269989  1.9  179   30
2.06701915  0.219364  3.801528  1.6  275 -106
2.06700819  0.221121  3.862667  2.6  353  -46
2.06701725  0.215689  3.675229  0.9  173  -56
2.06702260  0.217345  3.731865  0.3  323  -77
2.06707799  0.230676  4.203690  1.0  157  -40
2.06708712  0.234727  4.352658  1.2  183  -16
2.06708184  0.234138  4.330822  1.8  304  -39
2.06713681  0.232290  4.262732  0.0  269   55
2.06715483  0.234221  4.333915  0.2  269   60
2.06719217  0.229200  4.150089  0.0  305   85
2.06722319  0.231084  4.218584  0.1  149  -54
2.06722244  0.230813  4.208683  2.3  124  -48
2.06722261  0.232187  4.258941  3.2  123  -38
2.06728900  0.227580  4.091617  0.2  212   64
2.06728771  0.227826  4.100474  0.3   46   58
2.06732813  0.231149  4.220962  0.1  317   22
2.06732069  0.234714  4.352181  0.0   36   48
2.06737526  0.235320  4.374660  0.5  302  -91
2.06736587  0.234201  4.333156  2.8  202  -78
2.06740321  0.235220  4.370934  3.4   60   30
2.06744151  0.227190  4.077612  0.1   61  -72
2.06744287  0.227116  4.074939  0.1   79  -67
2.06746963  0.230326  4.190972  0.2  191   -9
2.06751514  0.233125  4.293434  1.0  194    8
2.06751810  0.228960  4.141401  0.1   18   26
2.06751851  0.230847  4.209922  0.0  197   11
2.06753745  0.233065  4.291215  0.0   45   34
2.06757699  0.235914  4.396794  2.2  336 -120
2.06758164  0.235252  4.372122  0.8  178  -51
2.06762997  0.236749  4.427960  0.0  197   49
2.06767374  0.237990  4.474512  5.2  347   37
2.06767625  0.235060  4.364986  0.9  270  -66
2.06774203  0.226788  4.063181  0.1  137   38
2.06773683  0.223876  3.959499  0.0  196   19
2.06774350  0.224701  3.988747  1.9  190   10
2.06780846  0.208799  3.444160  0.4   71   60
2.06780833  0.203679  3.277321  1.9  123   49
2.06781284  0.203932  3.285484  1.2  172   42
2.06781241  0.203207  3.262150  0.7  171   42
2.06787087  0.222906  3.925271  0.0  159   50
2.06788988  0.222541  3.912421  3.9  170   -3
2.06794457  0.213269  3.593222  1.8  185    1
2.06794331  0.211207  3.524061  0.0    6   14
2.06794336  0.209451  3.465705  0.5    6   18
2.06794567  0.211319  3.527806  3.1  354   10
2.06796597  0.228750  4.133810  2.0   98  -58
2.06801820  0.229672  4.167182  0.2  326    8
2.06807830  0.215875  3.681559  0.1  358    7
2.06807841  0.213686  3.607276  3.2  358    6
2.06807852  0.215984  3.685270  2.0  358    7
2.06808608  0.219375  3.801897  1.0  177  -13
2.06814513  0.225638  4.022101  1.8  172  -52
2.06815010  0.227110  4.074725  0.9  303  -56
2.06820938  0.225688  4.023872  0.1    5  -32
2.06821010  0.225119  4.003612  0.1    7  -40
2.06821437  0.223801  3.956873  0.2   19  -40
2.06822048  0.223496  3.946084  0.4  216  -52
2.06827757  0.231291  4.226149  1.6  182   44
2.06828344  0.228365  4.119899  0.0   20   35
2.06835404  0.230730  4.205658  0.3  110  -42
2.06835238  0.227398  4.085080  0.0  111  -45
2.06839941  0.231803  4.244884  1.4  291   -1
2.06838328  0.230971  4.214456  3.6  193  -65
2.06838791  0.230927  4.212840  4.2  311  -57
2.06841254  0.227928  4.104129  0.0  170   -2
2.06844320  0.233459  4.305763  0.1  309  -49
2.06847731  0.238272  4.485122  0.4   55  -61
2.06850820  0.231019  4.216217  1.3  266  -50
2.06855780  0.227899  4.103095  1.3  136  -44
2.06855126  0.228723  4.132821  4.0   62  -27
2.06855653  0.227299  4.081532  2.3  313  -48
2.06862237  0.230155  4.184729  0.0  273  -33
2.06861717  0.229198  4.149990  0.2   83  -30
2.06862855  0.235298  4.373851  1.0  199  -59
2.06862345  0.234797  4.355242  0.1  273   29
2.06868959  0.234153  4.331390  3.8  305   64
2.06870058  0.233394  4.303340  3.1  190   49
2.06869511  0.231599  4.237420  3.4  189   67
2.06874963  0.227851  4.101386  0.6  266   42
2.06877194  0.233823  4.319186  2.3  171   29
2.06879224  0.231996  4.251954  0.3  250    9
2.06881082  0.231410  4.230481  0.6   47   52
2.06886923  0.211117  3.521054  1.4  121   20
2.06887190  0.210284  3.493341  0.3  141   38
2.06887147  0.209415  3.464502  0.1  138   34
2.06887202  0.208460  3.433004  0.0  138   33
2.06893189  0.216745  3.711303  0.1   53   34
2.06897326  0.216259  3.694673  3.9  231  -61
2.06896875  0.210911  3.514209  3.1  206  -46
2.06897457  0.215861  3.681079  3.9  246  -65
2.06903277  0.228995  4.142660  1.1  284  -52
2.06907199  0.223296  3.939040  3.5  307   40
2.06907100  0.225098  4.002857  1.5   65   80
2.06909734  0.224632  3.986304  0.2  165  -21
2.06909713  0.224245  3.972583  0.0  167  -18
2.06914996  0.224326  3.975442  1.0  261   34
2.06915667  0.223638  3.951119  1.0  252   38
2.06921466  0.223721  3.954036  3.7  311   16
2.06921465  0.223577  3.948935  3.8  311   16
2.06922858  0.224018  3.964525  0.0  326  -13
2.06922358  0.228777  4.134772  1.6  283  -56
2.06930965  0.223849  3.958564  4.0   30  -23
2.06930780  0.221774  3.885516  2.7  199  -32
2.06930919  0.222229  3.901479  0.0  199  -36
2.06932437  0.224565  3.983912  2.2  217  -61
2.06934144  0.229055  4.144818  0.4   24   60
2.06941569  0.231507  4.234042  0.6  185   70
2.06944466  0.226611  4.056858  2.8  259 -112
2.06944310  0.224288  3.974095  1.0  292  -33
2.06944829  0.223963  3.962591  1.4   54  -59
2.06944355  0.225793  4.027600  2.2  290  -39
2.06950273  0.228613  4.128850  2.4  180  -51
2.06950450  0.229874  4.174535  0.9  100  -50
2.06958702  0.231886  4.247921  8.8  303    2
2.06958308  0.232741  4.279304  3.5  290   39
2.06959449  0.231990  4.251719  2.9   99   41
2.06959318  0.232842  4.283004  2.6   35   60
2.06962986  0.234311  4.337231  0.6  303  -63
2.06963546  0.235045  4.364441  0.1  311  -67
2.06970045  0.227011  4.071192  0.4  187  -15
2.06973148  0.223985  3.963386  1.4   94   37
2.06973818  0.223087  3.931672  0.1   94   37
2.06974324  0.222308  3.904255  1.0  253   35
2.06977541  0.230445  4.195297  2.2  283  -53
2.06978257  0.229475  4.160042  2.0  283  -38
2.06983326  0.231769  4.243621  2.7  282   55
2.06987463  0.221837  3.887736  5.4   66   49
2.06987358  0.218651  3.776840  7.1   53   28
2.06987594  0.223110  3.932458  5.1   59  132
2.06987542  0.220885  3.854415  5.5  250  130
2.06990471  0.223986  3.963413  6.5   91  -31
2.06996824  0.231887  4.247941  4.7  138  -29
2.06998789  0.230757  4.206672  2.0  299  -59
2.07002578  0.227158  4.076460  8.0  344   11
2.07003406  0.223592  3.949489  0.0  268  -49
2.07003161  0.222814  3.922046  0.7   77  -50
2.07004225  0.225780  4.027164  0.3   89  -46
2.07009410  0.235557  4.383478  2.4  353    8
2.07012954  0.230600  4.200920  2.9  281  126
2.07016415  0.230215  4.186905  3.7  125   -4
2.07016246  0.229380  4.156614  3.8   48  -52
2.07022957  0.226317  4.046314  0.3  199   49
2.07023156  0.227305  4.081726  1.4  205   57
2.07023191  0.229738  4.169588  1.7  199   50
2.07023387  0.228748  4.133722  3.0  159   48
2.07022806  0.231905  4.248599  1.1  245   47
2.07031244  0.226993  4.070530  0.4  190   21
2.07031319  0.226457  4.051345  0.3  190   21
2.07038223  0.225669  4.023201  1.6    9    8
2.07038139  0.225843  4.029403  1.5  188   -1
2.07037378  0.225580  4.020030  0.8   14   20
2.07038104  0.225562  4.019380  1.2  189    1
2.07042643  0.228049  4.108493  2.9  300   23
2.07045669  0.229944  4.177073  0.2  343  -12
2.07051948  0.218295  3.764574  0.3  181  -69
2.07051489  0.218923  3.786242  1.4  209  -47
2.07051779  0.216811  3.713561  0.0   27  -59
2.07057072  0.224021  3.964630  2.5  280  -42
2.07057160  0.222980  3.927888  1.9   89  -47
2.07056876  0.222881  3.924393  1.5  299  -57
2.07059134  0.236157  4.405853  1.0  186  -40
2.07065806  0.232444  4.268397  0.2  308   42
2.07065752  0.233008  4.289128  0.4  307   42
2.07069424  0.232406  4.266987  3.9  296  -45
2.07073382  0.229316  4.154288  5.1   23  -30
2.07072735  0.230965  4.214234  5.0  201  -38
2.07073318  0.229026  4.143793  5.7   15  -39
2.07078531  0.233853  4.320283  1.0  101   48
2.07078600  0.233520  4.308007  4.6  102   51
2.07083686  0.235186  4.369668  1.4  193   37
2.07083433  0.232022  4.252891  2.1   24   51
2.07087517  0.235198  4.370120  0.1  163  -26
2.07089386  0.238060  4.477143  1.6   95   27
2.07090658  0.236781  4.429139  2.6  291   65
2.07096547  0.227103  4.074487  0.0  355   56
2.07096760  0.229654  4.166534  0.2  179   38
2.07097544  0.238321  4.486973  0.5  286   39
2.07102143  0.233949  4.323821  0.7   74   59
2.07102373  0.232460  4.268967  0.1   36   64
2.07106292  0.233202  4.296277  1.0  299  -61
2.07106426  0.230823  4.209068  4.6   82  -63
2.07110488  0.234646  4.349627  1.0   10  -63
2.07111068  0.236268  4.409996  4.8  268   27
2.07117539  0.230028  4.180128  0.5  280  -74
2.07117978  0.225965  4.033760  0.1   56  -73
2.07118226  0.224240  3.972401  0.4   99  -71
2.07118362  0.224229  3.972009  0.1  111  -70
2.07124791  0.235763  4.391143  4.3  194   35
2.07124240  0.231420  4.230866  2.1  121   58
2.07126329  0.240006  4.550623  0.7   35   56
2.07130400  0.237322  4.449402  0.6  174   33
2.07133756  0.238199  4.482379  2.9  283   -4
2.07134833  0.236734  4.427412  0.4   43   34
2.07140098  0.235111  4.366895  2.0  292  -60
2.07139933  0.235661  4.387358  0.5  194  -65
2.07146191  0.228714  4.132495  1.7  352   34
2.07145669  0.227087  4.073897  0.6  191   38
2.07148973  0.218986  3.788441  0.0   96   32
2.07149364  0.219326  3.800197  0.0  269   39
2.07149636  0.221767  3.885275  0.0  266   47
2.07149788  0.226527  4.053858  0.1   81   62
2.07154311  0.227869  4.102023  0.1  282   66
2.07160400  0.229989  4.178715  5.5  272   22
2.07161535  0.226830  4.064710  0.0  276   50
2.07161571  0.225872  4.030449  3.8  259   50
2.07161649  0.225332  4.011174  3.0  109   58
2.07165405  0.230873  4.210903  2.8   98  -66
2.07173861  0.228790  4.135234  1.3   89   57
2.07174084  0.229258  4.152172  1.2   77   58
2.07174213  0.230045  4.180734  1.7   76   62
2.07173743  0.231680  4.240387  2.2  132  -36
2.07177604  0.231882  4.247758  0.0  271  -59
2.07177698  0.233871  4.320942  3.1  182   46
2.07185200  0.236198  4.407354  4.0  168  -25
2.07184527  0.236427  4.415938  3.6  170  -21
2.07189857  0.222358  3.905994  0.0  273  -52
2.07189702  0.221756  3.884897  2.5   73  -51
2.07189727  0.223112  3.932546  0.0  281  -62
2.07192973  0.230678  4.203791  0.0  327  -53
2.07198447  0.230989  4.215133  0.1  271  -28
2.07201002  0.232004  4.252233  1.4  282  -37
2.07201054  0.228097  4.110222  1.0  100  -47
2.07204597  0.227968  4.105568  0.7  104  -49
2.07204603  0.228744  4.133568  1.6  309  -47
2.07206403  0.229064  4.145158  0.0  291  -17
2.07208825  0.236645  4.424084  1.1  170   73
2.07214062  0.231843  4.246327  0.9  114  -17
2.07214653  0.232242  4.260984  0.7  299  -13
2.07214936  0.232572  4.273095  1.1  297  -12
2.07219272  0.239504  4.531618  1.3  171    9
2.07223334  0.239570  4.534127  0.8  338  -25
2.07227204  0.238516  4.494312  1.8  195   56
2.07228201  0.236698  4.426043  1.9  170   55
2.07228322  0.233568  4.309760  2.2    7   65
2.07232446  0.226204  4.042305  1.8  291   87
2.07232444  0.225968  4.033851  1.4  274   93
2.07234366  0.239591  4.534889  1.8   13    1
2.07237351  0.239991  4.550058  0.4   48   54
2.07241881  0.236069  4.402555  4.8  312   -2
2.07243291  0.236493  4.418384  4.2  310   47
2.07246370  0.235376  4.376749  0.2   70  -20
2.07248343  0.233077  4.291649  0.0  284  -52
2.07251469  0.235221  4.370973  1.2  189   32
2.07252397  0.231100  4.219176  0.0  102   30
2.07256330  0.225570  4.019673  2.6   62   69
2.07256409  0.224945  3.997410  0.4   86   62
2.07260393  0.236047  4.401737  3.6  211   55
2.07260964  0.229802  4.171921  1.3  218   58
2.07266232  0.230040  4.180555  2.9   90   55
2.07265779  0.230490  4.196938  3.1   95   41
2.07266398  0.230947  4.213594  1.9  285   24
2.07271719  0.232074  4.254824  0.8  282  -53
2.07272172  0.230794  4.208018  1.4   92  -67
2.07276347  0.231792  4.244480  3.9   94    8
2.07278211  0.229279  4.152935  1.4  315   51
2.07279386  0.229266  4.152472  2.1   55   48
2.07280963  0.225338  4.011387  0.2  295  -36
2.07285747  0.228980  4.142127  0.2  201   50
2.07285788  0.232597  4.273990  1.0  199   45
2.07287276  0.233131  4.293647  0.0  259   99
2.07292985  0.235937  4.397625  1.1  270    8
2.07295588  0.228944  4.140806  1.9  356  -58
2.07295804  0.228172  4.112930  2.4   51  -47
2.07295760  0.225864  4.030132  1.4  318  -59
2.07298175  0.232902  4.285234  0.4  274  -23
2.07301766  0.234349  4.338621  0.0   59  -19
2.07303290  0.236992  4.437055  0.1   66  -30
2.07307812  0.231428  4.231168  2.9  293  -50
2.07307774  0.230892  4.211573  2.9  308  -54
2.07312995  0.229199  4.150027  0.1  293  -23
2.07312943  0.228175  4.113033  0.1  293  -25
2.07312780  0.229318  4.154350  0.1  106  -28
2.07320926  0.225500  4.017164  2.4  112   -3
2.07321111  0.225114  4.003445  2.9  291    2
2.07324072  0.222407  3.907739  0.0   62   48
2.07323864  0.222310  3.904309  0.8  278   43
2.07327148  0.235244  4.371843  4.5  285   49
2.07328049  0.235380  4.376900  0.7  201  -52
2.07335615  0.227886  4.102634  0.0  263  -64
2.07336681  0.223828  3.957808  3.2  214   64
2.07336679  0.224482  3.980976  3.1  212   66
2.07336791  0.226114  4.039060  4.2    8   70
2.07340874  0.236023  4.400853  3.1  295   37
2.07343126  0.234528  4.345256  0.1  183  -53
2.07344286  0.239812  4.543264  3.2  315  -45
2.07351450  0.226222  4.042945  0.0  274  -69
2.07351989  0.232011  4.252495  0.9   74  -62
2.07351677  0.227218  4.078631  0.4   61  -65
2.07351934  0.232628  4.275160  1.0   74  -67
2.07356008  0.237123  4.441943  1.0  320  -13
2.07362538  0.234727  4.352650  3.9  324   34
2.07363481  0.225588  4.020308  0.1  258  -76
2.07364590  0.228108  4.110620  0.3  295  -71
2.07364676  0.228346  4.119197  0.0  293  -67
2.07369047  0.229174  4.149138  1.2   91  -43
2.07369230  0.230463  4.195941  0.7  300  -49
2.07373840  0.228875  4.138309  0.6  308   44
2.07373879  0.226164  4.040864  0.0  140   36
2.07376912  0.231253  4.224757  0.5  300   58
2.07376854  0.233065  4.291242  3.7   93  -56
2.07379124  0.235191  4.369883  4.1   55   -4
2.07385483  0.235824  4.393420  3.6   35   -7
2.07387872  0.234797  4.355257  3.0   49    6
2.07388779  0.232708  4.278091  1.5   46   11
2.07391718  0.228626  4.129326  2.9  190   19
2.07392278  0.228803  4.135704  2.8  187   20
2.07392541  0.232883  4.284519  1.2  305  -17
2.07399889  0.230795  4.208042  0.2  104   44
2.07399713  0.232704  4.277925  0.7   56   69
2.07403732  0.226556  4.054870  0.8   49   63
2.07403987  0.225077  4.002127  0.5   37   58
2.07407413  0.232541  4.271947  1.5  193   -2
2.07406878  0.231892  4.248144  3.0  124  -13
2.07410149  0.236383  4.414292  1.1  200   13
2.07417360  0.234503  4.344355  1.5  302   45
2.07418075  0.232986  4.288314  2.9  300   45
2.07418302  0.232330  4.264193  3.2  301   33
2.07422854  0.230637  4.202266  6.7  299   43
2.07423284  0.231215  4.223378  5.4  293   46
2.07423481  0.233250  4.298043  4.8  117   38
2.07427874  0.234788  4.354915  0.7  303  126
2.07429039  0.236566  4.421126  2.9   63    2
2.07433821  0.235916  4.396855  3.2  180  -65
2.07433613  0.235384  4.377044  3.8    2  -45
2.07437197  0.235119  4.367208  1.7  178  -63
2.07438845  0.239246  4.521842  0.7  206  -84
2.07442549  0.229400  4.157322  0.1  307  -48
2.07443219  0.229822  4.172621  0.5  278  -59
2.07447416  0.233889  4.321605  2.4  296  -55
2.07447518  0.229730  4.169308  1.5   98  -45
2.07450482  0.230906  4.212073  0.0  188   32
2.07450046  0.236882  4.432930  3.1  188   26
2.07456138  0.240909  4.584925  0.0   66  -51
2.07460621  0.237659  4.462079  1.0   76   44
2.07460389  0.235914  4.396771  1.0   80   47
2.07462743  0.232847  4.283192  1.7   49   16
2.07463916  0.234271  4.335756  1.4  205   -7
2.07466070  0.237926  4.472078  0.2  208  -18
2.07471768  0.232868  4.283955  1.3  207   63
2.07471673  0.230677  4.203729  4.9  302   51
2.07477800  0.224628  3.986169  2.1   96   30
2.07477404  0.225291  4.009744  1.0  271   26
2.07478286  0.224515  3.982143  0.0   24   36
2.07478891  0.229052  4.144738  2.9   18   43
2.07478833  0.224514  3.982132  1.4  199   24
2.07486981  0.230611  4.201325  2.5  169  -42
2.07486942  0.230753  4.206497  2.6  170  -38
2.07492517  0.230228  4.187385  2.5  174   -8
2.07492519  0.230267  4.188823  2.6  174   -7
2.07492609  0.230612  4.201385  2.4  174   -6
2.07497226  0.234413  4.341012  1.8  191   13
2.07499265  0.229770  4.170746  1.1  300   43
2.07500678  0.232791  4.281137  4.5  300  -47
2.07502830  0.234568  4.346766  2.2   23  -22
2.07506445  0.233262  4.298483  2.8  279  -61
2.07506590  0.235680  4.388048  0.0  290  -55
2.07510920  0.235948  4.398050  5.8  284   67
2.07515474  0.225355  4.012012  3.6  178  -17
2.07515287  0.224887  3.995363  2.8  182  -16
2.07515273  0.223824  3.957684  2.9  181  -16
2.07519567  0.222047  3.895076  1.2  159  -69
2.07523704  0.231993  4.251837  5.1  299 -116
2.07523584  0.231171  4.221759  1.0  338  -61
2.07528521  0.227237  4.079295  0.4  193  -54
2.07528527  0.228391  4.120845  0.0  193  -59
2.07529021  0.229311  4.154108  1.7  194  -67
2.07532242  0.231018  4.216163  3.6   97  -23
2.07535753  0.233231  4.297325  4.6  282  -10
2.07535787  0.232506  4.270648  5.2  280  -17
2.07537343  0.234833  4.356583  4.4  269   10
2.07542857  0.234970  4.361648  1.0  305  -49
2.07546260  0.234660  4.350165  0.6  181  -58
2.07550731  0.234074  4.328474  2.9   99   61
2.07550420  0.233662  4.313254  0.0  104   56
2.07552433  0.232483  4.269802  1.1   46  -20
2.07554237  0.225684  4.023718  0.0  306   48
2.07558680  0.216218  3.693254  0.1  286   63
2.07558627  0.217406  3.733958  0.4  290   63
2.07558839  0.230058  4.181206  3.2  164   13
2.07562975  0.232510  4.270805  0.5  288   58
2.07565806  0.229708  4.168511  0.2   51  -13
2.07567653  0.229679  4.167435  1.0   19  -42
2.07571654  0.229745  4.169841  0.8    8    7
2.07572252  0.227474  4.087822  0.1  360   12
2.07573486  0.231063  4.217814  0.2    2   -6
2.07578847  0.222684  3.917474  0.2  124  -58
2.07578808  0.221164  3.864162  0.1  309  -49
2.07578581  0.221828  3.887392  0.2  301  -46
2.07586941  0.237550  4.457954  1.8  150  -51
2.07587172  0.233059  4.290985  0.1   55  -54
2.07587290  0.234313  4.337305  4.6  319  -48
2.07590657  0.239846  4.544576  0.1   50   47
2.07594393  0.238868  4.507591  2.5  311  -48
2.07594414  0.238907  4.509063  4.2  304  -45
2.07600735  0.240562  4.571747  0.2  304   38
2.07602392  0.237315  4.449155  2.8  301  -51
2.07602194  0.237831  4.468541  0.0  290  -49
2.07605820  0.238962  4.511127  1.0  290    9
2.07607558  0.234426  4.341491  0.1  296   15
2.07610116  0.230381  4.192948  0.3   31  -55
2.07610482  0.232165  4.258137  0.4  180  -65
2.07614449  0.233618  4.311611  3.9  169  -39
2.07616771  0.236991  4.437011  1.8    3  -36
2.07618153  0.238409  4.490276  0.5  207  -68
2.07620950  0.233252  4.298128  0.1   54   53
2.07621461  0.234770  4.354232  0.3   28   41
2.07622272  0.240054  4.552446  0.7  291  -42
2.07625985  0.240510  4.569760  1.2   36   62
2.07629860  0.236519  4.419359  1.9  298   52
2.07634428  0.232277  4.262260  5.1  309   61
2.07634401  0.231614  4.237968  4.0  309   58
2.07634489  0.232331  4.264245  0.3  188   44
2.07638506  0.241086  4.591664  1.5   52   65
2.07645038  0.236912  4.434070  0.6  137   35
2.07644388  0.236893  4.433330  0.4  186   32
2.07648923  0.226716  4.060594  2.6  271   45
2.07649335  0.226128  4.039561  2.4  259   44
2.07649441  0.225909  4.031751  2.4  253   40
2.07649593  0.228206  4.114165  3.3  143   46
2.07657630  0.217001  3.720050  1.4  196   25
2.07657757  0.216794  3.712962  1.9  197   25
2.07658050  0.217730  3.745111  1.6  194   22
2.07661865  0.235421  4.378407  2.7  274   33
2.07666275  0.225371  4.012570  4.0  314  -42
2.07665883  0.228720  4.132698  4.0   56  -47
2.07666331  0.225286  4.009566  3.3  310  -42
2.07672100  0.224800  3.992263  2.4  179    4
2.07674110  0.227782  4.098896  0.1  308    3
2.07677586  0.223442  3.944188  2.7  269  -81
2.07677810  0.225005  3.999545  3.2  188  -76
2.07677673  0.225969  4.033887  4.5  170  -69
2.07686953  0.225571  4.019692  6.5  318   -1
2.07686972  0.225132  4.004068  6.2  317   -1
2.07688251  0.227180  4.077235  3.0  305  -23
2.07692870  0.218660  3.777157  0.4  316   14
2.07692664  0.220131  3.828144  4.0  129    5
2.07692876  0.218776  3.781178  1.3  316   14
2.07693489  0.230325  4.190921  0.0  182   -2
2.07698922  0.233867  4.320812  3.5  314   53
2.07702246  0.233331  4.301032  7.5  299   48
2.07702267  0.231508  4.234080  8.3  299   48
2.07707647  0.221458  3.874460  0.1  169  -20
2.07707319  0.222105  3.897128  0.5  354   -7
2.07708191  0.228030  4.107808  2.4  299  -43
2.07714645  0.233204  4.296332  5.6  293    0
2.07714506  0.232745  4.279466  6.0  293    6
2.07714681  0.232977  4.287985  5.7  293   -1
2.07721031  0.233937  4.323397  0.3  182   16
2.07720414  0.233083  4.291899  0.1   40   76
2.07721103  0.236285  4.410616  0.2    2   27
2.07726604  0.238116  4.479247  0.9  295   58
2.07726458  0.236628  4.423435  0.1  292   62
2.07729792  0.236379  4.414139  4.4  340  -11
2.07733290  0.232913  4.285639  1.5  318    5
2.07734829  0.235736  4.390156  6.6  156    0
2.07738920  0.241239  4.597485  2.2  297   56
2.07740994  0.236909  4.433960  0.1  302  -70
2.07744912  0.232889  4.284740  3.6   22   35
2.07745756  0.232368  4.265583  1.0  198   16
2.07748465  0.231030  4.216602  2.1  196  -33
2.07747941  0.230105  4.182908  0.2  214   21
2.07749475  0.230935  4.213162  3.3  196  -50
2.07754839  0.241669  4.613911  0.4  193   55
2.07759813  0.229467  4.159737  0.1  131   17
2.07760311  0.228025  4.107635  0.1   10  -12
2.07760787  0.229216  4.150656  0.6  187  -17
2.07766497  0.229577  4.163733  1.2  268   60
2.07766470  0.226099  4.038556  1.2  111   42
2.07766101  0.226958  4.069290  0.0  291   43
2.07773526  0.224443  3.979613  4.9  296  -50
2.07773638  0.225385  4.013056  4.6   94  -58
2.07773788  0.223605  3.949927  4.6  303  -47
2.07781121  0.222745  3.919600  0.1   21  -17
2.07781194  0.223296  3.939026  0.1  199  -38
2.07781302  0.222467  3.909840  0.1  198  -38
2.07781836  0.222540  3.912409  0.1  201  -36
2.07782156  0.224065  3.966201  0.1   22  -25
2.07788689  0.234351  4.338716  1.0   21    6
2.07788856  0.233681  4.313928  0.7  200   -6
2.07793803  0.235087  4.366000  2.5  291  -61
2.07794134  0.235154  4.368489  0.3   67  -61
2.07796712  0.234109  4.329761  3.1  115  -30
2.07802025  0.229803  4.171961  0.5   79   62
2.07802464  0.226095  4.038385  0.1   65   65
2.07802753  0.227526  4.089687  1.6    6    9
2.07808816  0.221099  3.861899  0.3  332   39
2.07809835  0.213766  3.609968  2.7  171   -5
2.07809836  0.213819  3.611751  2.9  171   -5
2.07809801  0.215972  3.684872  2.1  172   -5
2.07816640  0.222907  3.925304  4.1  335    0
2.07816833  0.223886  3.959862  2.5  175   -8
2.07823271  0.227078  4.073585  0.7  142  -10
2.07823172  0.226202  4.042204  0.2  323    2
2.07825791  0.233738  4.316039  2.5  142   21
2.07830111  0.232079  4.255010  3.2  337   13
2.07831048  0.230496  4.197148  0.0  288  -43
2.07831318  0.230543  4.198870  0.8   96  -31
2.07831316  0.231273  4.225480  0.8   94  -29
2.07837010  0.228957  4.141287  0.1   59   44
2.07837952  0.234231  4.334262  0.0   79  -70
2.07846664  0.229635  4.165854  2.0  304   26
2.07844189  0.236682  4.425434  2.4  309   13
2.07847015  0.227410  4.085495  1.4  133   17
2.07852888  0.229530  4.162030  4.6  137   27
2.07853002  0.219726  3.814096  2.2  181   45
2.07852716  0.217880  3.750274  0.0  191   50
2.07853647  0.219677  3.812374  0.7  201   46
2.07853601  0.217997  3.754305  1.0  200   50
2.07861487  0.220777  3.850640  0.1  309  -10
2.07861173  0.224166  3.969794  2.4  121  -32
2.07867415  0.225681  4.023613  0.2  189  -10
2.07867275  0.220341  3.835459  1.5  297   -5
2.07867369  0.220674  3.847069  1.0  303   -2
2.07868022  0.223731  3.954387  0.1  189  -10
2.07869725  0.231038  4.216902  0.0   76   -4
2.07874678  0.236941  4.435158  1.6   39   67
2.07880057  0.219237  3.797109  0.1    9  -32
2.07881016  0.217667  3.742921  0.3  193  -50
2.07881197  0.217541  3.738601  0.0   10  -45
2.07881885  0.224758  3.990784  2.8  191  -66
2.07890102  0.234122  4.330250  2.0   16    4
2.07890160  0.235764  4.391174  2.5  195   -3
2.07891038  0.231554  4.235764  1.0  176   43
2.07896683  0.228586  4.127856  0.7  124   47
2.07896559  0.228852  4.137504  0.1  164   56
2.07896610  0.230040  4.180537  0.1  168   63
2.07904183  0.234747  4.353371  4.1  194   -3
2.07904626  0.233064  4.291204  5.3  190    2
2.07904648  0.233162  4.294779  5.3  191    2
2.07910234  0.229129  4.147505  2.0  201   17
2.07910793  0.229107  4.146720  3.3  186   23
2.07910309  0.227878  4.102341  2.1   25   26
2.07917736  0.226304  4.045855  0.0    4  -29
2.07917787  0.227175  4.077083  0.0    3  -30
2.07919569  0.236328  4.412229  1.4  181  -64
2.07924291  0.229393  4.157057  2.1  192    3
2.07925023  0.228168  4.112786  0.0  176  -51
2.07925036  0.231098  4.219108  1.9  357   24
2.07925230  0.231584  4.236870  0.0  177   14
2.07932535  0.232044  4.253715  0.1  142   20
2.07934159  0.231475  4.232880  1.4   62   77
2.07939677  0.225460  4.015733  5.2  136    5
2.07939808  0.223497  3.946133  6.3  135    4
2.07939800  0.224178  3.970197  1.0  135    4
2.07940487  0.226019  4.035665  3.5  154  -18
2.07947892  0.232308  4.263379  1.7   97    3
2.07950804  0.217785  3.746994  0.0  303   30
2.07951539  0.216218  3.693279  4.6  333   36
2.07951471  0.214254  3.626474  3.6  331   38
2.07951233  0.214047  3.619483  2.8  354   67
2.07955501  0.228303  4.117645  0.3  305  -62
2.07959869  0.229058  4.144956  2.8  186  -50
2.07959996  0.228716  4.132583  2.9  186  -47
2.07965017  0.224627  3.986130  0.0  197   -2
2.07965662  0.216794  3.712969  0.1  185   -7
2.07966461  0.222863  3.923782  1.7  191  -21
2.07968011  0.231852  4.246665  0.0  293  -37
2.07972859  0.228570  4.127278  0.0  300  -50
2.07979251  0.221779  3.885692  0.9    6  -36
2.07979448  0.221647  3.881070  2.8  182  -63
2.07979412  0.222715  3.918561  3.2  181  -57
2.07979530  0.220733  3.849112  2.2  183  -65
2.07985463  0.228825  4.136500  1.0  168  -16
2.07985316  0.233759  4.316808  0.2  171   43
2.07986280  0.228991  4.142511  0.7  167  -27
2.07991887  0.225370  4.012531  0.0  159  -46
2.07991531  0.227420  4.085858  0.1  340  -28
2.07997098  0.234771  4.354260  0.6   98  -34
2.07999779  0.226351  4.047556  0.8   45   55
2.07999858  0.225920  4.032159  1.5  218   39
2.08001050  0.237247  4.446606  2.8  165   64
2.08004929  0.239675  4.538080  1.1  163   18
2.08010743  0.238509  4.494051  1.3   90   26
2.08011694  0.227868  4.101979  0.3  208    1
2.08011995  0.222522  3.911759  0.1   26    7
2.08013232  0.225641  4.022192  0.1  198   -2
2.08013203  0.227364  4.083853  0.3  200   -4
2.08019782  0.237544  4.457738  0.1  153  -29
2.08020114  0.239236  4.521484  1.1  191   16
2.08025139  0.229104  4.146590  4.8  339   29
2.08025497  0.228028  4.107732  5.1  349   17
2.08026221  0.230633  4.202138  2.9    1   14
2.08027625  0.232626  4.275064  1.1  272  -83
2.08034032  0.225002  3.999433  2.6  126   46
2.08033967  0.226751  4.061852  2.7  284   58
2.08033715  0.230227  4.187342  1.3   32   73
2.08040510  0.229304  4.153829  4.1  174   11
2.08040490  0.229454  4.159284  4.4  174    9
2.08045650  0.235720  4.389548  0.0  200   48
2.08046785  0.231233  4.224034  0.0  269   54
2.08046908  0.230530  4.198371  0.1  272   56
2.08051904  0.230072  4.181715  1.8  292   41
2.08052486  0.227641  4.093802  2.4  101   48
2.08054022  0.229666  4.166980  3.1  168   14
2.08060530  0.222507  3.911249  0.7  355    9
2.08061016  0.221739  3.884303  0.1  174    5
2.08060733  0.222094  3.896746  0.0  356   10
2.08062163  0.223494  3.946016  3.2  329  -24
2.08065784  0.227708  4.096241  2.1  298   13
2.08068938  0.227798  4.099448  1.6  189  -47
2.08069434  0.226108  4.038851  0.7  201  -58
2.08071828  0.232843  4.283060  0.0  298   75
2.08076157  0.236432  4.416114  0.6  158  -23
2.08081141  0.223844  3.958377  1.7  319  -26
2.08081162  0.225675  4.023398  2.4  319  -24
2.08081468  0.225106  4.003146  2.7  298  -46
2.08088037  0.233123  4.293375  0.1  251  -59
2.08087396  0.233292  4.299574  2.2  308  -30
2.08087936  0.232299  4.263072  0.0  198  -52
2.08092788  0.237372  4.451285  0.0   95  -37
2.08094459  0.237613  4.460350  1.6  288   91
2.08098174  0.234044  4.327342  1.3  308   42
2.08099057  0.234297  4.336703  1.6  264   62
2.08106527  0.233337  4.301231  3.0  121   50
2.08106492  0.230059  4.181262  0.6  192   39
2.08106231  0.228821  4.136350  0.3   12   56
2.08107189  0.233459  4.305762  0.6   20   43
2.08112580  0.234667  4.350420  0.0  326   44
2.08112300  0.233079  4.291755  1.3  156   27
2.08115318  0.231613  4.237939  0.9  180  -69
2.08115733  0.234732  4.352842  3.6  322  -45
2.08120913  0.233980  4.324991  0.5  168   16
2.08123145  0.235242  4.371765  1.4  178  -72
2.08127929  0.236825  4.430819  1.4  302  -57
2.08128040  0.221516  3.876485  0.0  333   48
2.08127914  0.221933  3.891083  0.0  156   36
2.08134896  0.229671  4.167168  0.6   10   14
2.08135328  0.222323  3.904772  2.2  173  -21
2.08135298  0.222603  3.914606  0.1  183   -7
2.08141418  0.210857  3.512395  2.5   55   54
2.08141393  0.212576  3.569903  1.8   51   50
2.08141681  0.209090  3.453787  2.7   38   51
2.08149800  0.208106  3.421356  2.3  175  -32
2.08149564  0.212473  3.566423  0.0  172  -21
2.08149538  0.211904  3.547375  3.1  172  -23
2.08149824  0.212031  3.551627  2.7  174  -29
2.08155705  0.215794  3.678781  0.0  173    4
2.08156063  0.212401  3.564021  0.0  353   -1
2.08162895  0.207701  3.408029  1.9  176   -3
2.08162989  0.208583  3.437052  1.9  176   -5
2.08163212  0.207219  3.392228  1.6  177   -4
2.08169190  0.220864  3.853685  0.0  346  -17
2.08169914  0.218962  3.787617  1.0  173  -18
2.08169777  0.217960  3.753027  1.0  356   -5
2.08169881  0.218190  3.760927  0.3  354   -6
2.08176710  0.232681  4.277096  0.6    0  -15
2.08177124  0.226626  4.057380  2.6  315  -42
2.08184799  0.221714  3.883410  0.7  129   29
2.08183649  0.224085  3.966912  0.0  346   -4
2.08184236  0.215170  3.657542  0.0  152   42
2.08184681  0.215684  3.675064  0.2  149   46
2.08186001  0.238784  4.504389  2.3  337  -51
2.08192275  0.235848  4.394302  0.4  166   31
2.08194784  0.237920  4.471882  0.0  284  -51
2.08199579  0.229558  4.163039  1.5  142  -21
2.08200240  0.222097  3.896849  0.4  133  -18
2.08200024  0.221668  3.881817  0.2  131  -19
2.08200279  0.227030  4.071861  0.0  313  -19
2.08200063  0.222654  3.916416  0.0  311  -10
2.08205379  0.229753  4.170113  2.0  141  -27
2.08210208  0.233582  4.310283  0.0  213  -29
2.08212809  0.234243  4.334720  1.4  198  -52
2.08213237  0.233169  4.295059  1.5  207  -52
2.08212463  0.234846  4.357064  1.9  261  -53
2.08221282  0.233429  4.304626  0.0  191   58
2.08221953  0.234245  4.334797  0.2   42   41
2.08222796  0.234627  4.348942  0.1  273   51
2.08228771  0.228180  4.113238  0.2  274   32
2.08230343  0.227526  4.089690  0.2   16   47
2.08229993  0.225501  4.017212  1.1   22   62
2.08231021  0.223534  3.947443  0.0  190   26
2.08238294  0.234399  4.340502  1.0  329  -49
2.08238399  0.232271  4.262025  0.7  184  -71
2.08244353  0.220506  3.841192  0.2   17   -2
2.08245106  0.220712  3.848374  0.8  199  -17
2.08245096  0.221336  3.870166  0.9  199  -16
2.08245660  0.230701  4.204611  0.9   21   21
2.08249168  0.237460  4.454577  3.8  324  -35
2.08249959  0.238654  4.499515  0.2  306   19
2.08258451  0.233874  4.321055  1.8  256  -63
2.08258117  0.227570  4.091247  1.0  197  -45
2.08258074  0.227774  4.098611  0.9  196  -46
2.08258271  0.228750  4.133790  0.4   18  -31
2.08264080  0.226509  4.053199  0.3  168   61
2.08264955  0.230871  4.210798  1.8  302  -49
2.08265357  0.234391  4.340201  2.2   67  -34
2.08271745  0.237363  4.450944  0.3  208   72
2.08271486  0.235316  4.374529  0.1  291   63
2.08272636  0.237307  4.448848  5.7  319  -38
2.08279747  0.238427  4.490933  2.3  195   20
2.08280462  0.237836  4.468717  2.2  190   15
2.08280473  0.237781  4.466635  2.0  189   15
2.08287396  0.232136  4.257071  3.7  157  -30
2.08287418  0.232031  4.253246  0.1  156  -31
2.08287543  0.234060  4.327953  1.2  189  -62
2.08292292  0.233734  4.315887  0.2  287  -60
2.08292224  0.240290  4.561404  1.1  178   30
2.08295476  0.233838  4.319732  1.0   11  -24
2.08298376  0.233431  4.304731  0.5  282   46
2.08300427  0.231017  4.216128  2.6  152   19
2.08301096  0.231516  4.234389  0.7  150   17
2.08308050  0.230668  4.203401  5.0  328   19
2.08308149  0.233362  4.302150  5.2  146   22
2.08309358  0.238941  4.510317  0.1  183   51
2.08314109  0.233912  4.322482  4.7  138  -31
2.08316479  0.228156  4.112343  0.9  117   41
2.08316504  0.228156  4.112369  0.1  293   59
2.08319832  0.227615  4.092864  0.1  170   15
2.08319769  0.227490  4.088387  0.1  353   32
2.08323975  0.234950  4.360901  1.1  289   19
2.08325753  0.231999  4.252045  2.5  352   49
2.08327588  0.232528  4.271486  0.1  191  -80
2.08333140  0.231650  4.239279  1.2  166  -20
2.08335288  0.230650  4.202772  0.0  121   44
2.08334070  0.223391  3.942364  0.4    1  -23
2.08339439  0.224997  3.999259  0.0  328   68
2.08338727  0.225044  4.000926  0.3   45   70
2.08339333  0.226177  4.041333  0.0  285   68
2.08346191  0.235281  4.373226  0.7  282  -62
2.08346544  0.233556  4.309335  1.1  180  -45
2.08346566  0.235094  4.366261  0.0   78  -74
2.08353837  0.227510  4.089108  1.6  354  -54
2.08354667  0.221257  3.867419  1.0   35  -60
2.08355048  0.222509  3.911320  3.3  111  -62
2.08355471  0.223715  3.953836  2.9  113  -61
2.08360169  0.233284  4.299295  0.8   58  -39
2.08360183  0.236846  4.431579  0.2  152    6
2.08367665  0.227279  4.080806  0.6  190   -3
2.08368058  0.227841  4.101014  1.8  198    3
2.08368323  0.227896  4.102987  1.0  193   -4
2.08374841  0.234650  4.349790  0.5  158  -59
2.08374572  0.234373  4.339526  2.2  177  -63
2.08379621  0.237488  4.455636  1.0  155  -79
2.08379420  0.233863  4.320657  0.5   54  -60
2.08381662  0.226479  4.052115  1.4   25  -31
2.08381801  0.225531  4.018282  0.5  210  -42
2.08388106  0.233112  4.292946  3.9   14   33
2.08388153  0.232696  4.277633  4.1  190   13
2.08388779  0.232755  4.279813  4.2  188   12
2.08388528  0.233927  4.323027  3.8    6   28
2.08394464  0.237167  4.443619  0.1   50   69
2.08401775  0.225060  4.001523  0.3  349   44
2.08401889  0.224445  3.979667  0.4  176   27
2.08402088  0.225923  4.032260  1.2  177   19
2.08401644  0.223985  3.963373  0.6   11   37
2.08407652  0.233575  4.310025  1.0  183   69
2.08408366  0.227126  4.075323  0.4  295   36
2.08415291  0.238464  4.492344  4.4   24    7
2.08416625  0.229416  4.157920  0.0   19  -36
2.08416703  0.226836  4.064898  3.1   15  -31
2.08416640  0.228968  4.141693  3.1   16  -32
2.08417174  0.227672  4.094926  5.3  214  -51
2.08422762  0.234573  4.346951  3.0  171   12
2.08424161  0.234225  4.334048  0.3  201  -35
2.08429487  0.228327  4.118521  0.1  358  -25
2.08429597  0.228633  4.129556  0.5  358  -33
2.08431719  0.232422  4.267582  4.8  318  -39
2.08431658  0.231164  4.221501  4.9  317  -40
2.08437089  0.237487  4.455600  3.4  171   -5
2.08438370  0.235857  4.394655  0.0  185   29
2.08443770  0.237968  4.473659  3.0  307 -129
2.08443755  0.235471  4.380295  1.8  303  -37
2.08444124  0.235266  4.372662  1.1  297  -44
2.08449721  0.243050  4.666810  4.4   11   -1
2.08451265  0.241409  4.603979  2.1  185  -20
2.08454000  0.236837  4.431260  0.0   34  -71
2.08458256  0.237900  4.471125  0.9  359  -16
2.08458412  0.235183  4.369565  0.4  178  -33
2.08459192  0.234985  4.362235  0.6  188  -39
2.08463053  0.240158  4.556407  1.9  189    9
2.08464220  0.240463  4.567991  2.9  181  -43
2.08464910  0.237835  4.468672  2.0   11  -33
2.08472379  0.235215  4.370768  0.1  239   -5
2.08472057  0.233378  4.302741  0.1   49  -22
2.08472088  0.233714  4.315163  0.1   50  -25
2.08476171  0.231638  4.238826  1.9  192   18
2.08476142  0.233682  4.313983  0.0  192   15
2.08483825  0.238720  4.502007  3.7   12  -15
2.08484128  0.237956  4.473209  3.1  194  -36
2.08490714  0.236869  4.432444  2.9  299  -54
2.08490044  0.234096  4.329284  3.5   10    5
2.08490117  0.234041  4.327251  4.1  192   -8
2.08490066  0.233742  4.316202  4.6   14    7
2.08495534  0.226674  4.059116  0.1  355   67
2.08495881  0.228800  4.135618  1.6  336   42
2.08499886  0.233958  4.324189  0.4  182   73
2.08500312  0.235139  4.367937  0.0  172   76
2.08504509  0.238386  4.489397  2.1  173   44
2.08504511  0.235260  4.372439  0.9  250   71
2.08509042  0.235047  4.364517  0.1   18   55
2.08511336  0.232231  4.260585  0.4  190   22
2.08511753  0.232661  4.276374  0.5  177   16
2.08511609  0.233307  4.300127  0.6  179   22
2.08519643  0.235348  4.375691  0.9  174  -67
2.08519638  0.234974  4.361808  1.3  307  -60
2.08524318  0.226235  4.043384  0.1   30  -48
2.08524789  0.226260  4.044279  2.6  352   43
2.08524825  0.226495  4.052699  2.8  353   43
2.08532338  0.225418  4.014235  1.5  117  -46
2.08532195  0.221572  3.878447  2.0  313  -45
2.08532225  0.221576  3.878590  2.0  313  -45
2.08532452  0.223869  3.959268  3.0  127  -50
2.08540252  0.229532  4.162120  0.1  317  -12
2.08539751  0.229483  4.160334  0.0  319  -25
2.08545013  0.238178  4.481559  2.1  306   48
2.08545620  0.237295  4.448408  0.7  130   56
2.08545357  0.239465  4.530133  2.4  295   50
2.08551263  0.237765  4.466035  0.0   75   38
2.08553295  0.233342  4.301446  3.5  177  -27
2.08557842  0.233830  4.319440  1.6  296   52
2.08553096  0.232124  4.256644  0.8  193  -56
2.08563530  0.229200  4.150073  1.1  116   44
2.08563464  0.230338  4.191387  0.7  279   49
2.08563446  0.230171  4.185314  1.1  279   49
2.08563910  0.232570  4.273011  1.4  281   58
2.08570733  0.236856  4.431946  0.9    8   24
2.08571142  0.235336  4.375253  0.5  184   27
2.08574032  0.234902  4.359131  1.3  301  -58
2.08573734  0.232301  4.263121  0.2  126  -67
2.08578263  0.236521  4.419416  3.0  342    7
2.08578846  0.236682  4.425463  0.2   12   -2
2.08584891  0.238464  4.492347  0.5  357   12
2.08584158  0.240587  4.572703  0.1  174    6
2.08589400  0.241374  4.602657  0.1  117   44
2.08592369  0.228963  4.141505  1.7  297 -120
2.08592414  0.230543  4.198857  0.5  298  -55
2.08592399  0.230476  4.196407  1.2  318  -54
2.08598849  0.236297  4.411063  0.2  186   12
2.08599975  0.227570  4.091274  0.1  187   14
2.08600373  0.229529  4.161995  0.1  189   15
2.08600436  0.228653  4.130285  0.4  189   11
2.08606357  0.237519  4.456810  2.0  190   50
2.08606516  0.237302  4.448671  1.0  189   50
2.08614343  0.226337  4.047054  4.6  195  -20
2.08614643  0.224865  3.994586  4.0  197  -23
2.08614687  0.225693  4.024056  4.0   15   -9
2.08619467  0.238184  4.481810  2.8  194   -3
2.08619537  0.238208  4.482719  3.0   16   10
2.08621571  0.234563  4.346569  0.1   18   45
2.08622363  0.235133  4.367720  0.3  176   45
2.08629683  0.238708  4.501552  1.6  122   41
2.08628872  0.238032  4.476079  5.2   14  -12
2.08629564  0.239385  4.527116  5.6  194  -22
2.08636340  0.222833  3.922707  0.0  299   40
2.08636390  0.222450  3.909222  0.0  300   39
2.08636403  0.225193  4.006229  1.2  301   40
2.08640679  0.230752  4.206478  0.0   57  -32
2.08642574  0.229090  4.146083  0.2  266   46
2.08647385  0.234316  4.337407  0.1  253   36
2.08649297  0.228981  4.142165  3.9   27   22
2.08649240  0.229223  4.150894  3.9   26   22
2.08649076  0.229967  4.177909  4.3   26   31
2.08655523  0.229156  4.148495  3.2  186   35
2.08655971  0.227436  4.086450  3.3    1   38
2.08658382  0.232339  4.264543  0.0   87  -51
2.08665037  0.227710  4.096305  0.6  271  -58
2.08665082  0.227992  4.106465  0.7  269  -55
2.08665590  0.223774  3.955921  0.0  303  -57
2.08666601  0.233868  4.320837  0.6   83  -29
2.08670963  0.237957  4.473277  2.0   98  -46
2.08672187  0.233068  4.291349  0.4  305    3
2.08671810  0.235968  4.398787  1.6  297    0
2.08677590  0.239886  4.546060  2.4  294  -55
2.08681951  0.240007  4.550684  0.5  191  -27
2.08682270  0.239023  4.513413  0.9  294  -54
2.08682597  0.242364  4.640486  1.3    1  -19
2.08688349  0.241726  4.616083  1.0  302  -50
2.08689291  0.237879  4.470339  0.0   81  -48
2.08694913  0.235596  4.384931  0.5  314   -3
2.08694887  0.236384  4.414305  1.3  289  -19
2.08694927  0.236640  4.423880  0.9  287  -19
2.08695228  0.237043  4.438949  1.6  290  -20
2.08704807  0.236731  4.427280  0.2   99   32
2.08705493  0.231686  4.240577  0.0  264   38
2.08708457  0.233263  4.298532  1.1  129  -42
2.08705762  0.233165  4.294923  0.1  272   37
2.08709259  0.235323  4.374792  0.1  121  -23
2.08713878  0.228408  4.121434  1.4  314   44
2.08715036  0.228194  4.113733  0.5  309   41
2.08715580  0.233062  4.291131  0.4  303   53
2.08719233  0.232608  4.274394  0.4  220   -7
2.08722199  0.232594  4.273891  0.7  294   68
2.08722352  0.232025  4.253003  1.0  298   64
2.08730000  0.232539  4.271873  3.7  356  -69
2.08731381  0.223824  3.957688  4.3  150  -64
2.08731113  0.223898  3.960288  3.4  172  -53
2.08730978  0.226369  4.048185  5.8  315  -60
2.08737894  0.238338  4.487577  1.0  196  -11
2.08737578  0.233562  4.309557  1.8  313  -52
2.08741523  0.232234  4.260672  0.5  307   40
2.08741891  0.227610  4.092702  1.0  312  -52
2.08744417  0.229096  4.146304  0.2  193   46
2.08747061  0.232378  4.265965  3.0  303  -24
2.08746937  0.231491  4.233452  2.1  302  -20
2.08752625  0.234148  4.331199  0.1  177   74
2.08756188  0.228913  4.139683  1.6   62   19
2.08757046  0.230300  4.190027  2.1   55   31
2.08758533  0.228986  4.142324  2.2  176   19
2.08758484  0.229064  4.145153  2.1  176   21
2.08764259  0.234946  4.360785  0.2  264   61
2.08767178  0.234869  4.357923  4.0   16  -48
2.08768510  0.231629  4.238515  0.6  280  -24
2.08768557  0.230560  4.199474  0.2   90  -19
2.08773835  0.230924  4.212743  3.7  190  -45
2.08773927  0.229091  4.146119  5.5   10  -38
2.08775227  0.228131  4.111470  0.1   75  -15
2.08780086  0.234381  4.339832  0.4  304  -65
2.08780304  0.240079  4.553391  0.0  314  -57
2.08785192  0.235488  4.380927  3.2  308  -35
2.08785224  0.235083  4.365851  3.3  309  -34
2.08791656  0.244299  4.714888  1.3  194   -5
2.08792430  0.240946  4.586342  0.0  202   70
2.08792752  0.238026  4.475861  1.5  186   79
2.08797511  0.240060  4.552672  2.2  198   54
2.08801405  0.236531  4.419817  0.3  279  -39
2.08801053  0.238525  4.494657  0.1  290  -56
2.08802249  0.238686  4.500719  0.0  262   23
2.08808627  0.235113  4.366968  0.2  281  -59
2.08808250  0.234007  4.325980  1.3    5  -56
2.08808823  0.230707  4.204832  0.1   95  -60
2.08815144  0.244488  4.722191  0.5  290  -45
2.08814717  0.242711  4.653796  0.0  103    8
2.08817438  0.240989  4.587998  4.0  191   40
2.08820198  0.235118  4.367156  1.5  189   47
2.08820319  0.234748  4.353435  0.4   25   56
2.08820526  0.236624  4.423296  0.7    6   55
2.08825200  0.240735  4.578303  0.0  273   59
2.08826896  0.240665  4.575635  4.1  313  -44
2.08830439  0.242957  4.663210  2.4  298   49
2.08829634  0.241806  4.619132  0.9  188   63
2.08836379  0.240297  4.561677  0.7  297  -50
2.08836872  0.237291  4.448248  0.8   19  -41
2.08840349  0.238600  4.497483  0.5  306   46
2.08845332  0.235849  4.394347  0.0   76   12
2.08845888  0.236066  4.402438  0.1   82   19
2.08847383  0.227321  4.082297  0.1   81   35
2.08849080  0.229930  4.176556  0.7   44   62
2.08852176  0.233464  4.305936  0.0  107   45
2.08852219  0.230379  4.192873  0.5  271   60
2.08859081  0.235114  4.367020  0.2   32  -71
2.08859746  0.231138  4.220542  0.2   49  -68
2.08859715  0.229808  4.172110  0.6   88  -62
2.08864649  0.233055  4.290843  0.4   31  -42
2.08864435  0.235793  4.392268  1.9  207  -54
2.08868199  0.240785  4.580231  1.2  302  -54
2.08868373  0.241623  4.612167  1.6  107  -58
2.08873479  0.237288  4.448124  0.3  158  -63
2.08873678  0.237873  4.470117  1.8  312  -47
2.08877754  0.238628  4.498531  0.1   72  -41
2.08878149  0.238429  4.491013  0.5   86  -49
2.08884232  0.240739  4.578455  2.5  184   11
2.08884253  0.241445  4.605364  3.1  185   11
2.08884258  0.240543  4.571021  2.6  185   12
2.08889706  0.241384  4.603034  3.6  263   17
2.08892195  0.237291  4.448239  1.3  292   53
2.08892342  0.236905  4.433808  1.2  285   52
2.08898291  0.241575  4.610329  1.8  117    9
2.08898403  0.240292  4.561486  1.9  246   10
2.08899963  0.238634  4.498748  0.4   10  -14
2.08903327  0.240664  4.575620  1.8  199  -14
2.08905303  0.240381  4.564858  1.8   63  -45
2.08907534  0.236041  4.401501  3.0  174  -54
2.08909567  0.235311  4.374324  1.0  317  -34
2.08909771  0.235453  4.379595  3.2  320  -47
2.08912082  0.242173  4.633172  3.8  282  -27
2.08916857  0.240749  4.578854  0.4   59  -75
2.08921308  0.240897  4.584463  0.6   65   -7
2.08921787  0.240734  4.578266  0.2   65   -6
2.08922058  0.240885  4.584031  0.8   66   -4
2.08925035  0.244499  4.722597  2.8  127   -9
2.08927258  0.246303  4.792541  1.2  284   51
2.08933070  0.239819  4.543528  1.0   60   30
2.08933050  0.239281  4.523161  0.5   60   31
2.08933528  0.237166  4.443572  0.7  287   37
2.08940353  0.237938  4.472547  0.2  289   41
2.08940407  0.238330  4.487302  0.3  289   40
2.08940762  0.237416  4.452933  0.1  285   21
2.08945593  0.242403  4.641985  3.5   15  -14
2.08947565  0.236928  4.434640  2.9  305   11
2.08949205  0.240914  4.585118  0.9  193  -17
2.08952110  0.238417  4.490554  3.3   21   27
2.08952435  0.237637  4.461221  2.6   26   34
2.08957693  0.236235  4.408737  0.0  308   90
2.08958536  0.232009  4.252425  0.7  192   41
2.08960181  0.232059  4.254264  0.3  178   57
2.08961000  0.234613  4.348401  1.6   52   35
2.08964602  0.237647  4.461604  0.0   58   38
2.08968956  0.236833  4.431111  0.0  263    4
2.08972449  0.233576  4.310077  0.0  196    8
2.08972437  0.231851  4.246638  1.9  193   -7
2.08973511  0.234984  4.362183  2.0  194   -2
2.08977613  0.235818  4.393213  0.1   15   56
2.08980038  0.236011  4.400381  0.2   80   98
2.08980187  0.233558  4.309385  0.5  341   52
2.08986800  0.236643  4.424005  0.1  203  -32
2.08988125  0.239017  4.513183  1.4  198  -28
2.08987716  0.237804  4.467497  1.2  211  -23
2.08992415  0.238412  4.490401  0.1   85  -46
2.08992522  0.238403  4.490061  0.1   83  -46
2.08996071  0.239218  4.520797  0.0   75  -41
2.08997795  0.241674  4.614089  0.2  103  -18
2.08999755  0.239328  4.524941  0.0   69   42
2.09001260  0.240697  4.576884  1.0   22  -49
2.09005267  0.242804  4.657336  0.1   11  -42
2.09008929  0.243575  4.686961  1.5  118  -31
2.09008925  0.243046  4.666648  1.2  118  -31
2.09014924  0.237190  4.444485  3.3  294   -5
2.09014568  0.232865  4.283853  5.7  311   24
2.09017237  0.235003  4.362870  2.2  179   56
2.09017278  0.236185  4.406874  1.9  182   55
2.09023142  0.235807  4.392775  1.1  281   59
2.09023026  0.235379  4.376851  1.5  287   62
2.09025454  0.238080  4.477891  0.6   70   48
2.09029938  0.240029  4.551489  1.8  295  -28
2.09029912  0.240084  4.553578  2.4  113  -37
2.09034166  0.243015  4.665449  1.0  188   51
2.09038498  0.234101  4.329466  0.7  273   -6
2.09038433  0.236090  4.403335  0.9  275   -7
2.09038454  0.233456  4.305639  1.4   92   -8
2.09043706  0.236451  4.416802  2.5  289  -39
2.09043844  0.238089  4.478205  3.0  287  -37
2.09045164  0.238698  4.501171  2.8   12  -57
2.09049195  0.234242  4.334674  0.8   39   45
2.09052563  0.235267  4.372681  4.1   85   47
2.09052752  0.237010  4.437723  3.2  257   46
2.09052928  0.239735  4.540370  4.4  285   35
2.09059214  0.238899  4.508734  2.5  181   73
2.09063103  0.234660  4.350150  1.3  196   13
2.09063890  0.233824  4.319215  1.6  193    9
2.09067962  0.233410  4.303922  3.3  190   42
2.09067975  0.233965  4.324419  3.4  191   40
2.09068805  0.234045  4.327399  0.7   40   45
2.09073089  0.239935  4.547925  1.1  187  -74
2.09075595  0.237306  4.448812  0.2  281   46
2.09080307  0.234804  4.355512  0.8   26   22
2.09084066  0.226958  4.069283  0.8  367   53
2.09083479  0.223644  3.951310  1.3   25   56
2.09083531  0.224148  3.969129  0.9   31   65
2.09084274  0.227916  4.103723  1.4   25   53
2.09090319  0.233585  4.310398  0.6   85   49
2.09090592  0.229056  4.144883  0.5  160   50
2.09094227  0.227467  4.087542  4.7  298   57
2.09094829  0.228901  4.139255  0.0  289   60
2.09099230  0.237687  4.463132  3.9  284  -23
2.09101908  0.237577  4.458981  1.0  294  -51
2.09105191  0.233055  4.290846  3.6  301   19
2.09105315  0.231588  4.237025  1.1  124   13
2.09109022  0.234406  4.340736  0.4  282   27
2.09110916  0.230039  4.180531  1.4  251  -81
2.09113844  0.229735  4.169460  2.9  304   49
2.09114082  0.228485  4.124224  3.1  296   46
2.09117131  0.231946  4.250111  3.2   47   62
2.09117801  0.232612  4.274550  3.5   31   57
2.09120782  0.236513  4.419143  3.4  114  -43
2.09120349  0.236503  4.418764  2.9  216  -56
2.09128578  0.228652  4.130274  2.1   69   -4
2.09128800  0.224380  3.977372  2.0  255   -9
2.09133876  0.227235  4.079231  0.0  359 -123
2.09133735  0.226843  4.065171  0.1  184  -58
2.09134398  0.229665  4.166947  0.0  200  -68
2.09139226  0.231231  4.223949  2.2  291  -43
2.09139538  0.233583  4.310332  1.8  101  -45
2.09143444  0.228666  4.130753  4.1    8  -29
2.09144452  0.228293  4.117293  2.2    2  -50
2.09145125  0.229299  4.153679  1.0  324  -58
2.09151029  0.241772  4.617838  1.6   53  -50
2.09152224  0.237947  4.472876  3.3   74  -30
2.09152470  0.236835  4.431187  2.8   74  -23
2.09155629  0.238030  4.476023  0.2  294  -24
2.09157853  0.233545  4.308935  0.0  307  -18
2.09158430  0.236544  4.420293  0.4  255   17
2.09163656  0.239758  4.541239  2.1  307  -19
2.09166458  0.237903  4.471238  0.0  196   23
2.09169063  0.238381  4.489210  0.1  242   24
2.09170068  0.239681  4.538303  0.2   68   20
2.09172447  0.241085  4.591624  3.9   27   31
2.09172790  0.240656  4.575301  2.8  198   17
2.09178501  0.234961  4.361331  0.0  302    4
2.09180073  0.231113  4.219633  0.9   58    3
2.09181265  0.235405  4.377813  1.2   59    5
2.09183949  0.238336  4.487505  2.2   43   41
2.09185619  0.237667  4.462349  2.1   28  -15
2.09192247  0.237647  4.461625  0.5  174  -38
2.09194185  0.232042  4.253622  1.7  303  -47
2.09193783  0.232617  4.274726  1.4  303  -46
2.09194136  0.232409  4.267103  0.0  304  -47
2.09198940  0.239122  4.517169  7.5  312   21
2.09200047  0.241038  4.589863  4.3  290   43
2.09201058  0.243046  4.666638  2.4  247   35
2.09207949  0.225683  4.023696  2.2  109   55
2.09208044  0.226121  4.039337  2.4  276   59
2.09208012  0.226196  4.042015  2.4  276   59
2.09210202  0.232494  4.270240  0.1   43   56
2.09222173  0.228215  4.114496  1.0   65   24
2.09220389  0.228555  4.126746  0.6  299   20
2.09220791  0.223429  3.943738  0.4  289    3
2.09221842  0.224730  3.989773  0.0  283   11
2.09224641  0.225359  4.012146  1.0   95   33
2.09225693  0.233238  4.297596  2.3  301   66
2.09226920  0.233543  4.308837  1.3  157   57
2.09229107  0.236281  4.410487  3.2    8   37
2.09236379  0.218811  3.782394  3.1  268  -64
2.09236425  0.218690  3.778196  3.8   56  -48
2.09236439  0.218678  3.777786  3.8   55  -49
2.09237226  0.221597  3.879329  3.4   71  -49
2.09243803  0.231077  4.218324  0.9  175  -33
2.09243832  0.230244  4.187975  0.9  177  -32
2.09243854  0.230862  4.210493  0.7  178  -31
2.09249934  0.238201  4.482423  0.5  103  -26
2.09250368  0.237525  4.457033  1.8  290  -20
2.09250232  0.239431  4.528855  1.5  106  -24
2.09260701  0.239078  4.515515  2.9  285   49
2.09260338  0.236436  4.416246  1.4   55   65
2.09260408  0.236464  4.417300  1.6   44   71
2.09264721  0.238386  4.489397  4.4  307   50
2.09265422  0.236225  4.408378  3.3  290   51
2.09270420  0.239561  4.533774  4.6  323   17
2.09272067  0.236587  4.421898  1.7  300  -60
2.09272155  0.237412  4.452784  2.1  312  -60
2.09276790  0.235488  4.380907  0.0   54  -50
2.09277769  0.236101  4.403750  1.6   78  -51
2.09279295  0.234652  4.349858  1.0  265  -42
2.09280017  0.235481  4.380667  1.3   88  -32
2.09280192  0.234668  4.350448  1.2  285  -55
2.09287939  0.235361  4.376207  1.1  310   73
2.09287970  0.234243  4.334709  3.4  279   61
2.09291083  0.240239  4.559463  3.1   54   40
2.09294346  0.234921  4.359829  2.4  192  -62
2.09294509  0.235967  4.398744  3.1  191  -60
2.09298575  0.236777  4.429019  2.4  188  -78
2.09299874  0.233788  4.317884  5.3  309  -53
2.09303169  0.231585  4.236898  1.1  310  -42
2.09303236  0.231355  4.228486  0.9  310  -39
2.09307945  0.232945  4.286806  3.5  305  -18
2.09308374  0.233899  4.322003  4.1  104  -35
2.09308208  0.232545  4.272096  3.6  116  -25
2.09315694  0.231098  4.219108  0.0   74   46
2.09316803  0.232816  4.282061  3.9   90   49
2.09317089  0.232452  4.268688  2.2   13   58
2.09324458  0.229170  4.149002  0.2   17  -12
2.09324378  0.225848  4.029571  0.0  202   -4
2.09326311  0.227363  4.083831  1.0  206  -20
2.09330057  0.227434  4.086379  2.7  202    8
2.09330296  0.226710  4.060411  3.8  197   16
2.09330441  0.226510  4.053235  3.4   19   22
2.09339771  0.234926  4.360016  0.2  341  -31
2.09340013  0.236676  4.425241  1.7  106   32
2.09342076  0.231387  4.229649  2.8   43  -18
2.09343286  0.234726  4.352619  2.3  237  -28
2.09342592  0.232581  4.273404  1.0   47  -21
2.09347772  0.237167  4.443588  0.1  274  -31
2.09350816  0.235735  4.390094  0.7    8  -40
2.09354451  0.237984  4.474289  0.5  347    9
2.09354444  0.238128  4.479708  1.1  347   11
2.09354703  0.239015  4.513120  0.3   96    6
2.09361014  0.238424  4.490821  2.0  318   26
2.09361217  0.234478  4.343397  0.4  149   17
2.09363330  0.238031  4.476055  0.0  183  -54
2.09367606  0.238820  4.505752  0.6  172   -0
2.09368586  0.238374  4.488936  0.0  353   -3
2.09368509  0.239517  4.532120  1.0  359  -23
2.09376120  0.236878  4.432773  0.6  294  -35
2.09375729  0.235841  4.394056  0.8  118  -25
2.09376282  0.241492  4.607170  1.0  298  -64
2.09381995  0.237337  4.449964  0.1   70  -30
2.09383847  0.237936  4.472469  0.0  329   33
2.09382657  0.238063  4.477246  0.5  314  -41
2.09387594  0.236516  4.419239  0.4   58   52
2.09391746  0.236033  4.401222  0.3  150  -18
2.09397899  0.228596  4.128240  0.9  103   10
2.09397956  0.227134  4.075597  1.0  280   12
2.09398067  0.226978  4.070010  0.7  281   14
2.09397948  0.227089  4.073978  0.7  281   12
2.09398726  0.235177  4.369345  0.7   13   66
2.09405418  0.235840  4.394008  1.3  280  -57
2.09405384  0.234538  4.345643  0.3  281  -57
2.09412656  0.233957  4.324137  1.0  284   26
2.09412283  0.233821  4.319113  0.1  160  -71
2.09412423  0.232730  4.278908  0.1  186  -66
2.09413397  0.232266  4.261845  0.2  229  -60
2.09414476  0.234864  4.357722  3.8  271   46
2.09421624  0.231380  4.229411  0.9   72   69
2.09421460  0.232440  4.268255  0.0  284   71
2.09426785  0.232192  4.259146  2.7  293   63
2.09426952  0.230548  4.199050  1.6  270   67
2.09426955  0.234935  4.360361  2.0  159   55
2.09432307  0.239111  4.516762  0.3  163  -60
2.09434662  0.239980  4.549642  1.5   66   47
2.09438005  0.239828  4.543865  1.6   47  -73
2.09441778  0.230112  4.183156  7.8    9   19
2.09441709  0.230010  4.179462  7.8    8   20
2.09441886  0.231340  4.227941  3.1   28   55
2.09441845  0.231440  4.231599  6.8  191    8
2.09449557  0.232543  4.272029  0.3   28   67
2.09450279  0.232075  4.254829  3.5  299   56
2.09456936  0.220645  3.846036  1.1  176  -14
2.09457173  0.220392  3.837243  1.2  176  -15
2.09457281  0.220266  3.832861  0.7  356   -7
2.09457517  0.220382  3.836879  0.6  175  -23
2.09463144  0.229040  4.144269  0.0  179   27
2.09463902  0.229140  4.147907  1.9  175   25
2.09471978  0.221523  3.876710  1.1  330   28
2.09471760  0.220149  3.828785  2.3  332   16
2.09471407  0.219188  3.795414  0.5  159    2
2.09472075  0.219843  3.818147  1.6  152   20
2.09477641  0.225167  4.005307  1.4  167   13
2.09478279  0.222797  3.921457  0.3  170   17
2.09485501  0.222198  3.900367  0.0  353   43
2.09485507  0.221966  3.892247  3.1  353   42
2.09485702  0.221995  3.893272  0.0  353   40
2.09485642  0.221772  3.885432  3.2  353   41
2.09485505  0.221854  3.888327  2.9  355   45
2.09493309  0.226336  4.047008  6.3  288  -48
2.09493630  0.227225  4.078855  6.6  288  -48
2.09499356  0.229505  4.161117  7.5  279   63
2.09499643  0.229638  4.165956  7.8  280   66
2.09501750  0.228622  4.129180  2.5   65  -43
2.09499689  0.230461  4.195856  4.5  330   70
2.09507393  0.218537  3.772898  4.2  118  -31
2.09507664  0.220367  3.836377  0.0  126  -30
2.09507416  0.219193  3.795600  4.9  306  -23
2.09514973  0.229729  4.169245  1.6    1  -27
2.09515719  0.228843  4.137178  1.0  176  -49
2.09515280  0.231727  4.242108  2.5  197  -42
2.09521669  0.231163  4.221473  2.0  348  -23
2.09522313  0.233354  4.301872  0.1  278   54
2.09528545  0.230803  4.208337  1.3  333  -45
2.09528728  0.231269  4.225331  2.3  290  -57
2.09528977  0.230219  4.187049  2.4   90  -63
2.09528902  0.230098  4.182662  2.3  110  -57
2.09537337  0.236876  4.432698  2.4   57   79
2.09537513  0.233800  4.318329  1.2   67   52
2.09537419  0.233682  4.313968  1.7  254  123
2.09542877  0.234257  4.335227  2.5   14   -8
2.09543144  0.237391  4.452010  4.7  197  -16
2.09549192  0.239987  4.549897  3.6   85  145
2.09549910  0.239323  4.524747  3.9  302   44
2.09551328  0.237933  4.472358  3.6  308   49
2.09551522  0.237315  4.449145  3.1  251   42
2.09557383  0.238541  4.495232  2.1  276   -4
2.09560359  0.235756  4.390897  1.0  203   13
2.09564929  0.222478  3.910215  0.1  109   26
2.09564921  0.222974  3.927658  0.0  109   26
2.09565113  0.222209  3.900781  0.4  276   37
2.09565426  0.227829  4.100575  1.3  267   37
2.09565203  0.228308  4.117835  0.3  278   26
2.09572855  0.231714  4.241602  1.1  351   50
2.09578749  0.227902  4.103204  3.3   22   22
2.09579903  0.221423  3.873219  1.1  202   -6
2.09579894  0.222883  3.924464  1.0  203   -4
2.09580136  0.222367  3.906307  0.8  206   -6
2.09580681  0.224342  3.976035  1.2  205  -12
2.09587459  0.231345  4.228131  8.1  323   -4
2.09590901  0.222086  3.896468  0.6   66   55
2.09591788  0.225615  4.021274  4.5  352   47
2.09592219  0.225444  4.015183  5.1  346   34
2.09593652  0.227126  4.075314  0.1   45  -26
2.09599003  0.231999  4.252056  0.2  348   21
2.09602204  0.224644  3.986732  7.4  313   -2
2.09602236  0.225022  4.000148  8.2  314   -1
2.09607464  0.219677  3.812392  3.0  278   36
2.09608245  0.217547  3.738825  3.0   99   51
2.09608287  0.217197  3.726783  3.2  266   51
2.09608646  0.215975  3.684979  3.1  269   64
2.09617034  0.230398  4.193589  0.1  110   28
2.09618900  0.222716  3.918587  1.7  211  -59
2.09618919  0.222350  3.905731  1.8  208  -61
2.09619552  0.219498  3.806164  2.0   33  -40
2.09622032  0.224941  3.997288  1.5  101  -26
2.09624257  0.230960  4.214044  6.2  188   -6
2.09625983  0.236417  4.415563  2.5   65  -36
2.09633703  0.230072  4.181712  0.5  266   61
2.09633935  0.227647  4.094014  0.3  107   64
2.09637026  0.212038  3.551854  2.2   79  -53
2.09636969  0.211372  3.529584  0.3   81  -51
2.09636966  0.211122  3.521225  0.4   81  -51
2.09649519  0.231243  4.224402  4.9   76 -118
2.09645871  0.226614  4.056953  0.1  257   58
2.09650586  0.228946  4.140894  5.0  278  -29
2.09650446  0.228643  4.129932  4.5  275  -52
2.09650377  0.226151  4.040393  4.3   70  -49
2.09650616  0.227738  4.097320  4.2  277  -44
2.09656535  0.232831  4.282609  0.5  278  -60
2.09660132  0.231717  4.241713  2.4   12   24
2.09660804  0.227108  4.074666  1.6   90  -50
2.09662642  0.228277  4.116726  0.0   99  -22
2.09664241  0.227309  4.081879  2.2  289   -6
2.09665904  0.227338  4.082908  0.4  319  -33
2.09666749  0.226125  4.039461  0.0  191  -10
2.09675727  0.221556  3.877883  8.4  320   32
2.09676137  0.222320  3.904653  7.6  319   38
2.09675961  0.223169  3.934535  5.7  319   50
2.09676042  0.222418  3.908108  7.5  145   27
2.09682231  0.231407  4.230372  0.2  291    8
2.09682208  0.233559  4.309436  0.7  290    6
2.09683308  0.235361  4.376197  1.0  284    8
2.09692011  0.226889  4.066803  0.9  281   17
2.09692367  0.226100  4.038567  1.1  104   20
2.09692206  0.232146  4.257432  0.0  290   39
2.09694894  0.228440  4.122618  1.0  280   47
2.09698768  0.230561  4.199510  4.9  304   41
2.09701188  0.228958  4.141311  3.6  189  -16
2.09699030  0.230549  4.199085  4.5  308   37
2.09705980  0.230487  4.196814  1.6  201   21
2.09706614  0.230761  4.206797  1.0  193   38
2.09712599  0.226081  4.037899  0.0  187   33
2.09712511  0.226110  4.038927  4.4  180   19
2.09712592  0.226338  4.047067  4.5  183   21
2.09719939  0.224223  3.971805  2.8  309   28
2.09720131  0.220779  3.850738  1.0  164   -1
2.09720280  0.220011  3.823976  0.6  344   11
2.09720373  0.220433  3.838654  0.5  343   12
2.09720779  0.221174  3.864524  4.5  136  -13
2.09727760  0.226781  4.062929  0.0   30   68
2.09733831  0.226233  4.043334  1.4  278   24
2.09734885  0.210818  3.511083  0.0  320    8
2.09734663  0.213478  3.600257  1.9  313    1
2.09734691  0.213100  3.587523  1.0  313    2
2.09742531  0.230138  4.184102  0.6  355  -17
2.09741595  0.229916  4.176056  3.4  289   39
2.09749618  0.220902  3.855026  1.4    6    2
2.09750011  0.218408  3.768468  1.1  176  -14
2.09750012  0.219515  3.806772  1.6  182  -15
2.09749827  0.220528  3.841987  1.9  187   -7
2.09755189  0.230462  4.195891  1.4  294   63
2.09755838  0.230403  4.193770  0.6   35   66
2.09757637  0.233264  4.298542  4.0   11  -39
2.09764521  0.216307  3.696325  1.6   15  -50
2.09764336  0.216166  3.691498  0.0   11  -47
2.09764530  0.216455  3.701361  1.9  202  -65
2.09770910  0.229461  4.159536  0.1  174  -40
2.09772093  0.225480  4.016458  0.3  290  -52
2.09772029  0.224701  3.988755  0.0  309  -45
2.09777476  0.231903  4.248538  2.4  300  -25
2.09777628  0.228504  4.124926  0.0  286  -38
2.09778130  0.230607  4.201179  0.1  281  -27
2.09785765  0.226879  4.066461  0.0   68   29
2.09785666  0.226539  4.054282  0.5   67   29
2.09785943  0.229625  4.165474  1.2  190   -5
2.09787619  0.235854  4.394545  5.9  353    7
2.09790204  0.235934  4.397537  3.1  282   58
2.09795913  0.237499  4.456051  3.3  190   21
2.09799875  0.227234  4.079190  0.9  288  -52
2.09802340  0.224398  3.978007  4.2  118   33
2.09802053  0.223639  3.951120  1.0  291   42
2.09802837  0.223580  3.949060  3.3   29   63
2.09809499  0.225592  4.020432  2.5  314   28
2.09809594  0.224098  3.967385  2.7  314   35
2.09809850  0.226840  4.065042  3.4  332   50
2.09814871  0.224938  3.997163  0.9  111   48
2.09814799  0.226287  4.045245  2.4  282   48
2.09816220  0.228692  4.131699  2.3  302   -7
2.09822986  0.226661  4.058645  1.5  183   16
2.09823107  0.225647  4.022422  2.7    4   28
2.09823510  0.225823  4.028692  3.5    2   26
2.09829630  0.227673  4.094969  6.0  355  -24
2.09830187  0.224183  3.970368  5.1  189  -48
2.09830828  0.224872  3.994822  5.3  192  -49
2.09831568  0.224215  3.971529  1.0    7  -47
2.09839225  0.224113  3.967897  1.9  291   45
2.09839156  0.224233  3.972154  1.0  286   47
2.09839584  0.226206  4.042365  2.0   95   53
2.09846086  0.219855  3.818576  3.0  320   53
2.09846025  0.221970  3.892397  1.7  305   69
2.09846448  0.220814  3.851930  2.4  164   37
2.09851996  0.219907  3.820362  3.3  295   -6
2.09852059  0.219992  3.823323  3.3  295   -5
2.09860430  0.219397  3.802684  1.2  353   14
2.09860599  0.219593  3.809452  1.8  357   15
2.09860968  0.219384  3.802222  1.8  178   -4
2.09860939  0.220243  3.832038  2.0  177   -1
2.09867951  0.222347  3.905632  0.8  155  -38
2.09868745  0.218185  3.760758  0.8  260  -77
2.09868936  0.218370  3.767138  0.9   45  -66
2.09874986  0.212590  3.570363  2.4  166  -47
2.09874793  0.207669  3.406972  0.0   25  -50
2.09875040  0.211376  3.529702  0.0  101  -47
2.09875070  0.215206  3.658779  1.0  230  -61
2.09881887  0.233841  4.319865  0.1  287  -29
2.09882460  0.235243  4.371821  0.5   66  -48
2.09886783  0.234356  4.338890  3.4  281  -45
2.09886374  0.233579  4.310167  3.7   81  -70
2.09890740  0.242084  4.629780  3.3  196  -56
2.09886390  0.234370  4.339409  3.9   91  -80
2.09894761  0.242901  4.661082  2.3  151   61
2.09898476  0.236916  4.434188  0.3  135  -48
2.09898686  0.237029  4.438431  0.4  119  -57
2.09903431  0.233830  4.319438  0.1   68  -34
2.09903903  0.236710  4.426512  0.0   69  -30
2.09910425  0.239794  4.542603  0.6  197  -45
2.09912869  0.239813  4.543297  4.3  196   28
2.09911447  0.237390  4.451979  0.1  203  -43
2.09913437  0.240307  4.562039  1.0  195   17
2.09913709  0.240903  4.584717  4.6  197   29
2.09921914  0.235113  4.366965  0.0  278   15
2.09921321  0.241802  4.618982  0.4   78   62
2.09925131  0.234975  4.361832  0.2   81  114
2.09925297  0.237819  4.468080  0.1   74   62
2.09927647  0.239576  4.534326  1.1   72  -74
2.09927475  0.242693  4.653091  1.6  278  -38
2.09937196  0.233634  4.312208  2.3   60   54
2.09936633  0.228406  4.121390  0.4  316   38
2.09936676  0.227153  4.076268  0.2  316   38
2.09936804  0.226169  4.041052  0.1  145   29
2.09942868  0.226730  4.061125  0.7  175   28
2.09943019  0.227474  4.087822  0.5  164   14
2.09949752  0.222487  3.910526  1.0   18   33
2.09950297  0.221528  3.876885  0.5  188   11
2.09950763  0.222389  3.907086  0.9    6   17
2.09951769  0.231140  4.220640  1.0  194   -7
2.09951306  0.224875  3.994937  1.1  179   -0
2.09958754  0.228641  4.129857  0.1  182  -54
2.09964869  0.227735  4.097180  0.2    2  -22
2.09965569  0.224633  3.986323  1.0   11  -35
2.09965997  0.222020  3.894150  0.1   86  -62
2.09965949  0.221889  3.889544  1.0  315  -37
2.09971250  0.233638  4.312342  0.5  291  126
2.09972936  0.233806  4.318563  0.2  302   63
2.09972605  0.235550  4.383215  4.5  313   -2
2.09979903  0.234539  4.345669  6.1  168  -15
2.09979739  0.235762  4.391103  6.0  174  -10
2.09984512  0.232489  4.270029  2.5  198   46
2.09986679  0.226321  4.046459  0.6  165  -30
2.09986976  0.226356  4.047709  0.6  168  -32
2.09991390  0.230085  4.182182  2.5   65   42
2.09993759  0.229414  4.157815  0.5  288  -61
2.09993729  0.228723  4.132824  0.1  270  -64
2.09993768  0.228030  4.107805  0.3  304  -62
2.10000385  0.230513  4.197771  0.3   41  -47
2.10001245  0.228455  4.123145  0.1   59  -49
2.10008774  0.229319  4.154399  5.2  326  -27
2.10001906  0.229938  4.176861  0.4   93  -34
2.10009192  0.230381  4.192944  5.2  138  -42
2.10009492  0.232650  4.275972  4.0  312  -39
2.10011106  0.236102  4.403783  4.3  192  -50
2.10013810  0.236408  4.415220  0.0  306   10
2.10021296  0.235299  4.373892  6.8  314   52
2.10021474  0.234904  4.359220  7.0  301   58
2.10021603  0.236112  4.404148  7.0  304   53
2.10021330  0.237567  4.458608  6.6  156   52
2.10029030  0.230346  4.191684  0.4  174  -63
2.10028991  0.230738  4.205976  1.8  354  -59
2.10028908  0.233838  4.319751  2.5  331  -50
2.10035411  0.239142  4.517909  2.2   22  -31
2.10035339  0.234400  4.340542  0.0  152   31
2.10040861  0.233106  4.292736  0.1  204   47
2.10040986  0.228904  4.139355  0.1  235   61
2.10042831  0.237672  4.462556  0.2  302  -32
2.10041019  0.237994  4.474663  0.0  332   76
2.10049560  0.231956  4.250491  2.4   46   63
2.10049582  0.232000  4.252104  2.6   46   63
2.10052066  0.231320  4.227195  3.0   51   44
2.10053049  0.231472  4.232775  4.3  215   22
2.10052966  0.231486  4.233260  0.0  213   22
2.10060080  0.234410  4.340912  0.4   55   68
2.10062428  0.233592  4.310663  0.4   78  -45
2.10066040  0.221893  3.889674  0.1   72  -51
2.10066198  0.224027  3.964846  0.3   85  -47
2.10069368  0.231879  4.247657  1.7   80  -15
2.10073899  0.228877  4.138374  1.9  353   36
2.10074146  0.229228  4.151079  2.4  177   30
2.10074699  0.230214  4.186867  2.3  353   36
2.10074516  0.230453  4.195585  2.2  352   38
2.10081731  0.223070  3.931049  0.9  309  -17
2.10081693  0.224210  3.971333  0.8  308  -18
2.10088960  0.233099  4.292473  0.8  190    4
2.10089017  0.233105  4.292706  0.6  189    4
2.10089072  0.234338  4.338244  2.1  190    1
2.10094723  0.235299  4.373895  1.3   38  -44
2.10096552  0.228582  4.127723  0.4  201   41
2.10096493  0.230951  4.213719  1.5  332   26
2.10096571  0.229870  4.174392  0.1   21   44
2.10103514  0.228097  4.110242  3.3  350  -21
2.10103523  0.228372  4.120138  3.0  350  -21
2.10109107  0.225410  4.013969  0.7  346   52
2.10110060  0.226117  4.039189  0.2  171   20
2.10110041  0.225675  4.023400  0.7  353   29
2.10109891  0.225717  4.024900  0.5  348   36
2.10118401  0.223177  3.934845  0.9  141  -38
2.10118423  0.221893  3.889688  0.1  142  -40
2.10118536  0.222878  3.924281  0.5  139  -43
2.10125383  0.224464  3.980356  0.2  184  -43
2.10125288  0.221346  3.870513  0.0    5  -35
2.10125985  0.229688  4.167775  0.0  202  -42
2.10125732  0.224292  3.974229  0.1  200  -35
2.10132554  0.228204  4.114072  0.1   67  -48
2.10132867  0.227405  4.085325  0.0   75  -50
2.10138418  0.227738  4.097304  0.2  180  -65
2.10138326  0.228828  4.136605  3.6   72  -54
2.10139556  0.231247  4.224557  2.1   18  -53
2.10145271  0.232001  4.252151  0.6  354  -50
2.10148251  0.234706  4.351884  1.0  291   10
2.10148120  0.235232  4.371397  0.0  290   10
2.10153687  0.235011  4.363166  0.4  344   54
2.10150184  0.231931  4.249563  1.3  239  -60
2.10159267  0.232379  4.265997  0.3   68   36
2.10160298  0.228910  4.139578  1.4  226   41
2.10160782  0.230094  4.182520  1.0  197   24
2.10162828  0.229210  4.150454  4.1   49   45
2.10162931  0.227937  4.104462  3.4   41   42
2.10163853  0.235933  4.397491  3.9  100  -55
2.10176583  0.231789  4.244374  5.2  301   36
2.10176570  0.231792  4.244484  5.1  300   36
2.10177403  0.230377  4.192803  5.9  289   43
2.10179619  0.224687  3.988269  5.0  111   -9
2.10179615  0.224770  3.991203  5.2  111   -8
2.10179149  0.225521  4.017933  5.3  110   -1
2.10185977  0.220115  3.827586  0.8   73   55
2.10185501  0.222023  3.894246  1.2  243   52
2.10187199  0.227411  4.085530  1.2   39   52
2.10191885  0.227277  4.080750  0.1  103   15
2.10192782  0.226732  4.061185  0.3  282   14
2.10194523  0.227630  4.093431  0.9  183  -34
2.10200329  0.226887  4.066741  1.2  123    8
2.10200724  0.227661  4.094540  2.5  160   14
2.10202398  0.231789  4.244366  4.7  186  -31
2.10206407  0.231627  4.238447  0.0    5   52
2.10208272  0.232865  4.283859  1.0   91  -20
2.10208399  0.231835  4.246039  1.8  293  -14
2.10215105  0.226819  4.064312  3.4  130  -31
2.10215037  0.227003  4.070893  1.9  315  -11
2.10215898  0.230291  4.189668  3.1  318  -22
2.10220509  0.225239  4.007868  0.4  255  108
2.10220728  0.226333  4.046890  0.6   40   69
2.10220815  0.226878  4.066425  0.2  302   73
2.10222441  0.231141  4.220670  5.5  296  -37
2.10229972  0.232387  4.266288  1.8   48  -39
2.10229956  0.233460  4.305776  1.1   23  -47
2.10234261  0.229707  4.168462  2.2   52   15
2.10236926  0.228576  4.127513  2.3  192  -36
2.10236681  0.226692  4.059737  0.2   19  -15
2.10236695  0.229539  4.162355  1.0  110  -31
2.10244860  0.237555  4.458159  3.4   48   43
2.10245655  0.235189  4.369793  3.3  221    5
2.10251931  0.227256  4.079992  0.3  342  -65
2.10250760  0.226526  4.053798  2.2   93  -28
2.10250782  0.227075  4.073490  1.0   95  -27
2.10256734  0.231129  4.220245  0.6  347  -44
2.10257258  0.228562  4.127018  0.1   21  -22
2.10259098  0.233850  4.320167  0.5  201  -31
2.10260409  0.234591  4.347584  0.3  207  -40
2.10265414  0.232963  4.287462  1.6  260  -33
2.10264782  0.235045  4.364431  1.0  227  -28
2.10270596  0.236108  4.404004  1.0   61  -47
2.10271606  0.233293  4.299618  1.2   50  -54
2.10271722  0.232498  4.270368  2.1   48  -32
2.10277250  0.238752  4.503205  1.8   61  -49
2.10274294  0.238878  4.507950  6.1   72   16
2.10282649  0.233848  4.320102  0.8   92    7
2.10282664  0.233139  4.293938  0.4   91    5
2.10285323  0.235102  4.366570  2.4  170  -33
2.10286898  0.237449  4.454193  1.2   58   31
2.10288596  0.239451  4.529603  1.8   58   36
2.10295483  0.235889  4.395848  0.0  321    7
2.10297911  0.230792  4.207935  0.4   57   35
2.10298112  0.232526  4.271410  3.1  199   54
2.10301212  0.229613  4.165045  2.3  214   66
2.10301305  0.228856  4.137627  2.1   56   67
2.10305836  0.240524  4.570284  0.2  199   62
2.10305755  0.233164  4.294865  0.0   39   42
2.10311122  0.234557  4.346355  1.3  187   62
2.10311296  0.229591  4.164233  2.1  308    6
2.10311412  0.231853  4.246722  3.4  131   -2
2.10312329  0.233788  4.317878  0.7    3   41
2.10312617  0.234085  4.328876  1.0  297    1
2.10317754  0.236997  4.437233  2.1  162   80
2.10326364  0.225991  4.034696  0.5    9    8
2.10326825  0.228844  4.137184  0.9   25  -10
2.10326449  0.226896  4.067045  0.0    8    7
2.10327530  0.231623  4.238291  3.4  188  -22
2.10326476  0.233596  4.310789  1.9  106    1
2.10333834  0.238469  4.492518  1.9  348   35
2.10338778  0.228521  4.125538  0.4   53   35
2.10342236  0.225102  4.003019  0.9  236 -123
2.10342573  0.226537  4.054215  2.4   73   50
2.10342675  0.226542  4.054389  2.1   89   35
2.10346604  0.230630  4.202033  0.1   76  -58
2.10352349  0.229352  4.155592  2.5  236  140
2.10353344  0.225682  4.023663  2.7   68   62
2.10353330  0.225500  4.017180  2.2  263  100
2.10353412  0.225162  4.005131  1.9  265  102
2.10358393  0.230355  4.192013  0.8  266  -39
2.10362455  0.227306  4.081776  0.0   21  -26
2.10363016  0.225634  4.021958  1.0   25  -26
2.10363490  0.228101  4.110363  1.0  206  -43
2.10369898  0.227564  4.091049  4.5  184  -36
2.10370077  0.226533  4.054056  3.1  197  -26
2.10371408  0.230316  4.190604  0.1   68  -41
2.10370497  0.228264  4.116259  4.8   10    2
2.10377187  0.235376  4.376749  2.4   19  -64
2.10382116  0.236317  4.411817  2.4  288  -46
2.10383597  0.229688  4.167757  0.0  281  -40
2.10383991  0.231499  4.233767  3.2   96  -29
2.10387242  0.230605  4.201122  4.6  175  -46
2.10387234  0.232361  4.265331  1.4  296  -21
2.10388099  0.231898  4.248364  1.1  102  -31
2.10395561  0.236917  4.434244  0.0   36  -38
2.10396300  0.233501  4.307288  0.2  297  -46
2.10400913  0.228327  4.118532  3.0  107  -33
2.10400867  0.228875  4.138305  3.1  107  -35
2.10400843  0.228300  4.117553  2.4  106  -37
2.10408567  0.240458  4.567787  1.5  293   39
2.10412999  0.232295  4.262912  1.0   29  -10
2.10412958  0.230655  4.202921  0.4   26   -1
2.10414304  0.229394  4.157108  0.6  206  -20
2.10414729  0.230105  4.182903  2.3  209  -52
2.10415100  0.229266  4.152452  2.3  216  -45
2.10416446  0.234928  4.360110  0.0  302   15
2.10427618  0.231928  4.249475  5.5    9   43
2.10428534  0.230515  4.197850  7.3  123   41
2.10428579  0.227386  4.084635  6.6  176   12
2.10428480  0.227084  4.073793  6.5  176   16
2.10428964  0.227882  4.102501  6.1    2   26
2.10429337  0.228710  4.132339  6.3  180    7
2.10437137  0.232258  4.261575  0.2   73   25
2.10440512  0.226198  4.042082  0.1  163   -3
2.10440350  0.226834  4.064828  0.4  162   -3
2.10443915  0.223501  3.946277  0.3  168  -19
2.10444665  0.227644  4.093904  3.2  297   57
2.10445073  0.228819  4.136288  0.6  150   53
2.10454859  0.225691  4.023980  1.0   64    2
2.10456090  0.220878  3.854196  5.7  244   -6
2.10456077  0.222214  3.900930  6.4  244   -6
2.10457054  0.219699  3.813144  5.6   56    2
2.10456757  0.222570  3.913446  6.7  240   -6
2.10458839  0.229160  4.148647  3.3  172   19
2.10465796  0.230873  4.210875  2.4  319  -25
2.10469775  0.227736  4.097240  1.2  135  -66
2.10469905  0.229286  4.153201  2.9  303  -54
2.10469959  0.225197  4.006369  1.2  114  -67
2.10473724  0.227386  4.084635  3.7   15   26
2.10478923  0.227321  4.082315  2.4  331   49
2.10478319  0.226732  4.061171  0.9  168   43
2.10480615  0.231660  4.239639  0.0   65   46
2.10482730  0.235707  4.389058  4.3  203  -40
2.10484314  0.237670  4.462492  0.8  199   50
2.10490126  0.239453  4.529676  1.0  256   11
2.10492632  0.236687  4.425645  0.0  308   61
2.10495018  0.235408  4.377955  0.8  288  -18
2.10495167  0.233587  4.310466  0.0   50   31
2.10499591  0.226022  4.035799  3.6  280  -21
2.10499736  0.227223  4.078783  4.0   93  -23
2.10499972  0.227324  4.082423  4.6   91  -23
2.10503917  0.229634  4.165818  6.5  199   64
2.10511083  0.232329  4.264172  0.7  100   -5
2.10511190  0.229962  4.177718  0.0  101    0
2.10511307  0.231091  4.218837  1.7  278   -1
2.10514116  0.230997  4.215417  0.5   25  -52
2.10511554  0.231568  4.236292  1.6   99   -7
2.10519554  0.233094  4.292279  3.5  291  -54
2.10523448  0.232829  4.282533  0.5   93   -1
2.10525317  0.229284  4.153120  1.0  275   13
2.10527820  0.228151  4.112162  1.9  205   58
2.10527965  0.227523  4.089577  1.6  208   60
2.10528128  0.229804  4.171963  0.0   35   63
2.10535650  0.225820  4.028575  0.0  277   13
2.10536596  0.224706  3.988916  0.2  100   16
2.10539384  0.229877  4.174620  5.3  307   42
2.10537736  0.228327  4.118518  0.6  271   21
2.10541749  0.228307  4.117794  3.8  289   51
2.10548782  0.217780  3.746823  3.3   11   26
2.10548709  0.216503  3.702995  1.0  190   15
2.10549761  0.215460  3.667412  2.0  193   16
2.10550106  0.217052  3.721807  1.0  260   13
2.10551657  0.220595  3.844318  1.3  252   36
2.10556418  0.222485  3.910468  5.7   16  -40
2.10556551  0.222270  3.902917  6.8  198  -50
2.10563898  0.225132  4.004083  4.6   20   31
2.10564714  0.223605  3.949946  0.4  115    1
2.10566597  0.218680  3.777841  0.1  197   49
2.10569606  0.220829  3.852483  2.9   98  -44
2.10569588  0.220631  3.845574  2.9   98  -44
2.10570508  0.220205  3.830735  1.8   96  -36
2.10570099  0.222489  3.910607  2.7  100  -41
2.10577458  0.225382  4.012975  5.9  315  -31
2.10582450  0.221112  3.862338  5.2  268  -52
2.10582649  0.220834  3.852650  5.4   79  -46
2.10582943  0.221783  3.885820  5.5   78  -46
2.10584612  0.223162  3.934311  5.1   98  -37
2.10592773  0.220002  3.823666  1.6  279  -76
2.10592775  0.220311  3.834416  3.5  176  -75
2.10592752  0.221396  3.872283  4.8  169  -68
2.10597105  0.219438  3.804089  1.3   54  -37
2.10599414  0.222632  3.915650  0.7  200  -36
2.10599784  0.221669  3.881833  2.9  202  -37
2.10608459  0.226059  4.037095  5.8  114  -13
2.10608602  0.226343  4.047250  4.7  264  -45
2.10608988  0.221726  3.883848  4.3  298   -7
2.10608989  0.221902  3.890005  4.4  298   -7
2.10610546  0.222752  3.919861  1.0  314 -147
2.10611393  0.228824  4.136491  4.8  183  -61
2.10620712  0.227556  4.090772  0.1  193  -36
2.10622149  0.225703  4.024399  0.2   35  -22
2.10621441  0.226813  4.064073  0.3  205  -45
2.10624158  0.230116  4.183301  1.8   49  -33
2.10627656  0.235498  4.381270  3.8  294  -35
2.10631457  0.232233  4.260653  0.0    2  -67
2.10631742  0.233747  4.316360  0.2   14  -71
2.10631462  0.234868  4.357894  0.2  321  -63
2.10637846  0.236812  4.430296  2.4  190  -33
2.10638484  0.235991  4.399630  0.2  112  -15
2.10640709  0.242608  4.649846  1.6  196  -45
2.10648196  0.239037  4.513938  0.6  313   44
2.10647351  0.241089  4.591781  1.9  301   38
2.10648305  0.239118  4.517001  0.5  310   45
2.10652747  0.237803  4.467484  1.6  319    0
2.10653746  0.238159  4.480862  0.1   87  -18
2.10654463  0.238536  4.495038  2.3  176   -5
2.10660293  0.238630  4.498604  2.5  289   37
2.10661038  0.235548  4.383143  0.0  294   43
2.10664436  0.237301  4.448643  2.1  280   65
2.10664176  0.238218  4.483067  1.9  286   57
2.10667287  0.241251  4.597969  0.7  287  -23
2.10668707  0.238970  4.511435  0.3  181  -30
2.10676267  0.245087  4.745326  0.4  290  -17
2.10676296  0.242290  4.637652  0.2   96  -43
2.10676650  0.242292  4.637746  2.3   49   47
2.10682474  0.233519  4.307957  0.7  124   40
2.10682554  0.230834  4.209476  1.4  290   42
2.10683631  0.231308  4.226783  1.7  121   41
2.10689177  0.236317  4.411821  0.0  121   71
2.10689073  0.238099  4.478617  0.4  298   67
2.10689208  0.234466  4.342958  0.1  276   69
2.10693501  0.242282  4.637353  0.9  313  -60
2.10695143  0.243116  4.669322  0.1  301  -57
2.10697058  0.244481  4.721893  2.1  185   18
2.10703746  0.239779  4.542012  1.6  339  -53
2.10705094  0.237337  4.449973  0.2  321   36
2.10704828  0.237558  4.458273  2.4  192  -51
2.10710927  0.239615  4.535795  2.8  208   36
2.10712281  0.231955  4.250437  0.9  209   46
2.10711921  0.231613  4.237920  0.7   42   57
2.10716179  0.237045  4.439035  0.6   66   69
2.10716631  0.239014  4.513085  1.2   27   64
2.10720560  0.239243  4.521755  1.9  308   45
2.10723456  0.240651  4.575104  1.3   53   11
2.10726706  0.234831  4.356509  0.9   82  -25
2.10728004  0.233458  4.305720  0.2  289  -38
2.10730927  0.229258  4.152191  3.8  298   40
2.10730911  0.228354  4.119486  3.9  297   40
2.10741591  0.232571  4.273055  2.4  290  -42
2.10735005  0.234906  4.359284  2.0  262   50
2.10740040  0.239637  4.536661  5.2   20  -38
2.10741848  0.230088  4.182309  3.3  200  -62
2.10741857  0.231833  4.245970  2.1  100  -38
2.10744870  0.234613  4.348425  7.2   84   15
2.10745403  0.233015  4.289371  6.0  262  160
2.10751607  0.233496  4.307127  0.3   48  -57
2.10751065  0.235314  4.374435  3.1  198   53
2.10756395  0.238979  4.511776  0.0   31  -41
2.10758688  0.234112  4.329858  0.1   99   27
2.10762691  0.230826  4.209173  0.1  237   73
2.10762084  0.233026  4.289803  0.3   91   57
2.10762315  0.235369  4.376479  0.6  281   65
2.10768487  0.239065  4.515027  4.2  310   51
2.10768751  0.238052  4.476832  3.1  154   54
2.10775363  0.234903  4.359178  4.1  146   53
2.10775311  0.233876  4.321137  4.5  316   65
2.10775620  0.230355  4.192015  3.8  306   67
2.10775588  0.235503  4.381486  4.6   11   72
2.10782016  0.238082  4.477964  1.2  178  -22
2.10780842  0.237092  4.440789  2.6   20   58
2.10787162  0.235039  4.364224  0.9   65   65
2.10789414  0.235881  4.395563  2.4    3   23
2.10790472  0.234670  4.350535  1.0  295   -9
2.10791646  0.235199  4.370161  2.1  296  -40
2.10796364  0.232446  4.268451  0.8  351  -15
2.10801862  0.232545  4.272104  0.9  199   -9
2.10802093  0.232905  4.285341  1.1  199   -8
2.10802454  0.231830  4.245853  0.7   18    3
2.10804589  0.233376  4.302697  0.0   62  -30
2.10804074  0.233374  4.302624  3.2  228  -40
2.10809995  0.237437  4.453735  2.2  178  -59
2.10810856  0.238514  4.494224  1.1   14  -52
2.10817106  0.239130  4.517470  1.1  196  -24
2.10817071  0.237175  4.443910  0.3   15  -12
2.10818275  0.236211  4.407872  0.1   15  -20
2.10822884  0.235067  4.365259  1.8  185   33
2.10827608  0.233363  4.302216  1.0  283   11
2.10824077  0.233665  4.313358  0.4  188   36
2.10827705  0.232733  4.279008  0.2  283   13
2.10831056  0.232668  4.276633  0.1    6  -30
2.10832730  0.233866  4.320753  0.1  299  -48
2.10832821  0.235248  4.371976  0.8  298  -51
2.10832671  0.231776  4.243904  0.0  111  -57
2.10841825  0.239741  4.540569  1.7   65   22
2.10843773  0.237132  4.442288  0.9  268  123
2.10849457  0.237854  4.469391  1.9  279  -60
2.10847134  0.237668  4.462388  0.3   50   29
2.10849474  0.237405  4.452536  1.5  277  -59
2.10854940  0.229810  4.172194  5.9  259   21
2.10854950  0.229832  4.173005  6.1  259   21
2.10854695  0.230294  4.189807  6.1   84   21
2.10855908  0.233043  4.290430  4.6   21   71
2.10860790  0.234862  4.357664  5.8  156   53
2.10865707  0.242131  4.631561  3.3   14  -31
2.10868540  0.241488  4.607002  1.0  188   43
2.10869115  0.236781  4.429161  4.3  293   63
2.10874313  0.232877  4.284311  0.9  253  -45
2.10874712  0.231568  4.236292  5.0  360   23
2.10875710  0.230814  4.208745  4.3  356   23
2.10875809  0.233009  4.289159  4.6  177   10
2.10881704  0.241876  4.621801  4.1  168  -39
2.10885422  0.236655  4.424455  0.0  110   57
2.10886037  0.238249  4.484247  4.1  312  -48
2.10889819  0.236171  4.406363  0.0  200   52
2.10889819  0.232592  4.273807  0.0    7   -1
2.10890362  0.235159  4.368683  0.1    5   -4
2.10898395  0.231532  4.234950  1.8   68   46
2.10898148  0.231218  4.223493  1.0   84   45
2.10902954  0.230000  4.179112  4.0  310    5
2.10903371  0.229902  4.175523  4.1  309    8
2.10905744  0.228159  4.112458  4.8  159    4
2.10905771  0.228399  4.121109  5.1  160    3
2.10913392  0.230090  4.182380  2.4  183   53
2.10913365  0.220535  3.842230  0.3  311   29
2.10913967  0.221117  3.862513  0.9  121   14
2.10917494  0.226570  4.055383  0.1  285   10
2.10916561  0.231214  4.223339  0.5  288    4
2.10917963  0.231814  4.245289  0.1   38   26
2.10927679  0.227305  4.081739  6.1  321   17
2.10927629  0.226399  4.049255  5.9  320   16
2.10927849  0.226668  4.058892  4.1  313   15
2.10934009  0.216627  3.707251  5.4  196   41
2.10933665  0.220404  3.837669  5.5  202   40
2.10933826  0.218932  3.786560  5.9   23   56
2.10934132  0.215857  3.680934  5.4  192   39
2.10941259  0.226996  4.070645  0.3  318  -31
2.10943341  0.225886  4.030923  2.9   13  -42
2.10944165  0.225661  4.022922  2.8   68  -51
2.10949458  0.230645  4.202582  0.6  160  -17
2.10944298  0.229140  4.147908  2.7  278  -61
2.10949219  0.228579  4.127626  0.1  165   -4
2.10957392  0.231237  4.224178  4.5   10  -43
2.10956936  0.232566  4.272867  4.6  184  -58
2.10957947  0.233668  4.313464  4.7  200  -52
2.10961358  0.235794  4.392323  5.8  248  -21
2.10964907  0.235320  4.374667  0.7  207   35
2.10965241  0.235154  4.368505  0.9  195   30
2.10971488  0.226809  4.063927  1.1   65   16
2.10970087  0.227500  4.088739  2.0   70  -14
2.10970075  0.230007  4.179356  2.8  250  -17
2.10972718  0.228248  4.115673  0.0  289   55
2.10976715  0.230499  4.197252  2.5  321  -35
2.10980156  0.233961  4.324284  0.1   39  -38
2.10981926  0.236127  4.404720  0.6  193  -32
2.10987226  0.232680  4.277068  0.2  122  -41
2.10987613  0.229601  4.164629  0.0  307    3
2.10987444  0.230753  4.206516  0.3  300  -34
2.10991006  0.234532  4.345429  0.1   29   -9
2.10995406  0.242882  4.660360  0.8  285  -44
2.10996654  0.242873  4.659985  1.7   24    5
2.11001853  0.234471  4.343147  2.3  190   41
2.11001871  0.233105  4.292693  1.9  194   50
2.11001861  0.233326  4.300826  2.0  194   48
2.11008586  0.233160  4.294734  0.1  206   33
2.11008954  0.233690  4.314271  0.4  204   33
2.11009333  0.236184  4.406846  0.6  200   30
2.11015767  0.233830  4.319432  0.1  247   48
2.11016024  0.233110  4.292872  0.0   79   54
2.11018621  0.236353  4.413142  0.0  289  -49
2.11018500  0.233110  4.292870  2.2   81  -55
2.11025677  0.222803  3.921639  5.1  312   49
2.11025876  0.223728  3.954267  4.8  308   51
2.11025620  0.224718  3.989352  4.9  142   41
2.11027073  0.230662  4.203203  1.1  189   30
2.11034182  0.236636  4.423749  3.3   15  -36
2.11032995  0.237350  4.450473  2.1  153   42
2.11040286  0.235043  4.364378  2.5  170    8
2.11040600  0.234181  4.332420  0.7  169  -13
2.11039911  0.233709  4.314978  1.1  289    6
2.11045642  0.235499  4.381328  2.1  316  -24
2.11045846  0.233078  4.291709  1.8  121  -46
2.11048196  0.239772  4.541744  1.3  292   24
2.11054113  0.236560  4.420900  0.5  309   51
2.11055624  0.231409  4.230464  1.4   74  -72
2.11055764  0.231795  4.244591  2.5   90  -64
2.11055908  0.233417  4.304183  1.4  306  -70
2.11062056  0.229847  4.173536  2.9  303  -37
2.11062236  0.230084  4.182159  2.0  300  -41
2.11064629  0.233582  4.310282  0.0   30   33
2.11069781  0.233235  4.297505  1.6  182  -58
2.11069287  0.236080  4.402966  0.7  251   27
2.11069906  0.235454  4.379642  0.1  251   34
2.11077626  0.232439  4.268185  0.7  198   26
2.11080504  0.230014  4.179614  0.1   24   37
2.11080513  0.230016  4.179677  0.1   24   36
2.11082017  0.233956  4.324104  1.7   36   39
2.11082748  0.233122  4.293336  0.7   32   30
2.11086481  0.235613  4.385561  4.8  311  -45
2.11094431  0.231834  4.246003  6.6   84   30
2.11094521  0.228061  4.108933  5.2   87   52
2.11094857  0.227777  4.098694  6.9   76   50
2.11094581  0.226626  4.057379  6.8  253   46
2.11099323  0.226894  4.066972  1.9   20   37
2.11099774  0.224922  3.996586  0.0   29   30
2.11100228  0.225622  4.021530  0.0  207   18
2.11107677  0.235696  4.388655  0.4  167  -68
2.11107758  0.233596  4.310783  0.0  191  -72
2.11112366  0.233219  4.296897  0.8   50  -32
2.11114591  0.231539  4.235217  0.6   70  -12
2.11114596  0.231098  4.219089  0.0   71  -12
2.11116253  0.234922  4.359874  0.4  314   17
2.11120487  0.238785  4.504454  0.1  195  -14
2.11124460  0.232775  4.280534  4.8  162  -71
2.11124866  0.233587  4.310463  4.2   11  -65
2.11129703  0.234606  4.348158  5.9  137  -50
2.11130685  0.234656  4.350012  1.9  311   50
2.11129592  0.235382  4.376968  5.4  301 -132
2.11137936  0.235079  4.365708  2.9  199   24
2.11137695  0.229713  4.168660  0.1  289   57
2.11137737  0.228680  4.131274  0.3  290   59
2.11139907  0.231929  4.249477  2.8  203  -36
2.11143960  0.235441  4.379151  1.9   11  -41
2.11147556  0.233137  4.293887  1.3  300  -62
2.11152196  0.225481  4.016489  1.2    9   12
2.11152155  0.225267  4.008870  0.7    9   13
2.11152302  0.225507  4.017408  1.0    6   14
2.11153111  0.228301  4.117583  2.1  187  -13
2.11159575  0.230129  4.183776  4.6  129  -31
2.11159274  0.230267  4.188803  4.2  127  -42
2.11159250  0.229886  4.174948  4.7  314  -28
2.11167557  0.234917  4.359705  0.8  329   -9
2.11167840  0.233934  4.323287  0.6  149  -19
2.11168186  0.237710  4.463964  1.8  123  -16
2.11173204  0.235546  4.383073  0.5  271  -39
2.11173361  0.234766  4.354107  0.3  283  -41
2.11174907  0.239871  4.545512  1.4   35   49
2.11182295  0.236812  4.430302  1.8  157  -22
2.11183430  0.237268  4.447405  1.4   29  -58
2.11183949  0.238554  4.495715  1.0   16  -34
2.11188548  0.235347  4.375680  4.0  304   21
2.11188438  0.235057  4.364910  3.6  303   21
2.11188472  0.235111  4.366911  3.7  303   20
2.11197691  0.240840  4.582307  3.2   73  -47
2.11196641  0.243169  4.671370  6.0  190  -41
2.11197385  0.242739  4.654861  5.5  196  -39
2.11202793  0.242073  4.629330  4.5    6   20
2.11204456  0.238104  4.478775  0.6  119  -40
2.11207759  0.238604  4.497611  0.0  326   58
2.11207511  0.243030  4.666015  0.0  182   56
2.11211071  0.242788  4.656735  2.4  284  -49
2.11217306  0.240958  4.586812  3.6  188  -43
2.11216643  0.239286  4.523359  3.9  189  -42
2.11217913  0.238228  4.483443  2.0  289  -55
2.11218435  0.238320  4.486905  3.5  310  -46
2.11222605  0.239112  4.516793  0.1  206   54
2.11227035  0.236012  4.400441  0.1  302  -50
2.11226470  0.241712  4.615558  0.6  251  -36
2.11227107  0.237731  4.464768  0.6  312  -47
2.11230680  0.240920  4.585349  1.4  181  -27
2.11233206  0.241279  4.599023  0.9   39   28
2.11236460  0.239080  4.515588  0.1   68   20
2.11241095  0.239227  4.521144  0.6  195   37
2.11239183  0.239333  4.525142  0.0  300 -127
2.11244134  0.246444  4.798033  1.9  297   47
2.11248555  0.232604  4.274258  0.1  203   32
2.11249773  0.234672  4.350621  1.6  197   28
2.11250679  0.234212  4.333580  1.0  190   45
2.11254410  0.236272  4.410123  2.3   20   17
2.11254960  0.237269  4.447412  3.0   13   14
2.11262197  0.228593  4.128123  1.2  315   42
2.11262194  0.229041  4.144326  1.6  304   39
2.11262133  0.229474  4.160012  1.6  302   39
2.11268776  0.227432  4.086294  0.9  210   62
2.11268636  0.227125  4.075268  0.6   58   63
2.11269078  0.226933  4.068393  0.8  104   64
2.11277156  0.226577  4.055643  0.0  300   36
2.11277131  0.226762  4.062262  6.4  299   37
2.11277169  0.226642  4.057945  6.6  300   36
2.11277513  0.227327  4.082540  6.1  292   37
2.11277169  0.227863  4.101803  6.9  129   26
2.11281138  0.229554  4.162907  5.0  180   35
2.11285301  0.233685  4.314088  1.9  138    2
2.11290431  0.233119  4.293213  1.2  145  -49
2.11292545  0.231862  4.247024  1.4  210   52
2.11297852  0.232224  4.260304  2.5  161  -36
2.11297751  0.231555  4.235787  0.7  347  -22
2.11298093  0.233447  4.305311  0.7  165  -37
2.11298806  0.232701  4.277849  6.4  314  162
2.11307054  0.229140  4.147906  4.4   14  -57
2.11307750  0.222910  3.925433  4.8  190  -56
2.11308121  0.224111  3.967845  3.1   31  -51
2.11307904  0.221852  3.888247  3.6  210  -63
2.11310503  0.233998  4.325668  2.9  283  -47
2.11313649  0.234862  4.357640  0.9  210  -50
2.11320951  0.226148  4.040286  0.8   24   -1
2.11321892  0.219758  3.815193  0.3  203  -19
2.11322045  0.219866  3.818955  0.5  202  -17
2.11322359  0.218993  3.788692  0.1  202  -18
2.11322642  0.222987  3.928140  0.0   21   -9
2.11328453  0.237434  4.453626  1.1   72  -51
2.11336071  0.231583  4.236824  0.0   41  -17
2.11336139  0.230061  4.181321  0.0   42  -27
2.11336284  0.228182  4.113295  0.1   76  -67
2.11339620  0.234442  4.342085  0.1  197    5
2.11340352  0.237578  4.459014  0.0  302  -38
2.11341572  0.236167  4.406200  0.0  312  -48
2.11345367  0.240616  4.573799  0.3  192  -37
2.11347950  0.238324  4.487071  0.0  200  -69
2.11354046  0.232305  4.263280  3.8  185   49
2.11354189  0.231750  4.242936  2.8  188   46
2.11354207  0.232569  4.272970  3.0  187   49
2.11354568  0.234169  4.331976  1.4  190   27
2.11361304  0.230963  4.214178  0.1   98   41
2.11362335  0.233856  4.320406  3.5  130   49
2.11362114  0.235746  4.390501  4.5  307   50
2.11368630  0.235273  4.372924  0.0  192   39
2.11369446  0.237588  4.459400  0.4  184   28
2.11369567  0.236605  4.422571  0.1  181    0
2.11374796  0.239830  4.543941  0.3  191   41
2.11376834  0.236218  4.408128  3.2  319   11
2.11376840  0.236099  4.403672  3.1  319   10
2.11383625  0.236378  4.414095  3.0  158  -31
2.11382117  0.236693  4.425864  5.8  331  -35
2.11389953  0.230562  4.199552  0.2  298   13
2.11390469  0.231063  4.217833  0.5  296   14
2.11390958  0.232347  4.264828  0.7  300   21
2.11391440  0.233082  4.291853  1.0  128   -1
2.11397807  0.229185  4.149529  2.5  300   48
2.11398344  0.229149  4.148230  0.7   55   57
2.11397825  0.230292  4.189702  2.6  305   44
2.11404759  0.231794  4.244538  2.6  194   35
2.11405198  0.231978  4.251304  0.0  186   19
2.11405411  0.232749  4.279578  3.3  185   14
2.11412935  0.229457  4.159388  6.8  312   -0
2.11412888  0.228762  4.134223  6.4  312   -1
2.11412916  0.229491  4.160624  6.7  312   -1
2.11412991  0.229840  4.173277  5.2  313  -12
2.11413454  0.231641  4.238962  2.9  309  -22
2.11420081  0.238274  4.485190  0.9    7   23
2.11425941  0.234857  4.357479  0.1    7  -14
2.11427292  0.234748  4.353440  2.4  291  -64
2.11426087  0.234228  4.334142  0.2  187  -32
2.11427634  0.237407  4.452590  4.6  307  -16
2.11436125  0.231717  4.241742  3.4  303   48
2.11436615  0.230610  4.201301  0.5  303   55
2.11441869  0.231236  4.224120  2.3   86   79
2.11441958  0.228306  4.117764  1.8  307  106
2.11441920  0.228970  4.141765  2.8  286   69
2.11442207  0.227878  4.102346  0.3  164   47
2.11449911  0.234196  4.332992  3.8  327  -28
2.11450672  0.235320  4.374676  2.4  329  -43
2.11454672  0.232232  4.260595  0.8   48   18
2.11455424  0.232215  4.259993  0.6   46   23
2.11456509  0.230142  4.184250  0.4   40   27
2.11458950  0.236220  4.408207  0.6  197  -32
2.11465162  0.236286  4.410673  2.9  291   53
2.11465003  0.236517  4.419271  2.4  280   54
2.11465303  0.236502  4.418735  1.5  272   57
2.11470259  0.233319  4.300574  1.5   68   -8
2.11472946  0.235919  4.396953  0.1  177   54
2.11473376  0.236715  4.426669  0.1   24  -41
2.11479914  0.238438  4.491371  2.6  185   25
2.11482357  0.224519  3.982299  0.2  273  -63
2.11482348  0.224446  3.979699  0.2  278  -64
2.11482174  0.225534  4.018388  1.0  228  -67
2.11487920  0.231325  4.227377  0.7  306   58
2.11488410  0.228031  4.107859  0.6  339   22
2.11489294  0.234666  4.350400  0.0  290   41
2.11493734  0.233770  4.317227  5.5   43   14
2.11494180  0.233461  4.305810  5.6   41   12
2.11496321  0.240326  4.562784  3.3   22  -38
2.11502647  0.227863  4.101818  4.9   25   67
2.11502902  0.226575  4.055580  4.6  169   44
2.11502903  0.227505  4.088915  4.5  170   45
2.11510559  0.224975  3.998473  0.0  164  -49
2.11510929  0.223653  3.951616  0.2  163  -39
2.11510394  0.229448  4.159062  0.3  303   14
2.11518634  0.228633  4.129563  0.1  170  -50
2.11518487  0.228591  4.128057  0.0  351  -37
2.11518392  0.228736  4.133300  0.1  314  -70
2.11518562  0.232773  4.280486  0.0  212  -59
2.11525624  0.232363  4.265423  2.4  293  -49
2.11525881  0.231971  4.251043  2.6  311  -46
2.11529295  0.235434  4.378894  1.4  309  -76
2.11532988  0.227385  4.084609  8.2  134  -20
2.11532839  0.228161  4.112555  0.0  313  -30
2.11532884  0.225067  4.001745  6.0  313  -32
2.11539327  0.239084  4.515730  1.8  312  -10
2.11541614  0.242071  4.629287  1.9  298   56
2.11543566  0.239928  4.547660  0.3  321  -30
2.11548253  0.236739  4.427570  1.0  344  -19
2.11548868  0.236844  4.431510  0.2   13    1
2.11547570  0.232725  4.278697  0.9  168  -33
2.11554860  0.234975  4.361858  1.0  192   45
2.11554757  0.234918  4.359740  0.1   32   62
2.11556954  0.239854  4.544883  0.1   84  -30
2.11558993  0.238549  4.495547  1.2    6    9
2.11562369  0.237447  4.454124  1.1   15  -29
2.11563760  0.230247  4.188093  0.0  221  -23
2.11569719  0.239501  4.531487  1.9  288  -31
2.11571011  0.234076  4.328543  0.0  271  -29
2.11571301  0.232404  4.266930  0.1  306  -50
2.11575628  0.236512  4.419096  0.2  203  -46
2.11575637  0.238322  4.487004  0.1  214  -70
2.11582595  0.239034  4.513841  1.2  325  -38
2.11578392  0.239977  4.549545  0.9   56  -20
2.11585810  0.238195  4.482220  3.9  341  -48
2.11585588  0.240612  4.573623  2.5  183  -69
2.11585171  0.239860  4.545102  2.3  141  -47
2.11593543  0.238259  4.484614  1.8   27   53
2.11593800  0.238240  4.483923  2.9  197    7
2.11593532  0.237879  4.470338  2.4   20   16
2.11599561  0.241643  4.612919  0.7   53   24
2.11601516  0.235317  4.374550  0.4  217   46
2.11601743  0.236243  4.409041  0.4   41   53
2.11601551  0.237592  4.459541  0.2  295   46
2.11608329  0.240494  4.569141  0.3  297  -43
2.11612374  0.239090  4.515947  0.1   57  -23
2.11614227  0.238623  4.498320  0.8  151  -29
2.11614611  0.241003  4.588523  0.5   75   44
2.11616759  0.242389  4.641452  1.2  194   33
2.11621753  0.241311  4.600252  0.9   68   35
2.11623405  0.245135  4.747214  2.8   52   29
2.11625166  0.236042  4.401553  0.0  304    3
2.11625007  0.233224  4.297070  0.5  126   -5
2.11631639  0.239158  4.518516  0.4  301   38
2.11630158  0.238227  4.483430  1.2  159   28
2.11637939  0.238383  4.489302  0.3  209   52
2.11638064  0.234944  4.360684  1.2  301 -122
2.11638444  0.234134  4.330667  2.9  315 -127
2.11645513  0.233786  4.317831  0.1  303   18
2.11645412  0.234466  4.342961  0.2  303   19
2.11645616  0.236808  4.430159  1.8  357  -19
2.11650118  0.234755  4.353686  0.0  300   43
2.11651446  0.230912  4.212314  0.0  301    5
2.11650358  0.231825  4.245679  0.0  287   43
2.11657528  0.226336  4.047011  1.0  290   56
2.11658097  0.225853  4.029763  0.9  112   51
2.11658228  0.228850  4.137421  1.0   32   71
2.11660377  0.240351  4.563705  1.2    7   16
2.11665933  0.235507  4.381635  1.4  323  -43
2.11667007  0.235190  4.369816  0.7  206  -61
2.11667481  0.236204  4.407594  1.8  211  -69
2.11672985  0.232821  4.282244  0.1   21  -11
2.11673017  0.234808  4.355637  0.0  203  -26
2.11675946  0.238867  4.507535  0.6  315  -20
2.11679477  0.240453  4.567577  0.4  354   18
2.11682429  0.243641  4.689505  0.3  294   55
2.11687058  0.227225  4.078879  0.7  304  -56
2.11687141  0.226932  4.068344  0.5  301  -53
2.11687144  0.226812  4.064069  0.4  301  -54
2.11693545  0.240306  4.562008  0.5  307 -139
2.11694129  0.243272  4.675311  0.1  340  -19
2.11693588  0.240153  4.556186  1.9  317  -44
2.11698565  0.237530  4.457202  0.1  218   -8
2.11700338  0.244377  4.717896  0.7  301   40
2.11706608  0.234462  4.342816  0.2  308  136
2.11706522  0.233341  4.301387  1.0  296   50
2.11711392  0.236124  4.404611  0.9   24  -46
2.11711709  0.236243  4.409066  1.4   24  -50
2.11711537  0.236404  4.415052  1.4  314  -50
2.11719081  0.239502  4.531518  4.3  310   46
2.11716361  0.239864  4.545234  1.1   95  -52
2.11721029  0.236154  4.405745  2.9  309   19
2.11721040  0.235976  4.399084  2.6  308   15
2.11722139  0.237783  4.466725  0.2  290   -3
2.11726454  0.243984  4.702722  0.1   46  -41
2.11732173  0.238763  4.503616  1.3  115   53
2.11732801  0.233529  4.308325  0.0  254   42
2.11732972  0.232131  4.256904  1.0   85   40
2.11732928  0.231630  4.238554  0.1   87   46
2.11741730  0.229375  4.156415  3.3  339   59
2.11741972  0.228097  4.110235  1.3  189   51
2.11741715  0.228950  4.141025  2.5  188   49
2.11749332  0.226955  4.069168  0.1  284   38
2.11749363  0.228335  4.118798  0.7  271   25
2.11749324  0.227692  4.095654  0.0  283   38
2.11749135  0.228884  4.138626  0.5  127   49
2.11758007  0.234111  4.329811  0.4   13  -15
2.11758184  0.232874  4.284178  0.2  194  -28
2.11763499  0.226841  4.065089  0.0  299   -4
2.11763897  0.227868  4.101987  3.0  299   -2
2.11763673  0.224539  3.983005  2.6  118  -10
2.11763798  0.225243  4.008011  2.8  118   -9
2.11770403  0.233943  4.323608  0.4  341    6
2.11770432  0.232467  4.269243  0.0  341   10
2.11778716  0.233472  4.306217  0.0    5  -27
2.11778517  0.231975  4.251184  0.6    1  -29
2.11779381  0.230174  4.185428  0.9  138  -45
2.11779248  0.232244  4.261051  1.0  181  -49
2.11786225  0.228781  4.134910  0.4  357  -10
2.11786787  0.228827  4.136573  0.1  183  -52
2.11787382  0.230397  4.193542  1.6  174  -23
2.11793062  0.232579  4.273352  2.5   47  -39
2.11792840  0.233513  4.307749  2.5   49  -40
2.11795214  0.232727  4.278803  0.0  278   37
2.11799957  0.229029  4.143881  1.8   70   66
2.11799769  0.229820  4.172556  1.3  273   54
2.11800008  0.229124  4.147317  1.9  234   59
2.11807560  0.241421  4.604440  0.0  321   66
2.11807664  0.240440  4.567107  2.3  298   60
2.11811517  0.242811  4.657605  1.0  187   35
2.11815930  0.233167  4.294984  1.0  306  -55
2.11816390  0.232365  4.265493  1.6  306  -61
2.11816035  0.233310  4.300261  1.2   94  -66
2.11821834  0.232511  4.270832  0.0  305  -44
2.11821957  0.235568  4.383872  0.3  193  -41
2.11820843  0.239120  4.517107  0.3  259 -120
2.11827026  0.239622  4.536081  1.4  194  -45
2.11834984  0.238404  4.490079  0.1  112  113
2.11832063  0.236605  4.422564  0.1   43   59
2.11834676  0.233763  4.316967  0.0  316   65
2.11835547  0.233295  4.299682  0.0   16   70
2.11841372  0.239164  4.518757  1.6  311   54
2.11842487  0.233703  4.314756  0.1   77   30
2.11845219  0.236212  4.407901  0.4   50  -50
2.11845272  0.237422  4.453160  0.6  304  -56
2.11849496  0.230464  4.195995  0.0   39  -50
2.11853024  0.231842  4.246304  0.1  290  -53
2.11852978  0.233213  4.296682  0.1   96  -54
2.11856203  0.237029  4.438438  1.6  275   -6
2.11858426  0.234848  4.357123  0.1   84  -18
2.11861887  0.241647  4.613054  0.2   54   22
2.11862171  0.241066  4.590916  0.3  287   29
2.11867954  0.244492  4.722318  1.4  202   40
2.11870993  0.238318  4.486837  4.8  314   50
2.11871848  0.239466  4.530180  3.3  112   36
2.11871842  0.239407  4.527924  3.0  110   36
2.11877548  0.241539  4.608936  1.7  154  -71
2.11877914  0.239935  4.547920  1.5  191  -55
2.11879024  0.240191  4.557652  2.2   48   78
2.11883491  0.238853  4.507009  2.8   27   44
2.11884098  0.235274  4.372960  1.8   19   41
2.11888599  0.239932  4.547818  1.3  201   51
2.11890609  0.237802  4.467442  0.0  190   22
2.11893686  0.235467  4.380117  2.7  292  -17
2.11894355  0.235852  4.394453  1.1  187   43
2.11898860  0.229361  4.155914  6.6  300   31
2.11898997  0.229294  4.153466  6.6  301   32
2.11898973  0.229201  4.150131  0.0  300   33
2.11898918  0.229944  4.177068  6.6  301   33
2.11907302  0.233608  4.311227  3.8  277   39
2.11909050  0.238057  4.477007  2.7  195   50
2.11913044  0.234415  4.341086  1.1  277   -7
2.11914588  0.231039  4.216934  0.1    9  -15
2.11916396  0.228232  4.115097  0.0    9  -30
2.11918273  0.230350  4.191811  0.7  194  -77
2.11922867  0.230063  4.181402  7.5  318   24
2.11924475  0.230600  4.200928  5.2  137   20
2.11924272  0.230024  4.179957  5.8  312   30
2.11924686  0.231078  4.218352  6.9  320   43
2.11931398  0.235142  4.368052  1.4   14   -8
2.11929515  0.235009  4.363113  3.6  344 -133
2.11935558  0.239442  4.529257  5.2  309  -44
2.11935916  0.236658  4.424563  3.2  313  -48
2.11937219  0.237040  4.438847  3.1  297   19
2.11943363  0.230927  4.212857  0.8   50   85
2.11944364  0.228542  4.126274  5.0  183   52
2.11945528  0.233360  4.302098  0.0  182   14
2.11952546  0.228335  4.118819  2.2    7  -35
2.11952857  0.228546  4.126420  1.9    9  -39
2.11954409  0.227696  4.095778  2.1  203  -80
2.11954400  0.229405  4.157521  1.3  201  -79
2.11954288  0.231880  4.247702  1.4  250  -67
2.11960095  0.233611  4.311363  1.3   30   -5
2.11960631  0.235472  4.380327  3.1  216  -27
2.11969991  0.236754  4.428149  5.7  171  -31
2.11968991  0.238492  4.493409  0.7  294  -34
2.11970296  0.236796  4.429729  6.3  174  -33
2.11974051  0.236389  4.414507  0.0   78  -20
2.11971943  0.236460  4.417156  8.3    1  -21
2.11974132  0.238856  4.507126  0.0  261  -18
2.11983363  0.235409  4.377975  0.1  218   54
2.11983427  0.235158  4.368635  0.1  221   55
2.11983142  0.236906  4.433825  0.8   39   57
2.11988864  0.238428  4.490979  0.9   97   49
2.11988922  0.238474  4.492704  1.5  258   52
2.11995443  0.237685  4.463025  0.2  207   10
2.11996107  0.235304  4.374076  1.0  198   37
2.11996721  0.235946  4.397959  0.5  199   26
2.11998777  0.237558  4.458255  1.8  194  -12
2.11999033  0.237261  4.447119  0.6  196  -19
2.12007257  0.235777  4.391655  1.6  136  -63
2.12007553  0.236089  4.403318  0.9  315  -52
2.12007453  0.235803  4.392656  1.2  319  -52
2.12015754  0.236827  4.430876  0.7  264  -29
2.12015698  0.235926  4.397208  1.0  265  -31
2.12015754  0.235755  4.390869  0.9   75  -27
2.12019500  0.233111  4.292930  0.0  292 -122
2.12019677  0.233676  4.313761  0.9  319  -55
2.12023488  0.238053  4.476861  0.5  261   10
2.12027551  0.238113  4.479116  0.2   48  -41
2.12029414  0.237858  4.469553  0.9  305   68
2.12032182  0.239027  4.513561  3.0  308  -26
2.12032295  0.238645  4.499171  2.5  308  -28
2.12032374  0.240912  4.585061  0.0  111  -35
2.12038611  0.234928  4.360097  0.1  293  -15
2.12039437  0.238783  4.504355  0.9   32   52
2.12044706  0.237734  4.464892  1.6  354  -52
2.12044685  0.238298  4.486099  0.0  192  -69
2.12046851  0.238842  4.506591  0.6  180  -72
2.12049133  0.244029  4.704470  1.5  287   56
2.12052906  0.237477  4.455236  0.1   63  -48
2.12052890  0.236553  4.420627  0.5   55  -52
2.12056101  0.235202  4.370281  1.4   19  -41
2.12056701  0.232793  4.281208  3.7  124  -43
2.12062537  0.241736  4.616455  0.5  301   29
2.12064445  0.241007  4.588667  2.3  315  -31
2.12068688  0.237249  4.446688  0.5  189   51
2.12068604  0.236250  4.409322  0.6  186   55
2.12071266  0.243910  4.699874  0.1  170   33
2.12075884  0.240769  4.579591  1.0   94    4
2.12077426  0.238350  4.488037  0.7   49   71
2.12078199  0.237186  4.444312  0.2  180   36
2.12080059  0.238641  4.499027  0.9  105  -33
2.12083813  0.246152  4.786664  0.8  298  -86
2.12086784  0.240108  4.554483  0.7  177  -62
2.12088987  0.239121  4.517137  0.1  195   54
2.12093239  0.238683  4.500587  2.5   66   15
2.12093123  0.239602  4.535317  0.0   69   16
2.12095858  0.236074  4.402739  0.3  121   43
2.12095596  0.240563  4.571790  0.5  212   35
2.12103849  0.238123  4.479513  2.7  196   -6
2.12103867  0.238452  4.491892  2.6  196   -6
2.12104398  0.237903  4.471238  2.5   16  -10
2.12108322  0.237595  4.459653  0.4  109  -68
2.12110942  0.236732  4.427331  4.9  320   25
2.12111794  0.237558  4.458255  0.9  191   37
2.12115582  0.240566  4.571888  0.1  163  -36
2.12118584  0.233686  4.314140  1.0    9  -24
2.12119065  0.233969  4.324585  0.0   14  -33
2.12119435  0.235016  4.363364  1.9  202  -48
2.12125976  0.240536  4.570731  0.6  139  -72
2.12125640  0.239825  4.543777  1.2  310  -63
2.12130084  0.240422  4.566420  4.6  303   38
2.12133041  0.234639  4.349371  4.7  300  -23
2.12132765  0.235024  4.363656  4.3  298  -27
2.12133136  0.234841  4.356859  4.4  291  -18
2.12139234  0.236944  4.435244  0.1  177   63
2.12139894  0.236980  4.436592  0.1  165   50
2.12140500  0.241253  4.598027  0.0  204  -43
2.12146832  0.243276  4.675467  1.3  288   10
2.12146573  0.241952  4.624713  1.2  195  -14
2.12153987  0.237475  4.455158  0.6  187   19
2.12153812  0.238940  4.510291  1.0    6   34
2.12155126  0.237477  4.455222  2.0    9   19
2.12156994  0.240244  4.559669  2.6    6   19
2.12161467  0.239725  4.539985  1.6  290  -33
2.12161496  0.239510  4.531827  0.9  290  -33
2.12169528  0.238240  4.483910  0.0  239  -60
2.12169422  0.238407  4.490197  0.2   38  -48
2.12169206  0.237582  4.459175  0.9  311  -49
2.12169947  0.240302  4.561844  0.0   45  -54
2.12172219  0.241649  4.613154  5.8  283   48
2.12177806  0.244335  4.716254  2.9   60   22
2.12178461  0.245588  4.764761  3.5   61   15
2.12183017  0.241502  4.607533  1.3  202   31
2.12186388  0.242136  4.631756  2.2   76   30
2.12188083  0.239291  4.523549  3.2  217   48
2.12189508  0.236508  4.418929  1.0  201   44
2.12190546  0.233239  4.297624  0.3  196   34
2.12197261  0.232762  4.280057  1.0  203   24
2.12198528  0.225983  4.034410  0.0   25   11
2.12199736  0.230006  4.179326  0.0  203   20
2.12199038  0.225475  4.016270  0.0  209   -1
2.12199495  0.228065  4.109085  0.0  209    5
2.12203845  0.233470  4.306157  1.1   24   44
2.12207641  0.241059  4.590645  1.6  298   51
2.12213465  0.226592  4.056174  1.8  213  -55
2.12213655  0.226297  4.045604  2.2   31  -48
2.12216498  0.228685  4.131455  2.9   21  -25
2.12216859  0.229249  4.151856  2.4  200  -37
2.12217532  0.231051  4.217374  3.4  202  -32
2.12224743  0.236344  4.412829  0.6   57   79
2.12224735  0.236892  4.433294  1.0   53   79
2.12225627  0.237289  4.448167  5.0  323  -35
2.12229493  0.238295  4.485975  3.2    6  -51
2.12232245  0.233407  4.303838  0.4  193  -47
2.12232945  0.235045  4.364457  1.1  119  -34
2.12238575  0.222856  3.923528  0.0  189   53
2.12238883  0.223377  3.941902  0.1  349   58
2.12243006  0.239273  4.522871  1.5  299   66
2.12243087  0.240527  4.570390  3.3  301   59
2.12250136  0.239991  4.550060  3.1   37  -60
2.12249495  0.237195  4.444663  6.1  308  -48
2.12249722  0.235768  4.391346  6.6  313  -49
2.12254313  0.238346  4.487898  0.0  303   27
2.12256055  0.241343  4.601482  0.8  173  -12
2.12259416  0.235625  4.386015  2.0  304  -58
2.12260808  0.235577  4.384238  2.7  302  -56
2.12264175  0.235469  4.380209  3.1  312  -47
2.12264401  0.235363  4.376265  1.5  310  -33
2.12268775  0.238938  4.510200  4.0  323  -43
2.12268774  0.238665  4.499922  4.1  323  -43
2.12271752  0.242197  4.634107  0.6  177   67
2.12277641  0.241170  4.594887  3.3   25  -74
2.12277395  0.240876  4.583674  1.2  100  -24
2.12282013  0.240916  4.585201  4.8  194    7
2.12283030  0.242458  4.644070  4.7  194   10
2.12284899  0.241838  4.620359  1.3   58  -36
2.12290727  0.238334  4.487430  1.4  124    3
2.12291234  0.235765  4.391241  2.1  308  -12
2.12293288  0.236603  4.422501  0.0   83  -32
2.12291674  0.237000  4.437362  0.7  123  -22
2.12292893  0.238590  4.497096  1.6   97  -50
2.12299572  0.239250  4.522004  2.9  179   52
2.12300064  0.238265  4.484832  1.9  166   51
2.12304184  0.240073  4.553180  2.5   61  -44
2.12307663  0.237869  4.469943  2.7  189  -15
2.12308054  0.237952  4.473084  1.9    6   -8
2.12311467  0.237159  4.443305  2.6  304  -34
2.12311456  0.238629  4.498575  3.8  320  -46
2.12316098  0.238628  4.498504  3.8  309  -37
2.12316964  0.240750  4.578873  2.2   99  -31
2.12320563  0.239813  4.543311  0.7   19  -19
2.12323480  0.240244  4.559649  2.2   18  -17
2.12326135  0.242534  4.646998  0.0  175   16
2.12330112  0.235932  4.397453  0.0  204   57
2.12329929  0.238083  4.478016  0.1  259   52
2.12333590  0.236846  4.431574  1.4  133   55
2.12333753  0.237526  4.457051  1.0  142   55
2.12334923  0.244316  4.715549  1.4  301  -49
2.12337859  0.242491  4.645336  0.1   88   25
2.12342183  0.244932  4.739343  1.0  170  -40
2.12345686  0.240092  4.553892  1.2   10   26
2.12346719  0.238774  4.504019  0.1   63   56
2.12351852  0.240492  4.569087  0.1  311   67
2.12352587  0.240315  4.562369  1.3  301   62
2.12353442  0.240810  4.581181  1.0   32   46
2.12355301  0.239700  4.539015  0.9  112  -45
2.12360222  0.241826  4.619899  2.3  317  -39
2.12362600  0.235219  4.370913  2.1  297 -123
2.12362358  0.235070  4.365392  2.6  317  -47
2.12362644  0.234453  4.342497  2.0  314  -48
2.12370133  0.238022  4.475691  2.4   57  -61
2.12370613  0.236747  4.427892  1.7   77  -48
2.12374928  0.235108  4.366788  0.6  295   26
2.12376617  0.238066  4.477371  1.3  197   50
2.12376574  0.239855  4.544911  1.4   23   53
2.12382566  0.241793  4.618641  2.2  124    1
2.12383049  0.243738  4.693247  1.0  183  -26
2.12387491  0.237961  4.473397  0.7  187  -86
2.12387595  0.237089  4.440671  0.6   98  -77
2.12395177  0.237106  4.441303  1.9  128   21
2.12396118  0.233604  4.311097  0.1  322   26
2.12395818  0.234276  4.335921  0.0  306   35
2.12395945  0.233311  4.300299  0.3  146   15
2.12398647  0.241296  4.599696  2.8   58   -9
2.12401945  0.241000  4.588400  0.5  155   49
2.12407240  0.241230  4.597173  2.2  100   22
2.12410227  0.234533  4.345471  5.1  113    6
2.12411128  0.233143  4.294087  3.7  290    5
2.12411018  0.232057  4.254202  5.6  108   18
2.12411227  0.233184  4.295608  5.7  286   17
2.12414708  0.234664  4.350297  3.8  295   43
2.12419131  0.238255  4.484464  0.0   90   13
2.12424243  0.236696  4.425958  1.5  279  -28
2.12423219  0.232174  4.258470  1.1  115  -49
2.12425387  0.234734  4.352907  1.9  303  -50
2.12429619  0.233595  4.310754  1.8  299  -52
2.12429688  0.233803  4.318448  1.5  298  -50
2.12434541  0.235261  4.372479  4.8  293   35
2.12435834  0.238363  4.488537  4.6  296   34
2.12438267  0.238892  4.508472  1.9   98   43
2.12441175  0.240673  4.575937  4.8  180  -50
2.12445708  0.233061  4.291071  1.8  198   58
2.12445358  0.232630  4.275231  3.1  248   43
2.12446199  0.236818  4.430557  4.3   42   57
2.12454999  0.235627  4.386094  2.5  338  -51
2.12455063  0.234025  4.326664  0.8  292  -38
2.12455123  0.234546  4.345929  3.3  308  -45
2.12455621  0.235754  4.390828  1.6  104  -44
2.12460567  0.238238  4.483840  2.1  357    4
2.12464855  0.239292  4.523609  0.1   56   30
2.12465044  0.240976  4.587473  5.8  306  -36
2.12464424  0.242296  4.637878  2.4  362  -52
2.12469999  0.241230  4.597155  0.4  212  -30
2.12473012  0.238073  4.477617  0.1   46   46
2.12475678  0.238831  4.506178  6.0  322  -26
2.12475603  0.239603  4.535377  5.8  323  -24
2.12483782  0.238907  4.509034  2.6  284  -78
2.12483669  0.237879  4.470329  2.0   40  -73
2.12483583  0.238173  4.481388  1.6  180  -81
2.12487569  0.239396  4.527511  0.6  291  -34
2.12488377  0.242146  4.632147  2.7  290    2
2.12490769  0.243418  4.680935  0.8  182  -58
2.12494137  0.238000  4.474884  1.8  101   47
2.12498691  0.239928  4.547688  0.8   94   -6
2.12500968  0.231933  4.249632  0.0  316  -78
2.12501487  0.236091  4.403388  0.1  184  -82
2.12502519  0.236485  4.418075  1.0  311  -27
2.12507105  0.239982  4.549719  0.8  188   36
2.12508961  0.237617  4.460486  3.3  301   49
2.12511717  0.237574  4.458853  1.0    6  -51
2.12511540  0.238209  4.482732  1.2  188  -67
2.12515607  0.243457  4.682439  1.2  286   53
2.12519222  0.239988  4.549941  2.9  300  -48
2.12522214  0.234009  4.326073  0.1   22   44
2.12522223  0.233326  4.300831  0.1   22   44
2.12526898  0.235749  4.390613  2.9  300  -48
2.12526931  0.235675  4.387868  3.1  301  -49
2.12526123  0.240637  4.574583  4.8  185  -15
2.12533718  0.239178  4.519268  2.8  302  -47
2.12534200  0.238745  4.502948  2.3  312  -52
2.12540108  0.235816  4.393142  1.6   72  -58
2.12540085  0.236242  4.409002  2.5  297  -53
2.12542288  0.238725  4.502186  4.4  102  -18
2.12543965  0.235772  4.391494  2.4  278  -31
2.12544231  0.237510  4.456485  2.6   86  -29
2.12544213  0.236533  4.419894  2.0   77  -24
2.12551050  0.242924  4.661962  0.4  284   14
2.12554479  0.244562  4.725035  1.2  195  -64
2.12556797  0.238040  4.476383  0.3    1  -32
2.12558146  0.243043  4.666523  0.2   47   41
2.12558303  0.243704  4.691925  1.7  176  -28
2.12565315  0.238130  4.479764  2.1  132   40
2.12565740  0.236596  4.422228  1.0  109   61
2.12565486  0.238036  4.476245  1.7  132   36
2.12571872  0.238741  4.502765  1.7  307   54
2.12572272  0.241689  4.614677  0.5   29   71
2.12576405  0.240654  4.575229  1.0  167   57
2.12579626  0.239466  4.530180  0.4  310   40
2.12579900  0.237570  4.458707  1.4  290   56
2.12584752  0.231123  4.220017  0.3   68   85
2.12584801  0.231552  4.235674  0.2  192   65
2.12584984  0.231333  4.227687  0.2  115  114
2.12589878  0.242522  4.646521  0.7  195   34
2.12595454  0.233131  4.293663  2.6  289  -35
2.12595592  0.234302  4.336912  2.9   94  -42
2.12595814  0.232162  4.258032  2.8  308  -42
2.12608694  0.220835  3.852685  0.1  279   68
2.12603136  0.234454  4.342516  0.1   56   87
2.12608745  0.220400  3.837517  0.1  279   67
2.12608715  0.220688  3.847562  0.3  112   57
2.12608729  0.221293  3.868683  0.3  277   65
2.12609954  0.235564  4.383744  1.8  194  -13
2.12615829  0.235253  4.372190  0.1  184   28
2.12617276  0.235401  4.377675  1.2  198    4
2.12619640  0.232504  4.270591  0.4  201   22
2.12620842  0.231122  4.219964  1.1  195   17
2.12625568  0.230903  4.211985  3.3  283  -63
2.12625542  0.230403  4.193775  3.3  103  -64
2.12630065  0.235690  4.388438  1.9    1  -49
2.12631279  0.230794  4.208006  2.0   10  -32
2.12633019  0.231587  4.236968  1.5   26  -55
2.12638825  0.229667  4.166998  0.2  171  -52
2.12638208  0.229757  4.170279  0.1  170  -47
2.12638958  0.233149  4.294334  0.1  273  -41
2.12639293  0.232274  4.262136  0.7  128  -46
2.12645913  0.236874  4.432620  0.3    8  -49
2.12646374  0.238363  4.488528  0.5   18  -28
2.12653378  0.235280  4.373193  1.0  212  -55
2.12653647  0.239620  4.535990  0.7  163  -49
2.12653992  0.232346  4.264787  0.1   53  -49
2.12658080  0.242332  4.639260  1.0  292  -44
2.12665472  0.243273  4.675352  0.3  276   -0
2.12665761  0.242829  4.658305  1.7  204   22
2.12665113  0.241280  4.599049  2.4  192    7
2.12665118  0.242484  4.645091  2.1  192   -0
2.12669929  0.242633  4.650793  0.3   72  -22
2.12670224  0.242703  4.653456  0.7   71  -26
2.12673867  0.241790  4.618539  0.5  251   34
2.12679563  0.233283  4.299274  2.4   66   49
2.12680368  0.233403  4.303673  1.8  211   44
2.12680247  0.231841  4.246285  1.6   44   55
2.12680849  0.234517  4.344847  2.5   32   60
2.12688811  0.235925  4.397175  1.2  174   27
2.12688666  0.236524  4.419555  2.1  353   36
2.12694294  0.230109  4.183061  2.2  277   13
2.12694606  0.228982  4.142197  1.8  273   17
2.12694758  0.229766  4.170613  2.3  274   15
2.12695929  0.231074  4.218220  0.1   52   49
2.12703280  0.228954  4.141172  7.4  321   36
2.12703232  0.232369  4.265618  6.6  306   40
2.12709832  0.218605  3.775268  0.0    3   50
2.12709796  0.218487  3.771192  5.9  180   38
2.12709673  0.218400  3.768201  6.5  177   44
2.12710008  0.218636  3.776319  6.9  174   44
2.12716256  0.231619  4.238148  0.4   66   57
2.12717509  0.231378  4.229313  0.3  167  -25
2.12723483  0.231392  4.229830  8.4  318   21
2.12723483  0.231979  4.251333  4.8  291   -2
2.12726347  0.231806  4.244983  0.0  287  -28
2.12726821  0.230878  4.211056  3.2  284  -36
2.12732063  0.227902  4.103199  0.0  177  -15
2.12732354  0.227857  4.101573  4.6  356   -1
2.12732611  0.228477  4.123939  5.0  175  -14
2.12738270  0.223701  3.953316  7.1  357  -52
2.12738767  0.224736  3.989978  6.1  174  -60
2.12738374  0.222775  3.920660  6.8  351  -48
2.12747194  0.232046  4.253789  3.0  315  -14
2.12747058  0.229936  4.176780  2.2  313 -159
2.12746900  0.232006  4.252310  2.6  307  -18
2.12753326  0.233060  4.291027  1.8  185   16
2.12754834  0.233232  4.297392  0.0  175  -28
2.12755446  0.235072  4.365465  3.8  187  -37
2.12755349  0.234921  4.359857  3.5  186  -36
2.12762037  0.238771  4.503935  0.2  280 -179
2.12767522  0.236379  4.414122  0.6  285   17
2.12767615  0.236694  4.425901  0.5  286   17
2.12770224  0.233018  4.289483  0.4   51  -42
2.12770837  0.232558  4.272591  0.1  190   58
2.12770747  0.232163  4.258071  0.1   40  -37
2.12777339  0.239616  4.535847  0.7  291  -53
2.12777051  0.239132  4.517557  0.1   67  -47
2.12782236  0.233934  4.323297  0.9  274  -38
2.12782572  0.234153  4.331376  1.6  274  -28
2.12782717  0.232911  4.285540  0.9  277  -24
2.12788269  0.242472  4.644617  0.0  288   54
2.12792926  0.242445  4.643594  1.7  187   24
2.12792966  0.242951  4.662983  2.4  190   28
2.12796478  0.236177  4.406599  0.7   86  -51
2.12796145  0.238832  4.506202  0.9   82  -51
2.12801745  0.237920  4.471859  0.9   98   19
2.12801882  0.237047  4.439108  0.1   99   21
2.12803987  0.240367  4.564320  0.0   66   23
2.12808527  0.238075  4.477680  0.2  123   48
2.12809010  0.240435  4.566922  0.1  198   45
2.12813667  0.239270  4.522768  1.0  313   41
2.12816263  0.236386  4.414392  3.7  308   34
2.12816699  0.233659  4.313143  2.1  303   26
2.12817159  0.233368  4.302396  1.4  335   55
2.12823373  0.234285  4.336259  1.1  352  -12
2.12823927  0.234737  4.353032  1.9  175  -24
2.12821224  0.234340  4.338288  0.7   14   71
2.12829465  0.231811  4.245181  2.4    9   40
2.12831210  0.232323  4.263958  2.0  175   32
2.12830258  0.230854  4.210197  1.4   37   77
2.12838852  0.225899  4.031406  0.0  180  -40
2.12838845  0.227379  4.084395  0.0  180  -39
2.12839218  0.230226  4.187327  1.0    7  -42
2.12840225  0.235889  4.395854  1.0   55  -45
2.12846460  0.227992  4.106435  0.0  174  -16
2.12851351  0.235125  4.367401  0.2  214   20
2.12851672  0.235906  4.396477  0.5  210   24
2.12853383  0.232244  4.261036  0.0  345   11
2.12857018  0.234315  4.337367  0.6  303   31
2.12859511  0.234633  4.349162  0.6  130   10
2.12865129  0.220581  3.843808  0.5  301   40
2.12864419  0.220909  3.855278  0.6  203   31
2.12865115  0.218382  3.767577  0.1  299   38
2.12865517  0.221466  3.874722  0.0  284   41
2.12864490  0.219223  3.796642  0.4   24   39
2.12876220  0.226106  4.038774  1.3   40  -43
2.12878878  0.220335  3.835265  2.2   49   25
2.12879230  0.223321  3.939901  1.2  211   11
2.12878749  0.220101  3.827104  1.7   45   21
2.12879324  0.222154  3.898847  1.3   32   27
2.12882454  0.228093  4.110092  1.8  211  -45
2.12882925  0.227153  4.076290  0.6  221  -48
2.12892504  0.225622  4.021508  6.5  260   19
2.12895357  0.224252  3.972811  3.1  206   59
2.12895301  0.221769  3.885351  3.7  205   60
2.12895355  0.223435  3.943916  4.1   29   70
2.12895607  0.222312  3.904399  4.4  196   57
2.12899446  0.228753  4.133913  4.2  194   33
2.12907748  0.224525  3.982510  5.1  108   56
2.12908209  0.223334  3.940366  5.2  260   70
2.12909281  0.223422  3.943470  6.9  155   29
2.12910117  0.222919  3.925751  0.0  155   27
2.12909742  0.223456  3.944673  1.0  331   39
2.12911674  0.225911  4.031812  4.4  283  -46
2.12911298  0.225381  4.012919  5.2  105  -64
2.12921795  0.227301  4.081598  4.8  192  -82
2.12924898  0.215157  3.657100  4.0   17  -60
2.12925017  0.215722  3.676328  5.3  190  -64
2.12925227  0.216558  3.704906  4.0   25  -59
2.12926030  0.226813  4.064087  7.3  106  -15
2.12935261  0.230900  4.211884  1.2  302  193
2.12937835  0.221498  3.875854  2.7  292   -7
2.12937990  0.221080  3.861242  2.7  291   -7
2.12938017  0.221262  3.867607  1.0  291   -7
2.12937924  0.221085  3.861425  2.5  291   -7
2.12938059  0.223327  3.940131  2.7  108  -11
2.12943481  0.237735  4.464930  3.5  136  -44
2.12951200  0.233659  4.313122  4.8  276   15
2.12952245  0.233026  4.289775  3.6  306   64
2.12951980  0.233879  4.321249  2.0   38   44
2.12955189  0.237977  4.473997  0.5  201   -9
2.12958190  0.234804  4.355514  0.3  181   36
2.12959353  0.230254  4.188347  0.0  169   38
2.12966018  0.231171  4.221748  4.3  347  -13
2.12966331  0.231259  4.224990  4.3  167  -27
2.12969768  0.229816  4.172427  1.6  187   44
2.12971850  0.230853  4.210142  0.3   13   27
2.12972284  0.227195  4.077802  0.0   14   24
2.12973750  0.228194  4.113745  0.4  194  -15
2.12977273  0.229542  4.162473  0.3  266   53
2.12982282  0.232881  4.284454  0.0  281  -55
2.12984517  0.229613  4.165059  5.1  285  -40
2.12987376  0.229527  4.161920  0.4  354  -34
2.12987869  0.229431  4.158449  0.2  308  -67
2.12988207  0.233870  4.320933  0.7  209  -33
2.12996661  0.227833  4.100714  6.4  195  -52
2.12997106  0.222794  3.921353  5.6  160  -72
2.12997565  0.218841  3.783420  4.2  195  -75
2.12997509  0.217849  3.749199  3.5  211  -41
2.13001306  0.233431  4.304712  2.9  186  -74
2.13004452  0.237420  4.453091  1.1   75  -69
2.13010872  0.225455  4.015573  0.6  180  -28
2.13010880  0.225374  4.012669  1.1  180  -27
2.13012154  0.224933  3.996992  1.9  186  -36
2.13013113  0.227063  4.073041  0.7   14  -12
2.13013660  0.229579  4.163797  3.7  111  -11
2.13012670  0.228388  4.120742  4.3  112  -11
2.13017409  0.237793  4.467100  5.0  310   -8
2.13026468  0.231216  4.223421  1.4  165  -20
2.13026311  0.232383  4.266136  1.8  173  -27
2.13028406  0.233997  4.325598  0.1  195  -29
2.13030245  0.239556  4.533580  0.1  103  -23
2.13033198  0.238623  4.498324  0.3   91  -54
2.13035097  0.240731  4.578159  2.1  180  -65
2.13038795  0.243290  4.675994  0.6  171   40
2.13040976  0.244848  4.736079  3.4   10  -37
2.13042073  0.240641  4.574728  1.1  332  -20
2.13050436  0.234105  4.329594  0.3  266   39
2.13050213  0.235404  4.377798  0.3  122   -2
2.13050301  0.233512  4.307689  0.1  267   43
2.13056422  0.241811  4.619336  0.4  295   75
2.13057132  0.240661  4.575518  0.3   90  -41
2.13057797  0.239144  4.518011  0.2  175   34
2.13065604  0.233797  4.318211  0.9  109   31
2.13065619  0.228869  4.138087  0.7  200   27
2.13065655  0.229573  4.163612  0.2  200   32
2.13065671  0.232072  4.254728  2.2   27   38
2.13071257  0.232508  4.270740  0.0   27   44
2.13073881  0.222537  3.912308  0.0  189   25
2.13073948  0.224591  3.984840  0.2   10   36
2.13074088  0.225079  4.002200  0.2  187   26
2.13080104  0.231650  4.239283  1.9  296   38
2.13080336  0.231093  4.218917  0.5  284   34
2.13087253  0.216399  3.699458  4.9   16   23
2.13087233  0.217451  3.735509  4.6   16   24
2.13087271  0.216527  3.703815  4.9   16   23
2.13087264  0.216475  3.702070  5.0   16   23
2.13095790  0.227749  4.097690  2.3  137  -17
2.13096741  0.227340  4.083005  1.0   88  -38
2.13096575  0.224874  3.994890  0.1   84  -36
2.13102513  0.225558  4.019229  2.0  290   24
2.13103238  0.227759  4.098062  2.7  291   27
2.13108980  0.232723  4.278657  1.3  129   52
2.13109794  0.233018  4.289507  0.9  351   27
2.13110477  0.232581  4.273404  0.4  345   17
2.13110981  0.233309  4.300212  0.7  178   14
2.13116414  0.236457  4.417049  2.1  279   36
2.13118738  0.235019  4.363482  2.7  294  -47
2.13123169  0.232075  4.254862  4.6  189   27
2.13123923  0.230865  4.210598  3.5  186   24
2.13124700  0.230799  4.208197  2.0    5   27
2.13126122  0.229458  4.159424  0.1  189  -35
2.13132966  0.232508  4.270742  1.0  151  -53
2.13132769  0.227376  4.084282  1.5  314  -47
2.13132893  0.227773  4.098565  1.1  310  -48
2.13140299  0.228677  4.131159  0.4  292  -37
2.13140241  0.228496  4.124627  0.6  293  -38
2.13140292  0.228160  4.112484  0.2  295  -40
2.13148222  0.230430  4.194751  2.7  289  -34
2.13147951  0.230919  4.212567  0.1   76  -48
2.13149005  0.231678  4.240295  5.0  310  -42
2.13152396  0.235037  4.364136  3.7  286   -3
2.13154115  0.234715  4.352208  3.0   93  -55
2.13154179  0.232609  4.274434  2.9  110  -43
2.13161061  0.234843  4.356949  0.3  292   -8
2.13161627  0.235820  4.393267  1.0  290   -2
2.13165050  0.234900  4.359079  0.2   44   21
2.13167869  0.230276  4.189151  0.0  284  -72
2.13168562  0.229986  4.178577  0.0  208  -50
2.13169915  0.238443  4.491542  1.6  239  -58
2.13177004  0.238557  4.495833  1.6  192   -8
2.13179877  0.234199  4.333076  2.0  317   37
2.13180186  0.231806  4.244987  0.0  303   35
2.13179824  0.234181  4.332423  2.5  175   24
2.13184440  0.238720  4.501998  0.7  291   48
2.13186619  0.240680  4.576229  0.0  197  -72
2.13193542  0.235845  4.394192  3.7  268  153
2.13194260  0.235733  4.390030  5.0  296   60
2.13194736  0.235937  4.397619  5.5  297   68
2.13194912  0.238622  4.498307  0.0  255   64
2.13199366  0.238066  4.477359  4.8  302   50
2.13202060  0.232145  4.257403  1.0  199   27
2.13201635  0.231151  4.221039  0.5  179   23
2.13206987  0.234429  4.341595  0.0  103   36
2.13207433  0.234858  4.357514  0.7  101   38
2.13211271  0.238077  4.477760  1.3   98   32
2.13213518  0.230851  4.210098  0.1  181   72
2.13217309  0.234640  4.349410  1.8  287   12
2.13219924  0.232153  4.257693  1.8  309   -7
2.13220040  0.232077  4.254919  1.6  310   -7
2.13223276  0.233896  4.321880  5.9   22 -120
2.13225376  0.232679  4.277015  5.1   96  -43
2.13225200  0.231867  4.247211  4.8  286  -37
2.13233400  0.228883  4.138591  0.0  313  -22
2.13235903  0.223446  3.944311  0.9  310   -2
2.13237238  0.217785  3.746989  2.2  113  -25
2.13236584  0.220741  3.849395  0.8  301  -53
2.13236541  0.218912  3.785882  0.7  304  -12
2.13237451  0.217962  3.753081  1.3  300  -19
2.13243166  0.236127  4.404714  0.0   81  -47
2.13251423  0.225896  4.031307  0.1  105    1
2.13251247  0.226124  4.039416  0.3  286    4
2.13252158  0.228166  4.112719  3.1    1  -21
2.13251263  0.226317  4.046336  0.4  286    4
2.13254627  0.230251  4.188222  1.1   18  -42
2.13264760  0.235118  4.367144  2.6  100   10
2.13263822  0.234659  4.350120  2.7  196   60
2.13265392  0.233268  4.298709  7.7  350    7
2.13265329  0.233260  4.298396  7.7  350    7
2.13265284  0.233987  4.325244  7.4  353    8
2.13268396  0.236246  4.409180  1.9   75  -55
2.13278943  0.231055  4.217512  2.6  111   17
2.13279369  0.231698  4.241044  2.7  288   27
2.13279110  0.231258  4.224945  2.9  110   23
2.13280148  0.233693  4.314376  1.7  288   34
2.13282446  0.236724  4.427036  0.3  121   49
2.13284826  0.238776  4.504097  0.2   83  -28
2.13291079  0.237534  4.457385  0.0  312   68
2.13292317  0.229151  4.148304  2.4  291   39
2.13293802  0.229080  4.145739  3.1  129   37
2.13297387  0.229366  4.156087  3.7  219  -26
2.13297754  0.229054  4.144792  4.0  225  -19
2.13297790  0.228731  4.133105  4.2  226  -19
2.13306263  0.233242  4.297756  0.0  308   -3
2.13306891  0.228414  4.121671  0.8   67   52
2.13307713  0.230010  4.179447  3.2   55   50
2.13308173  0.231496  4.233654  4.6  195   24
2.13309295  0.232037  4.253467  3.8   18   50
2.13314216  0.233519  4.307949  1.0  189   49
2.13319299  0.230791  4.207879  2.1  198   58
2.13323927  0.229758  4.170303  2.2  126  -37
2.13321104  0.233200  4.296200  2.7  167   42
2.13323850  0.228257  4.116012  1.3  316  -29
2.13325030  0.229255  4.152070  1.9  300  -26
2.13325563  0.237899  4.471063  2.8  290  -32
2.13331124  0.236078  4.402878  1.4  296   59
2.13336757  0.227995  4.106561  2.7  234  -36
2.13336888  0.228823  4.136429  2.7   51  -24
2.13337637  0.227139  4.075774  0.6  278  -43
2.13338771  0.237386  4.451817  1.0  292   -6
2.13345572  0.243715  4.692376  1.0   23  -48
2.13349111  0.235058  4.364914  3.2   29  -43
2.13350561  0.233147  4.294239  4.0   55  -10
2.13349468  0.234725  4.352573  1.7  199  -63
2.13351354  0.233976  4.324840  2.4   42    9
2.13352206  0.236548  4.420451  4.0  116  -19
2.13356191  0.243089  4.668286  0.5  308  -21
2.13360856  0.246883  4.815146  1.9   98  -78
2.13367177  0.234546  4.345919  0.3  305  156
2.13367231  0.233863  4.320646  0.1  290   34
2.13367170  0.232815  4.282033  0.0  294   29
2.13372313  0.234395  4.340350  3.5  254   30
2.13374619  0.235717  4.389425  2.3  299   51
2.13374459  0.232207  4.259670  0.7  245   54
2.13374623  0.232132  4.256923  1.2  271   50
2.13382634  0.235523  4.382228  1.0  293   42
2.13384240  0.229662  4.166840  1.3  192  -42
2.13384231  0.229532  4.162092  1.3  193  -41
2.13384577  0.229969  4.177975  2.4  193  -39
2.13394615  0.219862  3.818797  0.0   66   34
2.13393910  0.223146  3.933752  0.1   65   32
2.13394545  0.221320  3.869607  0.1  243   22
2.13398700  0.227301  4.081592  2.4  128  -22
2.13398684  0.227451  4.086968  2.2  127  -21
2.13406008  0.230395  4.193449  2.6  332   46
2.13406243  0.223354  3.941059  0.9   11   34
2.13409205  0.217760  3.746131  1.5  248   34
2.13409359  0.216368  3.698407  1.2  247   33
2.13409222  0.215756  3.677503  0.2  247   27
2.13412019  0.231110  4.219528  5.1  210  -23
2.13416118  0.230251  4.188234  3.9  313  -48
2.13419931  0.233573  4.309950  5.1   72   48
2.13422617  0.222163  3.899167  0.0   64   36
2.13422635  0.222183  3.899841  4.6   62   34
2.13424048  0.230703  4.204696  0.0    5   41
2.13429214  0.228235  4.115188  0.4  289  -59
2.13429498  0.227196  4.077811  0.8  304  -61
2.13435655  0.218695  3.778386  0.0   93   52
2.13435297  0.223554  3.948125  1.1  273   64
2.13439199  0.223366  3.941512  1.1  258   61
2.13439400  0.222305  3.904131  0.0   99   61
2.13445250  0.231499  4.233753  1.3   62  -47
2.13447565  0.230647  4.202635  4.0   78    0
2.13452681  0.227551  4.090593  2.2  299   -7
2.13453128  0.226760  4.062183  7.8  356   -5
2.13454181  0.225948  4.033165  7.4  170  -28
2.13453365  0.225438  4.014966  2.3  297  -11
2.13454298  0.225872  4.030443  7.1  174  -27
2.13461154  0.231810  4.245135  0.6  197   -4
2.13462962  0.234183  4.332480  1.6  191   14
2.13468401  0.219540  3.807619  0.0  119   53
2.13468202  0.221865  3.888686  0.2  289   54
2.13468347  0.227319  4.082224  1.0  292   53
2.13469375  0.225836  4.029137  1.2  215  -23
2.13477692  0.231766  4.243531  6.5  128   27
2.13478892  0.228066  4.109121  4.0  109   49
2.13483080  0.222520  3.911702  4.0   21   20
2.13482745  0.223562  3.948410  5.2  199   14
2.13483174  0.222759  3.920092  4.5  201   10
2.13484506  0.226236  4.043422  4.3  281  -40
2.13492168  0.232932  4.286321  0.7  280   -7
2.13492241  0.232226  4.260376  0.5  280   -7
2.13497412  0.224449  3.979829  5.8  340  162
2.13497308  0.224497  3.981510  6.2  338   28
2.13497730  0.226045  4.036618  7.1  344   12
2.13498061  0.227788  4.099098  0.7   91  -29
2.13503505  0.232210  4.259813  0.1    9   -6
2.13504759  0.234859  4.357530  0.8  191  -23
2.13512680  0.227260  4.080128  6.1  292   -7
2.13512401  0.226343  4.047243  6.1  291  -12
2.13512444  0.226714  4.060543  6.0  292  -13
2.13512789  0.226380  4.048592  5.3  110  -21
2.13519483  0.240636  4.574567  3.2  292  -17
2.13521793  0.238260  4.484654  1.8   12  -15
2.13522968  0.233817  4.318956  0.3  204  -33
2.13526465  0.234904  4.359200  0.7  193  -53
2.13527748  0.236874  4.432652  1.5  199  -55
2.13531365  0.236137  4.405090  0.6  296   52
2.13533001  0.235389  4.377220  1.0  196  -63
2.13536673  0.230108  4.183017  0.3  269  -73
2.13536761  0.229913  4.175948  0.8   89  -64
2.13536888  0.229742  4.169732  1.0   92  -60
2.13542678  0.229166  4.148861  1.0  212  -49
2.13542905  0.228296  4.117406  0.4  224  -43
2.13543926  0.236015  4.400525  1.3  280  -40
2.13551136  0.244322  4.715776  1.7  300  -57
2.13556665  0.235095  4.366301  6.3  273  -25
2.13556391  0.231648  4.239190  0.0  205  -64
2.13556450  0.229472  4.159950  4.9  199  -69
2.13558702  0.239534  4.532762  4.5  194  -53
2.13561452  0.239851  4.544738  2.0  308  -47
2.13565032  0.235154  4.368513  0.1  173   62
2.13567472  0.236833  4.431084  0.1  272   58
2.13570714  0.241975  4.625591  0.0  126  -40
2.13574466  0.235533  4.382577  0.1  280  -12
2.13575484  0.224751  3.990529  0.0   14   57
2.13575506  0.226363  4.047986  0.3  180   55
2.13577269  0.237939  4.472582  0.0  119  -13
2.13583261  0.235817  4.393166  0.8  207   52
2.13584923  0.233523  4.308098  0.6   53  -49
2.13585052  0.233018  4.289507  0.1   97  -43
2.13588217  0.227467  4.087545  0.0  110  -37
2.13591792  0.236236  4.408772  1.5   78   52
2.13591260  0.232698  4.277710  0.1  353  -28
2.13595408  0.241506  4.607682  1.8   57   65
2.13598873  0.242569  4.648342  0.2  308  -48
2.13600658  0.243443  4.681913  0.0  300  -48
2.13605247  0.239436  4.529046  0.2  278    6
2.13609020  0.235771  4.391431  0.1  114   43
2.13606581  0.234526  4.345191  5.4  318  -17
2.13611820  0.239931  4.547801  1.0  311   30
2.13613800  0.236089  4.403287  2.2  153  -12
2.13621063  0.223642  3.951229  0.0  286   63
2.13621377  0.220615  3.844993  0.7   92   68
2.13621276  0.220734  3.849143  0.0  270   65
2.13621153  0.220756  3.849938  0.7  112   64
2.13624774  0.234534  4.345482  0.4  149   38
2.13625017  0.233234  4.297450  2.6  285   61
2.13629923  0.235543  4.382952  1.0  111  -49
2.13634832  0.234046  4.327429  1.3  285   14
2.13635412  0.225554  4.019083  0.0  298  184
2.13638512  0.229154  4.148424  2.4  167  -55
2.13638781  0.227821  4.100282  1.4   86   47
2.13638746  0.229123  4.147283  1.7  259  116
2.13648529  0.231809  4.245106  0.0   71   12
2.13650074  0.230979  4.214744  0.3  116   23
2.13652271  0.226337  4.047037  0.3   64   33
2.13650111  0.225996  4.034872  2.3  319  -38
2.13653024  0.227490  4.088389  0.2   55   39
2.13655950  0.226331  4.046836  0.7   63  -69
2.13656094  0.230047  4.180801  2.0   78  -63
2.13668143  0.223963  3.962599  3.7  210   41
2.13668116  0.226430  4.050380  2.4  108    5
2.13668161  0.225165  4.005239  3.8  210   42
2.13668355  0.224067  3.966268  3.2  213   41
2.13668434  0.225589  4.020342  2.8  287   13
2.13668985  0.226477  4.052044  2.3  297   17
2.13679874  0.236630  4.423489  1.0   31   62
2.13681410  0.225893  4.031187  5.9  355   39
2.13682218  0.221724  3.883769  2.4   57   69
2.13682788  0.221702  3.882976  3.0   40   66
2.13682820  0.222500  3.911010  3.9   29   59
2.13688492  0.235603  4.385207  0.6    8   10
2.13695782  0.230993  4.215247  3.8  282   19
2.13695819  0.232289  4.262680  4.0  282   18
2.13697156  0.230753  4.206499  4.8  163    3
2.13698655  0.232159  4.257917  1.0  251  -68
2.13699401  0.230582  4.200276  1.0   62  -36
2.13700480  0.233980  4.324970  0.2   73  -34
2.13710500  0.237378  4.451534  3.3  294   23
2.13711954  0.226541  4.054344  1.0  279   41
2.13711932  0.226288  4.045305  2.5  279   41
2.13711990  0.226891  4.066871  2.2  279   41
2.13714092  0.231687  4.240636  3.5  198  -68
2.13718271  0.236102  4.403788  0.1  287  -61
2.13718083  0.241682  4.614409  1.7  325  -72
2.13724709  0.233951  4.323895  0.7   37   12
2.13726230  0.231385  4.229576  1.9   41   10
2.13726285  0.228093  4.110092  0.0   41    9
2.13728352  0.232042  4.253647  1.0   35   12
2.13733379  0.239815  4.543373  0.6  194   63
2.13733607  0.242081  4.629654  1.0  316  -53
2.13739286  0.238868  4.507577  3.7   30   32
2.13742178  0.232050  4.253920  2.9  281  -23
2.13742798  0.227330  4.082636  0.7  296  -61
2.13742932  0.224196  3.970836  0.2   93  -68
2.13743530  0.230757  4.206638  1.0  329  -71
2.13749110  0.238269  4.484988  0.1  183  -67
2.13755079  0.228093  4.110099  0.3  331   75
2.13757361  0.224582  3.984536  0.5  263  -29
2.13755043  0.226711  4.060444  0.1  152   65
2.13757178  0.224625  3.986039  0.4   79  -24
2.13758515  0.233331  4.301029  1.8  178  -31
2.13762977  0.235684  4.388193  0.0  309  -53
2.13768430  0.238320  4.486903  2.8   64  -49
2.13768446  0.236271  4.410102  3.5  178  -79
2.13771302  0.236825  4.430802  3.4  168  -47
2.13772742  0.238332  4.487385  2.0  282  -23
2.13778794  0.240687  4.576480  4.4  288   36
2.13780401  0.233016  4.289406  1.7  186   56
2.13780755  0.234953  4.361032  1.0  298   21
2.13781206  0.235048  4.364542  2.5  188   44
2.13787005  0.233305  4.300052  3.1   19  -21
2.13786900  0.232727  4.278794  0.0  204  -32
2.13792321  0.235440  4.379141  1.4   98  -40
2.13792780  0.236316  4.411784  1.2  300  -18
2.13796586  0.231707  4.241360  1.1   63   35
2.13798084  0.230595  4.200768  0.2  287   82
2.13803437  0.233163  4.294838  0.0  100  -48
2.13803290  0.232317  4.263738  1.5  265  -42
2.13805609  0.231502  4.233876  0.0   53   90
2.13808427  0.234125  4.330347  0.6  193  -43
2.13809759  0.231462  4.232409  2.1  200  -55
2.13812789  0.229895  4.175296  0.1  296    8
2.13815144  0.234183  4.332496  1.1  301  -63
2.13821283  0.238798  4.504953  0.3  306  139
2.13818636  0.237166  4.443564  0.7  207  -98
2.13827198  0.225743  4.025833  2.2  118   57
2.13827006  0.225239  4.007871  2.3  267   62
2.13827226  0.225769  4.026753  2.4  267   49
2.13826941  0.230066  4.181494  1.0  131   53
2.13834192  0.228480  4.124036  0.9  195   36
2.13833731  0.228048  4.108467  0.5  205   36
2.13834647  0.227286  4.081049  1.1  182   37
2.13843216  0.227580  4.091627  2.2  112  -52
2.13843473  0.225774  4.026949  1.8   47  -67
2.13843417  0.223488  3.945805  0.6  219  -85
2.13843571  0.222575  3.913614  0.1  225  -88
2.13850308  0.231423  4.230968  0.0  180  -42
2.13855874  0.225554  4.019101  1.0  108   62
2.13855826  0.224698  3.988661  0.1  249   68
2.13855840  0.223728  3.954276  0.0  260   64
2.13855798  0.226085  4.038023  0.1  276   63
2.13860819  0.237582  4.459175  0.1  208  -29
2.13864063  0.234991  4.362455  1.5   24  -48
2.13866010  0.237012  4.437788  1.5  106   67
2.13870162  0.234665  4.350339  2.3   67  -54
2.13870040  0.235066  4.365239  2.4   72  -50
2.13873371  0.237137  4.442473  3.7  184   -6
2.13874510  0.236058  4.402163  4.3  188  -19
2.13878724  0.240578  4.572363  0.0  161  -37
2.13883201  0.228366  4.119915  0.5   56  -73
2.13883272  0.230346  4.191693  0.4  282  -56
2.13883160  0.229800  4.171835  1.0   79  -67
2.13888206  0.230441  4.195150  0.5   99  -30
2.13888651  0.230050  4.180934  3.9  297  -28
2.13892386  0.233255  4.298216  0.9  273   46
2.13896321  0.238994  4.512342  1.3    5  -30
2.13899230  0.235535  4.382679  1.3   38   41
2.13902011  0.235079  4.365713  2.2  296  -54
2.13902496  0.234597  4.347825  1.0  149   20
2.13903233  0.235861  4.394802  0.7  154   32
2.13907853  0.237409  4.452696  0.0   48    2
2.13911973  0.233189  4.295789  2.6   58   39
2.13913314  0.229817  4.172461  0.5  279   22
2.13914051  0.228086  4.109833  0.5  103   17
2.13919402  0.235981  4.399280  0.1  335  -68
2.13919270  0.240855  4.582866  0.1  180  -82
2.13923075  0.235067  4.365268  0.0   68   19
2.13927269  0.228212  4.114374  0.1   88   48
2.13928225  0.225738  4.025645  0.6   68   50
2.13928407  0.224403  3.978170  0.3   72   54
2.13929449  0.236330  4.412313  1.9  305  -28
2.13934953  0.236467  4.417415  0.2  209   29
2.13941842  0.231625  4.238363  0.0  124   57
2.13942426  0.230608  4.201222  1.3  124   60
2.13942275  0.230728  4.205607  3.7  180   42
2.13942154  0.230804  4.208356  1.9  279   64
2.13950139  0.230815  4.208755  2.4  323   28
2.13950702  0.229742  4.169713  0.4  178   -1
2.13950298  0.228822  4.136417  0.1  359   17
2.13953950  0.234952  4.361011  0.6  287   69
2.13958640  0.220803  3.851578  1.9  231  -57
2.13959037  0.221311  3.869305  2.2   64  -63
2.13959150  0.223836  3.958117  0.9   93  -43
2.13964525  0.232510  4.270829  0.5  174   11
2.13965392  0.230187  4.185890  1.6  170   -7
2.13971960  0.225879  4.030672  0.0  307   18
2.13971957  0.227461  4.087331  0.1  309   19
2.13973626  0.223189  3.935251  2.6   14   16
2.13974145  0.221130  3.862997  0.0   17    9
2.13980512  0.236691  4.425771  1.5  327   47
2.13980407  0.227482  4.088085  0.0  326 -140
2.13981819  0.231808  4.245071  2.4  164   -4
2.13989383  0.228562  4.126995  2.3   93  -55
2.13989676  0.226730  4.061105  1.8   53  -42
2.13988754  0.227124  4.075256  0.6  167  -25
2.13989137  0.228199  4.113921  0.0  331  -16
2.13996404  0.231728  4.242132  1.0  214  -52
2.13996271  0.232010  4.252477  0.8   21  -53
2.14001787  0.235191  4.369883  1.0  104  -22
2.14005263  0.234037  4.327107  0.9  208   26
2.14006932  0.231009  4.215845  0.1  281   44
2.14006931  0.230089  4.182336  0.1  281   44
2.14011998  0.229103  4.146582  0.2  106   -9
2.14012485  0.230729  4.205650  0.1  108  -11
2.14012954  0.230832  4.209383  0.1  288   -7
2.14018375  0.235640  4.386556  4.7   12  -18
2.14019326  0.234614  4.348440  5.8  196  -35
2.14023595  0.233642  4.312490  4.1  181  -46
2.14023407  0.233147  4.294261  4.2    1  -34
2.14027246  0.236352  4.413124  3.8   85  -43
2.14037028  0.233999  4.325669  4.9  276    2
2.14033972  0.240814  4.581322  1.0  271  -23
2.14035189  0.240138  4.555641  3.9  274   -3
2.14038056  0.235133  4.367729  4.4   98    5
2.14041693  0.234798  4.355268  3.2  206   53
2.14042360  0.230085  4.182204  3.3  200   49
2.14042485  0.232140  4.257212  3.7   16   60
2.14050035  0.236031  4.401138  0.0  358   79
2.14050020  0.234271  4.335734  0.0   26   85
2.14056875  0.239660  4.537513  2.5  195  -19
2.14056912  0.237974  4.473916  3.1  190  -17
2.14056915  0.238066  4.477350  3.3  190  -17
2.14058704  0.237236  4.446188  1.7  189  -51
2.14059273  0.238503  4.493792  1.3  190  -50
2.14060202  0.238057  4.477033  1.0  288  -64
2.14071575  0.237898  4.471038  4.9   80  -28
2.14070051  0.238491  4.493370  3.6  293  -79
2.14071442  0.237301  4.448634  3.1  212  -62
2.14072287  0.237051  4.439252  2.9  280  -31
2.14073428  0.239044  4.514226  0.7  101  -35
2.14078337  0.243129  4.669842  0.0  308  -58
2.14082983  0.235423  4.378511  0.0  301   59
2.14084764  0.234722  4.352475  0.0  103   43
2.14083250  0.236248  4.409233  0.7  280   59
2.14087944  0.241569  4.610073  1.8  302   45
2.14091366  0.240612  4.573627  0.1  300   52
2.14092372  0.239367  4.526435  0.2   33   54
2.14098132  0.237861  4.469661  0.3  344   65
2.14097459  0.237809  4.467699  0.1   50   66
2.14100161  0.237954  4.473150  1.9  307  -55
2.14100718  0.243306  4.676641  4.3  195  -52
2.14102955  0.242070  4.629237  0.2  273   40
2.14109853  0.236678  4.425311  0.7  289  -64
2.14110293  0.236600  4.422368  0.6   53  -69
2.14115419  0.231485  4.233229  0.3  300   21
2.14113652  0.236829  4.430953  0.1  196  -11
2.14117385  0.235190  4.369846  0.1  299  -63
2.14117729  0.237260  4.447098  0.3   75  -66
2.14126456  0.225437  4.014924  0.1  119   16
2.14127061  0.227860  4.101707  1.0  120   14
2.14126777  0.228322  4.118350  0.0  291   19
2.14127381  0.227751  4.097785  0.1  292   18
2.14133320  0.235701  4.388834  0.0  303  -57
2.14130731  0.236293  4.410917  1.2   61    9
2.14139711  0.236779  4.429076  1.5  288   57
2.14140044  0.236566  4.421105  1.4  289   57
2.14142828  0.233608  4.311246  4.9  190   17
2.14143305  0.233665  4.313341  4.9  188   19
2.14146398  0.238183  4.481764  6.1   67   -8
2.14147570  0.238147  4.480417  1.1  310   22
2.14156700  0.225477  4.016341  8.4   65   16
2.14156669  0.225508  4.017455  8.5   66   16
2.14156738  0.228350  4.119368  7.6   63   19
2.14157276  0.228580  4.127656  7.6   65   23
2.14159655  0.232912  4.285598  4.5   45   68
2.14161460  0.238768  4.503801  4.3   20   61
2.14169791  0.226213  4.042614  0.5   81   27
2.14169966  0.226614  4.056964  0.7   77   26
2.14170297  0.226366  4.048071  0.4  252   21
2.14170392  0.226117  4.039179  0.5  253   25
2.14176708  0.242095  4.630180  1.8   61  -64
2.14179659  0.242974  4.663882  0.9  170   60
2.14185953  0.224809  3.992604  4.9   58   13
2.14185906  0.224912  3.996261  4.3   58   11
2.14186542  0.225127  4.003897  3.6   56   16
2.14187488  0.232879  4.284361  0.3  298   -2
2.14189143  0.235476  4.380471  6.6   21  -19
2.14186867  0.230888  4.211450  1.1  236   25
2.14199212  0.233652  4.312874  0.6  283  -36
2.14200944  0.226634  4.057672  1.5  187   13
2.14202850  0.220105  3.827249  0.0  190    3
2.14202907  0.221050  3.860177  0.1  189    2
2.14202835  0.219780  3.815954  0.0  190    3
2.14202939  0.225319  4.010728  0.0    9   17
2.14214191  0.231612  4.237892  0.0  285    8
2.14216422  0.226736  4.061329  3.2  282   12
2.14216366  0.227088  4.073958  3.8  283   11
2.14216295  0.228174  4.113003  4.5  283   11
2.14217303  0.226944  4.068776  4.1  283   12
2.14227409  0.228122  4.111135  1.0  280   16
2.14227883  0.226577  4.055628  4.6  277   17
2.14227854  0.224954  3.997732  4.5  277   16
2.14231542  0.217845  3.749042  4.7  283   55
2.14232505  0.219090  3.792038  5.0  298   50
2.14232719  0.216209  3.692966  5.1  286   53
2.14232934  0.217578  3.739868  4.3  272   59
2.14242573  0.232144  4.257372  3.6   13  -32
2.14242830  0.231942  4.249966  3.8    7  -31
2.14245764  0.231160  4.221363  6.2  189   43
2.14248107  0.220890  3.854612 10.1  183    1
2.14247419  0.225015  3.999922  0.0  360   20
2.14248167  0.221660  3.881508 10.0    3   13
2.14255844  0.222375  3.906586  0.1  209   58
2.14256326  0.224236  3.972277  0.4   39   64
2.14261928  0.228478  4.123980  5.3   54  -56
2.14262129  0.224861  3.994451  4.0  287  -56
2.14262290  0.224881  3.995138  0.0  287  -50
2.14263539  0.225519  4.017830  7.2  202  -23
2.14272154  0.223113  3.932575  1.9  293  -39
2.14272516  0.221644  3.880975  2.4  292  -44
2.14276280  0.222744  3.919584  3.2  287  -15
2.14277089  0.220804  3.851608  2.3  314  -51
2.14278220  0.220567  3.843320  5.2   14  -14
2.14276947  0.222115  3.897454  2.7  103  -21
2.14287269  0.226052  4.036858  2.0  282  -52
2.14287706  0.226599  4.056404  2.9  280  -58
2.14287763  0.225009  3.999689  3.3  283  -47
2.14287801  0.224432  3.979211  3.2   89  -43
2.14291711  0.228675  4.131098  2.2  110  -21
2.14291680  0.228645  4.130017  0.7  298  -17
2.14302635  0.227710  4.096297  0.0  268  -27
2.14302651  0.224425  3.978964  2.7   26  -56
2.14302563  0.225084  4.002354  2.3   38  -49
2.14305975  0.224710  3.989064  0.1  114   -9
2.14306123  0.223770  3.955776  0.0  117  -11
2.14308474  0.231862  4.247035  0.1  286    8
2.14317577  0.238092  4.478330  1.1  179  104
2.14315951  0.236611  4.422782  0.8  297  -35
2.14319867  0.230648  4.202677  0.0   83  -14
2.14320681  0.231397  4.230014  0.2  267  -20
2.14320992  0.233941  4.323560  1.9   77  -19
2.14326480  0.238119  4.479352  1.9  115    5
2.14327793  0.234901  4.359114  1.3  187   38
2.14326438  0.230838  4.209592  3.3  315   14
2.14335508  0.231553  4.235738  3.5   85   -8
2.14335121  0.228916  4.139802  0.3   88  -16
2.14336202  0.231136  4.220497  3.4   87  -12
2.14340281  0.234616  4.348547  0.5  107   42
2.14346031  0.233560  4.309481  0.3  285  -58
2.14346937  0.227465  4.087503  0.1   77   50
2.14346991  0.229125  4.147377  0.8   78   51
2.14346442  0.233126  4.293469  0.6  297 -100
2.14350336  0.230181  4.185689  1.9  126  -34
2.14355985  0.220805  3.851648  0.1  317   44
2.14355942  0.227129  4.075428  1.1  168   57
2.14358180  0.232888  4.284727  0.4  181  -78
2.14364990  0.231816  4.245354  3.7  296  -29
2.14364974  0.229008  4.143141  3.2  316  -35
2.14371045  0.227669  4.094817  1.0  296   10
2.14371514  0.226367  4.048107  5.3  294  168
2.14371548  0.226130  4.039664  4.9  295    9
2.14371630  0.225881  4.030764  4.7  295    9
2.14371512  0.226800  4.063628  4.9  292   19
2.14380509  0.235003  4.362883  1.7  185  -25
2.14381676  0.231506  4.234011  0.1  193  -30
2.14384195  0.236652  4.424345  0.8  319  -60
2.14382658  0.230452  4.195559  0.0  357  -34
2.14388721  0.235384  4.377029  1.0   49   32
2.14392366  0.235915  4.396809  0.0  158  -61
2.14391533  0.234654  4.349925  0.0   67  -14
2.14397372  0.238373  4.488908  4.0  192  -16
2.14400973  0.235724  4.389683  4.2   18  -15
2.14402097  0.231715  4.241660  1.1  219  -44
2.14402976  0.230029  4.180169  3.9  310  -44
2.14405946  0.238315  4.486722  0.7  290   52
2.14406024  0.243107  4.668971  3.8  280  -24
2.14411577  0.239267  4.522644  0.6   57  -54
2.14416708  0.234828  4.356396  2.7  197   16
2.14416045  0.233403  4.303674  1.4   20   31
2.14418268  0.232728  4.278827  0.4  123    5
2.14420155  0.233385  4.302999  2.7  297   47
2.14421338  0.237775  4.466422  1.8  115    7
2.14428534  0.235047  4.364538  0.8  115    6
2.14428864  0.229838  4.173208  0.0  282    7
2.14429700  0.231576  4.236583  0.3  277    5
2.14435212  0.233097  4.292389  3.6  204   55
2.14434852  0.232422  4.267570  2.9   32   54
2.14435159  0.233483  4.306623  3.7   21   58
2.14443063  0.234789  4.354932  0.0  199   48
2.14444474  0.233574  4.309977  1.1   68   28
2.14444475  0.232619  4.274834  0.0  246   24
2.14448389  0.232381  4.266089  1.3   68   62
2.14451853  0.230659  4.203080  1.5  304  -58
2.14451585  0.230795  4.208029  2.3  108  -58
2.14451791  0.231006  4.215727  2.3  304  -59
2.14458190  0.235788  4.392074  5.2  191   -9
2.14459413  0.235849  4.394360  1.9   19  -15
2.14464203  0.235628  4.386135  2.0  111   -5
2.14465883  0.229375  4.156409  5.4   15   -7
2.14465988  0.227227  4.078923  5.4   16   -6
2.14464542  0.235537  4.382725  2.7  110   -7
2.14472986  0.233358  4.302030  7.0  195    2
2.14473037  0.233520  4.307999  6.9  195    3
2.14479668  0.230416  4.194226  2.0  265  -32
2.14480688  0.226141  4.040025  2.1   68  -27
2.14480992  0.226689  4.059652  0.0   65  -30
2.14480700  0.226543  4.054422  2.6   72  -25
2.14480704  0.229209  4.150395  4.3  265  -20
2.14489128  0.237597  4.459718  2.9   88  -50
2.14495681  0.230766  4.206998  1.0  243  -29
2.14495695  0.228539  4.126182  0.5  203  -36
2.14495874  0.227939  4.104545  0.3  204  -37
2.14496296  0.227606  4.092552  0.6  204  -28
2.14504411  0.238228  4.483443  3.1  351   15
2.14504627  0.237601  4.459895  2.9  171    5
2.14508051  0.233353  4.301836  4.0  353   -1
2.14509849  0.231868  4.247263  2.9   12   -5
2.14512123  0.229332  4.154852  0.0  313   58
2.14512272  0.231047  4.217232  0.1  279   61
2.14516810  0.230076  4.181873  0.4  322   69
2.14519013  0.236433  4.416143  1.0  281  -51
2.14523610  0.233570  4.309843  1.9   69  -29
2.14524492  0.228110  4.110709  0.0   70  -25
2.14524645  0.231181  4.222129  0.9   67  -19
2.14527392  0.233599  4.310897  0.3   78  177
2.14532049  0.230344  4.191608  0.0  166  -68
2.14533807  0.237182  4.444164  0.0  294  -63
2.14536131  0.235200  4.370205  0.7   24  -43
2.14538155  0.231234  4.224069  0.3  187  -58
2.14541061  0.239107  4.516599  0.9   93   -6
2.14543099  0.238751  4.503167  0.1  280   11
2.14546620  0.234391  4.340193  0.2  165  -53
2.14547616  0.239367  4.526413  1.6  324  -46
2.14547133  0.237597  4.459749  1.8  334  -40
2.14551860  0.242198  4.634127  1.0  305   46
2.14556900  0.236843  4.431472  2.8  316   62
2.14557012  0.235752  4.390759  0.7  171   63
2.14559260  0.237294  4.448384  1.2  196   43
2.14564201  0.237989  4.474454  1.8   76   79
2.14564249  0.234378  4.339710  1.6  300   56
2.14567535  0.243902  4.699560  0.5  317   68
2.14570067  0.242370  4.640710  0.9  280   33
2.14571275  0.241098  4.592114  0.1  348   34
2.14574867  0.237739  4.465063  0.0  165   26
2.14577239  0.235445  4.379329  1.7  189   57
2.14579388  0.239307  4.524148  0.5   61   47
2.14583634  0.240221  4.558776  0.1   54  -79
2.14588816  0.229630  4.165652  1.0  290   54
2.14588994  0.232198  4.259364  0.6  308   52
2.14589905  0.235291  4.373568  0.9  174    4
2.14593926  0.235132  4.367661  2.9   19  -23
2.14593500  0.234390  4.340153  0.8   52   57
2.14597031  0.233963  4.324371  0.1  309  -44
2.14600454  0.233997  4.325595  0.0  127   72
2.14604973  0.234805  4.355553  3.7  302   45
2.14605069  0.236093  4.403471  1.0  300   44
2.14608038  0.231486  4.233288  3.0  198   40
2.14610948  0.230547  4.198991  0.9  206   69
2.14611072  0.227670  4.094864  0.2   31   83
2.14618159  0.233776  4.317434  0.0  304   39
2.14618256  0.231779  4.244017  1.1  305   32
2.14621994  0.231738  4.242503  2.9  205   49
2.14622039  0.232014  4.252623  3.1  207   51
2.14623930  0.233179  4.295434  3.4  189   24
2.14622527  0.231684  4.240520  3.5   35   51
2.14626559  0.235145  4.368179  1.6  197  -17
2.14633743  0.227195  4.077778  3.4   54  -32
2.14634724  0.225588  4.020295  3.4   52  -91
2.14634457  0.229544  4.162545  2.6  191  -79
2.14639854  0.230955  4.213889  2.4   79  -43
2.14639696  0.227776  4.098670  0.5   79  -40
2.14641550  0.230030  4.180202  2.4  209  -70
2.14648581  0.230231  4.187508  3.9  200   24
2.14651035  0.228680  4.131255  1.5  296  -52
2.14650959  0.230220  4.187102  2.1   91  -56
2.14651424  0.232828  4.282487  3.2  123   17
2.14654777  0.235899  4.396209  5.0  325  -42
2.14657935  0.234076  4.328540  0.8  343  -19
2.14663020  0.237296  4.448448  2.3   29  -28
2.14664037  0.233601  4.310967  1.0   44   -7
2.14666856  0.234450  4.342373  2.1   58    5
2.14669063  0.225820  4.028568  0.0   67  -33
2.14669701  0.225051  4.001173  0.0   69  -34
2.14671092  0.226069  4.037474  0.0   69  -20
2.14672365  0.225992  4.034726  0.0  281   74
2.14678973  0.232446  4.268470  3.0  300  -51
2.14678994  0.233367  4.302340  3.8  314  -52
2.14680075  0.234285  4.336269  2.9   21  -45
2.14684361  0.238678  4.500407  1.0   57   74
2.14688723  0.236147  4.405451  0.0  160  -80
2.14688829  0.235367  4.376409  0.0  309  -30
2.14693941  0.229649  4.166360  0.2  197   42
2.14694644  0.233019  4.289520  0.2  190   32
2.14694522  0.235082  4.365818  1.0  114  -47
2.14700918  0.229375  4.156415  0.0  183   60
2.14704219  0.232397  4.266666  1.6  306   13
2.14704255  0.232152  4.257654  1.3  304   12
2.14710339  0.232583  4.273476  0.5  314   31
2.14710317  0.234166  4.331857  0.8  113  -11
2.14710677  0.233185  4.295653  1.0  295    2
2.14716081  0.232807  4.281719  1.0  309   69
2.14716391  0.233066  4.291275  1.5  297   59
2.14719232  0.234406  4.340743  1.3  328  -13
2.14719019  0.233205  4.296384  1.0  353   26
2.14726070  0.230927  4.212860  1.0  291 130356537918035424
2.14726080  0.230335  4.191274  0.1  291   12
2.14727060  0.230869  4.210730  1.8  225  -77
2.14731294  0.231578  4.236638  2.9   96   -2
2.14735770  0.223696  3.953164  0.1  174  -66
2.14735767  0.223087  3.931653  0.0  175  -69
2.14739781  0.235713  4.389279  0.1  272   53
2.14742859  0.237064  4.439750  1.8  358    6
2.14744985  0.233148  4.294297  0.0   32  -14
2.14746100  0.229243  4.151629  0.0   28  -43
2.14746650  0.235466  4.380100  0.1  300  -43
2.14750955  0.239665  4.537723  4.3  153   -2
2.14757824  0.233711  4.315045  0.7   14  -34
2.14758410  0.232005  4.252292  1.0  320   83
2.14758251  0.232685  4.277248  2.0   14  -36
2.14762268  0.238231  4.483553  0.9  163   25
2.14766370  0.239307  4.524162  0.9   93  -22
2.14767922  0.233334  4.301127  2.5  286   27
2.14768134  0.233897  4.321923  3.4  289   31
2.14772040  0.232728  4.278820  1.9   16  -23
2.14773396  0.233903  4.322126  1.7  314  -29
2.14776507  0.231666  4.239864  0.0   10  -31
2.14781699  0.231782  4.244105  0.6   69  -15
2.14782030  0.232804  4.281602  2.1   69  -23
2.14784184  0.230045  4.180718  1.1  252  -20
2.14784594  0.229500  4.160954  0.0  301  -45
2.14789059  0.233655  4.312985  2.5  176   55
2.14789128  0.233111  4.292918  2.0  177   55
2.14796368  0.231105  4.219370  2.8    1   15
2.14796765  0.230741  4.206079  3.3  181   -2
2.14800148  0.232210  4.259815  0.8  166  -60
2.14800474  0.231054  4.217478  1.2  185  -71
2.14800475  0.230386  4.193148  0.5  185  -73
2.14805829  0.237805  4.467552  2.0  311  -11
2.14808353  0.233873  4.321021  0.5  144  -68
2.14813212  0.231747  4.242817  3.5  108  -40
2.14813046  0.231950  4.250262  1.8  103  -49
2.14812975  0.231595  4.237257  0.3  106  -50
2.14819752  0.231037  4.216886  8.3  314  -16
2.14819786  0.231236  4.224126  0.0  314  -16
2.14826854  0.228349  4.119330  7.7  304    1
2.14826859  0.228303  4.117661  7.5  304    1
2.14827933  0.229596  4.164439  6.1  120   -3
2.14828408  0.232661  4.276351  6.5  306    3
2.14831438  0.231413  4.230603  1.3  143   55
2.14835774  0.233450  4.305430  2.1  321   50
2.14835697  0.231883  4.247796  0.4  147  -12
2.14840475  0.235037  4.364140  2.3  171  -65
2.14844562  0.226170  4.041068  0.1   68  -51
2.14844545  0.227163  4.076633  0.0  275  -87
2.14849516  0.233728  4.315661  0.0  276  -64
2.14851478  0.234349  4.338622  1.1  176  -44
2.14851426  0.233632  4.312137  0.5    2  -30
2.14851802  0.235413  4.378131  1.7  310 -157
2.14861473  0.234744  4.353289  0.0  370   67
2.14861165  0.237121  4.441868  0.8  201   49
2.14861494  0.233257  4.298283  0.0  186   62
2.14865627  0.238467  4.492469  0.3  302    3
2.14865890  0.238292  4.485850  1.1  306   -1
2.14873389  0.238071  4.477542  0.0  327   25
2.14873189  0.237831  4.468525  2.6  189   20
2.14873165  0.238074  4.477658  2.9  189   20
2.14877822  0.234816  4.355940  0.2  268  -50
2.14878075  0.236428  4.415948  1.5  300  -59
2.14881011  0.236657  4.424522  0.8  301  -48
2.14885663  0.237776  4.466467  0.7  178   53
2.14889232  0.237053  4.439349  0.2  189  -40
2.14890663  0.233891  4.321704  0.6   61  -89
2.14890634  0.233642  4.312501  0.4  308  -94
2.14896626  0.237039  4.438797  1.3  313   -5
2.14896701  0.235988  4.399532  1.3  313   -7
2.14899892  0.239236  4.521465  0.1  306   66
2.14902654  0.235645  4.386769  1.9  185  -67
2.14903078  0.235510  4.381718  1.8  200  -68
2.14909211  0.239480  4.530691  1.2  283   50
2.14905542  0.240077  4.553320  2.7  127  -53
2.14911904  0.243056  4.667006  1.0  313   56
2.14914111  0.240363  4.564170  1.3  282   78
2.14915150  0.241233  4.597276  1.1   33   47
2.14919273  0.244296  4.714770  1.7   11   18
2.14919974  0.242687  4.652880  2.7  318   -6
2.14925214  0.238832  4.506219  0.1  318   50
2.14928124  0.234197  4.333028  0.0  275 -100
2.14931375  0.229931  4.176580  0.2  144  -73
2.14931752  0.228908  4.139518  0.0   16   53
2.14931687  0.227973  4.105750  0.0   17   55
2.14935887  0.233721  4.315408  0.0   22  -40
2.14937235  0.232632  4.275292  0.0  289   75
2.14940902  0.240719  4.577713  2.6  186    2
2.14943569  0.241986  4.626017  0.2   41   44
2.14942371  0.240966  4.587089  1.9  189  -15
2.14949953  0.243268  4.675165  1.7  206  -61
2.14949861  0.242271  4.636920  2.0  211  -61
2.14954913  0.236706  4.426357  0.2   47  -44
2.14955315  0.239761  4.541341  0.2  299  -65
2.14958016  0.241756  4.617247  4.7  194   28
2.14963063  0.242371  4.640769  2.4   94   53
2.14962696  0.240306  4.562022  1.5  286   55
2.14966771  0.233192  4.295917  0.1  344   14
2.14967166  0.232612  4.274566  0.5  164   -2
2.14970268  0.244970  4.740802  1.1   58   30
2.14974295  0.235569  4.383945  1.0  296  -40
2.14977953  0.232902  4.285240  1.2  308  122
2.14978548  0.234170  4.331995  1.3  191   46
2.14981294  0.233401  4.303610  8.3  318   12
2.14985253  0.235823  4.393372  2.4   27   55
2.14985447  0.236211  4.407838  0.6  280   20
2.14986936  0.235408  4.377934  2.8  197   27
2.14988680  0.234982  4.362097  1.9   20   29
2.14994235  0.235827  4.393541  1.2  302   35
2.14995878  0.234955  4.361119  0.0  300  -55
2.14997691  0.236054  4.401981  4.4  285   40
2.15000670  0.232369  4.265635  3.1  291  -33
2.15002642  0.234252  4.335029  4.0  348   11
2.15003040  0.233450  4.305417  4.5  161    6
2.15009066  0.233477  4.306404  0.9   93    8
2.15010685  0.233499  4.307231  1.1  102   22
2.15011486  0.232229  4.260486  0.5  280   26
2.15015182  0.234516  4.344834  2.4   28  -41
2.15018802  0.236238  4.408847  3.0  250   -7
2.15019292  0.235268  4.372724  2.7   68   -1
2.15020544  0.238426  4.490891  3.0  249    1
2.15029883  0.229617  4.165189  0.0  233  -26
2.15028356  0.233819  4.319028  5.1  178  -17
2.15029924  0.230749  4.206368  0.1   48  -21
2.15031099  0.234605  4.348103  0.5  238  -28
2.15033696  0.233384  4.302978  5.5  324  -21
2.15036562  0.244920  4.738884  1.0  167  -47
2.15042974  0.236145  4.405383  0.1   61  -48
2.15043154  0.231316  4.227071  0.0   74  -18
2.15043284  0.232610  4.274472  0.0   74  -14
2.15043964  0.233038  4.290238  0.4   76   -9
2.15048550  0.240366  4.564299  0.1   68  -21
2.15054402  0.230424  4.194523  0.1  221   73
2.15055071  0.228509  4.125094  0.1   67   84
2.15055537  0.234729  4.352725  0.3   28   75
2.15059453  0.233412  4.304008  0.1  290   62
2.15059917  0.235250  4.372075  0.1  181   38
2.15065389  0.231527  4.234784  2.4   57   67
2.15065442  0.229487  4.160489  0.8  265   66
2.15069779  0.233076  4.291636  0.5  294  -57
2.15070074  0.234281  4.336101  0.4  294  -57
2.15073802  0.235865  4.394969  1.2  197  -50
2.15076615  0.235118  4.367140  0.1  295  -44
2.15081760  0.238130  4.479763  0.3   13  -65
2.15082180  0.233427  4.304575  0.1    8  -34
2.15084103  0.234440  4.341998  0.1  295   51
2.15083939  0.236043  4.401574  1.3  301   49
2.15089035  0.239067  4.515073  0.1  170   64
2.15090071  0.235109  4.366830  3.2  313   26
2.15093195  0.237371  4.451236  1.3  305   50
2.15096868  0.240010  4.550769  0.9   36   42
2.15097295  0.239964  4.549028  3.2  177   -9
2.15101018  0.239248  4.521924  2.8  179  -28
2.15105872  0.235490  4.380972  2.3  142  -69
2.15105893  0.227463  4.087417  1.0  109  -53
2.15106034  0.227418  4.085794  1.5  122  -48
2.15113286  0.235330  4.375028  0.4  185  -17
2.15114472  0.232798  4.281402  0.1  189  -37
2.15119144  0.235077  4.365647  2.4  176   10
2.15119353  0.235406  4.377866  2.2  175   11
2.15119740  0.235931  4.397405  2.0  174    1
2.15120428  0.236152  4.405663  1.8  176  -10
2.15127269  0.232252  4.261327  2.7  305  -21
2.15128135  0.234294  4.336612  0.6   57  -44
2.15129964  0.238631  4.498648  0.2  302  -65
2.15134997  0.237369  4.451195  3.1  185  -15
2.15136849  0.235539  4.382808  0.1   31  -27
2.15136523  0.233864  4.320705  0.5   19  -20
2.15141582  0.237229  4.445923  0.2  201   36
2.15141770  0.238673  4.500215  0.0  295   52
2.15146438  0.240373  4.564562  3.4  256    1
2.15150622  0.238317  4.486804  0.0  205  -51
2.15150433  0.235685  4.388262  2.7  317  -48
2.15153315  0.232286  4.262595  0.1  286   22
2.15156349  0.233135  4.293799  0.0   69   57
2.15157719  0.232311  4.263518  1.0  360  -34
2.15158427  0.230200  4.186383  0.0  318  -20
2.15162426  0.229937  4.176798  2.6  304   18
2.15162584  0.231068  4.218018  2.8  305   19
2.15168836  0.233870  4.320921  0.0  285   56
2.15168666  0.231575  4.236523  1.2  283   55
2.15174931  0.223616  3.950327  0.8  194   34
2.15175862  0.222568  3.913388  1.8  207   53
2.15176283  0.220128  3.828038  1.4   34   59
2.15178455  0.234686  4.351114  0.8  200  -26
2.15182258  0.232809  4.281799  0.1    4   47
2.15187165  0.233170  4.295104  1.0  314  -55
2.15190823  0.229975  4.178208  6.9  298   22
2.15190863  0.226169  4.041047  5.6  120   26
2.15193729  0.228139  4.111756  0.1   92  -56
2.15195143  0.231781  4.244057  0.0  259  -25
2.15198625  0.231204  4.222981  0.2  284  -63
2.15198794  0.232894  4.284926  0.9  105  -61
2.15205616  0.226194  4.041934  1.4  292   41
2.15205401  0.225649  4.022489  0.8  123   32
2.15206322  0.227237  4.079296  1.0  296   45
2.15206107  0.226485  4.052340  0.3  299   32
2.15214116  0.236661  4.424657  4.3  308   56
2.15212194  0.237344  4.450232  0.8  301   -3
2.15215868  0.239254  4.522151  4.8  196  -21
2.15221814  0.231342  4.228010  6.0  202  -37
2.15221907  0.233880  4.321295  1.0   20  -31
2.15222487  0.233397  4.303472  4.9  210  -45
2.15228535  0.237085  4.440532  1.3  199   29
2.15230794  0.234931  4.360206  0.1  297  -64
2.15234863  0.230825  4.209141  2.8  328   67
2.15236574  0.226764  4.062330  0.0  304  -51
2.15235652  0.231602  4.237524  2.1  154   66
2.15237108  0.234143  4.331013  0.7  309  -51
2.15236866  0.227470  4.087671  0.1  102  -41
2.15244347  0.235940  4.397764  0.0  279  -44
2.15249542  0.230637  4.202292  2.1   97   -6
2.15250160  0.229427  4.158289  2.1   96   -3
2.15250516  0.228611  4.128780  2.7   94   -6
2.15250560  0.232423  4.267627  3.5  274   -7
2.15253505  0.242861  4.659542  2.1   15    7
2.15258614  0.240909  4.584938  0.1  294  146
2.15264738  0.235701  4.388824  2.5   96    4
2.15265574  0.233272  4.298848  0.0  289  -31
2.15265409  0.235596  4.384919  0.2  104  -33
2.15269340  0.238428  4.490985  0.2   95   64
2.15272134  0.235553  4.383320  0.4  200   25
2.15273625  0.236802  4.429954  0.1  293   60
2.15279424  0.239169  4.518961  0.0  202  -48
2.15279999  0.238517  4.494333  0.2  205  -53
2.15283788  0.234436  4.341856  1.0  337   64
2.15284027  0.232590  4.273739  1.0  168   33
2.15287873  0.232463  4.269088  0.1   92   54
2.15287850  0.232436  4.268092  0.5  103   49
2.15287828  0.233522  4.308063  0.1  254   50
2.15295297  0.232097  4.255652  4.6   64  -50
2.15295464  0.230297  4.189918  4.3  305  -58
2.15295383  0.231766  4.243535  4.5  250  -62
2.15300582  0.236670  4.425005  0.0  299  -25
2.15304677  0.233567  4.309722  0.5  288  -30
2.15304311  0.233391  4.303233  0.1   93  -37
2.15308357  0.229366  4.156091  0.0  117   -7
2.15311158  0.231371  4.229068  2.5  322  -47
2.15310772  0.232295  4.262904  0.9  323  -56
2.15316448  0.229866  4.174228  1.2  182   64
2.15316441  0.228987  4.142354  0.3  181   65
2.15323817  0.232835  4.282759  0.9  177  -18
2.15324154  0.231795  4.244571  1.3  178  -21
2.15324765  0.231595  4.237270  2.0  174  -26
2.15326627  0.233776  4.317463  6.1   38 -127
2.15326781  0.232390  4.266386  6.3   37  -35
2.15332085  0.237160  4.443327  2.2  321  -16
2.15336885  0.237307  4.448864  0.8  213   58
2.15339188  0.229001  4.142883  0.1  349   -5
2.15342903  0.235538  4.382787  0.1  166  -30
2.15343151  0.236825  4.430792  0.6  349  -15
2.15346781  0.233634  4.312207  0.9  176  -25
2.15346771  0.234046  4.327421  1.0  176  -25
2.15351056  0.236982  4.436672  1.0   59   60
2.15350739  0.237803  4.467476  2.0   77   63
2.15355378  0.243838  4.697109  1.0  184   70
2.15359947  0.245745  4.770870  2.1  324   79
2.15363899  0.243041  4.666434  1.3  266   15
2.15362749  0.237413  4.452823  0.0  319  -52
2.15367530  0.231361  4.228705  0.1  299  -40
2.15367611  0.231051  4.217389  0.1  110  -48
2.15367505  0.231371  4.229074  0.1  109  -48
2.15374048  0.237244  4.446496  0.1  270   54
2.15378447  0.239057  4.514723  1.0  295   -8
2.15378434  0.233684  4.314057  0.4  164   20
2.15382078  0.234600  4.347927  1.6  307   38
2.15382191  0.234532  4.345423  1.4  307   37
2.15385127  0.239156  4.518445  3.9   57  -45
2.15388714  0.237957  4.473274  1.9   17   61
2.15389054  0.237508  4.456386  1.5  180   48
2.15396199  0.236160  4.405963  3.3  284   24
2.15392996  0.236345  4.412853  0.8  301  -60
2.15397824  0.233097  4.292397  0.0   18  -32
2.15400510  0.234200  4.333111  0.8   69   75
2.15400279  0.233855  4.320378  0.0  274   41
2.15405405  0.237437  4.453747  0.7   48   65
2.15407630  0.234045  4.327390  0.6  106  -51
2.15409925  0.227105  4.074547  0.6  292   45
2.15410337  0.231043  4.217083  2.5  256   52
2.15414599  0.228213  4.114417  0.7   66   62
2.15415507  0.237175  4.443924  1.2    4   64
2.15419257  0.240320  4.562536  2.7  300   51
2.15421084  0.240227  4.559018  3.0  295   49
2.15424762  0.237611  4.460243  3.2  291   59
2.15427210  0.233175  4.295294  2.9  312  -50
2.15431865  0.231312  4.226901  2.2  108  -60
2.15431810  0.234207  4.333386  2.2   76  -63
2.15431808  0.232347  4.264811  0.0  134   26
2.15439833  0.235886  4.395723  1.4  201  -21
2.15440455  0.232983  4.288197  0.2  203  -26
2.15440545  0.231797  4.244643  0.1  202  -26
2.15446646  0.233019  4.289533  0.9  311   24
2.15447247  0.227332  4.082720  0.4   66   85
2.15447052  0.229472  4.159926  0.1  282   90
2.15452255  0.232688  4.277349  0.2  292  -43
2.15457149  0.225705  4.024489  1.0  305  -55
2.15457157  0.225375  4.012717  0.5  299  -57
2.15457157  0.224217  3.971593  0.0  298  -54
2.15461593  0.231224  4.223683  0.0  354   32
2.15462922  0.232488  4.269986  0.0  301  -34
2.15470161  0.232885  4.284601  0.4  298  -55
2.15471065  0.231265  4.225183  0.0  166  -70
2.15470797  0.231468  4.232629  0.1  190  -66
2.15471162  0.230626  4.201867  0.0  192  -74
2.15478302  0.224978  3.998596  0.2  168  -59
2.15478292  0.226271  4.044674  0.0  186  -67
2.15478628  0.230463  4.195939  0.3  189  -68
2.15483093  0.241707  4.615350  0.1   40   62
2.15486542  0.237006  4.437579  0.7  304   58
2.15486133  0.233508  4.307564  0.0  325  -91
2.15491194  0.239005  4.512757  0.1  186   70
2.15491056  0.240811  4.581217  0.5   18   89
2.15497397  0.240370  4.564440  0.3  185   30
2.15497660  0.240293  4.561503  0.8  356   43
2.15498866  0.241358  4.602027  0.7   20   40
2.15504008  0.243794  4.695412  0.8  111   38
2.15508597  0.234571  4.346861  0.3   46  -55
2.15507899  0.236258  4.409592  0.0  208  -60
2.15512320  0.236698  4.426063  1.9  311   36
2.15512502  0.237504  4.456229  0.9  310   38
2.15516496  0.237146  4.442820  0.7  260   69
2.15517673  0.237530  4.457230  0.7  173  -41
2.15522238  0.240559  4.571640  0.6  165  -64
2.15521828  0.244135  4.708552  2.8   25   39
2.15525141  0.241374  4.602643  0.2  166   -0
2.15529508  0.235014  4.363302  0.4  178  -78
2.15533385  0.230081  4.182045  0.2   34  -83
2.15533438  0.228308  4.117856  1.1  300  -60
2.15533469  0.229144  4.148062  0.4  204  -85
2.15536453  0.233736  4.315953  0.3  175  -16
2.15539777  0.237519  4.456825  0.7  180   34
2.15544465  0.238332  4.487362  0.0  205  -84
2.15547083  0.238453  4.491940  2.6  176   47
2.15550397  0.235047  4.364530  1.2  284  -44
2.15551230  0.229847  4.173528  0.0  302  -41
2.15551898  0.230620  4.201649  0.1  297  -26
2.15557503  0.233408  4.303864  0.1  214   89
2.15557413  0.235543  4.382943  1.4  157   75
2.15558689  0.240369  4.564412  1.6   84  -71
2.15564993  0.236610  4.422769  0.0  165   33
2.15565175  0.233602  4.311007  1.0  343   36
2.15565162  0.232006  4.252310  0.1  338   39
2.15572433  0.234790  4.354972  1.8  352   -6
2.15572734  0.235757  4.390937  2.0  171  -19
2.15575784  0.239659  4.537463  2.5  300  -50
2.15578670  0.238991  4.512202  0.7  175   24
2.15579294  0.235749  4.390625  0.6  351   27
2.15585704  0.238671  4.500145  0.3  297  -11
2.15587196  0.233075  4.291592  2.6  318  -27
2.15586802  0.233367  4.302360  2.8  317  -29
2.15589123  0.232708  4.278087  0.7  299  -13
2.15595637  0.224932  3.996968  0.0  167  -44
2.15595541  0.226703  4.060128  0.6  347  -30
2.15595491  0.231685  4.240563  0.0  312   -9
2.15600671  0.236161  4.406001  0.7   34   58
2.15604056  0.237521  4.456872  1.0   92  -60
2.15603885  0.235937  4.397639  0.4  103  -66
2.15610858  0.228373  4.120185  0.0  256 -108
2.15610988  0.230551  4.199148  0.1  288  -66
2.15611189  0.234131  4.330583  1.5  311  -48
2.15615679  0.237023  4.438215  3.2  103   20
2.15615602  0.232950  4.287005  1.0  275   63
2.15617017  0.233914  4.322528  0.1  315  -37
2.15622955  0.239574  4.534250  0.0  280  -39
2.15623667  0.237623  4.460708  0.1   55  -46
2.15628033  0.242511  4.646103  0.2  291  -47
2.15629535  0.242669  4.652165  0.3  201  -61
2.15633673  0.242117  4.631040  3.3  296   41
2.15636675  0.239237  4.521523  0.7  285 -127
2.15636338  0.236855  4.431934  0.2  217  -58
2.15641254  0.243675  4.690838  0.2  305   67
2.15638408  0.241936  4.624097  1.7  197  -37
2.15644650  0.234404  4.340679  0.0  188   71
2.15648536  0.234450  4.342374  0.0  316   86
2.15651547  0.236218  4.408099  1.0  251   35
2.15652738  0.234082  4.328750  0.0  350   34
2.15653428  0.239882  4.545924  0.4  346   29
2.15659006  0.227046  4.072452  0.0  212   57
2.15659400  0.226875  4.066320  0.3   43   62
2.15660082  0.231643  4.239022  0.4   37   44
2.15663536  0.236465  4.417353  0.4   53   71
2.15665391  0.245483  4.760687  1.4   22   56
2.15671940  0.238996  4.512400  1.8  192   44
2.15671832  0.235671  4.387725  0.0  186  -25
2.15674002  0.231585  4.236892  0.1  196   37
2.15675019  0.237602  4.459905  0.9   19   18
2.15681364  0.234383  4.339884  0.2  196   50
2.15681068  0.235036  4.364113  0.5  287   40
2.15683901  0.229443  4.158879  0.1  321  -89
2.15684111  0.227767  4.098362  0.0  255  -99
2.15688189  0.230757  4.206671  0.1  276   57
2.15690681  0.233999  4.325682  0.0  195  -46
2.15696336  0.226966  4.069558  0.3  334   67
2.15695927  0.228524  4.125650  0.1  175   67
2.15696423  0.225587  4.020254  0.0   17   81
2.15699537  0.236151  4.405599  0.8  154   48
2.15703990  0.230115  4.183291  0.2  187   17
2.15703990  0.230974  4.214587  0.2  187   16
2.15708669  0.236927  4.434628  2.6  196  -34
2.15712400  0.239743  4.540651  2.7   61   36
2.15714140  0.238417  4.490568  1.5  299   68
2.15715592  0.237326  4.449554  4.2   94  -30
2.15718874  0.233857  4.320427  0.2   57  -58
2.15723522  0.232763  4.280106  0.9   32  -31
2.15724498  0.232226  4.260378  0.7   23  -42
2.15726892  0.228800  4.135602  0.1  167  -79
2.15728176  0.234619  4.348624  0.6  327  -51
2.15731078  0.226012  4.035431  0.1  207  -77
2.15731975  0.232996  4.288679  0.1   48  -60
2.15735804  0.237347  4.450349  0.4  313  -40
2.15741043  0.237159  4.443308  0.4   84  -52
2.15741856  0.235864  4.394921  0.0  172  -86
2.15743397  0.240729  4.578098  0.0  355   35
2.15745362  0.242346  4.639783  1.8   63  -77
2.15749193  0.239749  4.540883  1.4  200   37
2.15751090  0.237300  4.448596  4.4  324  -38
2.15751098  0.237076  4.440192  3.4  326  -36
2.15757333  0.241666  4.613783  1.0  280   44
2.15757494  0.240542  4.570993  3.2  283   44
2.15763366  0.230799  4.208172  0.2   78   -4
2.15763307  0.232553  4.272400  0.9   78   -3
2.15763840  0.232478  4.269639  0.2  255   -6
2.15769745  0.238335  4.487491  3.4  353  -14
2.15770452  0.239753  4.541034  3.2  170  -21
2.15775784  0.243540  4.685624  1.2  179  -64
2.15778792  0.236460  4.417150  0.0   34  -85
2.15779173  0.236678  4.425292  0.6  169  -77
2.15779845  0.237863  4.469740  1.0   96    5
2.15785451  0.242413  4.642372  2.0  280   16
2.15787553  0.236132  4.404924  0.1  185   16
2.15787668  0.236510  4.419028  0.1   58   54
2.15790679  0.236928  4.434655  1.5    4   22
2.15793291  0.236643  4.424005  0.4  184   27
2.15793988  0.237281  4.447890  0.5    5   41
2.15800632  0.239569  4.534082  3.8  278  -71
2.15800628  0.236465  4.417343  2.3  294 -102
2.15804693  0.234780  4.354601  4.1   60  -64
2.15805106  0.235086  4.365968  1.0  301  -53
2.15811413  0.233762  4.316922  0.7  198   47
2.15811324  0.232940  4.286631  2.9  315   58
2.15811641  0.231751  4.242983  0.9  287   55
2.15816039  0.233674  4.313679  3.2   76    9
2.15816663  0.233564  4.309635  2.2  254   13
2.15819948  0.237712  4.464069  0.9  211   27
2.15822555  0.239990  4.550010  1.2  190  -60
2.15826336  0.233704  4.314790  0.2    7   28
2.15828814  0.235757  4.390912  0.4    6  -14
2.15830651  0.236522  4.419465  0.9  296  -29
2.15834395  0.234869  4.357930  2.0    5  -28
2.15835506  0.235461  4.379914  1.9    2  -34
2.15837634  0.234592  4.347650  0.3  173  -73
2.15837785  0.233981  4.325015  2.8  327  -31
2.15843711  0.241056  4.590519  1.6  187   13
2.15845102  0.240174  4.557006  0.3  171   58
2.15846969  0.238185  4.481838  1.0  198  -31
2.15850523  0.238394  4.489686  2.2  196   28
2.15850761  0.238871  4.507681  1.6   14   42
2.15856218  0.237722  4.464433  0.7  293   63
2.15858378  0.238012  4.475333  0.0  141   -2
2.15861529  0.237408  4.452648  0.1  196    7
2.15863426  0.235156  4.368569  0.0  192   18
2.15863833  0.235129  4.367575  0.5   14   27
2.15867807  0.240017  4.551045  1.3   99  -59
2.15870411  0.236651  4.424300  0.0  197   58
2.15874020  0.234731  4.352804  0.0  282  -50
2.15877077  0.236308  4.411492  1.1  268   10
2.15877553  0.240895  4.584401  1.0  265    9
2.15880147  0.236065  4.402392  0.3  283   50
2.15881130  0.238687  4.500754  1.0   25  -58
2.15887359  0.240196  4.557821  0.9   89  -43
2.15887153  0.237939  4.472585  2.4  319  -55
2.15888247  0.244140  4.708749  1.0   18   -9
2.15893436  0.244120  4.707973  0.0   55  -23
2.15898854  0.241948  4.624576  0.5  106  -56
2.15898384  0.241506  4.607678  0.0  301  -56
2.15900995  0.238384  4.489336  1.3   12   14
2.15904139  0.240120  4.554938  0.4  294   61
2.15907527  0.232696  4.277659  0.0  267   51
2.15907258  0.232505  4.270628  0.0   97   46
2.15910786  0.236911  4.434036  1.0  303  -52
2.15910831  0.237289  4.448168  1.9  302  -52
2.15916648  0.235252  4.372133  1.6  330   60
2.15917199  0.231066  4.217933  0.9  311   50
2.15922854  0.228615  4.128925  2.1  289   42
2.15922918  0.227358  4.083649  1.9  290   41
2.15923653  0.228038  4.108103  2.7  198   43
2.15922753  0.227667  4.094760  1.8  119   31
2.15931080  0.235768  4.391323  5.3  307   10
2.15931594  0.237911  4.471535  5.9  309  177
2.15938557  0.231324  4.227348  1.9  299   23
2.15938774  0.226551  4.054715  5.8  289    8
2.15938939  0.226604  4.056603  5.8  291   11
2.15940068  0.231415  4.230677  0.1  293  -59
2.15945229  0.235407  4.377883  0.3  254   12
2.15945285  0.236509  4.418981  0.7  256   19
2.15953156  0.231530  4.234867  3.1  135   13
2.15952832  0.230559  4.199421  2.7  310   23
2.15954193  0.231061  4.217756  1.5  110  -41
2.15954672  0.231237  4.224175  4.1  315  -34
2.15960460  0.229674  4.167244  1.3  175   20
2.15961109  0.233869  4.320870  0.0  181    6
2.15962010  0.234873  4.358053  3.6    7    6
2.15968913  0.231529  4.234851  2.8    4  -56
2.15969339  0.232431  4.267918  2.7  189  -63
2.15969200  0.231972  4.251070  3.1  184  -62
2.15976741  0.234678  4.350829  2.6  182  -26
2.15977716  0.232545  4.272096  0.0  179   51
2.15979339  0.235599  4.385030  0.8  292  -47
2.15981140  0.234862  4.357653  2.2    6   25
2.15982743  0.235251  4.372117  2.1    1   16
2.15982922  0.235588  4.384639  2.1  182    3
2.15990044  0.238811  4.505424  3.2  306  -40
2.15992192  0.236218  4.408101  3.9  317  -25
2.15992168  0.235960  4.398487  3.9  317  -24
2.15998326  0.238389  4.489520  5.1  308   29
2.15998800  0.239555  4.533541  1.7  161   33
2.16001669  0.235836  4.393853  1.2  292   26
2.16002602  0.237560  4.458341  0.5  288   19
2.16008856  0.240999  4.588360  0.1  268  -86
2.16008880  0.238728  4.502302  0.2  307  -59
2.16009037  0.238365  4.488617  0.1  114  -86
2.16017259  0.239284  4.523303  4.0  306   39
2.16018147  0.238581  4.496735  4.5  124   36
2.16017896  0.239341  4.525436  4.4  298   43
2.16017819  0.237008  4.437636  4.0  131   30
2.16024140  0.243259  4.674839  3.6  312  -47
2.16028469  0.244382  4.718091  4.5    5  -28
2.16029424  0.240799  4.580753  4.3   10  -13
2.16033016  0.239837  4.544236  2.2   42  -52
2.16034004  0.234297  4.336701  0.0  283  -36
2.16034048  0.234631  4.349072  0.1  284  -37
2.16040388  0.232230  4.260547  0.0   99   50
2.16040190  0.233753  4.316605  0.1  276   50
2.16044559  0.242170  4.633050  6.5  111  -60
2.16046561  0.240882  4.583898  2.0   46   21
2.16048099  0.241440  4.605160  2.1   43   32
2.16050405  0.240464  4.567998  4.2  316 -136
2.16055943  0.239379  4.526897  2.8   10   11
2.16056016  0.239211  4.520540  2.9  194   -4
2.16057082  0.239222  4.520950  3.2  189   16
2.16057648  0.242617  4.650193  4.1  178   -3
2.16063909  0.241341  4.601405  0.9  289  -17
2.16064029  0.241311  4.600268  0.8  288  -15
2.16070878  0.240706  4.577229  1.4  292   59
2.16074431  0.238480  4.492948  2.1   43  -45
2.16073638  0.238195  4.482225  3.0  316  -57
2.16075822  0.242165  4.632852  0.0   56  -25
2.16078537  0.236051  4.401882  0.0  181   26
2.16079656  0.234936  4.360412  0.2   32   63
2.16084711  0.239272  4.522818  0.1  179   55
2.16086548  0.236953  4.435582  0.0  210  -15
2.16087418  0.244338  4.716369  1.0   12  -29
2.16092730  0.234878  4.358252  0.7  151  -80
2.16093100  0.232187  4.258957  0.2   98  -69
2.16095638  0.231654  4.239438  0.1  203  -49
2.16096140  0.236329  4.412278  1.7  241  -69
2.16101474  0.239737  4.540441  2.8  305  -57
2.16102053  0.241940  4.624271  3.8  314  -32
2.16109339  0.242331  4.639220  4.3    7   17
2.16112072  0.237312  4.449048  4.9  296   49
2.16111706  0.237349  4.450425  4.9  125   40
2.16112150  0.238294  4.485955  4.1  285   39
2.16117025  0.240826  4.581781  0.1  193  -23
2.16116917  0.241675  4.614129  0.2  192  -24
2.16122234  0.243592  4.687622  1.1  321  -48
2.16123086  0.242242  4.635822  0.8  313  -41
2.16127587  0.241355  4.601921  3.7  103   12
2.16127076  0.241857  4.621071  2.6  315  -32
2.16130737  0.241797  4.618795  0.3   16   -5
2.16132504  0.245596  4.765068  1.9  184    9
2.16139482  0.241390  4.603279  6.1  134  -56
2.16139351  0.239620  4.535985  5.4  310  -40
2.16141258  0.239486  4.530946  1.0  316  -35
2.16141189  0.238469  4.492547  5.3  319  -40
2.16146038  0.241973  4.625506  1.7  340   -4
2.16148423  0.239064  4.514963  0.0    8   50
2.16152668  0.238873  4.507751  0.8  197   48
2.16153156  0.235778  4.391717  0.1  206   49
2.16158240  0.231036  4.216824  0.0  200   54
2.16158508  0.230952  4.213775  0.0  202   49
2.16157976  0.234593  4.347682  0.1   47   78
2.16159087  0.235550  4.383232  2.0  293  -43
2.16164804  0.239113  4.516824  0.5  197  -55
2.16170517  0.230837  4.209570  0.6  281  -67
2.16170695  0.231107  4.219411  0.9   43  -74
2.16170993  0.231437  4.231487  0.2  299  -69
2.16175802  0.242285  4.637459  1.4  295   19
2.16177372  0.237993  4.474630  0.9  292   68
2.16181031  0.236212  4.407894  0.3  301   49
2.16181928  0.239338  4.525325  0.8  294   49
2.16185687  0.242125  4.631350  0.0  299  -56
2.16190161  0.239586  4.534728  0.1   69   25
2.16190135  0.241072  4.591149  1.2  129   39
2.16194613  0.237980  4.474110  0.7  298   57
2.16196315  0.230591  4.200620  0.2  195   69
2.16197530  0.234431  4.341684  1.9  198   21
2.16197588  0.237884  4.470528  2.3    5   49
2.16204259  0.237628  4.460887  2.1   93   18
2.16205970  0.236396  4.414750  1.7  147   14
2.16208115  0.236915  4.434179  1.7  282  131
2.16208319  0.232696  4.277656  0.1  258   39
2.16216483  0.235358  4.376076  0.3  291  -54
2.16216695  0.230563  4.199568  0.3  199   68
2.16217751  0.230475  4.196393  0.0   56   83
2.16222133  0.226482  4.052240  0.4  203   53
2.16221609  0.227571  4.091282  0.9   44   61
2.16225129  0.227487  4.088279  0.8  181   36
2.16225996  0.232774  4.280509  2.6  309   39
2.16235031  0.226598  4.056398  1.9   78  -67
2.16234837  0.226485  4.052349  2.5  268  -66
2.16235133  0.226741  4.061510  2.8   76  -67
2.16236357  0.231852  4.246668  0.0   66  -67
2.16241597  0.226056  4.036998  3.9  300   41
2.16242073  0.228459  4.123287  2.7  294   46
2.16246738  0.221297  3.868803  0.0   77  106
2.16246451  0.221772  3.885427  0.0  286   66
2.16252364  0.233613  4.311428  0.5   48  -60
2.16252248  0.232678  4.276987  0.0   68  -59
2.16252598  0.235596  4.384920  2.1  277  -26
2.16255326  0.238104  4.478784  2.6  334  -39
2.16263413  0.222006  3.893647  0.6  119  -74
2.16263219  0.214131  3.622305  0.1  265  -67
2.16263883  0.216648  3.707965  0.2  286  -65
2.16263847  0.215055  3.653644  0.1  287  -65
2.16272951  0.228923  4.140068  0.1  158  -70
2.16272770  0.228748  4.133709  0.0  299  -60
2.16272772  0.228944  4.140815  0.2  193  -82
2.16277588  0.231004  4.215665  0.9  298  -38
2.16279548  0.236177  4.406600  0.6   36   59
2.16283666  0.236091  4.403396  0.6  287   55
2.16286149  0.235526  4.382315  0.2   92   13
2.16289386  0.233787  4.317846  0.3  158  -73
2.16289359  0.236087  4.403231  0.0   83  -46
2.16299392  0.236421  4.415697  2.5  281   54
2.16297084  0.234784  4.354750  0.4  318   23
2.16300034  0.235313  4.374406  1.0  299  -17
2.16304716  0.223146  3.933739  3.5  278   33
2.16304896  0.223231  3.936727  4.0  110   36
2.16305658  0.220801  3.851487  3.0  114   50
2.16305518  0.222077  3.896127  3.1  281   53
2.16310725  0.232940  4.286623  0.1  193   66
2.16312312  0.233658  4.313093  0.0   99   52
2.16312389  0.233634  4.312196  0.1   94   49
2.16319999  0.232580  4.273380  2.6  299   55
2.16321159  0.232835  4.282757  1.9  175   17
2.16321889  0.231764  4.243443  0.3  176    6
2.16330399  0.227878  4.102346  0.5  105   43
2.16330465  0.225958  4.033500  0.3  275   37
2.16330527  0.226850  4.065413  1.0  274   40
2.16333261  0.231699  4.241075  0.0  163   23
2.16336440  0.229431  4.158451  2.0  302  -23
2.16336660  0.226908  4.067493  0.6  134  -23
2.16343199  0.216168  3.691544  2.7  299   49
2.16343209  0.219729  3.814182  3.9  303   53
2.16343268  0.218056  3.756322  2.6  296  131
2.16343462  0.224668  3.987585  4.0  171   40
2.16347292  0.231640  4.238894  2.6  230  -12
2.16352087  0.233466  4.306015  2.8    2  -32
2.16357494  0.233442  4.305135  0.5  176    5
2.16360336  0.223505  3.946408  0.6   41  -68
2.16360394  0.217102  3.723521  0.0    6  -31
2.16360533  0.222143  3.898456  0.2    8  -35
2.16361523  0.223530  3.947305  2.9  302  -41
2.16368492  0.233312  4.300320  0.2  160  -18
2.16373283  0.237736  4.464943  2.2   36  -51
2.16373919  0.237890  4.470755  3.8  306  -38
2.16372688  0.235959  4.398454  2.7  324 -109
2.16376195  0.236570  4.421259  1.6  304  -20
2.16382630  0.232722  4.278609  1.3  292   34
2.16382435  0.232291  4.262760  1.1  292   33
2.16386332  0.230913  4.212326  0.1  213   63
2.16387439  0.231714  4.241605  0.0  292   63
2.16389257  0.237211  4.445247  0.1   73  -84
2.16395605  0.238525  4.494639  0.2  271   -4
2.16396066  0.234753  4.353602  0.2   88   -3
2.16398632  0.232656  4.276169  2.2  214   74
2.16399865  0.233034  4.290080  0.1  299  -70
2.16404247  0.231746  4.242776  0.0  289  -64
2.16404391  0.226662  4.058669  0.4  211  -63
2.16406722  0.226011  4.035393  0.0   48  -19
2.16410187  0.230886  4.211355  0.2  261   25
2.16412735  0.235366  4.376371  1.1   73   69
2.16414781  0.233390  4.303197  0.1  299  -44
2.16416558  0.241311  4.600238  1.9  284  -37
2.16423452  0.225041  4.000829  1.0  201   40
2.16423467  0.222527  3.911939  0.2   44   58
2.16423481  0.221674  3.882017  0.1   33   59
2.16424941  0.232465  4.269171  0.1  205   -0
2.16431740  0.231333  4.227677  2.2  180  -46
2.16431505  0.232811  4.281874  1.4  181  -33
2.16438168  0.230293  4.189752  3.3  164   20
2.16440913  0.227822  4.100331  0.9  293 -127
2.16441103  0.227198  4.077898  0.3  292  -52
2.16440955  0.226011  4.035397  0.4  114  -53
2.16446594  0.230819  4.208927  2.0  303   49
2.16447131  0.230061  4.181328  3.2  303   53
2.16447145  0.229763  4.170475  2.1  304   53
2.16450323  0.236849  4.431683  0.8  294   63
2.16457004  0.233261  4.298453  0.1  284   -3
2.16459604  0.231771  4.243721  0.1  279  -17
2.16459175  0.230352  4.191897  0.2   64  -49
2.16463320  0.236010  4.400347  4.4   76    9
2.16463513  0.235359  4.376126  3.7   72    9
2.16471448  0.230285  4.189450  0.5  209   38
2.16470797  0.227698  4.095846  0.5   34   44
2.16471925  0.235051  4.364668  1.2  352  -40
2.16477891  0.230854  4.210185  2.5  193  -40
2.16477779  0.231738  4.242507  1.0  358  -20
2.16478847  0.232283  4.262468  0.0  164  -47
2.16479238  0.232119  4.256468  3.7  315  -26
2.16486024  0.228598  4.128312  0.8  357   21
2.16485814  0.229177  4.149261  2.9  124   22
2.16485883  0.229112  4.146889  2.6  126   16
2.16494224  0.231292  4.226169  0.7  172  -10
2.16494272  0.230779  4.207447  0.6  172   -9
2.16496847  0.236382  4.414236  0.1   49   61
2.16501089  0.232768  4.280280  0.3  209   20
2.16503175  0.233645  4.312600  0.7   53  -50
2.16501358  0.234548  4.345999  0.6   30   35
2.16508314  0.236126  4.404697  4.1  339   -5
2.16509209  0.236049  4.401826  1.3  173  -23
2.16512105  0.235986  4.399445  0.6  174   58
2.16518514  0.222561  3.913144  0.5  215   59
2.16518642  0.219459  3.804807  0.0  204   61
2.16518808  0.219228  3.796815  0.8   36   59
2.16518963  0.222973  3.927631  0.0   37   65
2.16523285  0.237022  4.438178  3.8  299  -33
2.16523858  0.237433  4.453577  4.3  306  -32
2.16523326  0.236732  4.427325  4.0  299  -30
2.16534230  0.234587  4.347447  0.0   36  -21
2.16537248  0.235391  4.377298  0.4  184   11
2.16535671  0.234341  4.338336  0.1  197  -41
2.16539133  0.237286  4.448055  0.7  174  -16
2.16544608  0.228090  4.109997  0.1  294   46
2.16544614  0.230367  4.192437  0.4  290   47
2.16544690  0.231718  4.241766  0.8  296   47
2.16550906  0.233529  4.308343  1.2  170   25
2.16556321  0.236887  4.433119  0.7  252    5
2.16556617  0.232807  4.281723  0.1  186   58
2.16556136  0.231735  4.242390  0.0   13   78
2.16559442  0.231855  4.246771  0.1  344   75
2.16565496  0.233452  4.305493  1.0  302   38
2.16566522  0.236400  4.414898  0.9  195   95
2.16566579  0.234649  4.349764  2.6  290   64
2.16568506  0.237544  4.457727  0.4  335 -106
2.16572468  0.234880  4.358324  1.0   11    1
2.16575670  0.231529  4.234864  0.4  276  -75
2.16575809  0.235686  4.388275  1.7   60  -63
2.16579801  0.230154  4.184694  0.4   73  -70
2.16580134  0.231597  4.237327  0.4   91  -64
2.16584110  0.241828  4.619968  2.2  276  -45
2.16588186  0.235463  4.379980  0.6  159  -39
2.16588022  0.235828  4.393581  1.4  161  -40
2.16596505  0.236925  4.434528  0.2  125   63
2.16595985  0.236840  4.431380  0.3  306   59
2.16597959  0.235121  4.367275  0.1  106  -56
2.16597987  0.236974  4.436360  0.8  306  -54
2.16603787  0.233388  4.303137  0.0  188   74
2.16603841  0.233957  4.324118  0.0  192   54
2.16611220  0.234537  4.345618  1.3  162    7
2.16611091  0.229089  4.146068  0.0  331   47
2.16611727  0.234326  4.337800  0.2  295   17
2.16614389  0.240501  4.569434  0.2  176   54
2.16618514  0.238427  4.490950  0.3   32   57
2.16621583  0.234546  4.345930  0.6  116   24
2.16622816  0.232255  4.261450  0.0  299   67
2.16626421  0.230951  4.213743  0.4  290   13
2.16627890  0.235854  4.394552  0.5   66  -58
2.16627555  0.229065  4.145193  0.2  291   13
2.16633961  0.236215  4.407989  0.3  193   34
2.16633735  0.236514  4.419185  0.3   11   44
2.16638498  0.234156  4.331507  0.2  175  -56
2.16639492  0.223571  3.948719  0.0  208  -77
2.16642764  0.233330  4.301003  0.7   86   27
2.16644574  0.230439  4.195070  0.0  308  -47
2.16649900  0.223740  3.954710  0.1  292  -39
2.16650023  0.222250  3.902204  0.1  111  -46
2.16654714  0.225637  4.022054  3.0   99   24
2.16654656  0.225876  4.030573  2.5  272   31
2.16655662  0.224332  3.975663  3.8  256   22
2.16655462  0.225552  4.019009  3.4  264   29
2.16668455  0.233949  4.323852  3.9   90   20
2.16667532  0.234315  4.337387  3.7  267   16
2.16670200  0.225896  4.031291  1.7   70   42
2.16670493  0.224264  3.973268  0.2  224   43
2.16670778  0.225902  4.031503  1.7   51   52
2.16674985  0.231031  4.216642  1.5  208   27
2.16677586  0.230246  4.188055  0.1  198   43
2.16682781  0.233012  4.289271  2.3   88   34
2.16683580  0.229864  4.174144  5.9  305   42
2.16687195  0.226895  4.067013  0.7  100  -43
2.16689069  0.223006  3.928809  0.7  197   37
2.16689224  0.221072  3.860955  0.1   21   49
2.16692228  0.232062  4.254355  2.5  189  -11
2.16696753  0.226259  4.044244  1.6  256   60
2.16696905  0.228748  4.133712  2.3  260   63
2.16702232  0.230438  4.195014  3.0  279  -15
2.16702931  0.229863  4.174111  3.3  275 -169
2.16704928  0.230852  4.210111  3.3   95    1
2.16709948  0.229811  4.172233  2.5   32   71
2.16709939  0.227600  4.092354  0.4   43   77
2.16714309  0.224745  3.990319  0.0  293  -35
2.16714091  0.223054  3.930494  0.5  105  -44
2.16717131  0.225358  4.012109  0.1  202  -19
2.16719179  0.226105  4.038766  4.3  311  -43
2.16722427  0.225184  4.005931  0.0   57  -61
2.16727788  0.228372  4.120134  4.2  306  -22
2.16727458  0.228852  4.137478  4.1  300  -23
2.16727769  0.229474  4.159991  0.0  114  -23
2.16730222  0.230371  4.192592  0.6  210  -51
2.16734667  0.232139  4.257177  1.6  306    3
2.16734733  0.232035  4.253380  1.5  307    2
2.16740951  0.237145  4.442783  0.3  176   16
2.16741186  0.235864  4.394907  0.0  172   16
2.16748701  0.238890  4.508403  3.8  298   69
2.16749142  0.233452  4.305502  3.2  187   35
2.16749810  0.232342  4.264651  2.1  188   26
2.16751104  0.235364  4.376292  2.6   11   29
2.16757457  0.234903  4.359168  3.1  182  -50
2.16758813  0.230670  4.203491  4.2   15  -38
2.16758993  0.230442  4.195176  4.3   18  -39
2.16759170  0.230849  4.210000  4.3   18  -38
2.16766374  0.230604  4.201064  0.0  274  -21
2.16766592  0.230878  4.211066  2.9  291  -33
2.16767283  0.232909  4.285492  0.4   28  -31
2.16766660  0.231692  4.240821  3.0   89  -26
2.16772963  0.234252  4.335047  2.3  303  -16
2.16779025  0.233068  4.291335  2.6  189  -74
2.16779119  0.233297  4.299761  3.2  351 -109
2.16780369  0.235921  4.397030  5.6  274  -10
2.16783432  0.240121  4.555001  1.1  193  -44
2.16788417  0.239419  4.528413  0.4   81  -27
2.16791113  0.226652  4.058328  0.3   85  -57
2.16791057  0.228858  4.137693  0.4  280  -53
2.16795246  0.238209  4.482749  0.7  310   53
2.16796974  0.240158  4.556404  0.2  259   -1
2.16800337  0.241247  4.597793  4.1  339  -10
2.16803412  0.236498  4.418574  0.0  183   14
2.16805846  0.233563  4.309575  0.0  316   33
2.16808314  0.234651  4.349834  0.0  288   -2
2.16808796  0.236753  4.428096  0.0  292   -2
2.16813207  0.241605  4.611472  0.7  293   71
2.16816663  0.235244  4.371841  0.3   31  -50
2.16816596  0.233854  4.320337  0.6  210  -60
2.16820867  0.233020  4.289565  1.0    9   55
2.16823129  0.236498  4.418575  0.0    9   48
2.16827094  0.238502  4.493784  0.0  320  -64
2.16826588  0.239504  4.531605  0.6  299  -53
2.16832075  0.228810  4.135985  3.0  119   13
2.16832363  0.229081  4.145766  3.5  117    4
2.16832554  0.228888  4.138803  4.0  115    0
2.16837726  0.229517  4.161550  2.6  126   47
2.16838004  0.233869  4.320878  2.7  274   54
2.16845937  0.227512  4.089170  0.9  215   51
2.16846333  0.227975  4.105824  1.0  208   50
2.16846905  0.226803  4.063723  0.8  209   51
2.16847407  0.231132  4.220347  4.1  163   -1
2.16852957  0.234370  4.339402  3.5  300   58
2.16853251  0.234354  4.338811  3.0  153   43
2.16857722  0.233900  4.322039  0.2  295   46
2.16862496  0.223161  3.934276  6.8  332  -14
2.16862480  0.223046  3.930224  6.9  332  -15
2.16863008  0.223371  3.941663  8.0  151  -27
2.16862536  0.223408  3.942975  6.8  332  -14
2.16869897  0.233901  4.322060  0.0  305  -62
2.16872692  0.234421  4.341309  0.4  293  -52
2.16875844  0.233423  4.304427  3.1  301   61
2.16876063  0.233753  4.316590  2.8  145   53
2.16878265  0.236378  4.414106  2.8  214  -61
2.16880222  0.237188  4.444387  1.0   75  -24
2.16886039  0.240677  4.576107  1.0  174  -20
2.16888232  0.231279  4.225691  0.0  277   68
2.16888211  0.233657  4.313038  1.0  295   63
2.16893974  0.236005  4.400157  3.3  277  -61
2.16895831  0.226745  4.061657  1.0   93  -56
2.16895387  0.226731  4.061159  2.3   83  -65
2.16896528  0.233468  4.306094  1.9  206  -47
2.16905428  0.236487  4.418146  2.3  206   52
2.16905276  0.234772  4.354317  1.8  169  -68
2.16908317  0.235499  4.381312  0.8  198  -25
2.16910372  0.229508  4.161230  0.0   30   14
2.16911606  0.228934  4.140453  0.4   28   18
2.16912369  0.233165  4.294904  0.6   24   19
2.16916454  0.235259  4.372409  0.1  129   45
2.16916656  0.238407  4.490192  1.0  195  -51
2.16925027  0.236004  4.400119  3.6  198   50
2.16924994  0.236807  4.430123  3.1  198   50
2.16927067  0.235609  4.385428  5.5  197   15
2.16931939  0.236210  4.407811  1.2   34  -60
2.16933190  0.236306  4.411404  3.1   39  -17
2.16935743  0.234315  4.337386  2.7   16  -58
2.16938800  0.234590  4.347581  0.2   77   74
2.16938798  0.236139  4.405182  0.6   77   74
2.16942819  0.235304  4.374082  1.0  321  -33
2.16942905  0.234973  4.361768  2.3  321  -38
2.16949499  0.237190  4.444469  0.5  296  -39
2.16949721  0.236278  4.410367  0.2  302  -33
2.16953089  0.235359  4.376098  1.5  179   54
2.16957286  0.234338  4.338211  0.2  204   71
2.16957563  0.234667  4.350413  0.9  173   61
2.16957621  0.231259  4.224962  2.0  162   38
2.16960512  0.238799  4.504978  2.4  222  -81
2.16966550  0.243634  4.689230  0.2   27   53
2.16970088  0.230627  4.201923  0.1   27  -59
2.16972641  0.233378  4.302759  2.1  108   -3
2.16973069  0.233028  4.289847  1.5  285    9
2.16972860  0.233075  4.291586  0.0  286    3
2.16974796  0.233018  4.289503  0.6  200  -21
2.16973277  0.233369  4.302431  1.1  291    2
2.16985930  0.234348  4.338607  3.4  152  -52
2.16985676  0.233116  4.293115  0.6   83  -32
2.16988959  0.227163  4.076641  0.7  285  -17
2.16989127  0.226041  4.036456  0.0  284  -13
2.16989499  0.228183  4.113336  0.6  287  -13
2.16994553  0.241046  4.590143  0.0   76  -65
2.17000660  0.241359  4.602082  0.9   35  -79
2.17000557  0.240369  4.564412  0.3  175  -66
2.17004695  0.236359  4.413378  0.1  109   20
2.17005477  0.235665  4.387484  0.0  179  -43
2.17006300  0.238975  4.511600  1.7  284   54
2.17006548  0.240873  4.583559  2.9  266   14
2.17013572  0.243268  4.675152  0.1   47  -38
2.17019248  0.242126  4.631375  4.9  331   21
2.17020517  0.238930  4.509907  5.1  145   -6
2.17022271  0.238681  4.500521  2.8   37   29
2.17023133  0.237335  4.449889  0.1  218   -1
2.17027092  0.231749  4.242904  0.2  240   50
2.17026921  0.233912  4.322477  0.8  196   46
2.17031774  0.237146  4.442832  0.3  317   56
2.17031419  0.236726  4.427105  0.3  281   62
2.17036312  0.240101  4.554226  2.1  195   29
2.17036762  0.237839  4.468827  3.0  313  -39
2.17040293  0.235989  4.399559  3.4    1   52
2.17040229  0.237348  4.450377  3.4   12   53
2.17051066  0.235078  4.365666  0.8  197    5
2.17052219  0.232223  4.260289  1.5  278   21
2.17052229  0.232521  4.271233  2.1  279   21
2.17053428  0.230324  4.190867  1.7  293 -188
2.17054037  0.228653  4.130289  0.2  294   31
2.17056903  0.232058  4.254230  0.0   67  -72
2.17060392  0.241568  4.610067  0.0  287  120
2.17066173  0.233193  4.295921  5.6  280   20
2.17067922  0.230102  4.182824  5.1  120   11
2.17069779  0.228824  4.136456  2.5  304    3
2.17069628  0.229270  4.152604  2.9  305    2
2.17073907  0.234467  4.343007  3.5  302  -57
2.17083343  0.225128  4.003918  1.4   45  -38
2.17080372  0.233199  4.296160  0.1  121   55
2.17083167  0.220599  3.844461  0.0  252  -71
2.17083417  0.224025  3.964794  0.3  248  -60
2.17083561  0.225179  4.005748  0.2  235  -60
2.17084934  0.225435  4.014837  1.2  295   50
2.17087677  0.238046  4.476613  3.1  187   26
2.17094891  0.236070  4.402576  1.8  203   42
2.17097713  0.235197  4.370084  1.0  209   40
2.17099751  0.230179  4.185592  6.1  209   36
2.17101119  0.230393  4.193401  6.2  197   13
2.17101560  0.229988  4.178669  1.3  200  -22
2.17102263  0.234641  4.349466  2.4  187   -8
2.17107151  0.232676  4.276928  0.2   97  -12
2.17112310  0.228144  4.111908  1.6  302  -36
2.17112294  0.227882  4.102478  1.4  302  -37
2.17117253  0.230628  4.201951  0.5  286  -36
2.17117269  0.227446  4.086792  0.2  284  -35
2.17124780  0.233292  4.299578  1.8  233  -73
2.17124950  0.231668  4.239942  0.0  268  -60
2.17125022  0.232106  4.255969  2.0   69  -55
2.17130571  0.232168  4.258263  4.2   51  -34
2.17131035  0.234634  4.349203  2.7  291  -47
2.17131099  0.234033  4.326944  3.0  290  -42
2.17135660  0.232789  4.281077  0.0  163   24
2.17138030  0.237751  4.465535  0.8  284  -14
2.17144077  0.228235  4.115189  0.1  288   -6
2.17144039  0.228284  4.116968  0.6  288   -6
2.17145090  0.229452  4.159223  2.3  293  -13
2.17144033  0.230957  4.213950  1.3  288   -6
2.17152794  0.238465  4.492396  1.0  208  -50
2.17152819  0.237654  4.461857  3.4  207  -50
2.17160646  0.237266  4.447325  3.2   38    2
2.17161918  0.235759  4.391010  0.4  276  -56
2.17162447  0.232070  4.254678  0.0  285  -62
2.17162314  0.228193  4.113688  0.0   74  -61
2.17164183  0.233286  4.299380  2.4   49   42
2.17171780  0.235284  4.373331  0.6  296   67
2.17172266  0.234067  4.328207  0.1   85   53
2.17172141  0.237740  4.465094  0.9  276   61
2.17177602  0.230217  4.186978  3.2  112   50
2.17177548  0.231744  4.242730  3.3  280   41
2.17180116  0.235255  4.372255  2.9  297   35
2.17185475  0.229994  4.178883  0.1   23   23
2.17185645  0.231682  4.240453  0.1  204   11
2.17185889  0.236934  4.434868  0.6  278   64
2.17192416  0.230137  4.184084  3.6  187   30
2.17192434  0.230067  4.181542  3.3  188   34
2.17196903  0.233181  4.295504  0.3   91  -18
2.17199937  0.225458  4.015659  0.0  270   13
2.17201353  0.229592  4.164283  1.0   95   23
2.17201750  0.228468  4.123597  0.1  266   29
2.17202240  0.232539  4.271874  0.6  254   71
2.17209812  0.230398  4.193584  0.6  202   59
2.17209710  0.232104  4.255925  0.7   42  125
2.17213603  0.231084  4.218577  0.2  191  -60
2.17213599  0.233991  4.325390  0.8  209  -64
2.17218679  0.233380  4.302834  1.0  302   -3
2.17225299  0.231705  4.241289  1.0  358  -12
2.17224602  0.232516  4.271045  0.4   12    6
2.17227447  0.229491  4.160610  0.2  180  -76
2.17227680  0.227357  4.083596  0.1  196  -78
2.17232406  0.229481  4.160270  4.3  319  -30
2.17232992  0.233822  4.319141  3.2  310  -38
2.17234183  0.232100  4.255764  3.2  311  -31
2.17241283  0.226480  4.052167  0.2  302  -14
2.17241603  0.222202  3.900542  0.0  306   -2
2.17242733  0.233311  4.300296  1.0  309  -22
2.17247749  0.228239  4.115349  1.7  304   42
2.17248153  0.230177  4.185523  3.9  304   20
2.17250910  0.237044  4.439008  0.0   65  -40
2.17252642  0.236234  4.408701  1.7  224  -58
2.17257463  0.237077  4.440237  0.0  294 -102
2.17262571  0.233471  4.306182  0.0  286   -6
2.17262599  0.234184  4.332536  3.1  107   -5
2.17262680  0.233361  4.302125  2.6  106   -6
2.17264492  0.235231  4.371349  0.1  309    6
2.17269327  0.241981  4.625844  0.4   17  -45
2.17272912  0.239217  4.520774  0.0   26   32
2.17274232  0.236855  4.431927  1.0  221   70
2.17274822  0.239348  4.525710  2.1   30   65
2.17277901  0.241007  4.588650  2.9  304 -137
2.17279285  0.239779  4.542012  0.7  320  -36
2.17285082  0.238820  4.505782  0.5    1  -47
2.17288994  0.237712  4.464045  4.2  172  -22
2.17289882  0.235520  4.382101  0.0  186   49
2.17292203  0.240251  4.559927  1.9  201   48
2.17294031  0.240109  4.554524  2.6   95  -43
2.17294588  0.241502  4.607547  2.0  282  -43
2.17300370  0.242004  4.626723  0.4  274   31
2.17304327  0.239159  4.518567  2.6  286    7
2.17304955  0.239045  4.514248  1.0  285   12
2.17304808  0.238821  4.505818  0.2   34  -21
2.17308130  0.238139  4.480094  2.7  226  -72
2.17310291  0.236669  4.424974  1.7   98  -30
2.17312996  0.240535  4.570695  0.9  305  -60
2.17318151  0.230267  4.188824  1.6   13  -49
2.17318757  0.227899  4.103088  0.1   24  -46
2.17321905  0.233117  4.293155  1.0  207  -39
2.17322416  0.233184  4.295590  2.3   30  -39
2.17326159  0.238246  4.484144  2.8   54  -54
2.17330289  0.231956  4.250490  1.1  325   63
2.17330292  0.230277  4.189189  0.4   51   87
2.17335127  0.239719  4.539760  3.8  189   34
2.17338668  0.231724  4.241969  0.0  192  -19
2.17338636  0.235715  4.389369  0.8  193  -23
2.17342691  0.233099  4.292462  1.0  305   29
2.17344887  0.233708  4.314924  6.5  304   31
2.17348048  0.235896  4.396123  2.0  172   56
2.17348085  0.235123  4.367355  0.0  287   33
2.17352332  0.234636  4.349280  1.4  360   17
2.17353913  0.233659  4.313127  0.1    4  -10
2.17355445  0.233788  4.317897  1.1  295   62
2.17360733  0.233440  4.305034  0.5   65   62
2.17361046  0.236777  4.429005  1.4   53   63
2.17365546  0.231290  4.226104  3.2  301   59
2.17368794  0.216562  3.705038  0.0  312   55
2.17368961  0.212461  3.566027  0.2  142   52
2.17370541  0.218328  3.765701  0.1  179    9
2.17375700  0.230118  4.183398  1.0   67   87
2.17377742  0.228558  4.126868  3.8  156  -67
2.17377755  0.229401  4.157367  4.6  323  -55
2.17385249  0.225412  4.014026  0.8  157  -16
2.17385475  0.227006  4.071014  3.2  172  -21
2.17386977  0.224656  3.987157  0.3  120  -50
2.17390128  0.229619  4.165281  0.0  306   65
2.17393268  0.227796  4.099373  0.3  352   -8
2.17400157  0.225755  4.026269  0.2  113  -42
2.17400128  0.227030  4.071884  1.0  113  -42
2.17400132  0.225554  4.019104  2.0  310  -35
2.17400217  0.225310  4.010395  1.1  308  -37
2.17406972  0.231878  4.247632  0.1  187   41
2.17407048  0.229966  4.177877  0.0   98  -61
2.17411390  0.229242  4.151593  0.2  289   52
2.17411666  0.227503  4.088862  0.0  283   53
2.17412327  0.232796  4.281329  0.7  281   47
2.17416674  0.231858  4.246875  0.0  110  -46
2.17422405  0.233049  4.290650  0.0   24  -27
2.17423360  0.234289  4.336426  1.5  193  -25
2.17425515  0.235840  4.394038  0.3   19   22
2.17428138  0.236662  4.424685  0.5   57    4
2.17430536  0.236902  4.433667  0.1   60  -35
2.17432804  0.233883  4.321385  0.2   92  -60
2.17432684  0.234567  4.346697  0.1   90  -61
2.17439587  0.229998  4.179016  2.2   71   54
2.17439074  0.232584  4.273517  0.6  261   39
2.17443482  0.233080  4.291768  1.4   76   65
2.17444230  0.233497  4.307145  1.1   62   69
2.17449102  0.235155  4.368550  1.4   51   50
2.17455784  0.235339  4.375376  1.8   72   54
2.17454409  0.231791  4.244424  0.5  256   33
2.17455371  0.231829  4.245839  1.8   65   52
2.17458216  0.230703  4.204685  0.0  151  -92
2.17459505  0.229241  4.151561  0.6   49   69
2.17464124  0.227701  4.095984  0.1    3   43
2.17465129  0.230339  4.191429  1.0  183   28
2.17469886  0.231944  4.250046  2.4  298   34
2.17471543  0.224024  3.964757  2.6  108   16
2.17475154  0.218918  3.786092  0.2  181   45
2.17475243  0.221974  3.892526  0.3  180   45
2.17479130  0.229243  4.151624  0.2  197   35
2.17481464  0.232796  4.281308  1.8  310  -37
2.17486665  0.221874  3.889004  1.7   30  -63
2.17486935  0.218720  3.779244  1.2   37  -70
2.17487004  0.219542  3.807692  1.2   44  -64
2.17488942  0.221775  3.885546  2.7   87  -12
2.17489087  0.224271  3.973507  2.9  267  -12
2.17495984  0.220524  3.841834  1.3  159  -67
2.17495953  0.221777  3.885619  1.5  335  -44
2.17501097  0.226254  4.044066  1.7   45  -45
2.17502799  0.227748  4.097664  3.0  160  -38
2.17505750  0.230564  4.199625  3.8  312  -42
2.17509561  0.228937  4.140578  1.7  290   12
2.17512343  0.226512  4.053307  2.3  301   36
2.17517498  0.226605  4.056637  2.5  201  -75
2.17518216  0.226394  4.049088  3.9   34  -62
2.17517713  0.225506  4.017394  4.0  206  -75
2.17524240  0.219837  3.817938  0.8  356   72
2.17524535  0.217707  3.744314  1.5   47   69
2.17525329  0.221439  3.873790  1.1  196   59
2.17529727  0.219375  3.801923  0.2  216   62
2.17529837  0.221204  3.865565  1.1   51   68
2.17534367  0.220238  3.831892  2.1  189  -42
2.17535043  0.220082  3.826445  1.3  196  -45
2.17535253  0.221510  3.876258  0.7  197  -43
2.17542302  0.220571  3.843469  0.2  188  -64
2.17543308  0.220075  3.826201  0.4  101   66
2.17543334  0.222694  3.917803  1.9  129   66
2.17549252  0.229125  4.147363  0.7  304  -33
2.17549033  0.231954  4.250395  0.0  124  -39
2.17555574  0.228871  4.138188  1.4    8 -112
2.17555864  0.227479  4.087999  0.8  182  -75
2.17560607  0.210460  3.499173  0.4   54  -60
2.17560886  0.210402  3.497245  0.7  303  -58
2.17560918  0.212180  3.556617  0.5  306  -58
2.17565621  0.226443  4.050837  0.5  199  -45
2.17568188  0.237731  4.464777  1.0  258   -2
2.17572634  0.229664  4.166904  0.3  193   49
2.17573800  0.228812  4.136038  0.2  299  -57
2.17573816  0.231978  4.251288  1.2  113  -51
2.17573622  0.232380  4.266025  1.3  260  -77
2.17581100  0.234071  4.328336  0.1  319  -29
2.17585894  0.236125  4.404638  0.5  293  -61
2.17586106  0.235995  4.399808  0.2  286  -61
2.17591013  0.231981  4.251398  0.2   78  -64
2.17591134  0.224497  3.981504  0.1  317  -57
2.17591195  0.227155  4.076369  0.3  121  -63
2.17595668  0.237562  4.458428  0.0   81   61
2.17599301  0.240077  4.553303  0.3  292   44
2.17604005  0.234354  4.338818  2.3  308   61
2.17603704  0.230196  4.186239  0.4  290   51
2.17605787  0.234192  4.332814  1.0  289 -139
2.17608926  0.235214  4.370729  3.3  301   56
2.17610547  0.234159  4.331602  2.2  310  166
2.17613451  0.242206  4.634454  2.0  298   64
2.17616692  0.223346  3.940801  0.0  283   71
2.17622908  0.230424  4.194520  0.7   74   63
2.17622907  0.227078  4.073580  0.0  280   71
2.17622824  0.227532  4.089889  0.3  287   69
2.17628132  0.226159  4.040666  0.5  318   48
2.17627958  0.229868  4.174313  0.3   60   57
2.17632235  0.224327  3.975501  1.0  306   51
2.17632071  0.228516  4.125340  0.0  140   54
2.17638204  0.230060  4.181288  1.6   70   60
2.17639858  0.227406  4.085368  1.6  176  -78
2.17640291  0.225692  4.024024  0.4  198  -77
2.17644194  0.230786  4.207703  2.0   65  -52
2.17644436  0.231011  4.215902  1.3   69  -51
2.17648327  0.235346  4.375649  3.4  290   52
2.17653504  0.229481  4.160270  5.6  307   53
2.17653853  0.228179  4.113173  3.6   46   49
2.17653980  0.228333  4.118758  5.6  145   45
2.17658856  0.234773  4.354357  0.5  317  -34
2.17663486  0.234428  4.341565  0.5  167  -72
2.17665867  0.233054  4.290824  2.8  161  -49
2.17668437  0.222854  3.923448  0.1   51   45
2.17668912  0.222485  3.910479  0.1   53   45
2.17670309  0.229438  4.158704  1.0   69  -52
2.17675697  0.234510  4.344594  0.6  290  -48
2.17675539  0.233984  4.325135  0.8   63  -53
2.17680757  0.223001  3.928609  0.8   39  -70
2.17681223  0.227664  4.094624  3.5   64  -54
2.17684150  0.228954  4.141164  0.7  105  -16
2.17684908  0.231237  4.224184  2.7   63  -39
2.17684417  0.231442  4.231669  0.2  288  -16
2.17691832  0.234179  4.332339  0.3   51   86
2.17698359  0.231331  4.227612  0.1  203    3
2.17699596  0.232301  4.263138  2.1  167  -35
2.17699650  0.231303  4.226589  1.7  170  -40
2.17700187  0.231866  4.247191  1.4  313  -47
2.17704043  0.231565  4.236176  0.2   79  -63
2.17707562  0.235864  4.394919  1.6  291   21
2.17711184  0.235784  4.391920  0.2  280  -80
2.17713442  0.226396  4.049141  1.2  286   46
2.17713797  0.226546  4.054514  0.1  114   39
2.17718285  0.230287  4.189551  0.1  284   48
2.17718883  0.227149  4.076124  0.2  287   71
2.17723025  0.227675  4.095027  0.0  200   31
2.17723329  0.226037  4.036309  0.0   23   43
2.17727835  0.230793  4.207970  0.9   54   68
2.17735521  0.225543  4.018710  0.6  103  -52
2.17730721  0.234004  4.325888  1.6  266  -69
2.17735389  0.228728  4.132990  0.4  297  -47
2.17739960  0.231343  4.228065  0.5  218   68
2.17740784  0.230629  4.201998  1.7  206   57
2.17744945  0.226073  4.037604  0.5   46  -63
2.17745212  0.227705  4.096103  0.3   71  -56
2.17750066  0.233012  4.289289  0.3   58  -48
2.17750039  0.237351  4.450517  1.0  314  -59
2.17754581  0.225620  4.021434  0.0  291   60
2.17754353  0.225518  4.017828  1.1  145   52
2.17754837  0.226232  4.043300  1.5  299   46
2.17760664  0.229775  4.170931  2.6   77  -45
2.17766643  0.234961  4.361320  3.7   74   43
2.17767538  0.233873  4.321020  4.2   57   44
2.17767153  0.233781  4.317644  2.3   82   41
2.17771494  0.230774  4.207287  4.9  177   -0
2.17771903  0.232307  4.263341  3.6   31   35
2.17775086  0.233356  4.301964  2.2   63  -48
2.17778728  0.233350  4.301732  3.1  316   25
2.17780193  0.230734  4.205805  0.1  289   35
2.17782416  0.231690  4.240728  0.1  279   42
2.17782419  0.232220  4.260170  0.1  280   41
2.17789280  0.232124  4.256652  0.4  358  -22
2.17790203  0.230303  4.190132  0.3  187  -41
2.17796599  0.229278  4.152916  2.8  194  -35
2.17797230  0.226274  4.044805  0.3  301   43
2.17797282  0.227557  4.090776  1.2  302   43
2.17798896  0.230471  4.196243  3.3  233  -57
2.17803553  0.231067  4.217953  0.1  300  -58
2.17805350  0.236674  4.425160  1.3   63  -40
2.17810541  0.235178  4.369376  3.5  183  -37
2.17811482  0.232377  4.265931  0.8  285  -54
2.17811570  0.232644  4.275743  1.6   53  -45
2.17819568  0.233932  4.323227  0.5   17  -74
2.17819777  0.232620  4.274852  0.0  274 -107
2.17819347  0.228671  4.130936  0.6  112  -55
2.17824743  0.230586  4.200411  0.4  291  -40
2.17825014  0.232583  4.273506  1.1  306  -58
2.17829159  0.231147  4.220888  0.2   78  -47
2.17833099  0.232527  4.271417  0.0  288  -45
2.17833395  0.230719  4.205270  0.0  273  -45
2.17834380  0.237040  4.438864  1.1  313  -63
2.17839468  0.240182  4.557316  0.3  273   -2
2.17840658  0.240633  4.574436  0.9  287  -39
2.17844450  0.239620  4.535998  0.5   38  -48
2.17845330  0.239713  4.539510  1.9  174    1
2.17852435  0.244186  4.710529  1.6  202   49
2.17853463  0.236076  4.402823  0.4  306   57
2.17853631  0.237637  4.461231  0.2  291   63
2.17858355  0.237143  4.442707  2.1  193  -77
2.17860804  0.231765  4.243492  0.2  319   47
2.17858750  0.233687  4.314168  1.0  206  -60
2.17864530  0.234835  4.356658  1.9  312   45
2.17867232  0.233651  4.312847  0.5  176   69
2.17871109  0.222415  3.908003  0.0  271   42
2.17871011  0.221700  3.882929  0.1  287  139
2.17875711  0.226143  4.040095  0.8  286   42
2.17875823  0.230151  4.184587  3.3  259   60
2.17880161  0.234049  4.327553  3.4  301   58
2.17884993  0.230611  4.201329  4.8  197   67
2.17885417  0.220180  3.829852  3.7  314   62
2.17885383  0.221547  3.877552  4.3  280   69
2.17885363  0.220689  3.847572  4.5  289   66
2.17893800  0.222637  3.915820  2.1  315  -44
2.17893744  0.222263  3.902654  2.1  317  -41
2.17897261  0.221119  3.862612  1.0  321  -64
2.17897508  0.219365  3.801569  0.0  305  -49
2.17902144  0.217038  3.721337  0.1  291   52
2.17902130  0.217927  3.751894  0.0  120   42
2.17906529  0.226316  4.046311  1.0  309   65
2.17906455  0.225042  4.000882  0.8  142   55
2.17914962  0.230972  4.214508  5.2  335  -64
2.17914648  0.228492  4.124491  4.3  295  -68
2.17915391  0.230076  4.181849  4.1  314  -49
2.17920262  0.226388  4.048858  0.6   99  -45
2.17923406  0.217848  3.749145  0.1   48  -58
2.17923741  0.221029  3.859455  0.3  191  -54
2.17929210  0.231722  4.241907  0.1  271  -42
2.17928802  0.226852  4.065490  0.1  312  -65
2.17933628  0.229058  4.144920  0.2  295  -43
2.17933627  0.230351  4.191863  0.4   98  -58
2.17938820  0.232984  4.288230  0.4  282  -20
2.17939675  0.232128  4.256786  0.1  280  -24
2.17941409  0.232815  4.282021  0.9  303  -48
2.17946434  0.237594  4.459635  0.4  185  -64
2.17949262  0.235132  4.367688  1.2   16  -71
2.17950009  0.231102  4.219242  1.8  294  -68
2.17950736  0.230745  4.206204  1.7  116  -55
2.17955218  0.236352  4.413127  1.8  212 -136
2.17962386  0.230196  4.186240  0.0  198   54
2.17962410  0.226226  4.043066  0.0  200   59
2.17962458  0.232800  4.281457  1.0  198   59
2.17962149  0.233203  4.296313  0.8   56   56
2.17967094  0.231489  4.233395  0.2  283   46
2.17971819  0.230820  4.208950  0.0  194   46
2.17971774  0.229116  4.147023  0.8   32   65
2.17976478  0.225906  4.031659  1.5  303   46
2.17976738  0.226539  4.054285  1.5  301   51
2.17981233  0.229435  4.158607  0.0  120   41
2.17981246  0.230368  4.192485  0.3  287   47
2.17982626  0.238718  4.501900  0.0  322  -40
2.17988900  0.239905  4.546812  2.9  199   48
2.17988514  0.238008  4.475185  2.6  194   54
2.17992893  0.237796  4.467204  5.2  304   47
2.17992965  0.235098  4.366411  3.3  313   -7
2.18004132  0.235121  4.367274  3.6  260   11
2.18002087  0.231741  4.242595  1.1  351   -6
2.18003121  0.230922  4.212673  0.0  172  -16
2.18003901  0.232074  4.254805  1.5  173  -19
2.18008797  0.227189  4.077589  0.0   96  -45
2.18008811  0.227880  4.102422  0.1   99  -45
2.18013112  0.232995  4.288664  0.1  301  -55
2.18013330  0.234058  4.327852  0.3  106  -57
2.18020002  0.228205  4.114128  0.7   16  -46
2.18020524  0.226740  4.061478  0.5  315  -34
2.18024180  0.239539  4.532919  0.0   54  -51
2.18025504  0.240491  4.569040  1.7  306   34
2.18029039  0.237265  4.447291  2.0   89  -68
2.18029222  0.234657  4.350063  1.6  313  -59
2.18030876  0.237288  4.448130  0.7  255   65
2.18036590  0.235152  4.368431  0.3   37   60
2.18036803  0.235205  4.370385  0.3   31   58
2.18041836  0.239916  4.547233  0.1  194  -18
2.18045595  0.240281  4.561046  0.1   40  -56
2.18046398  0.235115  4.367035  0.1  100   39
2.18051297  0.224637  3.986488  0.3   63   58
2.18051385  0.221501  3.875939  1.0   60   63
2.18051529  0.225396  4.013468  1.1   41   61
2.18055833  0.233853  4.320293  1.2  239   52
2.18059710  0.237781  4.466662  0.2   44   46
2.18061776  0.237494  4.455864  3.2  299   41
2.18067080  0.229091  4.146145  0.2   15  -12
2.18068545  0.226055  4.036977  0.1  291   56
2.18068911  0.228161  4.112538  0.6  274   50
2.18073119  0.227719  4.096604  0.9   41  -48
2.18073274  0.227959  4.105269  0.7   57  -47
2.18079680  0.231721  4.241880  1.7   77   27
2.18081485  0.227984  4.106161  4.3   11    1
2.18081493  0.228468  4.123597  4.6  192  -13
2.18081857  0.228140  4.111785  3.5   11   -4
2.18086603  0.235191  4.369862  0.8  221  -68
2.18087158  0.237743  4.465225  3.7   63  -37
2.18094029  0.232502  4.270507  1.0  345  -74
2.18094231  0.229284  4.153111  0.5  306  -63
2.18094921  0.230335  4.191277  1.4  317  -64
2.18099640  0.231822  4.245560  3.2  187  -50
2.18099540  0.231662  4.239723  1.8   16  -35
2.18104838  0.238620  4.498224  2.4  311    9
2.18107924  0.238399  4.489876  0.3  195  -14
2.18112852  0.233958  4.324188  2.5   96  -51
2.18112644  0.234759  4.353835  2.2   73  -55
2.18112946  0.233779  4.317541  1.6   98  -44
2.18117257  0.231756  4.243162  0.9  301  -56
2.18117300  0.232555  4.272478  0.6  307  -52
2.18122056  0.235736  4.390157  0.0   16   13
2.18126864  0.237205  4.445045  2.0  291  -20
2.18127044  0.237133  4.442351  1.8  290  -21
2.18129785  0.234960  4.361302  1.7  114   -9
2.18130068  0.234505  4.344420  1.2  297  -41
2.18131107  0.238670  4.500096  2.5  112    0
2.18144760  0.219474  3.805339  0.3  134    8
2.18143527  0.230458  4.195750  2.7   34  -30
2.18145331  0.217774  3.746608  0.1  312   20
2.18145203  0.218003  3.754506  0.3  312   20
2.18145640  0.217001  3.720068  0.1  309   18
2.18145673  0.218497  3.771549  0.1  311   23
2.18153239  0.237848  4.469164  2.3  306   33
2.18156625  0.235532  4.382547  0.0   12   -4
2.18160454  0.222611  3.914901  0.2  190  -18
2.18161306  0.220458  3.839551  0.1  195  -18
2.18161353  0.220866  3.853773  0.2  194  -19
2.18161496  0.217526  3.738084  0.0   15   -8
2.18169735  0.233079  4.291729  0.5  103  -31
2.18174223  0.230436  4.194974  2.1  292   48
2.18173683  0.225064  4.001642  0.1  288   70
2.18173585  0.225382  4.012984  0.7  131   61
2.18177374  0.222444  3.909011  0.0  286  -26
2.18176951  0.231875  4.247503  2.1  318  -57
2.18185961  0.230942  4.213403  0.6  197   38
2.18186202  0.229526  4.161910  0.0  194   37
2.18187942  0.230838  4.209618  3.3  288   50
2.18188062  0.231263  4.225116  1.0  297   48
2.18192182  0.233204  4.296336  8.7   14    1
2.18201276  0.230747  4.206273  5.2  254    6
2.18201154  0.229060  4.144999  5.4   77    8
2.18201456  0.229132  4.147615  0.0   75   10
2.18201540  0.229246  4.151750  0.0   75   11
2.18201174  0.229286  4.153193  5.6   77    9
2.18210944  0.237608  4.460136  0.4  206   39
2.18209691  0.231448  4.231875  0.1   37   34
2.18214384  0.222972  3.927612  0.1  179  -72
2.18214913  0.221057  3.860417  0.7   15  -51
2.18217262  0.233857  4.320440  3.3   79    5
2.18221473  0.234481  4.343525  1.5  211   44
2.18225815  0.232008  4.252400  0.2  207   39
2.18225769  0.233994  4.325491  0.0  207   39
2.18229082  0.237114  4.441613  0.3  197  -41
2.18232972  0.239786  4.542291  2.8  290 -156
2.18234780  0.234927  4.360051  5.2  279   -6
2.18240685  0.232260  4.261647  0.3   60   49
2.18240428  0.234889  4.358648  0.2  210   17
2.18240542  0.234872  4.358016  1.0   39   51
2.18245266  0.242832  4.658409  1.4  110  -29
2.18249291  0.239871  4.545514  2.3   23  -34
2.18251333  0.230482  4.196631  0.1  279   36
2.18252260  0.227169  4.076849  0.0  104   43
2.18252206  0.228795  4.135443  0.1  272   45
2.18257887  0.235529  4.382429  0.1  281  -37
2.18257590  0.235305  4.374089  0.1  279  -36
2.18264237  0.231962  4.250697  1.6  202   44
2.18265974  0.229345  4.155348  2.0  187   34
2.18266014  0.229126  4.147416  2.0  187   33
2.18266024  0.229395  4.157149  2.2  187   34
2.18274978  0.237633  4.461098  0.0  169  -51
2.18274885  0.230068  4.181567  0.0  180  -53
2.18276659  0.231570  4.236333  0.1  172   71
2.18282089  0.230484  4.196717  3.6  175  -15
2.18282096  0.229835  4.173120  3.3  174  -15
2.18287016  0.226311  4.046123  0.4  196   26
2.18287216  0.225871  4.030402  0.0   20   38
2.18289522  0.228301  4.117600  3.1  301  -39
2.18293125  0.232080  4.255026  0.7   67   36
2.18296883  0.231062  4.217780  3.3    2  -52
2.18296973  0.231206  4.223056  3.1  179  -66
2.18301035  0.228787  4.135133  0.1   60   74
2.18305942  0.217061  3.722125  0.0   36  -41
2.18305540  0.222789  3.921156  0.0   86  -68
2.18305948  0.225290  4.009677  1.0  194  -63
2.18313361  0.222788  3.921115  3.3  291  -53
2.18313217  0.223028  3.929571  3.6  294  -51
2.18312938  0.220388  3.837100  4.7  315  -48
2.18315577  0.228987  4.142353  4.4  259   -6
2.18316505  0.232512  4.270867  0.0  262   -0
2.18319937  0.233529  4.308342  2.9  283   54
2.18326350  0.234379  4.339741  0.4  252  -13
2.18328205  0.237760  4.465845  0.9  280  -17
2.18328368  0.228841  4.137104  0.1  254   -3
2.18333094  0.235780  4.391799  0.0   77    8
2.18336397  0.232143  4.257335  3.1  307   51
2.18337224  0.233400  4.303554  2.7  320   67
2.18340651  0.229456  4.159354  0.1  193   16
2.18340795  0.229498  4.160888  0.1  194   16
2.18344245  0.236054  4.402001  1.4  193   24
2.18347115  0.238562  4.496034  2.3   21  -30
2.18353670  0.230158  4.184829  1.3   61  -13
2.18354234  0.228862  4.137842  0.7   58  -11
2.18355026  0.228411  4.121557  2.4  244  -12
2.18357106  0.231451  4.232011  0.0   80  -48
2.18361556  0.237344  4.450243  2.2  293   53
2.18354977  0.229926  4.176404  0.4  269 -138
2.18368907  0.232313  4.263572  0.2  281  -56
2.18370164  0.231908  4.248737  0.2  270 -134
2.18371907  0.233736  4.315974  0.7   86  -10
2.18375026  0.234286  4.336306  0.9  298   40
2.18374978  0.233838  4.319728  0.9  298   39
2.18378717  0.235442  4.379200  0.3  201  -14
2.18382294  0.234486  4.343726  2.0   65   92
2.18383782  0.231229  4.223886  0.7    7  -49
2.18382484  0.235666  4.387540  1.6   40   86
2.18388980  0.236379  4.414126  0.8  109  -37
2.18394606  0.236713  4.426605  3.0  105  -49
2.18394250  0.236951  4.435517  2.5  290  -39
2.18395066  0.232245  4.261098  3.0  296  -22
2.18397485  0.239046  4.514309  4.0  304   11
2.18401915  0.234638  4.349333  0.8  145  -43
2.18404103  0.231291  4.226162  1.5  315  -52
2.18404155  0.232606  4.274325  0.0   87  -69
2.18409339  0.236151  4.405620  0.2  293  -45
2.18414031  0.239734  4.540333  3.4  155  -75
2.18413973  0.238395  4.489747  3.9  319  -47
2.18414087  0.237780  4.466605  0.0  125  -72
2.18421994  0.244108  4.707524  0.9  333   92
2.18417694  0.237788  4.466920  0.0  114   -9
2.18426731  0.247385  4.834754  1.7   83  -73
2.18430127  0.240912  4.585034  1.5  149  -49
2.18431231  0.237453  4.454344  0.8   99  -58
2.18431598  0.234771  4.354287  0.1  298  -55
2.18433363  0.236139  4.405165  0.1   78  -23
2.18435564  0.239284  4.523302  0.3   30   89
2.18440230  0.238330  4.487278  0.0  299   74
2.18443222  0.240757  4.579140  0.1  186   70
2.18446095  0.235974  4.399006  0.8  278   52
2.18447146  0.236324  4.412061  1.5  261   44
2.18449043  0.235653  4.387057  0.1   60   52
2.18454219  0.237226  4.445806  0.0  203   83
2.18456406  0.237832  4.468553  0.9  234   15
2.18458855  0.237278  4.447776  1.0  200   33
2.18462205  0.233409  4.303885  3.5  114   37
2.18463143  0.235770  4.391430  0.1  282  -82
2.18463087  0.238338  4.487614  1.0  296  -71
2.18462764  0.234077  4.328567  2.9  100   64
2.18471667  0.235474  4.380399  0.9  102   56
2.18472011  0.235297  4.373796  0.6  257   49
2.18472041  0.236041  4.401522  2.1  281   54
2.18476986  0.233657  4.313043  3.2  306   42
2.18480553  0.236340  4.412660  1.1  338   61
2.18483470  0.234909  4.359380  0.5  274  -49
2.18486295  0.233265  4.298575  2.7  314   51
2.18489765  0.234930  4.360169  0.0  280  -54
2.18489508  0.234547  4.345963  3.9   89  -54
2.18493962  0.230379  4.192867  4.2  261 -128
2.18494250  0.229189  4.149673  2.8   82 -129
2.18494088  0.228665  4.130713  1.7   57  -53
2.18499177  0.234418  4.341185  2.5  308  -37
2.18504371  0.230855  4.210225  0.0  158  -74
2.18505822  0.233239  4.297633  0.6  278  -31
2.18508211  0.227006  4.070990  0.1  306  -52
2.18508337  0.229843  4.173410  1.1  112  -61
2.18513906  0.228880  4.138495  0.5  180  -50
2.18514259  0.229271  4.152662  0.5  195  -48
2.18515170  0.236427  4.415906  0.3  177  -57
2.18519899  0.238523  4.494576  1.9  305  -29
2.18524366  0.238139  4.480118  0.1  290  -45
2.18527963  0.236674  4.425165  0.1  186   77
2.18527965  0.235508  4.381661  0.0  291   69
2.18524551  0.236990  4.436973  1.9  122  -28
2.18532743  0.236557  4.420761  0.3  158   60
2.18536945  0.236900  4.433591  0.2   64   60
2.18537294  0.240232  4.559185  0.6   31   54
2.18541661  0.233558  4.309394  0.8  299   39
2.18541778  0.232965  4.287539  0.1  281   42
2.18546993  0.227847  4.101220  0.6   85   58
2.18547180  0.231654  4.239412  1.1   40   68
2.18551492  0.227530  4.089829  0.2  261   75
2.18551581  0.225945  4.033044  0.0  160   72
2.18556509  0.237671  4.462522  2.4  291   52
2.18558311  0.241083  4.591559  1.2  334   44
2.18563966  0.236702  4.426181  0.1  163  -56
2.18563816  0.237148  4.442906  0.2   93  -71
2.18567696  0.236023  4.400859  0.5  300   30
2.18572221  0.231289  4.226090  0.1  293   43
2.18574333  0.235767  4.391294  0.2  283 -135
2.18573040  0.236912  4.434048  0.0  294   64
2.18579005  0.239567  4.533999  1.0   39  -67
2.18579234  0.237190  4.444482  0.4  294  -44
2.18579591  0.235661  4.387350  0.1  108  -40
2.18589836  0.236774  4.428899  0.5  183  -97
2.18589930  0.232242  4.260978  0.6  303  -66
2.18589986  0.233106  4.292743  0.2  180  -88
2.18590090  0.232177  4.258577  1.2   64  -61
2.18594629  0.231089  4.218771  0.2  206  -41
2.18595041  0.232422  4.267579  0.2  303  -47
2.18602051  0.236831  4.431033  2.1   55   60
2.18601990  0.238745  4.502930  3.4   71   71
2.18604345  0.234551  4.346136  1.4  284   33
2.18606004  0.240412  4.566032  1.8  286   40
2.18612409  0.229698  4.168136  0.6  292   55
2.18612203  0.230804  4.208369  0.4  136   54
2.18617565  0.240876  4.583678  4.6  309   60
2.18617299  0.232710  4.278171  0.0  180  -50
2.18619520  0.233164  4.294888  0.0  187   57
2.18622422  0.225129  4.003973  0.1   51   60
2.18626990  0.220687  3.847531  0.1   79   61
2.18626705  0.223942  3.961842  0.2  288   59
2.18626826  0.219207  3.796101  0.0  278   44
2.18632028  0.230272  4.188993  0.6   46   64
2.18634215  0.240184  4.557379  1.3  102   28
2.18643766  0.233340  4.301370  0.6   81  -75
2.18642424  0.226998  4.070716  0.0   81   50
2.18641832  0.226045  4.036614  0.0  177   56
2.18642332  0.225809  4.028197  0.0  264   54
2.18648311  0.230603  4.201045  0.2  292   27
2.18651682  0.229764  4.170516  0.8  307   36
2.18653392  0.233855  4.320372  0.5   66   71
2.18657088  0.228109  4.110659  1.8  192   44
2.18657614  0.227194  4.077757  2.4  164   54
2.18659354  0.221003  3.858548  0.0   22  -20
2.18664378  0.224478  3.980835  2.2  300 -156
2.18664414  0.225295  4.009886  2.8  311  -14
2.18669093  0.228149  4.112120  0.1  358  -52
2.18671559  0.228526  4.125700  1.0  310   64
2.18674669  0.227534  4.089960  0.2  282  -58
2.18675148  0.224865  3.994573  0.0   62  -51
2.18679410  0.221788  3.886011  0.2   38  -79
2.18679687  0.218962  3.787590  0.7  108  -63
2.18686793  0.222695  3.917840  0.4  300   43
2.18686800  0.221242  3.866899  0.8  298   41
2.18687160  0.224875  3.994942  2.1  299   38
2.18689013  0.225136  4.004211  2.8  216  -77
2.18691823  0.227878  4.102358  1.7  127   53
2.18695114  0.233331  4.301023  4.9  222  -36
2.18704080  0.232310  4.263460  1.0    9  -16
2.18704430  0.229077  4.145616  1.5  173  -49
2.18704460  0.229403  4.157443  2.1  185  -42
2.18707102  0.231299  4.226441  2.9   42   43
2.18706851  0.232864  4.283843  2.8   18   60
2.18712002  0.231262  4.225083  0.7  289  -47
2.18714777  0.232434  4.268002  0.1  338  -51
2.18718925  0.222239  3.901820  1.9  100  -56
2.18718920  0.220995  3.858256  2.5  304  -55
2.18719200  0.225627  4.021686  4.0  114  -54
2.18727350  0.231803  4.244869  0.1  193   51
2.18727408  0.231211  4.223241  1.6  289   53
2.18727659  0.229148  4.148190  0.0   19   52
2.18732745  0.233689  4.314220  0.2   50   86
2.18737325  0.228657  4.130433  0.3  253   49
2.18737394  0.231249  4.224606  0.8   65   53
2.18740072  0.232720  4.278518  3.9  303 -134
2.18739786  0.234675  4.350725  0.1  213  -36
2.18746815  0.238063  4.477252  0.2  101    7
2.18748837  0.229492  4.160643  0.1  282   39
2.18748974  0.230019  4.179777  0.1   23  -54
2.18753500  0.230199  4.186339  0.1  125   44
2.18753419  0.230833  4.209418  0.6  291   49
2.18757700  0.236291  4.410835  0.2  280   50
2.18758689  0.237030  4.438468  0.4    9  -42
2.18770489  0.237143  4.442692  0.5  306   42
2.18766555  0.240254  4.560029  2.0  317   41
2.18768200  0.239025  4.513491  0.7   39  -61
2.18769842  0.237035  4.438648  0.3  197  -48
2.18774954  0.234867  4.357824  0.4  165  -72
2.18775625  0.226453  4.051207  0.1   57  -58
2.18775244  0.230546  4.198961  0.2  222  -69
2.18780197  0.237004  4.437509  0.7  293  -55
2.18786198  0.236950  4.435487  0.0  294  -33
2.18785470  0.238130  4.479758  2.3  178  -64
2.18788732  0.234943  4.360671  0.4   40  -44
2.18788776  0.233433  4.304794  0.1  223  -58
2.18794175  0.232128  4.256773  0.8   45  -58
2.18798238  0.224605  3.985353  0.3  229   52
2.18798128  0.224939  3.997203  0.1   64   58
2.18798155  0.228566  4.127163  0.7  274   66
2.18802962  0.229047  4.144540  0.3  293  131
2.18807801  0.225796  4.027737  0.1   81   66
2.18807889  0.227431  4.086264  0.1   49   60
2.18813628  0.235929  4.397354  0.5   33  -35
2.18812912  0.238884  4.508163  1.4  197  -55
2.18817984  0.229493  4.160695  0.1   23   45
2.18823311  0.220513  3.841464  0.0  276   47
2.18823200  0.216676  3.708940  0.1   57   69
2.18823302  0.221840  3.887839  1.0   60   74
2.18825433  0.234708  4.351944  0.4  117  -48
2.18828523  0.230836  4.209523  0.2  100   55
2.18830383  0.230819  4.208931  0.6  116  -41
2.18837879  0.224368  3.976946  1.5  272   56
2.18837840  0.224150  3.969221  2.4  265   53
2.18838052  0.225856  4.029874  1.6   69   58
2.18840271  0.228760  4.134151  0.2  198  -60
2.18847600  0.229027  4.143815  0.0  279   17
2.18848418  0.229560  4.163114  0.1  283   25
2.18850792  0.228208  4.114245  1.1  262  -66
2.18850835  0.228573  4.127415  1.3  260  -68
2.18855334  0.218473  3.770711  0.3   49  -59
2.18855466  0.217392  3.733487  0.1   67  -59
2.18860555  0.216224  3.693458  0.1   52  -52
2.18860670  0.219513  3.806678  0.1   85  -47
2.18865576  0.222825  3.922410  1.0   39  -49
2.18863612  0.229328  4.154709  1.5   26   64
2.18869632  0.233426  4.304541  2.2   53  -60
2.18873149  0.226062  4.037228  1.6  293   39
2.18877628  0.226591  4.056148  1.5  104   57
2.18877787  0.219207  3.796102  0.1  217   50
2.18877759  0.221462  3.874576  0.1  216   47
2.18878319  0.225414  4.014118  0.0  220  -46
2.18888330  0.224060  3.966017  1.8   69   67
2.18888434  0.223540  3.947647  1.7   70   70
2.18889399  0.224098  3.967372  2.3  286   99
2.18889240  0.223711  3.953695  1.9   87   77
2.18894234  0.233626  4.311892  1.9   62  -52
2.18898745  0.231443  4.231718  3.4  180  -17
2.18899862  0.232851  4.283342  4.1  194   -2
2.18903663  0.214801  3.645021  0.7   17   65
2.18903547  0.212638  3.571976  0.2   46   61
2.18909695  0.227856  4.101538  0.9  356   19
2.18910428  0.228242  4.115466  0.9  179   -2
2.18912704  0.229308  4.153974  0.7  303   50
2.18918469  0.228903  4.139315  0.1  315   57
2.18921120  0.213508  3.601274  0.5  259  -80
2.18921027  0.212713  3.574505  0.4   41  -63
2.18920890  0.210675  3.506333  0.5  222  -74
2.18925724  0.220918  3.855559  0.7  271  -59
2.18930689  0.217907  3.751181  1.0   46  -56
2.18930474  0.214705  3.641777  0.0  206  -53
2.18935389  0.222516  3.911543  1.7  292  -47
2.18936452  0.225283  4.009453  0.6  181  -31
2.18937922  0.225518  4.017811  0.2  186  -46
2.18938874  0.231316  4.227049  0.8  198  -51
2.18945713  0.230756  4.206612  0.3  156  -39
2.18945578  0.233795  4.318144  0.1   53  -31
2.18948043  0.240911  4.584995  0.0  194  -75
2.18953464  0.233611  4.311351  0.9  298  -54
2.18953900  0.233460  4.305768  0.3  181   11
2.18954171  0.238640  4.498978  0.8   55  -62
2.18958145  0.236792  4.429561  1.1  297  -39
2.18963402  0.229083  4.145837  1.4  299   45
2.18963862  0.231720  4.241851  0.3  196   25
2.18968426  0.229839  4.173236  0.0  285   63
2.18968723  0.228059  4.108848  0.2  263   59
2.18973676  0.234463  4.342847  3.0  321   18
2.18973839  0.233977  4.324884  2.9  323   14
2.18979078  0.232908  4.285442  1.4  215   23
2.18978776  0.228352  4.119414  0.9   45   34
2.18985348  0.221246  3.867024  0.7  266 -126
2.18985528  0.217078  3.722710  0.0  288  -46
2.18985300  0.222034  3.894642  0.7   86  -54
2.18990746  0.228071  4.109293  0.2  297  -51
2.18990393  0.225800  4.027850  0.7  105  -41
2.18994342  0.220123  3.827888  0.0  198   47
2.19002785  0.224524  3.982460  1.5  306   67
2.18998193  0.230179  4.185608  1.4  107  -35
2.19002896  0.225651  4.022551  1.5  290   64
2.19002617  0.225524  4.018035  1.7  146   62
2.19002870  0.225592  4.020454  2.1  280   73
2.19011404  0.223597  3.949669  1.2   15  -49
2.19011590  0.220991  3.858138  0.6  192  -59
2.19018409  0.223217  3.936244  2.2  278   34
2.19018994  0.223144  3.933665  3.1  288   54
2.19019067  0.223341  3.940608  3.3  290   54
2.19019803  0.230953  4.213791  4.0  165   71
2.19019328  0.224681  3.988032  0.9   73   72
2.19028648  0.232394  4.266559  0.3  179  -22
2.19033091  0.231405  4.230298  0.8  123   55
2.19033065  0.223601  3.949807  0.3   41   69
2.19033180  0.223239  3.937008  0.3   29   60
2.19033920  0.228878  4.138439  0.0  184   27
2.19041678  0.229704  4.168368  0.1  177   15
2.19041945  0.228255  4.115935  0.0  177   15
2.19049276  0.230287  4.189532  0.0   22  -22
2.19050007  0.223617  3.950370  0.2  212  -42
2.19051486  0.223673  3.952348  0.7   63  -55
2.19051354  0.222606  3.914725  0.2  299  -47
2.19056664  0.232984  4.288248  0.3  178   -9
2.19057786  0.233386  4.303052  0.9  291  -44
2.19059277  0.238126  4.479600  1.5   24   47
2.19065383  0.227880  4.102421  0.5   83  -66
2.19065235  0.227968  4.105599  2.3  306  -51
2.19069581  0.231524  4.234658  1.2  107   60
2.19069478  0.230656  4.202991  0.9  277  128
2.19074435  0.233517  4.307888  1.0  271   59
2.19077423  0.234301  4.336865  0.8  108   34
2.19080813  0.237050  4.439236  0.0  318  -16
2.19084724  0.221021  3.859184  0.1   49   63
2.19084983  0.222219  3.901126  0.0  197   41
2.19084794  0.222181  3.899798  0.1   49   64
2.19089910  0.228546  4.126438  0.0  292  130
2.19089860  0.227377  4.084325  0.0  287   47
2.19094480  0.233891  4.321713  1.0  293   49
2.19094292  0.234624  4.348827  1.5  289   50
2.19101817  0.233828  4.319362  1.2   27 -111
2.19101483  0.234637  4.349312  1.5    8  -50
2.19104404  0.232516  4.271042  0.4  288   61
2.19107076  0.225465  4.015932  0.0  280 -144
2.19108244  0.237603  4.459946  0.7  297   57
2.19112288  0.235373  4.376618  0.1  204  -38
2.19117045  0.236072  4.402668  0.7   29  -42
2.19117220  0.235293  4.373652  0.1   65  -43
2.19123048  0.234408  4.340810  1.0  316   45
2.19121913  0.236961  4.435904  0.0  309  -44
2.19126099  0.238244  4.484062  1.7  162  -73
2.19131535  0.234117  4.330057  0.3  218   51
2.19131572  0.234339  4.338256  0.8  199   50
2.19131753  0.237272  4.447546  1.0   24   46
2.19140148  0.230019  4.179791  0.1  100   45
2.19139256  0.229723  4.169028  0.0  324   34
2.19140866  0.232982  4.288153  0.4  184   70
2.19143581  0.231070  4.218064  0.1  309  -60
2.19148393  0.236624  4.423283  1.8  277 -115
2.19148598  0.234939  4.360496  1.2  295  -58
2.19150049  0.227326  4.082507  0.2   32   57
2.19154211  0.231692  4.240822  0.0   56   82
2.19154743  0.228736  4.133303  0.1   37   55
2.19157746  0.241591  4.610923  0.0  335   24
2.19161952  0.231663  4.239767  0.6  329    0
2.19165534  0.227444  4.086746  1.0  285   53
2.19165451  0.222676  3.917166  0.0  286   49
2.19169939  0.230291  4.189677  2.1  306   29
2.19170472  0.230119  4.183425  0.9  300   29
2.19171023  0.231682  4.240442  1.4  306  158
2.19176658  0.239294  4.523666  0.1   26  -32
2.19178180  0.237786  4.466839  0.1  105  -41
2.19182858  0.231763  4.243431  1.5  198   45
2.19187581  0.233366  4.302308  0.5  114   40
2.19187122  0.230680  4.203831  0.2  197   41
2.19187472  0.232674  4.276856  0.4  287   41
2.19193029  0.239998  4.550335  2.9  286   -7
2.19196480  0.227589  4.091927  0.0  160   19
2.19197624  0.226622  4.057249  0.2  169   18
2.19198058  0.230896  4.211730  0.3   81  -49
2.19200565  0.232301  4.263151  2.6  178    5
2.19201477  0.232222  4.260226  2.1  175    1
2.19205360  0.234005  4.325892  1.1   50   48
2.19209955  0.233626  4.311922  0.0   16  -61
2.19214729  0.233132  4.293691  2.4  332   73
2.19214698  0.231374  4.229198  2.0  294   60
2.19218564  0.225961  4.033609  0.7  264  -47
2.19218855  0.227241  4.079431  0.3  279  -45
2.19222739  0.233842  4.319866  1.4  286  -10
2.19225064  0.240341  4.563328  0.1  290   56
2.19230222  0.236958  4.435763  2.2    3  -51
2.19231578  0.231716  4.241710  1.9  295  -63
2.19231513  0.232174  4.258476  3.1  312  -62
2.19235984  0.233309  4.300229  0.6   64  -64
2.19235817  0.233260  4.298420  1.4   76  -70
2.19239415  0.236768  4.428665  0.5  281    3
2.19244051  0.234628  4.348963  0.1  191   35
2.19245615  0.231653  4.239393  0.0   69   69
2.19246049  0.237237  4.446240  2.5  205  -10
2.19249956  0.237064  4.439751  0.8  292   53
2.19251170  0.236406  4.415140  0.5  185   45
2.19257349  0.235641  4.386617  0.1  112   32
2.19258545  0.238242  4.483987  0.1  284   37
2.19262376  0.234546  4.345948  1.3   25  -32
2.19262548  0.234732  4.352817  2.0   21  -30
2.19265089  0.241345  4.601556  4.4   25    3
2.19267865  0.237976  4.473955  2.3  309  -50
2.19272628  0.238415  4.490509  0.3   37  -37
2.19276244  0.233875  4.321102  0.4  188   33
2.19276214  0.236095  4.403538  1.5  292   58
2.19276160  0.234391  4.340195  0.9   66   57
2.19281603  0.234337  4.338199  1.1  196   41
2.19281837  0.234952  4.360980  0.2   18   54
2.19283350  0.241117  4.592863  0.0   44   79
2.19294787  0.235869  4.395098  2.5  145   49
2.19294711  0.237856  4.469477  2.2  300   73
2.19294663  0.236160  4.405939  2.4  179   69
2.19298385  0.232641  4.275626  0.0  293  -66
2.19298156  0.235850  4.394395  0.1   79  -68
2.19299310  0.242770  4.656031  2.5  299   52
2.19304490  0.236852  4.431813  1.0  193  -51
2.19306075  0.237036  4.438700  0.4  284   39
2.19312975  0.240328  4.562844  3.1   32   35
2.19312863  0.234058  4.327868  0.0  170   56
2.19312803  0.232800  4.281481  0.0  170   59
2.19316092  0.239638  4.536671  0.6  121  -35
2.19320850  0.222172  3.899471  0.2   20   53
2.19320722  0.223319  3.939847  0.0   35   52
2.19321099  0.227456  4.087175  1.4  189   34
2.19327783  0.238449  4.491794  2.4  188  -52
2.19328525  0.236105  4.403885  1.6    9  -42
2.19333664  0.240862  4.583152  0.0   57  -48
2.19337914  0.228226  4.114864  0.6  178  -16
2.19338264  0.227611  4.092721  0.1  169  -22
2.19339618  0.233225  4.297120  1.8  186  -36
2.19341583  0.232221  4.260206  1.6  319  -46
2.19346646  0.237940  4.472607  0.8  185   51
2.19346631  0.237936  4.472470  1.6  295   56
2.19351868  0.231490  4.233408  0.5  123  -52
2.19353029  0.233516  4.307843  1.2  113  -38
2.19354145  0.233723  4.315472  1.1  300  -13
2.19360790  0.232294  4.262890  1.3  290  -34
2.19360845  0.232632  4.275299  1.7  291  -35
2.19360935  0.235041  4.364310  1.5   67  -13
2.19367873  0.238817  4.505641  1.2   79    9
2.19369837  0.231926  4.249400  0.5   86   70
2.19369792  0.231173  4.221828  0.1  282   75
2.19374710  0.238535  4.495013  0.0  208   43
2.19377363  0.236049  4.401816  0.1  191   53
2.19377209  0.231894  4.248203  0.0   41   64
2.19379143  0.240006  4.550630  0.2  313  -65
2.19383692  0.238171  4.481305  0.1   89  -29
2.19387265  0.236888  4.433148  1.3  292  -65
2.19387312  0.237075  4.440165  1.6  323  -41
2.19393181  0.238904  4.508939  1.3  245   13
2.19398408  0.233447  4.305299  3.2  288   11
2.19398822  0.231733  4.242296  1.0  279   10
2.19398820  0.230657  4.203012  2.3  280   11
2.19403728  0.232390  4.266413  1.9  106  103
2.19403381  0.228432  4.122304  0.1  279   67
2.19403339  0.230684  4.203988  0.1  150   70
2.19413605  0.233139  4.293951  3.8  261  -75
2.19413654  0.233477  4.306393  4.1  260  -72
2.19413586  0.230076  4.181855  2.0  109  -47
2.19419514  0.227387  4.084690  0.1   89   78
2.19419775  0.226029  4.036048  0.1  187   76
2.19420004  0.230415  4.194203  0.1   43   97
2.19423196  0.234831  4.356485  0.2  292   59
2.19427322  0.226049  4.036764  0.1  289   46
2.19429170  0.229659  4.166719  0.0  226   47
2.19433769  0.232044  4.253702  0.8  284   38
2.19433704  0.232901  4.285184  1.0  291   46
2.19437689  0.240533  4.570644  2.5  297   33
2.19441553  0.239231  4.521293  2.9  188   23
2.19443494  0.235335  4.375230  3.9  186  -18
2.19446554  0.227811  4.099927  0.2  307  -57
2.19446937  0.229212  4.150508  0.0  309  -55
2.19451401  0.229402  4.157384  0.4  311  -42
2.19451639  0.226812  4.064057  0.1  307  -32
2.19451684  0.228178  4.113162  0.9  113  -38
2.19458529  0.232077  4.254908  0.6  295   27
2.19460480  0.231240  4.224285  1.9  298  -30
2.19460788  0.231879  4.247670  1.6  305  -39
2.19466420  0.237681  4.462874  0.0  301   54
2.19467167  0.233373  4.302575  0.5  319  -33
2.19471038  0.235994  4.399748  0.1  184  -67
2.19477008  0.235769  4.391378  1.5   39   22
2.19477160  0.234514  4.344751  1.2  220    8
2.19477391  0.233957  4.324117  0.0  200  -36
2.19479408  0.238383  4.489289  2.6   31   38
2.19482875  0.240042  4.551985  1.0   79    8
2.19486331  0.240983  4.587754  0.3  175  -48
2.19489928  0.231495  4.233623  0.1   64  -81
2.19490342  0.233057  4.290934  0.1  291  -68
2.19496715  0.232741  4.279306  0.1  274  -45
2.19497596  0.232473  4.269440  0.6  280  -44
2.19498200  0.231393  4.229863  0.2  296  -43
2.19503061  0.230446  4.195336  1.5  272   55
2.19503431  0.231340  4.227934  1.7  283   59
2.19503054  0.231165  4.221556  0.0  273   56
2.19510983  0.235756  4.390883  2.3  310   62
2.19510385  0.236757  4.428258  0.4   48   62
2.19517141  0.238709  4.501568  0.1   31  -58
2.19517941  0.230119  4.183438  0.0  195   72
2.19519263  0.233252  4.298123  1.4  296   31
2.19520946  0.234421  4.341318  0.1  118   23
2.19525121  0.234462  4.342816  0.1  108   -2
2.19528411  0.233972  4.324691  0.0  299  -52
2.19528382  0.235238  4.371622  1.0  303  -48
2.19534620  0.233562  4.309548  1.9  326  -51
2.19534888  0.232710  4.278146  0.0  305  -18
2.19534971  0.232319  4.263791  3.0  305  -19
2.19541826  0.233041  4.290356  0.8  301  -27
2.19542478  0.232808  4.281771  2.6  307  -21
2.19544322  0.230726  4.205516  0.0  192    2
2.19547982  0.237233  4.446077  1.8  310  124
2.19548504  0.237186  4.444331  0.6  272   58
2.19555446  0.236126  4.404688  0.1   58  -80
2.19555528  0.232819  4.282163  0.0  302  -62
2.19560827  0.226317  4.046323  0.3   65  -49
2.19560849  0.227496  4.088597  0.3   64  -52
2.19561044  0.234139  4.330859  1.8   94 -121
2.19564939  0.234799  4.355326  0.5  295   19
2.19567879  0.233381  4.302881  0.0  190   69
2.19571683  0.238810  4.505397  2.4  161   -8
2.19573058  0.238584  4.496846  0.2  308  -39
2.19578284  0.227108  4.074679  0.1  205   46
2.19578765  0.224339  3.975904  0.0  197   41
2.19580401  0.223343  3.940696  0.4  322   -4
2.19580973  0.224720  3.989410  0.2  322   -4
2.19586214  0.229142  4.147993  3.5  307   38
2.19588620  0.232248  4.261189  0.3  202  -82
2.19589347  0.241504  4.607621  1.0   15  -40
2.19595863  0.230356  4.192051  0.0   42  -55
2.19595903  0.230468  4.196125  0.3   22  -58
2.19596108  0.231056  4.217576  3.0  195  -48
2.19604267  0.234051  4.327594  3.0  143  -58
2.19605539  0.234535  4.345509  0.2   34  -23
2.19606248  0.229086  4.145955  0.2  208  -38
2.19608347  0.229798  4.171780  0.0   36  -69
2.19611789  0.237926  4.472095  1.0  191  -55
2.19616919  0.240061  4.552707  0.4  201   58
2.19620432  0.240937  4.585982  2.3  100    6
2.19618792  0.239255  4.522212  0.4   12   10
2.19623145  0.236626  4.423359  1.3   48   28
2.19623195  0.235133  4.367730  1.4   47   -2
2.19622835  0.236903  4.433731  1.1  227  -14
2.19634314  0.238824  4.505924  2.9  308   41
2.19635110  0.240062  4.552740  1.0  288  -73
2.19634516  0.236088  4.403258  0.3  115  -62
2.19636917  0.234975  4.361862  1.9   54  -34
2.19639386  0.237743  4.465214  1.1  309  -58
2.19641521  0.236668  4.424926  0.0  114  -51
2.19647367  0.232602  4.274209  0.8  200   68
2.19648060  0.236899  4.433578  1.4   28   68
2.19648157  0.236139  4.405160  1.1   25   70
2.19655779  0.237187  4.444351  1.5  310   49
2.19656983  0.235450  4.379515  0.1  166  -51
2.19656537  0.237255  4.446919  2.1  285   53
2.19660998  0.237134  4.442352  0.1  260   36
2.19661101  0.234749  4.353474  0.0  260   33
2.19664805  0.237511  4.456490  0.0  310  -52
2.19668619  0.239901  4.546662  4.2  120  -31
2.19669110  0.237980  4.474117  0.1  207  -45
2.19675150  0.244864  4.736703  0.6   56   75
2.19679346  0.237626  4.460813  0.9  167  -69
2.19679723  0.237877  4.470244  0.2  300  -46
2.19679714  0.237805  4.467535  0.9    6  -26
2.19684957  0.241533  4.608727  2.0  195  -32
2.19687083  0.241222  4.596862  0.6  310  -74
2.19687497  0.241275  4.598892  1.0   85  -69
2.19693916  0.240042  4.551998  0.3    3   69
2.19693987  0.238529  4.494803  1.0  198   52
2.19700473  0.234409  4.340849  0.3  212   26
2.19700700  0.231222  4.223632  0.0  214   15
2.19700442  0.233452  4.305469  0.3  282   65
2.19705040  0.236266  4.409911  0.1  198   59
2.19708884  0.239766  4.541542  1.9  199    0
2.19709792  0.239876  4.545687  0.0   23   27
2.19714444  0.239888  4.546150  1.1  311  155
2.19716420  0.240929  4.585680  2.2  353   19
2.19718097  0.235966  4.398720  0.7    1  -50
2.19718559  0.236075  4.402764  1.9  203  -76
2.19722214  0.238889  4.508379  6.9  243   11
2.19726211  0.234239  4.334573  0.5   68   59
2.19726360  0.234057  4.327821  0.1  229   49
2.19731689  0.238856  4.507141  0.8  303  -46
2.19733493  0.238410  4.490300  1.0  256   20
2.19737098  0.230529  4.198337  2.2  128   41
2.19736620  0.231082  4.218511  4.7  312   49
2.19736965  0.229048  4.144576  3.9  137   41
2.19741669  0.237149  4.442942  4.2  298   63
2.19747216  0.234446  4.342226  2.2  303   47
2.19751246  0.235298  4.373838  0.0  280   50
2.19751372  0.232620  4.274838  0.3  302   47
2.19751527  0.233834  4.319590  0.8  300   42
2.19755039  0.239237  4.521525  3.1  214  -66
2.19758855  0.240173  4.556951  2.4  295   55
2.19763031  0.234915  4.359632  1.7  197   30
2.19763895  0.234124  4.330318  0.9  197   23
2.19766465  0.234125  4.330331  4.6  193   31
2.19768905  0.232319  4.263797  2.5  283  -44
2.19769227  0.229156  4.148471  1.0  309  -41
2.19775125  0.234985  4.362204  5.7  314  -16
2.19778052  0.238570  4.496320  3.2  307  -52
2.19778966  0.237159  4.443309  2.6  302  -53
2.19785120  0.232980  4.288079  0.1   70  -51
2.19786093  0.226295  4.045543  3.0  292   64
2.19786121  0.218928  3.786435  0.0   41   67
2.19785648  0.232053  4.254046  0.0  111  -50
2.19791219  0.232640  4.275585  1.0  274   47
2.19795879  0.231786  4.244274  0.3  287   47
2.19796212  0.231134  4.220413  0.1  288   47
2.19803530  0.227760  4.098092  0.2   49  -63
2.19803541  0.235031  4.363912  0.2  279  -76
2.19803578  0.223590  3.949422  0.0   78  -65
2.19808568  0.232234  4.260677  0.0  286  -40
2.19812955  0.236857  4.432013  0.1  290  -62
2.19812944  0.233371  4.302504  0.1   81  -61
2.19812960  0.234240  4.334615  0.1  105  -73
2.19817338  0.237692  4.463290  2.7   18   25
2.19818368  0.234339  4.338256  1.2  198   17
2.19822049  0.235504  4.381514  2.2  294   50
2.19822504  0.234014  4.326244  1.0  280   36
2.19827774  0.240284  4.561178  2.1  195  -62
2.19832319  0.239351  4.525818  1.4  197  -38
2.19833674  0.239068  4.515120  2.3  193  -46
2.19834472  0.233797  4.318230  0.7  105  -61
2.19838106  0.231466  4.232548  2.4  277   66
2.19839136  0.235872  4.395214  0.4  307    2
2.19844094  0.237548  4.457886  1.3  303   66
2.19846473  0.236707  4.426400  1.5  358  -29
2.19849242  0.233469  4.306104  0.6   33  -40
2.19849483  0.232533  4.271660  0.0  221  -51
2.19852770  0.227965  4.105480  0.1   49   56
2.19855373  0.225891  4.031104  0.5  169  -48
2.19858723  0.230195  4.186183  0.0  198   46
2.19861921  0.234505  4.344413  0.0  196   35
2.19867115  0.232521  4.271225  0.1  284   47
2.19867335  0.232940  4.286606  0.1  296  136
2.19870541  0.227118  4.075014  0.1   57  -44
2.19872227  0.231939  4.249850  0.2  285  128
2.19876109  0.236399  4.414865  4.0  292   -2
2.19877033  0.228876  4.138343  0.3   55   60
2.19877265  0.232455  4.268806  5.3  305   -9
2.19884957  0.236741  4.427671  0.6  193  -55
2.19885093  0.233146  4.294198  0.2   13  -45
2.19885636  0.233108  4.292804  1.0   37   64
2.19890114  0.241462  4.606008  1.3   67  -65
2.19895077  0.231288  4.226036  0.4   45  -50
2.19894477  0.227656  4.094341  0.1  197  -52
2.19895115  0.235495  4.381170  0.5  276  -64
2.19902703  0.235785  4.391985  0.1  100  -20
2.19903746  0.238047  4.476655  0.2  176   55
2.19903831  0.239684  4.538438  0.1  178   60
2.19910061  0.237025  4.438293  0.3   40  -52
2.19909752  0.237101  4.441131  1.1  197  -66
2.19915588  0.236532  4.419857  0.3  205  -43
2.19915655  0.235896  4.396098  0.3  202  -40
2.19920088  0.232798  4.281397  0.5  205   43
2.19919748  0.235541  4.382902  0.0   35   59
2.19920283  0.235836  4.393867  0.2  299  -45
2.19923995  0.234448  4.342294  0.2  281   43
2.19929333  0.234756  4.353719  2.3  304   47
2.19934837  0.223804  3.956971  0.2  280   57
2.19934337  0.228656  4.130409  3.3  303   53
2.19936879  0.222320  3.904662  4.2  312   30
2.19936302  0.226208  4.042433  0.5  298   -7
2.19943349  0.226218  4.042799  0.6  281   48
2.19943393  0.224604  3.985297  0.1  276   48
2.19946103  0.227363  4.083806  0.1  185   39
2.19948457  0.231611  4.237831  1.2  282   51
2.19953311  0.223935  3.961603  3.0  154  -33
2.19953452  0.223766  3.955621  2.9  354  -18
2.19956957  0.228441  4.122620  0.3  290 -135
2.19957524  0.219973  3.822674  0.0   37   61
2.19960017  0.225747  4.025968  4.6  135   -8
2.19963362  0.236201  4.407492  3.9  326  -44
2.19968979  0.228496  4.124607  0.2  114   36
2.19968688  0.229320  4.154443  0.9  210  -66
2.19969373  0.231716  4.241697  0.7   68  -32
2.19975625  0.228198  4.113860  0.3  302  -56
2.19978185  0.225012  3.999801  0.1   74   52
2.19982852  0.220019  3.824249  0.6  320   77
2.19982827  0.221101  3.861982  0.0  306   75
2.19983318  0.216250  3.694345  0.5  269   66
2.19987924  0.235288  4.373469  0.2  298  -30
2.19991948  0.227048  4.072517  0.6   55  -55
2.19992096  0.227410  4.085510  0.7   61  -60
2.19996447  0.222422  3.908257  0.4  274  -52
2.20000891  0.217583  3.740039  1.0  160  -91
2.20000777  0.216938  3.717916  1.1   56  -86
2.20001073  0.217690  3.743719  0.5  109  -74
2.20000862  0.218793  3.781770  0.6  325  -74
2.20009768  0.228528  4.125788  1.1  284   46
2.20010932  0.231602  4.237512  1.1  198   55
2.20015229  0.229764  4.170519  2.7  310   52
2.20015644  0.229914  4.175970  1.3  167   51
2.20017088  0.236181  4.406740  1.4  164   50
2.20022786  0.237566  4.458562  0.7   42  -50
2.20021613  0.235311  4.374345  0.2  201    8
2.20026842  0.227939  4.104541  0.1  192   29
2.20032074  0.221191  3.865116  0.0  227   57
2.20032056  0.225673  4.023318  1.7   65   63
2.20032305  0.218681  3.777897  0.1  307  -59
2.20037825  0.219756  3.815140  0.1  102  -48
2.20037973  0.227432  4.086288  0.5   93  -52
2.20044232  0.223205  3.935804  0.5  286   43
2.20044596  0.221444  3.873949  1.8  258   55
2.20049547  0.223280  3.938460  0.7  315   62
2.20050032  0.223999  3.963867  0.0  303   78
2.20049774  0.227375  4.084266  0.3  168   70
2.20056271  0.233548  4.309032  1.0  193  -41
2.20059172  0.221411  3.872813  0.0  201   40
2.20059542  0.221801  3.886473  0.9   17   47
2.20065333  0.220836  3.852708  0.3  342   72
2.20065459  0.218865  3.784259  0.5  186   45
2.20065559  0.215644  3.673690  0.1  189   54
2.20070433  0.220953  3.856803  0.4  263   43
2.20070380  0.220007  3.823830  0.4  263   45
2.20076602  0.220942  3.856414  3.0  162  -69
2.20077459  0.220910  3.855303  0.9  101  -71
2.20077335  0.220071  3.826064  1.1  102  -71
2.20082336  0.221365  3.871209  0.6  193  -59
2.20082310  0.222802  3.921603  1.0  201  -66
2.20090001  0.236602  4.422447  3.5   86   71
2.20092823  0.223646  3.951376  0.1  301  -48
2.20093303  0.226091  4.038241  2.1  173  -60
2.20098520  0.223921  3.961120  0.4  287 -133
2.20098128  0.230303  4.190119  0.4  198  -30
2.20102435  0.224225  3.971879  0.1   42  -50
2.20103477  0.223560  3.948356  0.0  304  -47
2.20107557  0.223527  3.947192  0.8   39  -47
2.20108191  0.215617  3.672779  0.0  213  -55
2.20112885  0.231862  4.247041  1.3   21  -26
2.20113434  0.229318  4.154343  0.6  202  -37
2.20117641  0.230322  4.190810  0.4  299  -62
2.20121347  0.229752  4.170101  0.7  104   55
2.20121921  0.232032  4.253265  0.4   56   60
2.20125989  0.224381  3.977403  0.2  200   37
2.20126032  0.232329  4.264150  1.0   41   66
2.20130780  0.219177  3.795047  1.0  310   76
2.20130592  0.218598  3.775016  0.0  349   82
2.20138689  0.236213  4.407934  3.4   88   -5
2.20136844  0.237899  4.471080  2.4  289   44
2.20142060  0.237081  4.440367  0.6  198   28
2.20141804  0.233956  4.324093  1.1  279   38
2.20147188  0.231901  4.248482  0.0  293   44
2.20147293  0.231312  4.226899  0.2  285   50
2.20147238  0.228461  4.123365  0.0  298  135
2.20152067  0.228444  4.122734  0.7  287   57
2.20157037  0.218619  3.775731  0.2  207   54
2.20157196  0.215056  3.653688  0.0   32   64
2.20161988  0.228574  4.127424  0.0  110   51
2.20163694  0.236024  4.400863  0.4  191  -39
2.20166300  0.233267  4.298649  0.0  270   65
2.20169885  0.231210  4.223180  2.0   67  -53
2.20166406  0.233961  4.324298  0.6  201   26
2.20174809  0.215593  3.671958  0.8  248  -65
2.20174863  0.219660  3.811783  1.0   85  -59
2.20179851  0.224557  3.983642  0.5   55  -57
2.20183857  0.231626  4.238410  1.2  186  -79
2.20183961  0.229908  4.175742  1.0  347  -76
2.20188286  0.223097  3.932008  0.1  198  -40
2.20188697  0.222401  3.907513  0.4   21  -40
2.20189852  0.229732  4.169368  0.4   26    6
2.20193273  0.231497  4.233667  0.1   29   43
2.20199806  0.230332  4.191167  0.0   30  -54
2.20199034  0.230428  4.194679  0.1  205   39
2.20204496  0.222681  3.917371  0.8   88   65
2.20204460  0.220881  3.854276  0.9  267   62
2.20204571  0.223348  3.940855  1.5   91   60
2.20212583  0.238279  4.485390  0.0  193   58
2.20213090  0.232791  4.281151  0.3  196   45
2.20215552  0.234612  4.348392  0.5  192   20
2.20219314  0.231614  4.237954  2.7  116   13
2.20218873  0.226229  4.043178  1.8  132   47
2.20223239  0.230382  4.192985  2.0  176   56
2.20222655  0.231722  4.241929  0.5  287   44
2.20232254  0.228668  4.130826  0.0  276   53
2.20232350  0.223574  3.948850  0.0  106   57
2.20232221  0.220034  3.824790  0.3  284   43
2.20238265  0.221498  3.875839  0.1  328   78
2.20238320  0.224057  3.965921  0.0  268   69
2.20237889  0.218394  3.767986  0.1   15   76
2.20250549  0.221924  3.890756  1.1  276  -52
2.20245967  0.230699  4.204532  0.8   45  -56
2.20250116  0.222722  3.918786  0.1  185  -74
2.20249902  0.220588  3.844049  0.0  189  -74
2.20254975  0.220433  3.838670  0.4  192  -52
2.20255367  0.219431  3.803846  0.0   35  -58
2.20258431  0.226990  4.070423  0.3  104   -9
2.20266728  0.227754  4.097884  0.1  290  -12
2.20264312  0.227829  4.100593  0.7  177  -62
2.20267025  0.229181  4.149398  0.9  106  -13
2.20269200  0.229066  4.145240  0.0  298   58
2.20269363  0.225490  4.016821  0.1  275   50
2.20270663  0.233720  4.315362  0.1   96   12
2.20281463  0.226798  4.063566  0.4  292  -65
2.20281176  0.219637  3.810996  0.1  279 -109
2.20281318  0.217553  3.739006  0.1   92  -68
2.20281346  0.227148  4.076110  0.1  183  -94
2.20285804  0.228849  4.137381  1.7  196   59
2.20289200  0.235270  4.372819  1.6   57   70
2.20294876  0.230946  4.213561  0.2  281   15
2.20297152  0.227547  4.090447  1.3  280   29
2.20297824  0.226682  4.059376  1.3  286   43
2.20297528  0.227236  4.079263  1.4  278   24
2.20304645  0.225750  4.026084  0.2   89  116
2.20304928  0.225675  4.023396  0.5   74   63
2.20304851  0.226199  4.042119  0.4  273  117
2.20310805  0.233475  4.306329  0.0  275   10
2.20314439  0.230391  4.193336  3.3   90   49
2.20314594  0.226489  4.052480  0.4  282   32
2.20319247  0.224191  3.970658  1.1  277   61
2.20319588  0.225589  4.020345  0.0  283   62
2.20325020  0.233371  4.302494  0.0   63   48
2.20327449  0.232510  4.270805  0.1  342  -24
2.20333453  0.233423  4.304424  0.0   97   71
2.20331008  0.230515  4.197852  0.7  298  -63
2.20331135  0.227271  4.080523  0.5   89  -69
2.20337275  0.226519  4.053569  0.0   58  -76
2.20337493  0.226317  4.046337  0.7   70  -60
2.20346546  0.221783  3.885833  2.9   49  -55
2.20346543  0.220960  3.857038  2.8   30  -54
2.20346204  0.219508  3.806520  3.2   22  -50
2.20346169  0.221868  3.888824  4.2  218  -48
2.20350447  0.220597  3.844395  0.0  292   53
2.20356428  0.236039  4.401426  0.6  186   50
2.20359665  0.220597  3.844371  0.4  286  -16
2.20360705  0.220765  3.850245  0.1  282   -9
2.20360714  0.223672  3.952306  0.0  282   -8
2.20361300  0.223999  3.963859  0.1  281   -9
2.20367942  0.224739  3.990108  0.8  171  -70
2.20368257  0.219767  3.815498  0.1  318 -111
2.20373477  0.221020  3.859127  1.9  297  -57
2.20373351  0.221050  3.860174  1.2   59  -48
2.20375302  0.232987  4.288359  4.2  316  -44
2.20377962  0.233666  4.313402  4.2  279    8
2.20382292  0.236014  4.400525  2.8  300  -18
2.20386794  0.232495  4.270257  0.9   59   72
2.20386457  0.232409  4.267098  0.9   62   68
2.20387767  0.237323  4.449464  2.2  287  -10
2.20395752  0.237784  4.466772  0.4  282   55
2.20395794  0.235017  4.363392  0.0  272   51
2.20400287  0.237191  4.444496  0.0   77  -34
2.20400216  0.235196  4.370073  2.0   78  -36
2.20403836  0.240997  4.588287  0.0   93  -19
2.20406552  0.237314  4.449103  1.3  196   36
2.20411890  0.224258  3.973039  0.1  297   57
2.20411825  0.227933  4.104317  0.1  293   59
2.20412052  0.224761  3.990892  0.1  294  123
2.20417207  0.234160  4.331648  0.1  181   50
2.20418122  0.234058  4.327851  0.2  165   26
2.20421023  0.225711  4.024693  0.2   48   62
2.20426248  0.222530  3.912052  1.0  292   45
2.20426236  0.224322  3.975318  1.5  293   43
2.20426359  0.225089  4.002540  0.0   37   77
2.20432423  0.237456  4.454438  0.3  295  -36
2.20435243  0.234858  4.357517  0.8  181  -46
2.20438940  0.224887  3.995362  0.7   37  -52
2.20441870  0.226981  4.070099  4.9  297    1
2.20441863  0.227405  4.085331  4.1  298    3
2.20442223  0.226811  4.064013  5.5  293    3
2.20447790  0.237087  4.440619  1.2  119   41
2.20449808  0.237767  4.466114  0.7   52   14
2.20452944  0.234534  4.345483  0.0  253    8
2.20454075  0.236882  4.432946  0.3   64  -34
2.20456822  0.231479  4.233017  0.2   77    3
2.20465210  0.219774  3.815742  0.2   98  -60
2.20464960  0.222165  3.899215  0.0   46  -61
2.20465454  0.223151  3.933921  1.2  312  -54
2.20465652  0.225234  4.007699  2.4  327  -62
2.20470394  0.231631  4.238581  0.4   58  -43
2.20473716  0.232543  4.272028  0.0   73  -29
2.20475410  0.234669  4.350477  0.2  192  -37
2.20479996  0.235984  4.399399  0.8  250  -38
2.20474634  0.236955  4.435677  0.3  301  -44
2.20487172  0.236657  4.424505  0.3  324   46
2.20487717  0.235895  4.396056  0.1  305   48
2.20487739  0.235582  4.384410  0.5  302   45
2.20495248  0.231936  4.249749  0.8  195   49
2.20495987  0.227253  4.079852  0.1  191   43
2.20498130  0.232307  4.263373  3.0  311   50
2.20498182  0.228935  4.140485  0.4  298   54
2.20504517  0.235460  4.379880  0.6   76  -42
2.20505187  0.234957  4.361180  0.0   87  -28
2.20507462  0.235018  4.363432  0.9  291   38
2.20512080  0.232645  4.275778  0.1   18  -36
2.20512124  0.232701  4.277846  0.9   18  -34
2.20513247  0.232829  4.282538  2.1   26  -33
2.20520582  0.234285  4.336277  0.5  106  -52
2.20520408  0.236738  4.427546  1.7  291  -49
2.20520430  0.233623  4.311790  0.2   97  -53
2.20526248  0.238454  4.491954  0.3  294   67
2.20528576  0.234598  4.347873  0.1  297  -64
2.20528424  0.233434  4.304816  0.0  286  -66
2.20531370  0.234734  4.352914  0.9  319  -38
2.20536191  0.238403  4.490048  1.6  166  -48
2.20535793  0.238756  4.503343  0.0  314  -47
2.20541317  0.246169  4.787323  0.9  196   16
2.20549012  0.235850  4.394411  1.9  304   29
2.20548885  0.236729  4.427211  0.8  289    6
2.20548799  0.236995  4.437175  2.9  301   23
2.20549215  0.236468  4.417467  1.2  289    6
2.20551592  0.238692  4.500944  0.6   36   24
2.20555960  0.236672  4.425075  2.9   57  -51
2.20563338  0.232835  4.282759  1.7  185    6
2.20563809  0.227424  4.085997  1.0  279   -1
2.20564894  0.229286  4.153201  1.7   98    1
2.20566543  0.228313  4.118012  1.3  270   10
2.20567311  0.227221  4.078710  0.2  264   18
2.20567036  0.228368  4.120021  1.4   86   16
2.20578074  0.231406  4.230367  1.0  270   13
2.20578935  0.230386  4.193138  5.5  273   20
2.20578919  0.231479  4.233014  5.8   93   22
2.20579883  0.231546  4.235460  6.2  269   16
2.20579595  0.231604  4.237582  5.8  268   20
2.20595279  0.218949  3.787171  0.9  110   36
2.20594539  0.219933  3.821270  2.4  283   53
2.20594844  0.218058  3.756403  1.1  285   49
2.20595478  0.217921  3.751679  0.6  276   44
2.20595366  0.217388  3.733331  0.4  274   50
2.20599799  0.230910  4.212239  0.0  124   61
2.20606166  0.224504  3.981772  1.1  204   60
2.20606487  0.226858  4.065685  0.1  198   63
2.20608820  0.227152  4.076256  4.8   14   28
2.20610531  0.226000  4.034997  7.9   14    2
2.20612110  0.226537  4.054207  7.0  197  -24
2.20614212  0.227252  4.079841  3.6   48  -51
2.20617138  0.233815  4.318894  4.6  311  -45
2.20622924  0.233816  4.318905  3.1  313  -36
2.20627784  0.222131  3.898042  1.5   88  -47
2.20627095  0.218482  3.771023  0.1  262  -64
2.20627504  0.223201  3.935682  1.7   76  -48
2.20629295  0.230346  4.191681  2.5  207  -11
2.20631647  0.233672  4.313593  1.2  293  -23
2.20627653  0.221580  3.878719  0.1   71  -64
2.20641812  0.232293  4.262840  1.5   43 -116
2.20643061  0.227561  4.090950  0.5   25  -21
2.20644866  0.224647  3.986847  0.0   31  -28
2.20643415  0.230284  4.189445  1.0   98  -20
2.20646315  0.232219  4.260143  0.5   13    4
2.20654203  0.230261  4.188597  0.1   68  -49
2.20655473  0.230007  4.179345  0.2  274  -24
2.20657461  0.231209  4.223138  0.1  279  -15
2.20660502  0.236986  4.436815  1.6   44  -32
2.20662440  0.236351  4.413098  1.2   62  -10
2.20662661  0.238549  4.495540  0.5   81  -18
2.20671067  0.242746  4.655135  1.0  199   53
2.20671169  0.242238  4.635650  0.7  199   63
2.20673097  0.243450  4.682150  0.5   98    2
2.20675987  0.237270  4.447476  0.1   70  -36
2.20679362  0.237280  4.447849  2.0  275  158
2.20679519  0.238335  4.487489  1.5   95   19
2.20686830  0.241756  4.617235  0.3  118   60
2.20686624  0.239817  4.543470  0.1  278   68
2.20688577  0.238452  4.491879  2.7  300   46
2.20691883  0.235860  4.394777  4.9  200  -48
2.20693924  0.232019  4.252780  4.0   50 -155
2.20694008  0.232674  4.276823  4.0   47  -20
2.20699715  0.242062  4.628922  3.0  303    1
2.20702032  0.243339  4.677912  2.8  190   47
2.20707419  0.232224  4.260304  0.6  285  -61
2.20710709  0.227538  4.090092  0.1  188  -29
2.20711042  0.224671  3.987700  0.0    7  -22
2.20710931  0.226914  4.067722  0.4  188  -33
2.20711034  0.224310  3.974900  0.1  188  -34
2.20717342  0.226135  4.039836  2.9  297   46
2.20717353  0.225998  4.034916  2.8  299   49
2.20717202  0.226625  4.057361  3.2  301   54
2.20725775  0.233779  4.317547  0.3  182  -20
2.20727356  0.235282  4.373254  0.4    1  -33
2.20728394  0.235345  4.375593  0.2  196  -50
2.20729127  0.237213  4.445332  0.9  195  -39
2.20735325  0.239109  4.516684  0.5  205   28
2.20738760  0.239069  4.515164  3.7  315   55
2.20739998  0.234941  4.360588  3.5  317    1
2.20739561  0.236114  4.404236  2.6  292   -8
2.20750913  0.236511  4.419076  0.9   66   15
2.20750991  0.237064  4.439749  1.4   66   15
2.20751341  0.234806  4.355586  0.6  186   54
2.20752196  0.237548  4.457908  0.4   64   10
2.20757057  0.236804  4.430013  0.4  249  -55
2.20757208  0.234067  4.328186  0.3  211  -52
2.20761802  0.237216  4.445445  0.4  299  -36
2.20764650  0.239345  4.525592  0.2  169  -70
2.20764878  0.235390  4.377263  0.1  200  -72
2.20769741  0.236747  4.427870  0.0  174  -75
2.20771334  0.240042  4.551977  0.9  282   18
2.20776855  0.233221  4.296984  0.4   47   40
2.20777262  0.233173  4.295220  0.0   37   41
2.20777795  0.232567  4.272898  1.0   42   44
2.20775791  0.236697  4.426026  0.2  244   18
2.20782487  0.237164  4.443478  3.0   24   37
2.20788697  0.235971  4.398902  3.3  360  -55
2.20793809  0.228289  4.117160  0.0  128   29
2.20793877  0.212465  3.566167  0.0  133   37
2.20793781  0.215142  3.656583  1.5  149   47
2.20800246  0.220338  3.835352  0.3  123   38
2.20800161  0.220119  3.827729  0.1  290   46
2.20800261  0.220987  3.857988  0.3  289   48
2.20807570  0.224742  3.990200  1.7  275   25
2.20808747  0.225739  4.025690  3.3  289   58
2.20808701  0.226607  4.056721  3.2  290   56
2.20814581  0.226346  4.047363  5.7   42   57
2.20814925  0.227468  4.087595  5.5  204   45
2.20819488  0.230353  4.191935  2.8  295   55
2.20819635  0.232381  4.266089  0.6  169   28
2.20827204  0.221925  3.890803  1.1  314  -53
2.20827004  0.223868  3.959220  2.0  313  -48
2.20826811  0.220487  3.840531  1.2  120  -49
2.20827148  0.221779  3.885684  0.8  313  -49
2.20834316  0.228417  4.121762  2.1  191   11
2.20835587  0.227053  4.072695  0.3  188   20
2.20838574  0.225244  4.008052  0.3  291   34
2.20843015  0.230321  4.190760  4.1   22  -63
2.20842819  0.229964  4.177807  4.4  104  -42
2.20847293  0.230838  4.209593  4.6  312  -23
2.20851933  0.232035  4.253397  2.4  201   21
2.20853680  0.225725  4.025205  2.3   65   65
2.20853508  0.226389  4.048917  2.4   82   64
2.20853821  0.225888  4.031005  2.3   65   65
2.20854244  0.229060  4.145000  2.0  209  124
2.20864188  0.223370  3.941626  1.0  177  -67
2.20864643  0.224532  3.982749  1.2  206  -59
2.20864764  0.219944  3.821638  0.1  184  -48
2.20868350  0.228078  4.109556  0.6   34   46
2.20872815  0.228249  4.115709  2.0  304  -28
2.20873230  0.228003  4.106832  0.1  305  -22
2.20875901  0.226691  4.059726  0.2  206  -30
2.20880531  0.237552  4.458029  3.6  297  -23
2.20883485  0.230141  4.184234  0.8  301  -51
2.20883777  0.231033  4.216706  0.7  108  -51
2.20889878  0.235904  4.396410  0.7   15  -18
2.20890411  0.236065  4.402423  0.0  302  -40
2.20893993  0.239314  4.524441  4.0  199  -18
2.20895514  0.239156  4.518463  3.0   13  -26
2.20901296  0.227660  4.094497  0.1  338   73
2.20901081  0.228491  4.124444  2.4  300   63
2.20906733  0.243902  4.699560  1.1   67  -16
2.20906709  0.237757  4.465729  1.2  178   53
2.20910113  0.233068  4.291344  0.3  170   17
2.20910439  0.231665  4.239837  0.1  169   15
2.20913857  0.234501  4.344250  1.7  298  -39
2.20918180  0.232060  4.254288  3.3  177  -65
2.20918684  0.230420  4.194372  1.7   14  -59
2.20922673  0.236418  4.415598  2.0  307   57
2.20923923  0.236875  4.432671  3.1  299  -31
2.20930692  0.230907  4.212128  0.2   49  -40
2.20930313  0.234276  4.335927  0.1  174  -63
2.20930796  0.235529  4.382453  0.2  104  -79
2.20938281  0.235943  4.397867  0.7  101  -45
2.20937482  0.235563  4.383703  1.3    4  -52
2.20938849  0.235926  4.397213  3.2  323  -31
2.20945464  0.232295  4.262933  0.1  303  -63
2.20945805  0.231142  4.220716  0.4   97  -65
2.20950244  0.234454  4.342538  2.1  286  -50
2.20949985  0.228602  4.128460  0.0   63  -48
2.20950807  0.234741  4.353167  2.8  311  -33
2.20955643  0.239728  4.540081  2.5  287 -148
2.20957422  0.241396  4.603493  0.5  193   33
2.20957482  0.241983  4.625900  1.2   17   49
2.20965008  0.244051  4.705307  1.3  292  -61
2.20968112  0.237520  4.456832  1.0  109   61
2.20968525  0.235947  4.398003  0.3   93   64
2.20971439  0.241833  4.620166  0.2   33   16
2.20971977  0.237276  4.447682  0.1  212  -52
2.20976440  0.237408  4.452624  0.0  309  -67
2.20982143  0.237964  4.473514  0.0   50  -38
2.20982109  0.234954  4.361062  1.9  145   72
2.20984893  0.236402  4.414985  0.5  175   35
2.20989614  0.233838  4.319739  0.2  292   43
2.20989974  0.234672  4.350610  0.2  297   54
2.20994651  0.219968  3.822503  0.1  305   63
2.20994536  0.215661  3.674255  0.0  279   64
2.20998996  0.233547  4.308991  0.5   68   48
2.20999861  0.227952  4.105000  0.7   29   59
2.21004196  0.223252  3.937483  0.3  300   48
2.21004485  0.228348  4.119279  1.5  297   54
2.21012477  0.232174  4.258482  1.2   45  -83
2.21012953  0.231033  4.216715  1.8    6  -53
2.21013184  0.230292  4.189725  3.3  305  -57
2.21014353  0.232944  4.286785  1.4   43   60
2.21021291  0.233167  4.294996  1.6  283   59
2.21021011  0.233556  4.309338  0.1  146   30
2.21026201  0.224502  3.981701  0.6  155  -77
2.21026532  0.224683  3.988115  0.7  153  -79
2.21026977  0.222420  3.908194  0.2  101  -63
2.21032167  0.230993  4.215249  0.5  307  -43
2.21036492  0.235328  4.374971  0.3  296   27
2.21036508  0.234453  4.342475  0.1  296   27
2.21043047  0.231365  4.228857  0.8  305   33
2.21043319  0.236232  4.408651  0.5   39  -54
2.21042439  0.234334  4.338077  0.0  298   35
2.21051013  0.231520  4.234537  0.4  217   76
2.21048743  0.231941  4.249928  1.7   55  -50
2.21053550  0.226725  4.060927  1.0   72  -42
2.21053439  0.228296  4.117389  0.5  279  -47
2.21058144  0.235024  4.363660  0.4  298  -64
2.21057971  0.226016  4.035580  0.3  302  -49
2.21061998  0.234168  4.331929  0.7  319  -47
2.21062281  0.232737  4.279165  0.3  209  -52
2.21070998  0.240861  4.583120  1.6  198   43
2.21070848  0.241383  4.603005  1.8  298   56
2.21076271  0.232372  4.265738  0.4  221   79
2.21076073  0.233886  4.321522  1.5  176   84
2.21075995  0.228789  4.135226  0.0  291  125
2.21080127  0.236777  4.429007  0.3  251   51
2.21085386  0.236950  4.435475  0.3  206   44
2.21086203  0.232084  4.255184  1.0  102   40
2.21086384  0.237608  4.460142  1.0  125   22
2.21092018  0.234045  4.327388  0.0  170   65
2.21091898  0.231375  4.229225  0.0  306   50
2.21095886  0.240199  4.557968  0.6  293   41
2.21102170  0.227927  4.104103  0.0  321   21
2.21102411  0.228602  4.128462  0.0  145   12
2.21102336  0.228824  4.136458  0.0  140   16
2.21107574  0.227799  4.099481  0.8   63   65
2.21108203  0.230748  4.206332  1.6  168   52
2.21113189  0.232555  4.272468  1.2  299   61
2.21116247  0.229246  4.151752  0.3  190   17
2.21117174  0.227087  4.073906  0.5  262   47
2.21118339  0.234723  4.352492  1.4  182   18
2.21122594  0.230688  4.204128  0.3  132   47
2.21122792  0.230381  4.192948  1.5  309   43
2.21129243  0.231473  4.232804  1.0  330  -43
2.21128764  0.229213  4.150551  0.3  323  -46
2.21132537  0.235468  4.380161  0.8   40   61
2.21134825  0.233366  4.302307  1.6   58  -49
2.21139926  0.226961  4.069386  0.6   49  -62
2.21140192  0.225533  4.018360  1.0  306  -66
2.21144657  0.235744  4.390445  2.9  322  -39
2.21149126  0.231943  4.249993  1.3   60  -62
2.21149210  0.229188  4.149628  3.3  304  -55
2.21149416  0.230805  4.208410  4.3  316  -50
2.21155589  0.228072  4.109345  1.9  295  -36
2.21156328  0.231074  4.218212  1.4  294  -58
2.21156236  0.230244  4.187985  0.0  147   -4
2.21165280  0.230371  4.192595  7.5  153  -14
2.21165275  0.230552  4.199175  7.2  153  -14
2.21165673  0.230979  4.214766  8.0  154  -13
2.21168590  0.230943  4.213423  2.5   49   56
2.21173600  0.233554  4.309235  0.4   70   54
2.21172371  0.231730  4.242204  0.6   19  -64
2.21179252  0.235829  4.393619  1.4   66   60
2.21180810  0.234840  4.356827  1.4  285  -38
2.21184532  0.224132  3.968573  0.4   69   66
2.21184508  0.221884  3.889365  0.1  283   43
2.21189218  0.224401  3.978125  0.2   89   60
2.21189036  0.220670  3.846919  0.1  284   53
2.21194434  0.219553  3.808075  0.1  302   50
2.21194709  0.221266  3.867737  1.0  279   62
2.21199340  0.225550  4.018963  0.3   62   56
2.21199968  0.228784  4.135015  0.4   16   53
2.21201147  0.231203  4.222935  2.3  204  -67
2.21209205  0.226750  4.061839  1.0  209   58
2.21209693  0.226419  4.049985  2.6  352   34
2.21209906  0.226303  4.045817  2.3  170   19
2.21216461  0.214771  3.644012  0.1  191    7
2.21216295  0.216967  3.718916  0.0   13   20
2.21217677  0.221879  3.889193  0.1  157   28
2.21222558  0.227663  4.094604  0.0  168  -74
2.21222523  0.228814  4.136128  0.7  298 -135
2.21227395  0.224052  3.965736  0.1  195  -27
2.21227519  0.225439  4.014990  0.1  195  -27
2.21229961  0.230483  4.196681  0.5   34   42
2.21232895  0.229031  4.143946  0.0  127   -3
2.21240088  0.223491  3.945927  0.0  362   88
2.21240232  0.219334  3.800476  0.0   76  100
2.21240240  0.219546  3.807838  0.0  278   74
2.21247232  0.226170  4.041074  0.0   18  -68
2.21248643  0.223665  3.952055  1.1  163  -65
2.21248972  0.222229  3.901470  0.1  359  -63
2.21248662  0.225642  4.022240  0.4  289  -34
2.21257288  0.232269  4.261979  1.2  166  -71
2.21257684  0.233853  4.320277  0.8  196  -80
2.21261060  0.224546  3.983256  0.8  296   43
2.21261266  0.224102  3.967532  0.2   25   46
2.21266847  0.216178  3.691913  0.0   98   67
2.21266794  0.211503  3.533948  0.1   35   68
2.21271792  0.230195  4.186207  0.7   52   62
2.21276105  0.232455  4.268796  0.6   48   64
2.21276205  0.222266  3.902772  0.0   43   54
2.21280682  0.230774  4.207279  0.1   60   64
2.21282583  0.230453  4.195576  1.4  200  -45
2.21281307  0.231663  4.239736  0.7   33   63
2.21289158  0.222627  3.915442  1.6  124  -45
2.21288780  0.219416  3.803343  0.5   81  -51
2.21288918  0.217665  3.742864  0.3   90  -52
2.21294609  0.222671  3.917001  0.1  112  -47
2.21298285  0.227498  4.088670  0.1    2  -58
2.21298573  0.222242  3.901932  0.1  198  -60
2.21304259  0.222824  3.922390  0.0   38  -50
2.21306708  0.228618  4.129023  0.4   72   50
2.21306767  0.223266  3.937963  0.0   47   60
2.21309682  0.233673  4.313659  0.0  208  -49
2.21315190  0.235879  4.395458  0.5  289  -52
2.21315510  0.234616  4.348526  0.2   64  -54
2.21320289  0.230788  4.207803  0.4  295  -51
2.21320383  0.223725  3.954183  0.1   68  -53
2.21325009  0.228718  4.132654  0.0  288  -66
2.21325205  0.227242  4.079480  0.0  311  -63
2.21329977  0.227975  4.105840  0.0   38  -45
2.21333803  0.219994  3.823393  0.0  264   54
2.21333857  0.218107  3.758093  0.1   97   63
2.21333980  0.219649  3.811398  0.3   65   67
2.21339250  0.229951  4.177319  1.7   35   62
2.21342875  0.214443  3.632869  1.8  298   45
2.21348244  0.209815  3.477780  0.1  118   50
2.21348295  0.211346  3.528703  0.1  119   55
2.21348145  0.210677  3.506411  0.1   94   55
2.21352693  0.227607  4.092574  3.1   10  -52
2.21354341  0.223529  3.947239  0.2  173   49
2.21358038  0.229644  4.166173  4.4  306   17
2.21362318  0.222094  3.896718  1.0  197   36
2.21363810  0.220112  3.827509  5.0  304   52
2.21363196  0.218758  3.780557  4.7  183   29
2.21365944  0.219544  3.807778  1.0   96  -57
2.21371364  0.219243  3.797342  1.6  140  -39
2.21371398  0.218751  3.780300  1.3  320 -139
2.21375791  0.217564  3.739408  1.0  302  -58
2.21375968  0.220306  3.834241  0.8  297  -47
2.21378737  0.222546  3.912609  0.1  288   53
2.21378384  0.227660  4.094513  0.8   30   39
2.21384604  0.228443  4.122725  0.9  298  -42
2.21394026  0.224552  3.983470  0.2   97   16
2.21393808  0.222159  3.899022  1.2  271   15
2.21392454  0.220358  3.836046  0.3   58  -53
2.21394494  0.221470  3.874885  0.5   96   20
2.21394270  0.221214  3.865907  0.4  270   17
2.21395750  0.222634  3.915710  0.6  260   30
2.21406936  0.227027  4.071753  1.8  285   54
2.21409629  0.224252  3.972831  3.9   91   56
2.21409199  0.221090  3.861567  1.9  102   32
2.21409553  0.223793  3.956586  1.0  113   34
2.21412399  0.227136  4.075678  0.6  114  -31
2.21415312  0.226059  4.037127  1.5   33   83
2.21424542  0.228406  4.121392  0.0  246 -113
2.21423978  0.222545  3.912570  0.0  270  -64
2.21425004  0.225496  4.017043  0.2  293  -58
2.21427450  0.226571  4.055426  1.9  271   33
2.21432963  0.228163  4.112608  1.0  275  -71
2.21432426  0.227016  4.071369  0.6   62  -51
2.21432507  0.220961  3.857068  0.3  244  -68
2.21440898  0.220147  3.828702  1.2   78   62
2.21441131  0.218754  3.780416  0.3  210   44
2.21441032  0.218471  3.770648  0.6   45   61
2.21446077  0.219820  3.817359  0.1  106   51
2.21446460  0.225730  4.025358  1.2  138   52
2.21451265  0.225785  4.027347  0.3   53   52
2.21458213  0.222906  3.925294  1.0  278    1
2.21458362  0.221882  3.889296  5.7   97   -0
2.21458637  0.221370  3.871381  0.0   95   -4
2.21458766  0.222669  3.916949  4.3  278   -8
2.21459833  0.223174  3.934711  4.8   94  -10
2.21468882  0.229043  4.144381  2.0  144  -37
2.21466937  0.223015  3.929108  0.1  278   42
2.21473401  0.223711  3.953671  0.0  211   61
2.21472933  0.219776  3.815826  0.4  273   46
2.21477669  0.217994  3.754179  1.7  311   42
2.21477646  0.218108  3.758121  0.5  290   52
2.21483570  0.224594  3.984942  0.1  194   28
2.21485032  0.224737  3.990021  0.2  176  -61
2.21487649  0.227800  4.099516  1.7  301   49
2.21493109  0.228271  4.116492  2.0    6  -18
2.21494104  0.221567  3.878268  0.3   14   -6
2.21494676  0.222895  3.924907  1.6  316  -40
2.21499968  0.227153  4.076268  0.6   43  -51
2.21500273  0.226345  4.047342  0.2   60  -61
2.21505814  0.203220  3.262585  0.0   57  -65
2.21505909  0.203568  3.273766  0.0  283  -67
2.21505790  0.206965  3.383916  0.1  279  -63
2.21506493  0.216086  3.688747  0.2  280  -36
2.21506197  0.214910  3.648712  0.1   74  -52
2.21515270  0.228476  4.123890  0.0  318  -68
2.21520123  0.236383  4.414293  2.3  294  -54
2.21522954  0.234325  4.337763  2.9  195   58
2.21525046  0.231805  4.244965  2.7  277  -44
2.21526249  0.228620  4.129107  0.0  279  -24
2.21529696  0.231670  4.239994  0.7  192   36
2.21533226  0.231960  4.250634  1.0   82   72
2.21534279  0.234680  4.350896  0.3   46   63
2.21534014  0.239447  4.529436  0.1   47   50
2.21540939  0.233098  4.292429  1.8  187  -48
2.21544393  0.229466  4.159724  0.2  195   31
2.21545013  0.230375  4.192724  0.2  190   20
2.21550454  0.227317  4.082171  3.8  174  -50
2.21550827  0.223711  3.953687  3.2    8  -41
2.21551440  0.226834  4.064848  3.0  206  -57
2.21555189  0.233392  4.303281  0.5  292   52
2.21555919  0.237236  4.446204  0.5  282   63
2.21562461  0.234500  4.344222  0.9  310  -51
2.21563913  0.236765  4.428537  3.2   10   33
2.21567238  0.230079  4.181986  1.0   40  -58
2.21572442  0.232864  4.283822  1.0  231  -85
2.21572203  0.221030  3.859471  0.6  196  -70
2.21572210  0.220181  3.829900  0.3  195  -70
2.21575461  0.237839  4.468830  0.3  282   32
2.21582769  0.229926  4.176396  0.3   49   36
2.21583270  0.224203  3.971090  0.1   44   43
2.21584678  0.227748  4.097653  0.8  209   30
2.21588692  0.230569  4.199816  0.8  290   28
2.21592782  0.232010  4.252468  1.3  165  -68
2.21592747  0.229631  4.165700  1.0  325  -38
2.21597397  0.225787  4.027420  0.0  200   34
2.21598501  0.227697  4.095826  0.0  183    0
2.21598367  0.224662  3.987360  0.0   35   55
2.21599135  0.230985  4.214972  0.5   24   47
2.21606527  0.235888  4.395825  0.6  192  -55
2.21610867  0.234351  4.338705  7.8  280   11
2.21611078  0.229203  4.150176  6.2  298   33
2.21615906  0.225120  4.003642  2.6   15  -37
2.21616381  0.223463  3.944911  2.4   73   60
2.21616504  0.223960  3.962496  3.5  271   64
2.21613262  0.234916  4.359671  7.4  102   15
2.21626870  0.230828  4.209238  0.0  114   31
2.21626952  0.231343  4.228039  0.0  115   34
2.21626922  0.231064  4.217851  0.2  288   39
2.21631749  0.233506  4.307484  2.9  298   50
2.21637735  0.233191  4.295857  1.1  282   44
2.21636787  0.233079  4.291730  0.5  188   45
2.21641540  0.232676  4.276895  2.4  202   27
2.21641874  0.229047  4.144546  3.0  188   34
2.21642449  0.232665  4.276524  3.5  181   18
2.21647378  0.226222  4.042936  0.4  287   60
2.21648896  0.228856  4.137626  1.0  299   23
2.21648908  0.228082  4.109695  2.1  299   23
2.21654057  0.231477  4.232929  1.7   16  -50
2.21660281  0.226671  4.059005  0.1   85  -46
2.21660602  0.226128  4.039588  1.0  287  -38
2.21664497  0.223045  3.930180  3.3  283   -5
2.21665326  0.210459  3.499142  0.0  308  -41
2.21665304  0.212973  3.583246  1.0  302  -39
2.21665443  0.209581  3.470022  1.0  110  -39
2.21675316  0.228431  4.122270  0.8  278  -63
2.21675286  0.219770  3.815625  0.0   63  -49
2.21679718  0.224140  3.968872  0.1  291  -54
2.21679749  0.223348  3.940851  1.0  289  -50
2.21683529  0.238158  4.480811  0.0  318  -32
2.21691706  0.237050  4.439220  3.5  299   43
2.21690630  0.232615  4.274658  0.0  203  -37
2.21691738  0.236886  4.433084  1.0  297   45
2.21692885  0.240364  4.564232  7.9  320   -7
2.21697088  0.235528  4.382410  0.1  335   57
2.21699624  0.233390  4.303210  0.0  193   15
2.21703372  0.239317  4.524551  1.5  105   35
2.21705984  0.237598  4.459756  0.4   52  -50
2.21709773  0.231981  4.251389  0.2  243  -71
2.21710248  0.234569  4.346771  0.2   48  -54
2.21710215  0.233545  4.308920  0.1   52  -59
2.21718843  0.229841  4.173310  0.3  285   50
2.21719470  0.229247  4.151771  0.5   75   64
2.21719612  0.231724  4.242002  0.7   66   62
2.21719290  0.229803  4.171928  0.5  239   59
2.21723783  0.232268  4.261937  5.2  193   -1
2.21728920  0.229136  4.147770  0.3  302   64
2.21729297  0.233155  4.294551  1.2  277   75
2.21737695  0.231544  4.235416  0.1   46  -85
2.21737572  0.230730  4.205667  1.8  339  -55
2.21738881  0.229757  4.170292  4.4  190  -17
2.21738693  0.229618  4.165228  4.6   10  -15
2.21745699  0.232281  4.262391  0.9  305   48
2.21745793  0.236326  4.412144  1.0  292   62
2.21751938  0.229930  4.176544  2.2  313  -41
2.21752712  0.228897  4.139122  0.5  293  -46
2.21753749  0.229879  4.174712  1.7  360   -7
2.21757843  0.232362  4.265385  1.5  184   -6
2.21760206  0.233684  4.314060  2.6  305   61
2.21761578  0.232758  4.279937  4.3  189    4
2.21769046  0.230663  4.203228  1.2  126  -70
2.21769296  0.231242  4.224349  2.2  320  -51
2.21770714  0.228845  4.137224  0.7  170  -80
2.21770027  0.227669  4.094821  0.0  330  -34
2.21778409  0.225597  4.020644  0.5  293  -60
2.21778539  0.220582  3.843873  0.0  166  -56
2.21778606  0.217600  3.740614  0.1  327  -63
2.21782836  0.234759  4.353828  1.2  311  -54
2.21788278  0.232168  4.258265  0.0  360   83
2.21785576  0.232731  4.278939  1.8  118  -27
2.21784795  0.233636  4.312292  2.4  124  -30
2.21790862  0.238245  4.484092  0.2  282   62
2.21798215  0.231032  4.216684  1.2  261   53
2.21798767  0.229110  4.146826  1.2   57   69
2.21799552  0.231629  4.238506  0.1   11   62
2.21803593  0.238728  4.502277  0.8  299   59
2.21807342  0.241527  4.608505  4.5  300   40
2.21811526  0.227884  4.102567  0.1  206   33
2.21812351  0.231521  4.234572  1.6   16   44
2.21816937  0.223605  3.949929  0.2   30  -44
2.21817515  0.223185  3.935116  0.0   39  -44
2.21821055  0.237408  4.452629  1.6  309  -37
2.21821011  0.237655  4.461923  1.5  310  -35
2.21827948  0.237866  4.469852  0.3  299  -47
2.21829934  0.232776  4.280578  1.1   27  -56
2.21829572  0.233677  4.313773  1.7   13  -50
2.21835124  0.236726  4.427095  0.0   84  -49
2.21835132  0.236472  4.417595  0.1  101  -40
2.21838647  0.237489  4.455683  0.0  183   59
2.21840792  0.235005  4.362960  0.0  190   13
2.21845260  0.235037  4.364154  0.1  195   67
2.21845355  0.235776  4.391636  0.8  298   42
2.21849171  0.234253  4.335095  0.1   70   80
2.21849704  0.235820  4.393256  0.8  278   73
2.21854989  0.235398  4.377569  2.7  284   10
2.21859266  0.235574  4.384113  3.2  203   38
2.21859823  0.235081  4.365773  4.0  198   35
2.21862415  0.235951  4.398160  6.4  190    5
2.21862141  0.236528  4.419700  6.2   13    9
2.21867939  0.236632  4.423600  1.0  177  -52
2.21871680  0.233337  4.301229  1.0   15  -63
2.21871740  0.231327  4.227458  1.3   14  -63
2.21872011  0.231944  4.250032  0.6  284  -43
2.21879029  0.230537  4.198654  1.3   45  -69
2.21879340  0.230556  4.199344  0.7   71  -62
2.21878937  0.234851  4.357229  0.7  213  -59
2.21884729  0.235338  4.375330  0.1  338   21
2.21888509  0.234167  4.331885  0.0  293   74
2.21891601  0.235344  4.375545  0.0  110   38
2.21894853  0.231961  4.250665  0.7  300  -61
2.21894785  0.234321  4.337588  3.0  318 -103
2.21898967  0.235709  4.389146  2.6  298  -50
2.21900084  0.236493  4.418394  1.5  315  -55
2.21905181  0.235758  4.390955  3.5  214   52
2.21909360  0.229863  4.174139  0.2  299  -53
2.21909514  0.229232  4.151252  0.5   51  -47
2.21909676  0.229161  4.148660  0.1  304  -51
2.21915462  0.236500  4.418664  1.2  296   12
2.21917209  0.234695  4.351442  0.9  307  -24
2.21920216  0.228498  4.124683  0.3  282   17
2.21925499  0.227380  4.084427  1.1  165  -64
2.21925576  0.229407  4.157571  0.1  357  -48
2.21925616  0.226301  4.045764  0.1  201  -74
2.21934583  0.234493  4.343978  3.7  199   20
2.21934497  0.230743  4.206153  0.4  194   47
2.21938791  0.229214  4.150597  0.1  108   16
2.21938932  0.231826  4.245734  0.0  286   26
2.21939537  0.230555  4.199304  0.4  115   24
2.21945933  0.234718  4.352306  1.2  195   51
2.21946399  0.234710  4.352031  1.6   20   60
2.21949880  0.226061  4.037186  1.7  310   57
2.21953764  0.225050  4.001153  0.0  283   63
2.21954263  0.218538  3.772950  0.5  282   56
2.21954643  0.218051  3.756164  0.3  290   52
2.21961639  0.231361  4.228717  3.9  207   21
2.21961093  0.229608  4.164876  0.0   68   51
2.21962435  0.232168  4.258261  3.8  200   16
2.21969248  0.235999  4.399945  6.3  375  132
2.21970461  0.232968  4.287642  3.8    4   -9
2.21972525  0.221211  3.865819  0.0  301  -52
2.21972744  0.220812  3.851871  0.0  108  -41
2.21977717  0.233807  4.318579  4.1   15    1
2.21979714  0.234186  4.332620  2.5  173  -28
2.21983116  0.234556  4.346314  0.0  343  -35
2.21984950  0.230190  4.186015  0.6  283   35
2.21989559  0.229685  4.167662  0.2  213   52
2.21992281  0.230901  4.211902  2.2  308  -49
2.21993612  0.230571  4.199877  0.8  360  -31
2.21999048  0.227650  4.094150  0.2  120   37
2.21998681  0.228671  4.130926  0.6  301   46
2.22000441  0.225282  4.009417  1.1  178   21
2.22007757  0.227575  4.091449  1.4  192   45
2.22006758  0.223836  3.958092  1.0  102   37
2.22009150  0.224477  3.980804  0.4  181   39
2.22008995  0.225643  4.022274  0.5  180   40
2.22017822  0.223970  3.962828  0.3  128  -44
2.22018442  0.217916  3.751490  0.1   35  -36
2.22018172  0.220584  3.843932  0.1  189  -56
2.22018895  0.221479  3.875200  0.1  195  -53
2.22026272  0.229577  4.163760  0.0  162  -49
2.22026188  0.230154  4.184681  0.2  333  -40
2.22033054  0.232269  4.261976  0.0  327  -48
2.22032937  0.227685  4.095401  1.1  107  -27
2.22032657  0.230452  4.195548  3.4  312  -45
2.22039617  0.224082  3.966810  1.5  300  -26
2.22039940  0.224258  3.973036  2.2  301  -31
2.22039846  0.219177  3.795030  2.5  326  -26
2.22047064  0.235264  4.372596  1.9  182   42
2.22047142  0.234685  4.351080  1.5  183   41
2.22050738  0.232711  4.278211  0.4  315   53
2.22055980  0.231577  4.236593  2.0   12  -20
2.22056127  0.231139  4.220609  2.4  199  -36
2.22056129  0.231613  4.237940  0.3  272   66
2.22061919  0.236755  4.428169  1.9   47   -8
2.22064966  0.233347  4.301606  0.9   45   -8
2.22065130  0.231624  4.238335  0.6   20  -21
2.22068338  0.235193  4.369944  0.3  307  -52
2.22071051  0.231067  4.217973  0.1   28   49
2.22077149  0.234559  4.346410  0.0  105   64
2.22079467  0.228798  4.135539  0.0   65  -14
2.22082876  0.227356  4.083568  0.3  216   56
2.22083344  0.227885  4.102579  0.0  186   62
2.22083503  0.229195  4.149909  0.9  185   38
2.22086293  0.234309  4.337160  0.0   64  -25
2.22095981  0.234020  4.326463  1.6  357  -70
2.22095743  0.230469  4.196164  1.0   36  -59
2.22095681  0.227175  4.077065  0.8  302  -58
2.22099958  0.232952  4.287062  1.9  185  -71
2.22101466  0.229336  4.155002  0.1  188   63
2.22101693  0.231144  4.220791  0.0  164   64
2.22108437  0.234438  4.341925  2.2   95   85
2.22108632  0.231588  4.236997  1.2  149   47
2.22110196  0.235622  4.385897  1.8   30   53
2.22115646  0.240734  4.578274  1.2  180  -40
2.22115672  0.240258  4.560182  2.3  318  -41
2.22121810  0.230032  4.180257  0.3  288  -51
2.22123919  0.230447  4.195354  0.6  200   27
2.22124624  0.220744  3.849521  0.2   62    6
2.22125435  0.224632  3.986291  1.0   61    7
2.22126565  0.230345  4.191656  0.0  100  -73
2.22133449  0.233137  4.293890  0.0  105   33
2.22138517  0.232530  4.271562  0.0  243    9
2.22141061  0.224083  3.966849  0.0   18  -42
2.22141246  0.224443  3.979598  0.4   20  -44
2.22141154  0.224321  3.975290  0.1   19  -42
2.22141492  0.225419  4.014289  1.7  213  -50
2.22149150  0.227142  4.075872  2.2  307   21
2.22149248  0.227595  4.092170  1.5  306   33
2.22156899  0.220827  3.852407  1.9  305   51
2.22156864  0.220583  3.843886  2.0  305   50
2.22156842  0.220966  3.857250  1.6  142   31
2.22157233  0.218625  3.775969  0.1  145   20
2.22166545  0.229908  4.175774  2.8  228   53
2.22167093  0.231283  4.225869  3.5   57   57
2.22166832  0.229773  4.170858  1.9   35   64
2.22171373  0.230453  4.195596  6.2  307   50
2.22175827  0.231981  4.251383  0.8  294  -46
2.22180137  0.227585  4.091783  1.1   15  -22
2.22179470  0.225886  4.030937  1.6   49  -16
2.22181024  0.224524  3.982478  1.0  318  -57
2.22185622  0.231503  4.233889  0.3  174  -48
2.22185814  0.231683  4.240499  0.1  191  -59
2.22189140  0.234232  4.334310  6.4  311   39
2.22194343  0.232498  4.270379  1.7  304  -58
2.22194792  0.230634  4.202182  0.1  273  -52
2.22196324  0.234551  4.346134  2.8  165   20
2.22200814  0.234871  4.357981  2.1  287   48
2.22201085  0.235329  4.374998  1.2  282   52
2.22203048  0.238086  4.478097  3.6  202  -59
2.22206417  0.236790  4.429485  0.1  157   23
2.22214534  0.233647  4.312678  3.6  195   37
2.22214977  0.233127  4.293501  3.0  195   31
2.22216945  0.231585  4.236887  0.0  189   15
2.22218272  0.232360  4.265293  4.7    9   18
2.22221636  0.233250  4.298028  6.5  306  -50
2.22225040  0.232612  4.274576  0.0  176   46
2.22226145  0.228075  4.109447  0.6  183   50
2.22232543  0.225356  4.012051  2.4  242  102
2.22233120  0.223325  3.940053  1.3  177   58
2.22232862  0.223742  3.954776  2.4   31   68
2.22241584  0.227513  4.089211  2.7  179  -11
2.22242579  0.227533  4.089919  4.1  181  -24
2.22242342  0.227296  4.081415  2.1    2  -12
2.22243168  0.229973  4.178112  2.7  358  -14
2.22249312  0.234322  4.337638  2.0   95  125
2.22249668  0.232489  4.270022  0.0  298   13
2.22250536  0.232546  4.272139  1.0  109  -29
2.22258744  0.236115  4.404266  1.9  345  -40
2.22258595  0.233761  4.316909  1.0  323  -23
2.22258412  0.230639  4.202344  1.3  139  -30
2.22264621  0.230384  4.193051  4.9  188   -9
2.22265931  0.230348  4.191742  4.3  133  -31
2.22272573  0.222850  3.923315  1.2  312   52
2.22272437  0.223441  3.944144  0.9  305   53
2.22272629  0.222555  3.912939  0.5  314   52
2.22282095  0.228420  4.121888  2.7  196  -36
2.22283737  0.228092  4.110045  0.8  240  -37
2.22284491  0.226767  4.062430  1.0  239  -31
2.22283642  0.227221  4.078714  3.1  198  -40
2.22283820  0.226192  4.041878  2.5  209  -40
2.22289805  0.233367  4.302364  1.6  356    3
2.22294344  0.230676  4.203718  0.4   92  -55
2.22294612  0.229302  4.153762  0.2  100  -56
2.22299618  0.218599  3.775049  0.1  275  -38
2.22299262  0.222924  3.925927  1.1  274  -38
2.22299306  0.219811  3.817027  0.1  272  -39
2.22306842  0.229055  4.144842  1.3  105  -23
2.22306825  0.229376  4.156447  1.7  105  -23
2.22309297  0.235223  4.371074  0.3   35   90
2.22313684  0.234367  4.339308  1.7   21  -41
2.22314556  0.234168  4.331922  2.2  207  -48
2.22314113  0.240504  4.569522  2.6  270  -18
2.22320921  0.243324  4.677301  0.6  163  -33
2.22325411  0.234116  4.330022  0.8   42  -55
2.22327615  0.238834  4.506292  3.9  312   30
2.22328368  0.238841  4.506552  4.2  312   24
2.22335229  0.229964  4.177774  0.7  283   65
2.22335199  0.229301  4.153736  1.0   64  118
2.22335105  0.228896  4.139089  0.7   45   63
2.22340416  0.244736  4.731779  3.6  314   35
2.22344890  0.237280  4.447854  2.1  116    0
2.22344246  0.233315  4.300437  0.3   46   56
2.22350178  0.230493  4.197053  0.1  314   66
2.22353176  0.228660  4.130540  0.0  269  -88
2.22352943  0.229116  4.147042  0.2   70  -94
2.22353068  0.229040  4.144277  0.1  213  -88
2.22363015  0.236286  4.410656  0.5  275  -27
2.22363783  0.231233  4.224016  0.1   59  -63
2.22363012  0.232633  4.275334  0.0   46  -57
2.22364322  0.230434  4.194874  0.0   20  -43
2.22371459  0.235091  4.366164  0.0  172  -75
2.22372006  0.236055  4.402030  0.0  304  -56
2.22371600  0.232696  4.277654  0.0  331  -56
2.22377201  0.239846  4.544579  1.1   32  -42
2.22377150  0.238173  4.481396  0.6  208  -54
2.22386189  0.233244  4.297827  0.8  104   49
2.22385649  0.223050  3.930341  0.1  295   41
2.22386450  0.226204  4.042275  0.1  282   45
2.22388141  0.233369  4.302414  1.6   23   39
2.22391134  0.237783  4.466704  1.1  200   -1
2.22397335  0.228491  4.124443  0.1  298   46
2.22402989  0.230241  4.187867  0.0  284   21
2.22402708  0.226337  4.047051  0.5   25   67
2.22402240  0.225174  4.005578  0.4   41   68
2.22402639  0.225019  4.000038  0.2   22   71
2.22407011  0.239089  4.515908  3.9  206  -38
2.22411920  0.235648  4.386856  0.0  291   44
2.22412429  0.231369  4.228998  0.4  296   40
2.22420240  0.229440  4.158785  0.7  203   46
2.22419202  0.230074  4.181772  0.0   86  -68
2.22419329  0.224045  3.965494  0.2  305  -46
2.22419631  0.224768  3.991138  0.8  304 -138
2.22426887  0.227578  4.091551  0.2   17   34
2.22426789  0.225984  4.034447  0.1  196   29
2.22435532  0.218167  3.760139  5.7  302   47
2.22435565  0.218204  3.761424  6.0  298   43
2.22435427  0.218274  3.763846  6.1  124   40
2.22436560  0.228128  4.111348  2.7  254   64
2.22443731  0.231086  4.218661  3.3   95  -56
2.22446369  0.230465  4.196006  2.2  307  -42
2.22447151  0.231291  4.226160  2.5  312  -47
2.22453566  0.220626  3.845390  0.3   25  -50
2.22453408  0.224475  3.980736  0.3  208  -54
2.22453510  0.224470  3.980560  1.5  109   66
2.22458258  0.228859  4.137731  2.5  170  -71
2.22464913  0.231637  4.238791  3.0  197   54
2.22465499  0.232037  4.253437  3.1   19   48
2.22468132  0.227196  4.077815  2.0   54   67
2.22470733  0.227213  4.078428  2.0   53  -48
2.22469695  0.227165  4.076719  0.7   37   61
2.22470434  0.226970  4.069709  4.2  300  -55
2.22475526  0.232027  4.253075  0.0  195  -33
2.22479629  0.231948  4.250197  0.1   48   31
2.22486048  0.229173  4.149091  1.0  287  -46
2.22486120  0.228908  4.139503  1.6  287  -45
2.22485219  0.229921  4.176221  1.0  151   61
2.22491453  0.231684  4.240517  0.4   48  -49
2.22491798  0.234070  4.328294  0.0   66  -39
2.22496567  0.232134  4.257001  1.3  275  -61
2.22496634  0.229947  4.177167  1.4   69  -60
2.22501629  0.228110  4.110717  2.2  101  -44
2.22502171  0.226904  4.067332  0.1  298  -34
2.22506810  0.241911  4.623142  0.0  203   35
2.22508018  0.239491  4.531113  0.0   61   33
2.22512486  0.238032  4.476081  0.9  290  -20
2.22514424  0.233523  4.308120  4.2  295   37
2.22517074  0.235533  4.382596  2.4   31  -36
2.22519176  0.229939  4.176889  0.6  180  -55
2.22519933  0.232304  4.263257  0.4  299  -66
2.22526216  0.233137  4.293863  0.1  351   60
2.22527864  0.228242  4.115462  0.9  295   55
2.22528108  0.229657  4.166663  0.7  107   57
2.22536744  0.218000  3.754401  2.3  303   41
2.22536704  0.217960  3.753020  2.2  302   41
2.22536759  0.218998  3.788859  3.7  304   41
2.22536625  0.218650  3.776813  2.1  124   35
2.22545966  0.221826  3.887337  1.0  205  -27
2.22546025  0.221872  3.888965  0.7  205  -27
2.22545998  0.222224  3.901295  0.2  206  -25
2.22548297  0.225392  4.013321  0.4  208  -44
2.22553323  0.225890  4.031073  0.0  181  -11
2.22553666  0.229343  4.155275  0.6  115  -50
2.22560939  0.232659  4.276283  0.0  126   55
2.22562277  0.234750  4.353490  0.4  111  -43
2.22564604  0.234596  4.347786  0.9   49  -81
2.22565258  0.231227  4.223803  1.1   71  -61
2.22569608  0.230514  4.197793  0.4  311  -51
2.22569505  0.231791  4.244425  2.6  320  -50
2.22574674  0.237817  4.467987  0.4  189  -74
2.22581313  0.229318  4.154350  0.4  169  -59
2.22581194  0.232758  4.279927  0.0  172  -60
2.22581377  0.231483  4.233183  0.4  182  -59
2.22586559  0.235784  4.391929  0.6  194  -65
2.22586085  0.236570  4.421247  0.1  310  -50
2.22589475  0.236369  4.413765  0.0  355   59
2.22594725  0.240999  4.588347  0.0  297  -41
2.22596531  0.234825  4.356281  0.1  245  -50
2.22601517  0.226383  4.048677  0.7  274  -53
2.22601668  0.228039  4.108144  0.3  290  -59
2.22601466  0.230153  4.184644  0.4  186  -59
2.22601430  0.231266  4.225243  1.1  298  -23
2.22610706  0.236690  4.425738  0.2  198   72
2.22614932  0.231131  4.220289  0.1  115   41
2.22614978  0.230126  4.183679  0.2  293   54
2.22615207  0.233076  4.291626  0.3  278   57
2.22621658  0.235667  4.387561  0.0  177  -62
2.22624694  0.226970  4.069712  0.7   73   84
2.22624358  0.225003  3.999478  1.1   48   61
2.22629709  0.223263  3.937876  0.2  285   62
2.22629730  0.222598  3.914427  0.3  285   62
2.22629790  0.228829  4.136655  0.0  288   59
2.22638111  0.234313  4.337305  0.4  117   37
2.22639234  0.222318  3.904599  0.2  195   40
2.22639400  0.222604  3.914652  0.2  194   38
2.22645638  0.222477  3.910185  0.7  289   56
2.22647836  0.224390  3.977703  0.0   28  -58
2.22651295  0.223807  3.957063  0.2  130   60
2.22651910  0.224016  3.964478  0.2  180   52
2.22652605  0.221095  3.861760  0.0  169   41
2.22657100  0.224712  3.989136  0.0  183  -65
2.22657622  0.230393  4.193396  0.8    1  -50
2.22663344  0.227805  4.099723  0.0   45  -79
2.22668207  0.220199  3.830536  0.2   10  -46
2.22668361  0.220272  3.833062  0.5  186  -50
2.22668204  0.219626  3.810597  0.4  191  -57
2.22673813  0.230036  4.180392  3.1  287  -56
2.22674339  0.228701  4.132042  3.5  307  -54
2.22678222  0.232977  4.287994  0.0  282   51
2.22678965  0.233603  4.311061  2.0  200  -75
2.22683054  0.230186  4.185864  0.0  203  -64
2.22688716  0.227576  4.091462  0.0  110   65
2.22688578  0.225011  3.999770  0.4   65  -53
2.22688561  0.221983  3.892838  0.2   87  -50
2.22694129  0.233026  4.289782  1.4  351   24
2.22694267  0.233490  4.306905  0.4  172   11
2.22703368  0.228960  4.141389  0.0    5  -78
2.22702688  0.235654  4.387083  0.7    6  -55
2.22703013  0.234739  4.353086  1.4  189  -76
2.22710248  0.232079  4.255004  1.5  177  -13
2.22710380  0.233715  4.315185  1.3  177  -13
2.22712360  0.234580  4.347197  0.0  247  -28
2.22716975  0.237140  4.442604  1.8  350  -50
2.22716729  0.231773  4.243779  0.1   53  -49
2.22718467  0.232158  4.257901  0.0  259   41
2.22725556  0.233481  4.306554  0.1  298  -56
2.22726008  0.232269  4.261954  0.2  298  -55
2.22728165  0.230501  4.197331  1.4  292   43
2.22732691  0.225317  4.010641  0.7  305   52
2.22733117  0.225507  4.017408  0.3  286   48
2.22734573  0.236329  4.412275  1.0   30   50
2.22738666  0.231216  4.223416  0.7  283   62
2.22741687  0.230051  4.180963  0.0  195  -64
2.22741714  0.228168  4.112801  0.0  204  -64
2.22748894  0.234372  4.339498  1.0  304   27
2.22750793  0.227128  4.075385  0.6   33  -55
2.22751233  0.229606  4.164803  1.5   60  -66
2.22756434  0.228745  4.133606  3.1  278  -61
2.22756132  0.230800  4.208211  3.2  215  -73
2.22759842  0.228075  4.109453  0.0  184   42
2.22762025  0.230476  4.196401  1.0  262   63
2.22766788  0.233023  4.289687  2.6  226   52
2.22766338  0.234483  4.343616  3.0  277   52
2.22770542  0.235879  4.395463  2.4    6   34
2.22771117  0.233559  4.309423  0.8  162   33
2.22778321  0.231859  4.246934  0.1  275  -63
2.22778377  0.233047  4.290561  0.7  272  -63
2.22782576  0.222537  3.912296  0.5   36  -46
2.22782388  0.220246  3.832155  0.1  216  -54
2.22783201  0.224440  3.979493  0.6   35  -44
2.22789710  0.230338  4.191378  0.1   16  -75
2.22790082  0.231250  4.224642  0.1  293  -34
2.22794679  0.239008  4.512870  0.8  300  -49
2.22795980  0.233600  4.310958  1.1  293   46
2.22802084  0.220002  3.823678  0.4  126   58
2.22801920  0.219895  3.819945  0.7  299   79
2.22801923  0.218889  3.785065  0.2  302   64
2.22807971  0.228258  4.116038  0.4  199   56
2.22807862  0.226896  4.067065  0.1   49   65
2.22812687  0.240750  4.578901  1.4  315  -13
2.22816565  0.232265  4.261798  0.3  217   40
2.22822224  0.221817  3.887002  1.0  130   45
2.22822536  0.222148  3.898627  0.1  127   43
2.22822435  0.220774  3.850547  0.3  296   51
2.22823698  0.234138  4.330842  0.1   68   -5
2.22828275  0.231721  4.241873  2.5   39   66
2.22833235  0.234888  4.358617  4.6  127   45
2.22834063  0.231783  4.244146  2.4  173   30
2.22835900  0.231167  4.221610  0.4  350  -24
2.22840339  0.225562  4.019395  0.2  296  -54
2.22840318  0.227719  4.096602  1.4   63  -65
2.22846096  0.226814  4.064118  1.5  164  -83
2.22846362  0.227124  4.075234  3.0  312  -56
2.22851114  0.224907  3.996084  0.1  200  -34
2.22851056  0.227296  4.081419  0.1  200  -35
2.22853670  0.231506  4.234017  0.3  154   46
2.22856382  0.235111  4.366909  2.1  309  -36
2.22861717  0.225637  4.022060  1.5  283  -62
2.22861831  0.224610  3.985510  1.5   87  -64
2.22862019  0.223599  3.949739  2.8  125  -51
2.22866074  0.229325  4.154591  0.7  215  -54
2.22871691  0.233393  4.303305  1.0  297  -47
2.22871709  0.231604  4.237611  0.2  117  -51
2.22875651  0.233831  4.319484  0.3  120   30
2.22876713  0.230440  4.195096  0.2  118  -48
2.22879051  0.233737  4.316003  2.6  245   -7
2.22879319  0.237180  4.444105  2.0  194  -35
2.22887012  0.243085  4.668151  0.0  299   46
2.22889365  0.234598  4.347853  3.1  193    1
2.22893354  0.232450  4.268596  4.2  185   -9
2.22893612  0.233560  4.309464  0.1   84  -68
2.22896322  0.233738  4.316038  2.1  348   41
2.22900177  0.227141  4.075833  0.0  113   53
2.22903293  0.230817  4.208845  0.1  177   54
2.22901462  0.231985  4.251546  0.5   29   66
2.22905078  0.234756  4.353737  2.0  281   68
2.22909968  0.237065  4.439787  2.1   51   36
2.22914458  0.228042  4.108254  0.2  293  -62
2.22916949  0.224658  3.987239  2.2  314   33
2.22917145  0.223411  3.943072  0.0  315   24
2.22921737  0.233591  4.310603  1.1  296  -36
2.22922025  0.228253  4.115842  0.1  335  -55
2.22928517  0.230103  4.182856  0.1  297  -59
2.22928519  0.232335  4.264386  0.1  307  -60
2.22928651  0.230611  4.201321  0.5  326  -65
2.22934908  0.219824  3.817468  0.0  192  -49
2.22935058  0.216715  3.710268  0.0   13  -37
2.22938779  0.234980  4.362022  0.2   73  -74
2.22944361  0.234855  4.357411  0.7   22  -35
2.22944505  0.233731  4.315785  0.9  198  -56
2.22945466  0.238395  4.489727  1.0   26  -10
2.22948928  0.239861  4.545113  0.2  186  -41
2.22952699  0.237596  4.459714  0.0  307  -56
2.22954278  0.238962  4.511127  0.6   81  -53
2.22958955  0.235913  4.396744  0.3    6   70
2.22959235  0.234643  4.349512  0.3   36   69
2.22963888  0.239883  4.545964  0.0  185   71
2.22965282  0.237553  4.458090  0.6  205   42
2.22970316  0.234434  4.341797  0.0  203   17
2.22971436  0.233663  4.313264  0.0  297   55
2.22970908  0.234888  4.358633  1.0  290   46
2.22975026  0.231079  4.218389  0.3  215  -58
2.22978413  0.242596  4.649354  0.2   41   58
2.22979241  0.237018  4.438025  1.2   19   48
2.22984853  0.231929  4.249481  0.0  288  -72
2.22984935  0.235962  4.398579  0.2  323  -59
2.22987651  0.239403  4.527805  3.8   27    6
2.22993163  0.230938  4.213271  0.3   83  -57
2.22993050  0.232139  4.257179  0.9  284  -48
2.22997268  0.236632  4.423574  0.2  102  -42
2.22998824  0.236696  4.425986  1.6  313  -29
2.23004978  0.234582  4.347287  2.1  210   51
2.23004893  0.235266  4.372649  1.9   50   48
2.23009649  0.229332  4.154875  0.0  112   55
2.23009722  0.229780  4.171121  0.0  295   58
2.23014226  0.234812  4.355811  0.5    9   20
2.23015437  0.233751  4.316532  0.2  236   53
2.23019232  0.234241  4.334637  1.7   60   48
2.23022243  0.224933  3.997008  3.4  204   15
2.23022713  0.225331  4.011150  4.4  203   16
2.23028490  0.231029  4.216572  1.0   65   33
2.23029050  0.224367  3.976903  0.5  242   35
2.23033694  0.217950  3.752665  2.4  287 -144
2.23033959  0.219024  3.789762  2.9  111  -34
2.23033642  0.218386  3.767687  1.0  106  -34
2.23037679  0.221201  3.865445  0.1   98  -52
2.23038988  0.225837  4.029185  1.6  300   27
2.23049064  0.213945  3.616041  0.1   39  -37
2.23049126  0.212462  3.566065  0.1   41  -41
2.23049219  0.212395  3.563806  0.3  229  -49
2.23053973  0.228432  4.122326  6.2  316   16
2.23055184  0.224761  3.990869  0.2   21  -46
2.23059893  0.233547  4.308982  1.0  193   53
2.23063111  0.233539  4.308701  2.6   12   16
2.23064309  0.231000  4.215535  0.0    7   -9
2.23065520  0.231109  4.219496  5.1  198  -43
2.23068301  0.228901  4.139260  2.9   12  -36
2.23077336  0.218221  3.762020  5.2  135   60
2.23077329  0.217907  3.751200  5.1  290   60
2.23077558  0.217693  3.743842  5.4  281   66
2.23077562  0.218553  3.773467  4.8  281   65
2.23077482  0.218687  3.778114  4.6  276   65
2.23083095  0.226107  4.038837  0.0  110  -65
2.23088697  0.233771  4.317266  0.9   67   61
2.23089396  0.233845  4.320013  1.1   42   65
2.23095695  0.231992  4.251814  1.0  258  -71
2.23096178  0.231034  4.216771  0.3  285  -66
2.23095990  0.231889  4.248017  0.2   75  -62
2.23100635  0.232151  4.257633  0.5  324 -135
2.23106044  0.232832  4.282654  2.6   33  -47
2.23107359  0.230600  4.200935  2.6  184  -60
2.23108112  0.228584  4.127806  0.2  317  -46
2.23108483  0.229804  4.171984  2.4  219  -77
2.23113856  0.237244  4.446493  0.4   51   85
2.23118423  0.235903  4.396375  0.0  282   53
2.23120174  0.236037  4.401372  2.4  186    5
2.23124427  0.226953  4.069116  0.2  100   44
2.23124840  0.227242  4.079464  1.0  149   47
2.23124810  0.227952  4.105016  0.0  331  135
2.23128503  0.229444  4.158921  0.0  209    9
2.23130780  0.235601  4.385135  0.5  266   50
2.23137874  0.233413  4.304053  1.2   33  -49
2.23137364  0.234735  4.352924  1.6  199  -40
2.23142944  0.223982  3.963282  0.1   24   -4
2.23143055  0.224612  3.985589  0.2   22   -6
2.23144431  0.226156  4.040586  1.6   61   -2
2.23148825  0.225529  4.018198  0.1  213   32
2.23149234  0.225685  4.023760  0.4   36   40
2.23153988  0.233115  4.293055  0.6  180   38
2.23159430  0.213587  3.603950  0.0  100  -48
2.23159327  0.211846  3.545409  0.0  292 -131
2.23159927  0.222194  3.900257  0.3  102  -39
2.23165260  0.224637  3.986463  0.2  278   40
2.23166195  0.225892  4.031143  0.7  270   46
2.23166233  0.225810  4.028226  0.2  270   43
2.23172505  0.230414  4.194158  0.1  198   55
2.23177634  0.225895  4.031267  0.1   20  -47
2.23176992  0.228115  4.110893  0.0   13  -46
2.23182202  0.230822  4.209009  3.8  130  -16
2.23182367  0.231060  4.217712  5.4  324   -7
2.23185380  0.236537  4.420028  3.1    8  -62
2.23187544  0.236170  4.406326  0.4  212   43
2.23190484  0.237226  4.445813  0.3   23   -3
2.23197653  0.232619  4.274831  0.8  126  -59
2.23198353  0.224985  3.998840  3.2  296  -35
2.23198034  0.222789  3.921150  2.0  289  -38
2.23198697  0.223296  3.939014  3.6  301  -30
2.23205182  0.231895  4.248234  3.0  179  -51
2.23205244  0.230873  4.210891  0.0  195  -53
2.23205478  0.230089  4.182350  0.2  214  -65
2.23213272  0.237956  4.473207  0.2  301   67
2.23217245  0.229741  4.169697  0.3  199   54
2.23217874  0.224023  3.964704  0.0   70   75
2.23219413  0.235656  4.387164  4.2  274    4
2.23222758  0.234740  4.353141  1.7  115   40
2.23228191  0.239893  4.546345  1.4  202   33
2.23231663  0.227901  4.103178  0.1   24  -48
2.23231634  0.230141  4.184222  2.6  298   52
2.23231480  0.230331  4.191153  0.3  201  -66
2.23236282  0.233364  4.302254  0.0   45  -46
2.23238588  0.232534  4.271680  4.3  305   48
2.23239005  0.231144  4.220768  2.9  307   51
2.23243944  0.231989  4.251682  1.0   70    3
2.23249377  0.227954  4.105072  0.5   71   35
2.23249862  0.228844  4.137182  3.7   34   29
2.23249984  0.228667  4.130804  3.2   32   35
2.23251052  0.228818  4.136268  1.1  307   54
2.23251695  0.231820  4.245496  0.2  139   33
2.23263994  0.231080  4.218426  1.2  287  -53
2.23264080  0.232670  4.276694  2.0  303  -58
2.23266569  0.229514  4.161459  3.9    8    8
2.23266357  0.231514  4.234318  4.8   12   14
2.23276136  0.230563  4.199584  3.1  108   93
2.23276172  0.227223  4.078791  3.4  324   77
2.23282291  0.227916  4.103728  1.0  289    5
2.23282501  0.227578  4.091548  1.4  107  -14
2.23283753  0.227167  4.076767  3.1  131  -22
2.23284304  0.224218  3.971640  0.1  185   27
2.23287479  0.226659  4.058580  4.1  312   49
2.23289977  0.226180  4.041444  0.4  189   18
2.23290568  0.228419  4.121839  0.3  187    6
2.23296967  0.225191  4.006168  0.9  331  108
2.23297195  0.221446  3.874011  0.5  154   65
2.23297243  0.219389  3.802375  0.9  139   69
2.23300136  0.228062  4.108970  1.8  278   42
2.23307674  0.221329  3.869922  2.6  107  -61
2.23307724  0.221535  3.877157  2.5  198  -56
2.23307612  0.219645  3.811275  2.0   21  -50
2.23308117  0.226383  4.048698  3.8  247  -60
2.23316879  0.225297  4.009924  1.6   37  -42
2.23316756  0.225359  4.012149  1.0   30  -30
2.23315005  0.226363  4.047971  3.4  132  -36
2.23325687  0.237299  4.448554  0.4  215   39
2.23327420  0.233797  4.318232  1.0  316   68
2.23330774  0.225700  4.024283  2.2  317  -41
2.23330744  0.225735  4.025559  2.5  318  -42
2.23335348  0.233694  4.314407  1.5  306   34
2.23334865  0.233898  4.321971  2.2  164   30
2.23339712  0.233476  4.306386  0.7   64  -51
2.23345490  0.231058  4.217652  1.7   26  -40
2.23345795  0.229393  4.157076  2.5  203  -42
2.23345904  0.228737  4.133346  2.3  217  -55
2.23351535  0.229585  4.164022  4.1   60   14
2.23352590  0.228365  4.119911  4.4   53   16
2.23357213  0.229724  4.169087  0.1  205   32
2.23359106  0.229414  4.157847  1.0  198   47
2.23363433  0.231758  4.243213  0.5  268  -45
2.23364054  0.231008  4.215818  1.9   65  -29
2.23366400  0.228437  4.122481  0.2   53  -16
2.23366203  0.226758  4.062118  1.1   54  -15
2.23371368  0.230383  4.193044  0.7  298  -53
2.23374110  0.234749  4.353477  2.9   78   -1
2.23375641  0.234922  4.359876  1.6  304  -35
2.23381391  0.238259  4.484614  4.0   44   16
2.23384524  0.231767  4.243564  0.6  180   14
2.23384474  0.231817  4.245403  0.2  358   27
2.23385115  0.233183  4.295579  1.1  157   22
2.23391143  0.238358  4.488353  2.0  300   53
2.23394202  0.233758  4.316792  0.1   24   20
2.23396722  0.234231  4.334267  2.6  210   43
2.23399418  0.226764  4.062331  1.0  236   23
2.23399671  0.226284  4.045162  4.8  236   23
2.23400909  0.226721  4.060795  2.5   26   46
2.23407427  0.231809  4.245085  2.3  152  -79
2.23411813  0.228939  4.140619  1.0  282   42
2.23414508  0.226816  4.064187  0.2  209   14
2.23415056  0.228352  4.119434  1.0   64  -12
2.23415149  0.226282  4.045082  0.3   25   25
2.23422848  0.228102  4.110403  1.0  157  -44
2.23423652  0.222932  3.926194  0.4  157  -34
2.23423066  0.221107  3.862170  0.1  335  -19
2.23425657  0.230161  4.184967  3.3   19  -29
2.23430942  0.227116  4.074953  0.2   22  -16
2.23431668  0.228239  4.115346  0.0   24  -20
2.23433038  0.234927  4.360051  0.1   84  -59
2.23439456  0.237268  4.447411  0.1   87   48
2.23440072  0.234793  4.355081  0.4  308  -61
2.23444636  0.242706  4.653580  1.6  303   51
2.23447985  0.234842  4.356897  1.0  314   33
2.23448417  0.235109  4.366827  1.4  315   31
2.23454327  0.230672  4.203545  0.3  201   23
2.23454554  0.231984  4.251498  1.4   18   29
2.23455399  0.233155  4.294538  2.2    8   42
2.23460079  0.233210  4.296573  0.2   90   76
2.23463925  0.234538  4.345624  0.6  156  -17
2.23465039  0.236116  4.404319  0.0  188   64
2.23470620  0.227136  4.075663  0.8  276   19
2.23470645  0.227491  4.088433  0.5  275   18
2.23470626  0.225988  4.034578  0.5  271   20
2.23474054  0.231067  4.217959  1.0   46   47
2.23479382  0.233836  4.319676  0.5  212  -30
2.23473424  0.233831  4.319483  0.5  231   48
2.23487104  0.232380  4.266041  0.8    7  -66
2.23487633  0.228826  4.136534  1.0  301  -28
2.23487629  0.228012  4.107152  3.5  302  -27
2.23487626  0.227829  4.100584  3.3  301  -24
2.23495109  0.233190  4.295829  0.5  308  -50
2.23495377  0.233221  4.296967  1.0  314  -58
2.23501416  0.221662  3.881584  0.3   34   37
2.23502296  0.221122  3.862703  0.1  207   22
2.23501538  0.223221  3.936386  0.6   33   38
2.23504146  0.227619  4.093007  0.4  195  -13
2.23506387  0.232392  4.266489  2.7   30   53
2.23512689  0.223159  3.934178  0.4  303   50
2.23512471  0.223269  3.938080  0.2  287   59
2.23519834  0.227436  4.086441  4.8  218    5
2.23519462  0.226901  4.067256  3.0  213   -4
2.23522883  0.226487  4.052424  0.1  250   14
2.23524104  0.232831  4.282616  0.2  100  -40
2.23522411  0.226039  4.036403  2.6   46   43
2.23533680  0.227166  4.076745  2.3  306  -46
2.23533922  0.228953  4.141124  0.5   37  -61
2.23533510  0.228339  4.118947  0.4  217  -76
2.23540969  0.229005  4.143018  0.0  309  -39
2.23540885  0.227500  4.088748  0.1  309  -41
2.23545075  0.233596  4.310792  0.5   49  -59
2.23548652  0.233137  4.293887  0.3  260    4
2.23551367  0.227664  4.094627  1.4  110  -51
2.23556260  0.220700  3.847961  0.3  203   62
2.23556367  0.219294  3.799087  1.0  197   57
2.23556298  0.217283  3.729748  1.6  113  140
2.23556448  0.221092  3.861640  2.1  336   58
2.23563001  0.224350  3.976317  0.2  279   35
2.23563714  0.223368  3.941582  0.1  292  142
2.23567076  0.234183  4.332486  2.1  320  -29
2.23571721  0.225469  4.016057  1.1  304   14
2.23571845  0.225210  4.006848  0.8  303   13
2.23579424  0.221059  3.860509  0.1  192   14
2.23579686  0.221674  3.881995  0.3  191   15
2.23580302  0.226000  4.035014  1.7  180   17
2.23579612  0.223374  3.941781  0.4  190   14
2.23588562  0.216287  3.695637  4.0  332  -20
2.23588807  0.215883  3.681829  4.6  328  -24
2.23588867  0.215927  3.683339  4.7  329  -23
2.23595369  0.225632  4.021870  2.3  304   31
2.23596021  0.226829  4.064672  0.2  160   24
2.23601535  0.228459  4.123277  3.3  303   69
2.23603810  0.229458  4.159415  0.0   12   15
2.23605174  0.225936  4.032713  0.0  193    8
2.23605870  0.229585  4.164049  0.0  194  -21
2.23611878  0.228499  4.124739  3.9  325   18
2.23612354  0.230724  4.205451  3.4  146   -0
2.23618012  0.235938  4.397667  0.1  309   63
2.23620294  0.230361  4.192225  0.8  307   -1
2.23621217  0.228902  4.139280  0.1  166  -13
2.23622478  0.236380  4.414148  0.0  198  -37
2.23629191  0.228533  4.125946  0.6  153  -44
2.23629228  0.230142  4.184254  1.7   71  -54
2.23636202  0.221429  3.873424  1.4   13  -65
2.23636625  0.220499  3.840979  1.9   23  -51
2.23636374  0.220281  3.833385  1.4  212  -70
2.23637677  0.224586  3.984679  0.1  284  -45
2.23644485  0.230912  4.212311  0.0  162  -42
2.23644993  0.233672  4.313613  0.0   79  -33
2.23651688  0.227880  4.102409  0.5  288 -138
2.23651630  0.224625  3.986041  0.0  100  -43
2.23651414  0.229532  4.162094  0.1   93  -45
2.23656710  0.237552  4.458055  0.7  306  -33
2.23660738  0.236421  4.415702  0.0   59  -90
2.23661020  0.233247  4.297923  0.1  293  -70
2.23664590  0.238030  4.475995  0.4  289   40
2.23669658  0.237538  4.457526  0.4  124   55
2.23674110  0.239388  4.527229  1.3   71   18
2.23673942  0.238126  4.479611  1.5  296   55
2.23675750  0.238951  4.510726  1.9   69   18
2.23681370  0.224043  3.965440  0.9  239   54
2.23681330  0.224284  3.973963  2.1   85   65
2.23681665  0.227195  4.077784  0.9  170   64
2.23686172  0.231191  4.222491  0.2  112   12
2.23690094  0.236973  4.436341  0.0   85   10
2.23692750  0.233942  4.323590  2.3  169  -56
2.23696881  0.226241  4.043607  0.6  315   69
2.23696602  0.223542  3.947704  0.1   68   64
2.23696798  0.224467  3.980434  1.1  259   61
2.23702835  0.228359  4.119689  0.3  334  -37
2.23702748  0.231711  4.241517  1.3  324  -36
2.23703375  0.230543  4.198852  0.6  331  -31
2.23706378  0.233279  4.299115  2.9  318   50
2.23714472  0.226225  4.043037  1.6  149  -42
2.23714585  0.224269  3.973419  0.0  194  -55
2.23714421  0.224767  3.991091  0.8    8  -41
2.23719123  0.232227  4.260416  0.9  301  -54
2.23722826  0.231499  4.233764  3.6  321    4
2.23728648  0.234959  4.361267  0.8  206   43
2.23730263  0.229296  4.153554  0.2   22  -52
2.23730630  0.230426  4.194591  0.0   83  -52
2.23729156  0.231491  4.233464  0.6   25   58
2.23737837  0.234375  4.339583  0.2  167  -57
2.23739169  0.235447  4.379372  0.1  106  -26
2.23739524  0.235686  4.388283  0.6  313  -53
2.23745209  0.238361  4.488449  2.7  323   -2
2.23745576  0.239804  4.542970  2.5  325   -1
2.23745415  0.238919  4.509493  2.3  325    0
2.23752733  0.238596  4.497321  0.7   60   75
2.23753122  0.238040  4.476362  0.1   58   82
2.23759725  0.235188  4.369752  0.5   71   53
2.23761797  0.235236  4.371547  3.0  311 -139
2.23764516  0.233070  4.291402  2.1  286   54
2.23764702  0.232786  4.280943  0.3  204   61
2.23768579  0.231999  4.252068  0.1   47   55
2.23768628  0.231624  4.238324  2.4  151   23
2.23774986  0.233702  4.314703  4.3  310   54
2.23775670  0.231538  4.235186  3.5  306   56
2.23779419  0.238068  4.477452  1.1  316   76
2.23782443  0.231459  4.232270  0.0   46  -37
2.23785574  0.228913  4.139687  0.1   17    4
2.23786273  0.230795  4.208029  0.1   29   29
2.23790415  0.229982  4.178432  0.2  208   37
2.23790429  0.231111  4.219557  0.0  208   38
2.23798010  0.234342  4.338394  3.0  251    0
2.23795699  0.231842  4.246306  0.0  275   61
2.23800215  0.230078  4.181926  0.0   18  -20
2.23806204  0.225014  3.999867  0.4  210   41
2.23806367  0.230553  4.199218  0.0  206   32
2.23807714  0.227079  4.073608  0.1  202   28
2.23810323  0.234515  4.344770  0.5   12    1
2.23815001  0.235859  4.394731  2.7  294  -42
2.23816943  0.233935  4.323326  1.4  293   37
2.23817171  0.230621  4.201710  0.2  289   37
2.23823355  0.229140  4.147906  2.1  187   42
2.23823001  0.227485  4.088208  1.9   16   62
2.23824720  0.224193  3.970749  0.4  314  -50
2.23831352  0.227183  4.077351  0.8  210   36
2.23833263  0.231190  4.222444  0.5  302  108
2.23833464  0.230492  4.196995  2.1   30   63
2.23839858  0.229819  4.172531  0.7  202  -32
2.23839670  0.232030  4.253204  2.1   21  -25
2.23840583  0.236885  4.433039  1.9   17  -16
2.23847852  0.230347  4.191727  1.1  207   62
2.23848078  0.231071  4.218113  0.0  164   33
2.23854647  0.224126  3.968366  0.1  204   58
2.23854641  0.225062  4.001594  0.2  204   58
2.23856133  0.224652  3.987018  2.1  124   24
2.23855768  0.225011  3.999772  3.1  127   23
2.23863261  0.232782  4.280823  2.7  285   43
2.23863555  0.231116  4.219771  2.8  288   32
2.23869405  0.224874  3.994907  1.2  119   41
2.23871536  0.225876  4.030572  2.3   59   32
2.23872353  0.222109  3.897250  0.0  147   -4
2.23874267  0.228122  4.111141  0.5   55   65
2.23879633  0.229345  4.155318  0.0  353   45
2.23880128  0.223449  3.944417  0.7  347   48
2.23887287  0.222676  3.917174  1.2  183  -29
2.23887383  0.217989  3.754025  0.7  184  -28
2.23887393  0.218179  3.760554  0.9  188  -30
2.23891143  0.231153  4.221096  0.7  293  -37
2.23896326  0.231953  4.250366  1.0  306    5
2.23896529  0.227147  4.076063  4.8  309   11
2.23901041  0.229096  4.146318  0.0  301   56
2.23901329  0.227057  4.072821  0.0  301   64
2.23906662  0.220844  3.852997  1.3  301   48
2.23906945  0.222229  3.901458  0.8  285   58
2.23907749  0.230062  4.181366  2.8  283   55
2.23913474  0.228074  4.109397  0.3  180  -74
2.23913455  0.226684  4.059476  0.1  181  -73
2.23918699  0.220020  3.824300  0.8  200  -58
2.23918694  0.219539  3.807576  0.8  201  -59
2.23923030  0.229040  4.144275  0.1  193   29
2.23929690  0.228153  4.112236  2.5  155  -66
2.23929478  0.227362  4.083772  1.6  360  -38
2.23929730  0.223918  3.960992  3.4  333 -113
2.23934827  0.232619  4.274824  3.0   45  -48
2.23936371  0.232616  4.274689  6.6  239   -6
2.23938241  0.236377  4.414048  2.2  165   71
2.23940606  0.233402  4.303630  1.3  301  -19
2.23949716  0.234471  4.343138  0.5  170  -13
2.23949470  0.233521  4.308024  1.0  350   -0
2.23949946  0.232478  4.269632  0.6  356   -3
2.23952958  0.231815  4.245321  0.0  272   46
2.23953211  0.233932  4.323207  0.1  257   57
2.23957862  0.236785  4.429294  0.1   65   54
2.23957554  0.237047  4.439095  0.2  267   66
2.23964434  0.230145  4.184356  0.3  355   47
2.23965855  0.228825  4.136506  0.4  189   21
2.23967997  0.230900  4.211856  0.7  188  -37
2.23969439  0.225329  4.011081  0.2  279   48
2.23975606  0.229810  4.172212  0.1  193   62
2.23976008  0.226194  4.041939  0.0  188   46
2.23981836  0.225068  4.001805  1.1  193   43
2.23982421  0.225130  4.004011  1.8  197   51
2.23985422  0.219452  3.804580  0.1  210   37
2.23988440  0.227975  4.105837  1.3   22   36
2.23990279  0.222623  3.915311  0.1  196   -9
2.23996564  0.220810  3.851823  1.1  206   37
2.23996931  0.216927  3.717522  1.7   15   41
2.23996825  0.217373  3.732832  0.0  195   38
2.23998245  0.224111  3.967833  5.9  334    5
2.24006996  0.225895  4.031238  1.1  177  -38
2.24008458  0.220021  3.824317  0.9   69  -55
2.24007938  0.219607  3.809962  0.0   15  -35
2.24014355  0.217422  3.734516  0.1  145  -69
2.24014577  0.215317  3.662546  0.2  298  -58
2.24014918  0.217121  3.724184  0.3  295  -53
2.24014890  0.221935  3.891145  1.1  110  -56
2.24023116  0.232990  4.288471  1.6  188   37
2.24022840  0.231256  4.224859  0.5  303  -49
2.24030070  0.231736  4.242407  1.2  293  -65
2.24029833  0.225781  4.027201  0.3   23  -51
2.24030036  0.224710  3.989067  0.0  228  -65
2.24035589  0.224390  3.977706  0.4  202   45
2.24035936  0.227619  4.093005  0.5   28   49
2.24040530  0.228156  4.112343  2.8   96   10
2.24041947  0.231278  4.225663  2.8  286   36
2.24049166  0.226322  4.046524  0.8   50  -48
2.24049090  0.223572  3.948770  0.3   46  -49
2.24054503  0.212856  3.579317  0.2  233   58
2.24054285  0.214659  3.640191  0.1   70   58
2.24055243  0.221613  3.879871  0.1  184   60
2.24056096  0.210654  3.505626  0.2  300  -34
2.24054904  0.216075  3.688369  0.1  222   74
2.24065916  0.230618  4.201578  1.4    9   29
2.24068484  0.225023  4.000208  0.5  192  -23
2.24069313  0.224859  3.994374  0.7  193  -27
2.24073072  0.227303  4.081681  3.7  304  -57
2.24074762  0.223156  3.934091  1.4  296   38
2.24081098  0.224310  3.974874  0.6  216   69
2.24080526  0.225531  4.018257  0.0  262   50
2.24083845  0.234970  4.361677  2.5   82   21
2.24085321  0.232593  4.273870  3.4  186   29
2.24089676  0.228845  4.137242  0.6   24   51
2.24092137  0.226405  4.049477  0.6  103   38
2.24094500  0.227468  4.087598  0.0   88   61
2.24093070  0.226758  4.062123  1.3  195  -10
2.24100050  0.226561  4.055055  0.1  204   24
2.24100247  0.230053  4.181033  1.1  292   76
2.24100074  0.228686  4.131468  0.0   26   32
2.24108480  0.223782  3.956190  2.5  184   -9
2.24108490  0.223708  3.953591  2.5  184   -9
2.24113869  0.220869  3.853881  2.1  186  -48
2.24114612  0.218521  3.772353  1.0    7 -128
2.24116505  0.229619  4.165250  0.1  244  -15
2.24123017  0.229496  4.160805  1.8   42  -28
2.24126728  0.229406  4.157544  1.6  157   16
2.24126757  0.229898  4.175387  1.4  155   22
2.24126728  0.230006  4.179304  1.8  156   21
2.24131279  0.230282  4.189341  2.5  356   12
2.24132161  0.231901  4.248486  5.8  327    8
2.24138760  0.225382  4.012982  1.2  101   54
2.24139176  0.227714  4.096429  1.0  263   50
2.24143190  0.225641  4.022206  4.0   85   54
2.24148343  0.209807  3.477485  3.4  132   94
2.24148793  0.205537  3.337385  2.4  183   59
2.24148598  0.206186  3.358494  3.0  343   71
2.24148885  0.210798  3.510434  3.2  166   57
2.24154501  0.218972  3.787939  0.0  290    0
2.24159325  0.216021  3.686552  0.2  154  -69
2.24159384  0.216471  3.701901  0.0  173  -62
2.24159423  0.217529  3.738180  0.2  333  -48
2.24166362  0.225931  4.032531  1.1   25  -36
2.24171874  0.221047  3.860083  4.1  324  -37
2.24172008  0.219794  3.816434  4.4  108  -48
2.24171769  0.219526  3.807158  4.2  110  -49
2.24172290  0.224304  3.974667  0.0  111  -34
2.24181143  0.223531  3.947337  0.3  102  -68
2.24181609  0.222525  3.911880  0.3  292  -55
2.24187834  0.229671  4.167140  1.0  289  -50
2.24188006  0.226661  4.058636  0.1   85  -50
2.24187558  0.223815  3.957356  0.0  306  -45
2.24190877  0.226558  4.054939  1.1   17   60
2.24193235  0.234318  4.337502  0.9  214  -39
2.24198595  0.229660  4.166769  0.9  206  -36
2.24200466  0.233467  4.306051  0.5  269  -26
2.24202652  0.231359  4.228627  1.8   98  -29
2.24208782  0.222740  3.919429  0.2  159  -64
2.24208993  0.222800  3.921554  0.2    7  -54
2.24208749  0.223661  3.951932  0.3  352  -52
2.24213756  0.231559  4.235938  0.1   90  -41
2.24219736  0.235974  4.399020  0.1  280  -55
2.24219801  0.233546  4.308942  0.0  273  -52
2.24225168  0.231662  4.239731  2.1  225   39
2.24226565  0.229474  4.160010  2.4  215   45
2.24226983  0.229950  4.177284  1.0   45   55
2.24231213  0.238176  4.481507  1.0  190   32
2.24232528  0.235333  4.375146  2.3    6   29
2.24232582  0.235978  4.399178  2.4    9   26
2.24240292  0.237480  4.455328  1.3  283   14
2.24243495  0.232817  4.282105  0.1   76  -68
2.24243120  0.233954  4.324040  0.6  252   13
2.24249505  0.230345  4.191663  3.2  301   47
2.24249500  0.228894  4.139022  4.5  149   38
2.24249470  0.229951  4.177303  3.8  306   47
2.24254011  0.223658  3.951815  0.1  286   41
2.24258063  0.237678  4.462791  2.8  174    2
2.24259480  0.227845  4.101144  0.9   46   54
2.24265010  0.235362  4.376230  1.0  196   43
2.24265212  0.233007  4.289101  2.1    2   55
2.24272766  0.226445  4.050898  0.0  282   -7
2.24273287  0.224958  3.997874  2.1  281   -8
2.24274322  0.222499  3.910972  3.2   97    1
2.24275379  0.224175  3.970094  0.5  280   20
2.24275289  0.224526  3.982528  2.8  277   11
2.24281995  0.235140  4.367963  2.7    8   -6
2.24285890  0.233820  4.319058  0.6   55   80
2.24290915  0.226432  4.050438  1.1  292   16
2.24291447  0.220087  3.826624  0.9  299   14
2.24291510  0.220010  3.823949  0.9  299   15
2.24293091  0.229734  4.169438  2.9  179   51
2.24298670  0.234250  4.334982  0.1  348  -31
2.24304076  0.232949  4.286944  0.9   21  -79
2.24304083  0.228196  4.113791  2.7  178  -78
2.24304858  0.228232  4.115081  1.0  309  -47
2.24305687  0.226741  4.061510  1.1  302  -26
2.24308061  0.227932  4.104274  0.4  290  -33
2.24314217  0.235151  4.368366  0.4    2  -47
2.24314450  0.240561  4.571682  1.6  300  -35
2.24320153  0.239432  4.528882  0.5   41  -46
2.24322490  0.233876  4.321139  0.7  353  -29
2.24325201  0.232459  4.268930  0.2   71   53
2.24326262  0.231368  4.228973  0.3   52   60
2.24331238  0.234163  4.331764  0.4  317  131
2.24332820  0.231786  4.244272  0.1  183   43
2.24333182  0.226341  4.047184  0.3  310   49
2.24338521  0.226903  4.067299  0.2   70   67
2.24338485  0.229482  4.160313  0.1  266   59
2.24343573  0.227137  4.075710  0.1  182   58
2.24344804  0.232762  4.280087  0.9   25  -48
2.24341347  0.231575  4.236517  0.3  292  172
2.24358513  0.234989  4.362378  2.0  100    4
2.24355023  0.236832  4.431078  0.0  195   27
2.24360122  0.227282  4.080904  0.2  112   52
2.24359916  0.227074  4.073459  0.1  285   39
2.24360052  0.229069  4.145333  0.2  107   42
2.24360117  0.226462  4.051521  0.4  281   37
2.24369942  0.228090  4.109962  1.2  120   60
2.24369767  0.228371  4.120109  2.2  287   65
2.24370357  0.228524  4.125624  2.5  288   62
2.24375832  0.233688  4.314196  2.5  308   33
2.24377017  0.234006  4.325955  4.6   24   50
2.24377517  0.235486  4.380829  4.8   14   45
2.24383728  0.237191  4.444509  0.8  190  -60
2.24388146  0.236630  4.423508  1.5   28  -36
2.24388473  0.227364  4.083841  0.0  303  -57
2.24392759  0.233288  4.299434  5.1  190   -0
2.24394303  0.228064  4.109027  0.1   70  -43
2.24398889  0.231290  4.226109  0.1  269  -62
2.24398828  0.230776  4.207330  0.3   66  -53
2.24403221  0.233519  4.307970  1.5  323  -42
2.24407477  0.227906  4.103366  3.0   72  -68
2.24407554  0.226366  4.048069  3.4  304  -64
2.24408835  0.231803  4.244873  2.2  121  -39
2.24411325  0.234961  4.361342  0.0  311  -59
2.24419196  0.234977  4.361924  1.8  192   56
2.24419718  0.234669  4.350493  2.2  107   29
2.24420169  0.233894  4.321818  0.8  291   41
2.24426531  0.218859  3.784036  0.0  110    6
2.24426725  0.217081  3.722806  0.0  286   10
2.24426384  0.218176  3.760471  0.0  289    8
2.24426834  0.217877  3.750147  0.1  286    9
2.24428564  0.237612  4.460300  0.6  245  125
2.24439565  0.231329  4.227529  0.8  210   41
2.24440180  0.234976  4.361889  2.0  212   26
2.24444052  0.228272  4.116543  3.8  112   -5
2.24443573  0.228196  4.113784  2.6  118  -14
2.24448761  0.226946  4.068837  0.3  298   54
2.24448637  0.229851  4.173670  0.9  294   49
2.24453069  0.235446  4.379369  2.8  159  -15
2.24453311  0.231873  4.247449  0.8  328  -15
2.24459491  0.229319  4.154387  4.3  321   28
2.24461081  0.233041  4.290336  3.3  182   22
2.24468100  0.234256  4.335210  1.4  103   50
2.24468048  0.235454  4.379630  2.4   90   57
2.24468288  0.236044  4.401637  1.4   27   75
2.24472389  0.232629  4.275172  0.7  294  -45
2.24476724  0.227554  4.090696  4.7  185   26
2.24477567  0.227466  4.087527  7.9  321   35
2.24478299  0.226369  4.048189  4.2  181   19
2.24484120  0.229555  4.162949  0.4  189    1
2.24484428  0.231126  4.220104  0.0    6   13
2.24489959  0.229616  4.165147  2.5  297   62
2.24490340  0.229157  4.148531  2.3  291   65
2.24494704  0.227010  4.071136  0.0  293  -18
2.24494613  0.227782  4.098897  1.5  111  -18
2.24501238  0.227185  4.077429  1.9  333  -35
2.24502131  0.226721  4.060799  2.8  125  -41
2.24503023  0.226942  4.068693  3.5   62  -34
2.24508966  0.221456  3.874378  3.4   12  -48
2.24509084  0.220367  3.836376  4.3  298  -59
2.24509324  0.220915  3.855472  0.0   11  -42
2.24517925  0.225639  4.022118  0.0  145  -34
2.24517955  0.230957  4.213965  0.0  271  -41
2.24518271  0.228825  4.136523  0.2  333  -26
2.24522632  0.225248  4.008185  1.6  300  -14
2.24522770  0.223264  3.937885  1.9  297  -12
2.24525021  0.239803  4.542940  4.3  314  -29
2.24530972  0.232605  4.274320  1.2   54   54
2.24534631  0.228618  4.129015  0.8  201   51
2.24534807  0.230255  4.188356  0.9   28   65
2.24538874  0.234569  4.346792  2.4    5  -27
2.24542549  0.239203  4.520232  1.7  198   51
2.24544303  0.235095  4.366318  0.0    7  -43
2.24549132  0.232950  4.286974  1.0   35  -48
2.24549386  0.230200  4.186387  1.3   55  -55
2.24554051  0.229039  4.144255  1.0  287  -40
2.24554157  0.232470  4.269335  1.2   21  -46
2.24559373  0.238511  4.494115  3.2  295   40
2.24560752  0.237580  4.459115  2.7  193   55
2.24565867  0.235690  4.388414  0.0  314   75
2.24565936  0.232958  4.287281  0.0  112   53
2.24566215  0.234985  4.362230  0.1  277   57
2.24573773  0.237640  4.461358  0.4  182   50
2.24574037  0.236998  4.437263  2.0  191   48
2.24578189  0.238363  4.488546  0.2  286  -51
2.24579768  0.234102  4.329500  0.4  298  -31
2.24580728  0.237486  4.455570  1.9  307   17
2.24586211  0.237428  4.453391  0.8  299  -30
2.24588488  0.234382  4.339849  1.1  206   10
2.24589225  0.234928  4.360119  1.6  179   21
2.24594366  0.232632  4.275305  0.2   84   87
2.24597032  0.232596  4.273979  2.2  313  -20
2.24596887  0.233220  4.296936  4.5  312  -22
2.24599889  0.230835  4.209484  2.0  300   28
2.24604222  0.232901  4.285200  3.3  302   35
2.24605328  0.231780  4.244019  0.4  360  -31
2.24612594  0.222761  3.920157  0.1  218  -55
2.24612177  0.225430  4.014689  1.0  216  -43
2.24612217  0.226293  4.045473  1.0  213  -50
2.24619842  0.237388  4.451894  0.7  156  -50
2.24619476  0.236365  4.413589  0.1  308  -63
2.24619365  0.237504  4.456243  0.7   18   38
2.24627709  0.243424  4.681173  0.3  251  -26
2.24630039  0.236236  4.408795  0.7  195   21
2.24630830  0.236597  4.422288  0.1  190   25
2.24635801  0.234162  4.331732  0.4    3 -130
2.24634008  0.235639  4.386525  1.0  315  -49
2.24639253  0.233318  4.300535  0.2   48  -56
2.24639403  0.231333  4.227674  0.7  205  -74
2.24645158  0.236702  4.426217  1.0  294  -47
2.24644970  0.235846  4.394250  1.2  295  -51
2.24650242  0.234945  4.360742  1.5  180   54
2.24649882  0.237276  4.447698  1.0  179   45
2.24653620  0.234465  4.342942  0.8  107   19
2.24654686  0.233787  4.317859  0.9  289   29
2.24663027  0.227817  4.100134  0.1  116   45
2.24662775  0.231831  4.245887  0.1  286   47
2.24664855  0.232910  4.285506  0.4   97   30
2.24669820  0.223753  3.955184  0.1  261  -35
2.24670232  0.223709  3.953597  0.1  250  -36
2.24670730  0.222479  3.910273  0.1   57  -27
2.24676605  0.230537  4.198642  0.0  317    7
2.24675678  0.233286  4.299356  0.1  306   44
2.24684899  0.231463  4.232423  1.3  296   31
2.24684443  0.231168  4.221636  2.0  205   40
2.24684874  0.229444  4.158919  0.8   33   48
2.24688367  0.238985  4.511992  2.3  259  -45
2.24694422  0.236090  4.403338  0.1  205   54
2.24694638  0.235563  4.383720  0.1   33   66
2.24696965  0.233590  4.310565  1.0  303  -48
2.24700025  0.235405  4.377844  1.5  177    4
2.24702920  0.234640  4.349428  0.0  175  -13
2.24706149  0.234769  4.354216  0.3  359   17
2.24706898  0.237653  4.461832  0.7  358   12
2.24713012  0.233709  4.314964  3.4  197  -53
2.24713782  0.228923  4.140043  2.3   22  -44
2.24713958  0.228580  4.127652  2.4  221  -54
2.24718622  0.238361  4.488457  0.7  173    7
2.24721230  0.238734  4.502513  1.0  118   46
2.24724674  0.236743  4.427721  0.4  170  -66
2.24728870  0.236300  4.411170  1.3  309  -34
2.24729230  0.237994  4.474649  0.0  314  -43
2.24730989  0.237235  4.446155  1.3  184  -27
2.24734349  0.237469  4.454920  1.0  174  -58
2.24739538  0.234829  4.356411  1.4    2  -49
2.24739913  0.235672  4.387744  4.4  312  -64
2.24744683  0.239005  4.512752  1.9  299  -32
2.24746517  0.233072  4.291491  0.1  181   61
2.24746743  0.234417  4.341166  0.0  273   65
2.24754436  0.236807  4.430120  0.8  118   31
2.24754414  0.237954  4.473158  0.0  293   35
2.24754793  0.238740  4.502758  1.7  294   43
2.24762252  0.237635  4.461177  0.3  172  -18
2.24762351  0.236295  4.410996  0.6  358   -3
2.24765509  0.233410  4.303944  0.0  298  -68
2.24765711  0.232139  4.257199  0.0  304  -66
2.24771035  0.236112  4.404156  0.1  191  -34
2.24773134  0.238591  4.497113  1.0  301  -49
2.24775153  0.238326  4.487143  0.5  293   32
2.24778533  0.235629  4.386151  0.4  271    9
2.24782462  0.239099  4.516307  0.6  194  -61
2.24786023  0.234918  4.359721  0.1  194   29
2.24785684  0.237673  4.462605  1.8  342   38
2.24790285  0.236494  4.418436  0.4  191   68
2.24791016  0.230502  4.197357  0.9  281   36
2.24795283  0.235010  4.363163  0.1   23  -51
2.24795674  0.230213  4.186828  0.2   60  -29
2.24802430  0.231009  4.215842  1.4  142   -6
2.24803986  0.230558  4.199401  0.6   73   21
2.24806221  0.230296  4.189867  1.8  296   59
2.24806035  0.229879  4.174704  0.4  234   30
2.24804767  0.228635  4.129641  0.2  241   24
2.24816118  0.234043  4.327302  4.2  301    9
2.24818398  0.225312  4.010484  0.0  290  -25
2.24818270  0.226284  4.045161  0.3  109  -28
2.24818592  0.226027  4.035953  0.0  295  -23
2.24824110  0.230401  4.193689  0.1   53   11
2.24827214  0.234452  4.342441  0.0  166  -48
2.24829574  0.235515  4.381905  0.0  251   11
2.24829386  0.241104  4.592372  0.3  200  -43
2.24835621  0.240022  4.551217  0.7  169  -34
2.24836659  0.236485  4.418076  1.7  193   41
2.24841191  0.232405  4.266958  1.0  195   26
2.24841087  0.234672  4.350608  0.2  218  -65
2.24846356  0.230697  4.204472  0.9   27  -65
2.24848963  0.232621  4.274879  0.2  211   46
2.24851677  0.237500  4.456095  2.1   62  -45
2.24857507  0.228329  4.118587  0.3  213   38
2.24856765  0.227634  4.093579  0.1  242   48
2.24856791  0.227559  4.090881  0.3  238   51
2.24865434  0.220826  3.852376  0.6  300   44
2.24865319  0.220895  3.854780  0.4  291   41
2.24865494  0.221152  3.863754  0.4  127   26
2.24873000  0.230315  4.190551  3.3  207   52
2.24873450  0.230010  4.179459  4.1  197   48
2.24873675  0.233525  4.308197  3.6   39   70
2.24877716  0.233086  4.292001  1.8   23  -23
2.24880545  0.229104  4.146591  0.2  304   19
2.24886042  0.226599  4.056404  0.2  266   47
2.24887330  0.229648  4.166312  0.5  204   54
2.24889353  0.222675  3.917157  1.0  345   33
2.24891946  0.223948  3.962074  0.1  199   41
2.24892025  0.224974  3.998446  0.6  199   41
2.24898558  0.226063  4.037271  0.8   53  -48
2.24898288  0.224318  3.975180  0.2  171  -46
2.24904181  0.225312  4.010486  3.6  196  -30
2.24904899  0.225815  4.028383  2.4  194  -48
2.24905131  0.222251  3.902239  3.1  195  -46
2.24912991  0.228850  4.137421  1.0   30   51
2.24912903  0.227444  4.086721  0.4   32   48
2.24913938  0.227404  4.085302  1.5  196   33
2.24921863  0.229040  4.144299  0.9  162  -49
2.24921603  0.228720  4.132721  1.8  313  -36
2.24921704  0.228908  4.139528  1.0  116  -46
2.24928255  0.227623  4.093172  2.2  184   -0
2.24928359  0.229783  4.171233  1.7  182    0
2.24930516  0.221926  3.890847  0.1  184  -37
2.24936808  0.220810  3.851794  0.0  289  -60
2.24936792  0.219093  3.792127  0.1   87  -48
2.24937104  0.222173  3.899516  0.0  302  -60
2.24945665  0.220481  3.840337  4.1   23  -43
2.24947218  0.213648  3.605985  4.7  197  -63
2.24947254  0.214076  3.620468  4.2  199  -65
2.24947530  0.215138  3.656448  4.9  212  -67
2.24953078  0.228856  4.137640  5.5  300  -34
2.24953350  0.228334  4.118782  5.7  304  -40
2.24958805  0.232669  4.276655  4.8  195   33
2.24962465  0.229345  4.155340  0.1  271  -18
2.24963112  0.229053  4.144743  0.9  275  -10
2.24966927  0.223751  3.955100  0.1   48  -10
2.24968973  0.225522  4.017942  2.6  318  -41
2.24969829  0.226273  4.044769  2.6  134  -33
2.24973849  0.239465  4.530121  0.4   36   39
2.24978015  0.236124  4.404622  1.8    2  -30
2.24981069  0.231162  4.221449  0.7  292  -16
2.24982255  0.228351  4.119373  0.5  283  -12
2.24982566  0.227753  4.097847  0.4  280  -13
2.24989719  0.232987  4.288358  5.2  292 -129
2.24990104  0.232242  4.260957  6.0  116  -43
2.24989788  0.232781  4.280760  5.7  313  -52
2.24999413  0.233326  4.300828  0.4  305   67
2.24998895  0.231876  4.247561  0.0  185   33
2.25005158  0.234889  4.358654  1.3  242    4
2.25005525  0.231369  4.228986  0.2  155  -72
2.25005539  0.232120  4.256501  0.3  298  -59
2.25010207  0.231089  4.218771  1.0  331    1
2.25011580  0.235312  4.374385  2.0  354  -20
2.25015231  0.231502  4.233843  0.2  196   35
2.25019767  0.234609  4.348257  3.0  297   57
2.25020569  0.233633  4.312153  0.2   33  -44
2.25021102  0.234960  4.361284  0.5   22  -45
2.25028116  0.238904  4.508935  1.3  335  -38
2.25033237  0.228840  4.137040  0.0  111   22
2.25033583  0.229112  4.146879  0.1  110   23
2.25035645  0.234795  4.355153  0.5   93   30
2.25037456  0.230140  4.184180  0.1  257   32
2.25040283  0.231987  4.251618  2.6  163   35
2.25040664  0.230443  4.195204  2.6  155   35
2.25048290  0.232409  4.267115  1.6    8  -43
2.25047764  0.228572  4.127381  1.1  170   39
2.25048571  0.225588  4.020308  0.1   30   58
2.25053762  0.227649  4.094116  1.0   20   36
2.25054062  0.228118  4.110980  0.0   23   32
2.25054763  0.228681  4.131290  2.1  197   16
2.25062640  0.231127  4.220171  3.7  305  140
2.25063491  0.230364  4.192335  5.0  299   37
2.25063114  0.227755  4.097903  5.5  301   47
2.25073222  0.223442  3.944197  1.5  208  -34
2.25072897  0.224541  3.983062  2.4  201  -34
2.25073287  0.225863  4.030117  1.8  208  -36
2.25073117  0.225964  4.033729  1.3  208  -29
2.25074898  0.232385  4.266232  0.1   58  -12
2.25084722  0.234527  4.345235  0.0  287   43
2.25087457  0.235492  4.381047  0.7  292  -37
2.25087521  0.232468  4.269255  0.2  196  -39
2.25087559  0.232433  4.267968  0.0  195  -37
2.25089748  0.238962  4.511109  0.3   96  -19
2.25099398  0.237900  4.471131  2.9  299   25
2.25099379  0.235734  4.390088  2.8  350  -34
2.25100759  0.235927  4.397277  3.5  303  -52
2.25101748  0.236804  4.430007  2.4  197  -55
2.25108070  0.238571  4.496369  0.0   32  -41
2.25112057  0.237481  4.455394  1.9   41   19
2.25115516  0.233418  4.304243  0.0  300   46
2.25116568  0.235608  4.385394  1.0  285   53
2.25116398  0.234627  4.348948  1.7  288   52
2.25124079  0.231037  4.216867  0.1   21  -29
2.25124051  0.231706  4.241342  1.0   23  -30
2.25124356  0.233163  4.294820  0.3  199  -51
2.25131637  0.234110  4.329774  0.2  209   60
2.25131948  0.233106  4.292742  0.7  194   55
2.25134448  0.231383  4.229509  0.4  212   40
2.25134553  0.230756  4.206629  0.2   29   45
2.25134646  0.237881  4.470401  2.3  302  -49
2.25144368  0.241822  4.619758  2.2  199   52
2.25144750  0.242206  4.634424  2.7  187   52
2.25150214  0.236306  4.411412  1.7  117  -23
2.25150162  0.235126  4.367470  1.9  299  -18
2.25152848  0.232566  4.272884  0.2   23   12
2.25156273  0.233293  4.299615  0.8  194    8
2.25158251  0.234637  4.349319  0.8  187  -19
2.25167347  0.222974  3.927674  1.1  105   49
2.25166505  0.224002  3.963969  0.9  100   59
2.25166187  0.225803  4.027965  1.8  295   55
2.25167715  0.219020  3.789599  0.2  286   33
2.25174156  0.214629  3.639180  0.3  294   53
2.25174153  0.216052  3.687614  0.1  277   52
2.25181566  0.209913  3.481021  0.7  224   20
2.25181303  0.211630  3.538194  1.1   50   42
2.25181411  0.211562  3.535922  1.3   72   49
2.25183308  0.212527  3.568237  1.0   32   60
2.25188309  0.221898  3.889853  0.7  270   49
2.25194598  0.221679  3.882192  2.7   26  -88
2.25195168  0.217398  3.733691  1.5  164  -89
2.25196402  0.215392  3.665117  0.1   86  -52
2.25196267  0.217178  3.726152  0.6   85  -52
2.25201218  0.225286  4.009553  2.5   61  -30
2.25204712  0.228897  4.139124  0.0  312  -41
2.25207710  0.228020  4.107467  0.0  305  -33
2.25207520  0.230774  4.207270  0.2  305  -35
2.25214020  0.226644  4.058016  1.4  133  -31
2.25213836  0.225524  4.018009  1.4  315  -31
2.25222358  0.223796  3.956670  2.1  236   61
2.25222153  0.218956  3.787412  1.0  165   53
2.25222068  0.217493  3.736952  0.8  166   53
2.25222707  0.222047  3.895078  3.2  144   59
2.25231209  0.229022  4.143644  0.0  289  -55
2.25231185  0.227900  4.103147  0.1  301  -58
2.25233427  0.215932  3.683501  0.1  197  -63
2.25234662  0.220618  3.845114  0.5   24  -63
2.25239234  0.219931  3.821186  0.1  270    8
2.25240114  0.223127  3.933070  0.4  272   28
2.25243778  0.230992  4.215215  0.0  195  -54
2.25245086  0.238548  4.495508  0.2  206  -51
2.25255134  0.222237  3.901759  1.1    5  -55
2.25255257  0.222438  3.908809  1.2  166  -67
2.25255668  0.218007  3.754638  2.2  299  -42
2.25255706  0.221246  3.867046  1.7  274  -45
2.25262813  0.233342  4.301427  0.1  137   62
2.25264223  0.233406  4.303792  0.7  271  -50
2.25264281  0.231601  4.237496  1.1   86  -55
2.25270329  0.234926  4.360044  0.1  285  -25
2.25274394  0.235881  4.395533  1.5  156  -59
2.25274298  0.231266  4.225225  0.1   40  -46
2.25274184  0.230404  4.193811  0.0   38  -44
2.25281908  0.236155  4.405778  0.0  183   47
2.25281903  0.234142  4.330966  0.2  301   56
2.25286277  0.236655  4.424434  0.1   95   16
2.25287978  0.234573  4.346928  0.3   28   58
2.25292008  0.230417  4.194268  1.9  310   52
2.25294399  0.230009  4.179412  0.7  102   48
2.25292958  0.224123  3.968248  0.2  335   43
2.25301039  0.224279  3.973786  0.1  212   10
2.25301435  0.224481  3.980945  0.4  204   11
2.25301613  0.223675  3.952406  0.2   28  168
2.25307380  0.225120  4.003632  0.0   58   20
2.25310150  0.228322  4.118326  1.9   62  -52
2.25315313  0.221811  3.886811  0.1   45  -44
2.25315280  0.222796  3.921414  0.4   45  -45
2.25315315  0.223145  3.933707  0.2  227  -56
2.25323022  0.227496  4.088584  0.8  345  -50
2.25326513  0.213804  3.611254  1.3  123   23
2.25326368  0.212935  3.581968  0.8  295   27
2.25326801  0.212256  3.559169  1.3  295   27
2.25326558  0.211905  3.547389  0.9  295   27
2.25333873  0.226113  4.039026  0.0  265   53
2.25334525  0.227800  4.099542  2.9   78   78
2.25340589  0.226502  4.052964  0.3   26   25
2.25341585  0.223932  3.961490  0.5  158    7
2.25344221  0.226383  4.048687  0.0  276   10
2.25347777  0.226856  4.065630  3.6  133   48
2.25349398  0.223425  3.943562  1.2  336   57
2.25349353  0.223311  3.939547  1.0  335   56
2.25358915  0.215155  3.657046  0.4  346  -31
2.25359221  0.216100  3.689254  1.0  163  -47
2.25359562  0.217151  3.725202  2.6  173  -54
2.25359334  0.222453  3.909339  3.3  117  -51
2.25365858  0.232036  4.253430  0.3  200   -9
2.25367820  0.228192  4.113668  0.0  278  -65
2.25375094  0.230162  4.184999  0.3  276  -25
2.25377208  0.225279  4.009313  0.2   70  114
2.25377219  0.228550  4.126579  2.5  170   52
2.25377803  0.224081  3.966777  0.6  192   26
2.25383220  0.234951  4.360972  1.2  296  -19
2.25386419  0.235010  4.363145  0.3  305   14
2.25387245  0.235155  4.368544  2.7  255   38
2.25392362  0.221127  3.862871  2.0   97   -1
2.25394432  0.225896  4.031282  1.0  303   28
2.25396393  0.225920  4.032146  1.4  307   39
2.25397093  0.220930  3.855997  0.1  147   49
2.25404153  0.228941  4.140716  0.2   99   56
2.25404637  0.216171  3.691675  0.1   52   34
2.25404659  0.220885  3.854424  0.3  228   31
2.25410348  0.219478  3.805490  2.0  195   37
2.25411247  0.223615  3.950288  0.6  308  -10
2.25412551  0.224306  3.974731  0.1  251  150
2.25419352  0.230662  4.203208  1.0   63   50
2.25421717  0.220451  3.839305  0.6  314 -135
2.25427406  0.210900  3.513818  0.3  205  -50
2.25427024  0.213328  3.595208  1.6   16  -34
2.25427503  0.212409  3.564288  0.3  181  -58
2.25428735  0.223897  3.960254  0.4  105  -52
2.25431964  0.230085  4.182206  0.1  263  147
2.25437801  0.224284  3.973979  0.3   63   89
2.25437916  0.224532  3.982741  1.5   47   85
2.25445443  0.223339  3.940545  4.5  314   21
2.25447247  0.221974  3.892522  2.5  298   -8
2.25446928  0.219859  3.818686  0.1  298   -2
2.25452564  0.213699  3.607717  2.0  310   55
2.25453364  0.212182  3.556663  2.6  192   47
2.25453388  0.212676  3.573264  2.5  196   47
2.25463543  0.217388  3.733336  1.4   14  -49
2.25462700  0.218914  3.785951  3.1  178  -53
2.25463775  0.214876  3.647578  1.2  202  -49
2.25469469  0.213226  3.591769  0.2   14    6
2.25469526  0.211963  3.549328  0.1  196  -17
2.25470751  0.212763  3.576188  1.0   16  -17
2.25470793  0.212304  3.560754  1.1   15  -13
2.25477471  0.221959  3.891981  0.1  353   27
2.25480668  0.227739  4.097335  0.5  304  -53
2.25482896  0.230744  4.206185  1.8  186   30
2.25486912  0.218550  3.773373  0.4  345  -26
2.25487275  0.220502  3.841053  0.8   10  -56
2.25488734  0.223927  3.961304  1.0  311  -30
2.25489796  0.224907  3.996071  0.0  292   -7
2.25498328  0.223030  3.929634  0.2   36  -37
2.25497766  0.224489  3.981228  0.0   61   -9
2.25501519  0.231391  4.229785  0.2  276   42
2.25505780  0.227847  4.101239  1.0  308  -43
2.25506099  0.225129  4.003958  0.2  310  -40
2.25512755  0.223289  3.938793  0.0   27  -40
2.25512545  0.217376  3.732934  0.0   26  -40
2.25512669  0.219306  3.799508  0.5  215  -49
2.25517650  0.229936  4.176792  4.9   65  -43
2.25523641  0.229507  4.161206  0.2  216   56
2.25524206  0.233153  4.294471  1.5  288   67
2.25523449  0.230413  4.194114  1.2   61   62
2.25529273  0.225695  4.024109  1.0   54  -47
2.25529708  0.227592  4.092059  0.2   57  -45
2.25533379  0.228186  4.113441  0.0  197  -29
2.25538084  0.234157  4.331545  0.7  300  -12
2.25539912  0.233524  4.308156  2.8  349   -1
2.25542320  0.236512  4.419093  0.3   63   62
2.25541467  0.232788  4.281040  4.3  142  -18
2.25548163  0.229908  4.175749  0.3  306   28
2.25547462  0.235680  4.388057  0.0  273   57
2.25556083  0.230764  4.206908  0.6   72  -54
2.25557003  0.228634  4.129601  0.8  275  -37
2.25557154  0.226966  4.069555  0.2   90  -36
2.25557520  0.227032  4.071927  0.5   90  -31
2.25563893  0.231565  4.236177  0.4   63   64
2.25565263  0.224843  3.993806  0.0  331  -11
2.25572665  0.231686  4.240580  4.1  197   -8
2.25573300  0.231441  4.231615  4.0  198   -8
2.25573617  0.227043  4.072346  3.5  206    0
2.25579958  0.232228  4.260470  0.5  187   29
2.25581107  0.230401  4.193674  0.0  181   33
2.25582278  0.235134  4.367735  0.0  300  -28
2.25589569  0.229554  4.162893  0.6  200  -33
2.25588394  0.230598  4.200846  0.0    9  -13
2.25588830  0.227189  4.077559  0.3   21  -31
2.25595862  0.225413  4.014078  0.0  196   28
2.25596303  0.223181  3.934971  0.0  190   29
2.25596838  0.224843  3.993805  0.1  186   21
2.25604389  0.227978  4.105950  2.2  283  -57
2.25604702  0.232568  4.272924  3.1   67  -55
2.25607968  0.228682  4.131342  2.0   44  -32
2.25611303  0.222306  3.904175  3.5   69   36
2.25611354  0.223459  3.944786  2.9  243   36
2.25611640  0.222124  3.897772  3.2   66   38
2.25621248  0.226873  4.066226  0.0  260   16
2.25621649  0.228568  4.127238  0.0   84   21
2.25626851  0.224105  3.967629  4.5    7    3
2.25627635  0.223495  3.946034  3.5    6   -9
2.25628501  0.225197  4.006368  4.7  306  159
2.25628782  0.225609  4.021066  0.5    8  -28
2.25629758  0.227176  4.077098  3.5  360  -20
2.25637923  0.228749  4.133762  2.3  203  -25
2.25638175  0.228594  4.128174  4.2  190   -2
2.25643668  0.234595  4.347746  1.5  340   -4
2.25646243  0.232325  4.264023  1.5  146  -13
2.25650530  0.231923  4.249273  0.8  198   18
2.25652229  0.228746  4.133646  2.8  179   -4
2.25652979  0.227663  4.094609  3.1  179   -4
2.25654520  0.230715  4.205126  0.0    3  -16
2.25660241  0.231367  4.228938  2.0  163   12
2.25663402  0.229752  4.170092  0.2   79  -36
2.25669118  0.230478  4.196478  0.6  169  -38
2.25668908  0.232142  4.257316  0.6  352  -21
2.25669207  0.229741  4.169687  0.8  183  -43
2.25675004  0.226183  4.041540  0.0   20   52
2.25675749  0.216709  3.710059  0.0  185   39
2.25676428  0.220551  3.842768  0.1  168   35
2.25681744  0.218752  3.780329  0.1  300   33
2.25684493  0.219398  3.802710  0.3  342 -151
2.25684733  0.220251  3.832346  0.1  348  -21
2.25690721  0.219004  3.789051  0.6  288   50
2.25690739  0.219159  3.794426  0.6  287   48
2.25693887  0.220283  3.833431  0.1  199  -42
2.25694255  0.219926  3.821025  0.3  198  -47
2.25701028  0.220522  3.841777  0.0   12  -17
2.25701050  0.220722  3.848732  0.0   12  -19
2.25704502  0.227417  4.085756  1.4  308  -34
2.25704337  0.230829  4.209286  1.4  291  -25
2.25706669  0.231151  4.221021  2.0  293    2
2.25716175  0.231355  4.228495  2.8   11  -26
2.25716133  0.233643  4.312533  2.9   12  -22
2.25715625  0.234058  4.327865  0.1  292  -61
2.25721910  0.236307  4.411424  0.1   27  -52
2.25725700  0.229444  4.158935  2.4  202   46
2.25726072  0.227064  4.073075  3.2  198   35
2.25731230  0.226778  4.062817  0.1  256  -77
2.25732435  0.230660  4.203102  0.4  257  -48
2.25732219  0.230830  4.209311  0.6   64  -48
2.25742823  0.229657  4.166640  1.8  200   -5
2.25742567  0.230130  4.183840  4.4  199   -4
2.25742871  0.228393  4.120916  2.9   18    0
2.25743242  0.228685  4.131445  4.1  198   -7
2.25750415  0.230959  4.214020  0.4  194   23
2.25751223  0.232527  4.271451  0.5  186   51
2.25757604  0.232714  4.278324  0.0  264   48
2.25758984  0.232800  4.281463  2.1  184   -0
2.25759316  0.231366  4.228889  2.8  184   -9
2.25764486  0.239879  4.545811  1.0  201  -56
2.25766030  0.227090  4.074006  1.6  178   37
2.25766388  0.225038  4.000728  0.4  288   61
2.25768739  0.230733  4.205768  1.8  125    4
2.25774793  0.231485  4.233235  1.4  342  -28
2.25777489  0.222106  3.897169  0.2  309   51
2.25777633  0.220623  3.845292  0.1  298   44
2.25783315  0.224915  3.996367  0.4  317   57
2.25785030  0.225768  4.026725  0.0  125   -6
2.25785851  0.221744  3.884471  2.6  141   14
2.25792216  0.218592  3.774805  0.9  308   34
2.25792223  0.220689  3.847590  0.8  307   34
2.25792267  0.221509  3.876236  1.1  309   35
2.25799347  0.231078  4.218373  0.2  100  -48
2.25800358  0.230837  4.209563  1.4  157  -53
2.25803103  0.223048  3.930270  0.9  327  -15
2.25802528  0.225003  3.999479  2.2  319  -23
2.25811303  0.224309  3.974853  2.2  173  -14
2.25811308  0.223761  3.955449  2.0  173  -15
2.25810415  0.225441  4.015065  0.8  307   10
2.25818789  0.225018  4.000014  0.3  313   36
2.25819272  0.228310  4.117906  0.9  304   32
2.25819638  0.225749  4.026038  1.0  296   37
2.25827526  0.230945  4.213499  1.4  297  -42
2.25827446  0.230311  4.190402  1.3  298  -42
2.25833542  0.227801  4.099579  0.9  110   14
2.25836131  0.209629  3.471590  0.0  319    2
2.25836073  0.219016  3.789485  0.2  162   -1
2.25836238  0.218348  3.766398  0.8  160   -3
2.25836135  0.214831  3.646020  0.1  331    7
2.25844676  0.220881  3.854270  1.4  184  -29
2.25845200  0.220347  3.835671  1.5  181  -31
2.25844983  0.220702  3.848044  1.1    5  -16
2.25853017  0.211529  3.534814  0.0  159  -35
2.25853070  0.214167  3.623541  0.3  163  -35
2.25861019  0.215174  3.657694  0.5  152  -37
2.25860762  0.214805  3.645153  0.9  334  -27
2.25861142  0.216034  3.686991  0.1  151  -38
2.25868493  0.227380  4.084432  3.5    8   -1
2.25868876  0.226068  4.037422  2.5    2   -2
2.25869848  0.226486  4.052366  1.3  358   -5
2.25869455  0.226812  4.064068  1.0  177  -14
2.25878626  0.235747  4.390551  2.3  301   55
2.25878360  0.236192  4.407131  0.5  188   34
2.25877745  0.236912  4.434070  2.5  309  -57
2.25886317  0.227430  4.086217  4.1  175    2
2.25885714  0.228548  4.126509  4.6  322    2
2.25886906  0.229610  4.164924  4.0  181    2
2.25894609  0.235447  4.379383  2.4  357   12
2.25895378  0.233178  4.295374  1.5  356   10
2.25898205  0.234004  4.325877  1.5  300   57
2.25902713  0.230552  4.199170  1.0   24  -47
2.25902635  0.230446  4.195319  3.1  189  -49
2.25903074  0.232581  4.273423  3.9  310  -62
2.25911969  0.229368  4.156180  0.1   93  -62
2.25911971  0.227140  4.075797  0.0   90  -61
2.25912210  0.226548  4.054582  0.0  297  -46
2.25918179  0.234078  4.328591  0.2   42  -44
2.25920123  0.233179  4.295423  1.0    4  -28
2.25919762  0.237008  4.437643  2.2  293   49
2.25924082  0.236157  4.405853  0.2  180   21
2.25931248  0.235571  4.383985  0.9  200   57
2.25932305  0.234268  4.335624  2.2  306  -12
2.25932395  0.226258  4.044214  0.2  139  -21
2.25932122  0.224967  3.998212  0.3  322 -162
2.25939933  0.222321  3.904691  0.0  126   26
2.25947245  0.222581  3.913831  3.3  138   33
2.25947341  0.222927  3.926028  4.0  315   42
2.25947516  0.221663  3.881638  3.3  315   51
2.25947783  0.222514  3.911494  2.6  136   41
2.25948391  0.226825  4.064503  1.6   28   61
2.25957184  0.228039  4.108132  1.0  191   23
2.25957015  0.227471  4.087708  2.6    8   25
2.25957171  0.227637  4.093666  2.1    8   29
2.25964469  0.234110  4.329777  0.7   11   21
2.25966722  0.230361  4.192220  2.0  282  -57
2.25966818  0.229101  4.146491  0.8  109  -48
2.25973421  0.228092  4.110060  1.0   11  -15
2.25973436  0.226894  4.067002  1.0    5  -17
2.25973365  0.228147  4.112043  2.5   12  -14
2.25980812  0.225026  4.000299  1.6  335   48
2.25981508  0.223620  3.950461  1.4  331   38
2.25981517  0.226866  4.065984  1.0  331   35
2.25989793  0.226789  4.063209  0.4  177  -47
2.25990229  0.225543  4.018693  1.3  171  -52
2.25990435  0.225648  4.022441  0.9  171  -53
2.25998691  0.233271  4.298815  1.3  146   -2
2.25999447  0.233727  4.315648  3.2  196  -33
2.25999222  0.234137  4.330773  2.7  162    5
2.26003926  0.235488  4.380921  4.2   77   -1
2.26005139  0.238167  4.481148  2.9  302  -16
2.26013609  0.238425  4.490881  0.5  198   25
2.26015545  0.233849  4.320161  0.1  294  -38
2.26015938  0.232169  4.258287  0.0  198   56
2.26016995  0.234775  4.354410  0.0  283  -20
2.26020068  0.236134  4.404985  0.5  198  -11
2.26023417  0.234751  4.353525  0.2  302  -42
2.26023537  0.232691  4.277477  0.1  309  -40
2.26030581  0.238648  4.499278  0.4   24  -36
2.26032083  0.239582  4.534559  2.2  190    5
2.26034804  0.234591  4.347594  1.1   51   87
2.26037254  0.232944  4.286754  0.5  198   42
2.26037960  0.232665  4.276503  0.1  193  -63
2.26044837  0.227752  4.097810  1.3  130   44
2.26044710  0.226691  4.059726  1.0  289   51
2.26048886  0.221083  3.861327  0.0  320   52
2.26049131  0.228937  4.140550  0.0  285   64
2.26053964  0.225370  4.012522  1.9  261   47
2.26054234  0.225322  4.010830  1.6  264   55
2.26060732  0.225847  4.029530  3.8  202   24
2.26061309  0.224430  3.979153  2.0  205   18
2.26067800  0.212926  3.581669  0.1  212   50
2.26067920  0.212546  3.568881  0.1  208   48
2.26067728  0.212674  3.573189  0.1   36   54
2.26075549  0.206731  3.376282  1.0  125   37
2.26075706  0.204448  3.302130  1.6  123   35
2.26075902  0.203861  3.283191  1.3  146   60
2.26082484  0.221592  3.879124  3.7  288   49
2.26085024  0.209223  3.458152  0.2  346   12
2.26085615  0.212226  3.558140  2.0  175  -12
2.26085633  0.212254  3.559085  1.5  175  -11
2.26094036  0.204450  3.302197  0.4  163  -59
2.26094348  0.205213  3.326884  0.6  168  -57
2.26094715  0.204954  3.318471  0.6  307  -66
2.26094838  0.208250  3.426093  2.1  108  -63
2.26101366  0.210092  3.486949  0.1    2  -36
2.26101505  0.211957  3.549126  0.9  357  -35
2.26109944  0.214318  3.628629  1.2  104  -40
2.26109892  0.215152  3.656927  0.0  294  -51
2.26109964  0.215107  3.655400  0.4  104  -39
2.26110624  0.225473  4.016192  0.0  110  -58
2.26117863  0.233717  4.315263  1.5   14  -44
2.26119535  0.227945  4.104755  0.1  205  -47
2.26120466  0.228691  4.131659  0.1  218  -53
2.26127062  0.218179  3.760576  2.7  199  -26
2.26127471  0.217849  3.749187  3.0  203  -35
2.26127590  0.217937  3.752242  3.3  204  -37
2.26135608  0.223617  3.950376  2.3  199  -57
2.26135027  0.221910  3.890277  1.5  123  -47
2.26141998  0.222993  3.928331  0.8  340   -8
2.26142396  0.219807  3.816888  0.0  163  -22
2.26142012  0.225953  4.033339  1.0  343   -6
2.26151157  0.232009  4.252429  2.2  290  -44
2.26151692  0.229524  4.161830  1.1  308   35
2.26151307  0.227173  4.076985  2.2  313  -45
2.26158200  0.229839  4.173261  0.1  156  -10
2.26161444  0.226291  4.045399  0.0  122   60
2.26161530  0.228227  4.114932  0.4  289   67
2.26166224  0.229245  4.151720  0.3   44  -42
2.26166549  0.230337  4.191347  0.4    8    3
2.26172290  0.229909  4.175802  0.3  274   22
2.26173075  0.226304  4.045883  3.4  296   45
2.26180517  0.225614  4.021244  4.4  307   63
2.26180817  0.224196  3.970859  3.7  304   57
2.26180668  0.224086  3.966932  3.2  120   41
2.26180757  0.225083  4.002315  3.0  285   51
2.26187503  0.224317  3.975143  1.1  204   51
2.26187344  0.222812  3.921963  1.4   36   62
2.26188838  0.235109  4.366827  2.4   37   16
2.26196203  0.232143  4.257336  1.6   54   36
2.26198772  0.226471  4.051853  0.2  296  -63
2.26198802  0.227635  4.093605  0.2  280  -61
2.26202353  0.224918  3.996477  2.7  174   18
2.26202775  0.225550  4.018943  1.0  175   18
2.26210354  0.229453  4.159244  0.4  210   68
2.26210727  0.218363  3.766912  0.2  129   27
2.26211941  0.219454  3.804648  0.0  107    5
2.26215487  0.223956  3.962339  0.2  293   49
2.26215554  0.224561  3.983798  0.7  292   46
2.26220304  0.225199  4.006465  1.2  193  -36
2.26220388  0.224857  3.994295  1.2   12  -30
2.26227968  0.220766  3.850268  1.1  303  -20
2.26228018  0.220622  3.845245  1.6  303  -20
2.26235197  0.220222  3.831318  0.2  169  -57
2.26235407  0.214057  3.619815  0.0  296  -27
2.26235786  0.215851  3.680743  0.1  297  -25
2.26245319  0.220801  3.851488  1.1  163  -40
2.26246076  0.217882  3.750349  0.3  171  -49
2.26246144  0.217053  3.721834  0.8  359  -34
2.26246144  0.218133  3.758980  0.0  177  -42
2.26249475  0.222537  3.912291  0.2  301  -32
2.26254424  0.231942  4.249963  0.6   58  -64
2.26256954  0.230352  4.191917  0.6   12  -53
2.26262683  0.228951  4.141071  0.0   17  -35
2.26263193  0.225498  4.017107  0.2   32  -17
2.26263828  0.228241  4.115415  0.2  215  -29
2.26270075  0.238769  4.503822  1.9    9   -1
2.26270071  0.239027  4.513573  2.2    9   -1
2.26276625  0.237168  4.443631  1.4  211   68
2.26277162  0.234708  4.351927  3.3  304   64
2.26277637  0.234732  4.352829  0.0  172   36
2.26279261  0.238472  4.492659  2.8  200   18
2.26286845  0.231153  4.221090  0.2  181  -44
2.26287156  0.233489  4.306838  1.0  185  -43
2.26287324  0.228458  4.123243  0.0    7  -35
2.26295411  0.231818  4.245423  0.6   38  -12
2.26295037  0.232904  4.285295  1.0   37  -12
2.26298357  0.232285  4.262566  0.1  295  -56
2.26298192  0.235282  4.373259  0.3   84  -38
2.26304427  0.236983  4.436705  1.3  176  -66
2.26304683  0.233722  4.315449  0.2  308  -57
2.26310890  0.233325  4.300805  0.2   11  -35
2.26310919  0.234894  4.358831  0.6  193  -49
2.26316178  0.236031  4.401138  2.5  102   -5
2.26318420  0.236120  4.404468  1.7  284  -26
2.26317825  0.233727  4.315641  2.0   99   -2
2.26317863  0.233652  4.312852  1.7   99   -4
2.26324882  0.240020  4.551152  2.9  296   31
2.26331272  0.228875  4.138311  1.9  203   47
2.26331788  0.227560  4.090911  0.1   50   58
2.26332464  0.230283  4.189397  0.2   40   57
2.26339419  0.220878  3.854168  0.3  283   34
2.26340037  0.217001  3.720057  0.0  108   30
2.26341898  0.221224  3.866276  0.1  201   57
2.26344278  0.231067  4.217953  1.0  191   61
2.26344268  0.227335  4.082819  0.6   36   69
2.26349871  0.225169  4.005400  0.0  296   59
2.26350026  0.220949  3.856651  0.1  278   55
2.26358098  0.226088  4.038129  0.8  196   20
2.26358091  0.222128  3.897913  1.0   15   29
2.26357825  0.228151  4.112168  0.0   73   55
2.26366743  0.222743  3.919534  3.8  305   -4
2.26366906  0.222252  3.902287  5.1  313    1
2.26367009  0.223193  3.935387  4.2  308   -9
2.26373740  0.229809  4.172178  0.3  120   57
2.26375181  0.222133  3.898104  0.9    5  -11
2.26375925  0.221933  3.891069  0.0  180  -33
2.26375536  0.221033  3.859581  0.0    0  -13
2.26381479  0.230060  4.181268  0.1  191   35
2.26381652  0.231583  4.236835  0.5  191   33
2.26392099  0.219005  3.789080  0.5  145  -60
2.26391898  0.219599  3.809668  0.6  176  -63
2.26391986  0.220167  3.829402  1.0  181  -63
2.26391561  0.226435  4.050562  1.2  346  -91
2.26399858  0.230820  4.208958  2.4  191   -5
2.26399854  0.231018  4.216158  2.6  192   -2
2.26407185  0.224934  3.997043  0.0  353  -53
2.26407714  0.227141  4.075834  0.9  321  -39
2.26407312  0.228000  4.106735  1.1  313  -29
2.26407515  0.228968  4.141665  0.2  309  -21
2.26416351  0.237313  4.449095  1.7  183  -27
2.26416598  0.238260  4.484648  1.3  199  -36
2.26423681  0.239828  4.543885  1.1  204   63
2.26425252  0.235514  4.381873  1.5  307   71
2.26425435  0.231708  4.241385  0.8  114   72
2.26434512  0.236730  4.427234  1.5   61  -38
2.26432622  0.240108  4.554514  1.6   10  -37
2.26434380  0.237796  4.467210  1.3   60  -64
2.26435853  0.228101  4.110368  0.1  108  -50
2.26442115  0.224187  3.970521  2.0  285   35
2.26441981  0.225258  4.008539  2.3  288   43
2.26442311  0.222337  3.905250  2.4  286   32
2.26448458  0.222426  3.908382  0.0  197   53
2.26448611  0.223054  3.930477  0.1  190   52
2.26457896  0.224048  3.965603  3.4  281  -20
2.26458096  0.219339  3.800674  2.6  269  -11
2.26458198  0.221109  3.862231  2.8   87   -9
2.26458725  0.223366  3.941503  2.6  268   -3
2.26465222  0.232622  4.274914  4.6  250    1
2.26464235  0.229966  4.177865  4.7  247   -1
2.26469951  0.235050  4.364633  4.8  145   15
2.26477497  0.226210  4.042494  0.5    8  -66
2.26478212  0.225372  4.012597  1.0    1  -20
2.26478068  0.226455  4.051255  0.1  182  -40
2.26478415  0.226186  4.041657  0.1  179  -32
2.26483419  0.233806  4.318562  0.2  160  -65
2.26486668  0.233506  4.307496  4.8  309   54
2.26486761  0.233770  4.317242  4.7  308   50
2.26494642  0.231236  4.224126  0.5  356   -5
2.26494581  0.231547  4.235521  0.0  180  -14
2.26495022  0.231117  4.219803  0.0  187  -15
2.26502794  0.231515  4.234319  0.3   29   45
2.26503362  0.225410  4.013972  0.0  193   34
2.26503936  0.228367  4.119980  0.2  193   35
2.26510099  0.233708  4.314943  2.8  309   58
2.26510323  0.234491  4.343906  2.3  292   54
2.26516557  0.233816  4.318924  1.2   81  -14
2.26516563  0.227569  4.091212  0.0  288  -32
2.26517828  0.229969  4.177973  0.2  282   -9
2.26521673  0.228699  4.131972  0.2  176  -42
2.26522246  0.230086  4.182232  0.6   26  -57
2.26528885  0.226455  4.051280  2.8  133   41
2.26529266  0.226612  4.056871  0.2   64   77
2.26534240  0.227764  4.098240  1.2  311  -35
2.26534502  0.229003  4.142945  1.0  315  -26
2.26540014  0.233916  4.322636  0.4  191   52
2.26545688  0.235716  4.389396  1.3  303  -18
2.26543823  0.231338  4.227881  3.0  299   59
2.26548957  0.226348  4.047445  4.9  298   61
2.26548760  0.227004  4.070937  3.0  102   53
2.26549325  0.228485  4.124218  4.0  184   51
2.26552111  0.230532  4.198473  3.9  189   27
2.26561752  0.220016  3.824148  0.3  303  -52
2.26561739  0.220573  3.843554  2.4  303  -52
2.26562616  0.218579  3.774367  1.3  303  -50
2.26562069  0.221376  3.871576  1.0  218  -60
2.26572325  0.218805  3.782164  0.2  197   67
2.26572420  0.220860  3.853554  0.1  252   73
2.26572476  0.217364  3.732505  0.0  181   66
2.26577335  0.238759  4.503468  3.0  292  -50
2.26583570  0.228422  4.121970  3.6  195  -79
2.26584927  0.224597  3.985065  3.3   81  -31
2.26585116  0.224582  3.984525  3.2   78  -26
2.26585169  0.224122  3.968211  3.0  263  -28
2.26591309  0.229974  4.178171  1.1  155  -69
2.26593516  0.233586  4.310443  0.9  305   34
2.26596330  0.232712  4.278227  0.1  286  -47
2.26600060  0.229041  4.144339  1.8  206  -54
2.26601095  0.227464  4.087445  0.0  281  -38
2.26608097  0.232769  4.280318  2.0  312   42
2.26604492  0.235011  4.363184  1.3  194  -59
2.26611342  0.232723  4.278627  0.1   33  -56
2.26614835  0.228798  4.135547  0.5  201   58
2.26615030  0.230111  4.183138  1.9   67   67
2.26614840  0.228661  4.130573  0.6  274   60
2.26622595  0.236536  4.419999  0.0  286   56
2.26622990  0.231812  4.245190  0.0  304   64
2.26628685  0.232952  4.287069  3.2   59    5
2.26629548  0.231911  4.248824  0.1  198   39
2.26631285  0.228314  4.118061  0.0  200   25
2.26631277  0.230002  4.179175  0.1  200   23
2.26635470  0.243471  4.682970  0.4  288   55
2.26642816  0.229835  4.173117  0.5  210   67
2.26642696  0.227247  4.079646  0.0  299   75
2.26642773  0.226958  4.069295  0.0  300   77
2.26648104  0.231310  4.226859  0.6  183   38
2.26647577  0.231394  4.229914  0.8   16   44
2.26656674  0.218138  3.759152  1.1  200   57
2.26656927  0.214436  3.632643  0.2  191   53
2.26657256  0.213804  3.611249  0.4  275   54
2.26657377  0.213750  3.609424  0.2  282   51
2.26666485  0.228837  4.136929  2.3  328  -47
2.26670849  0.230824  4.209080  0.6  191   24
2.26670096  0.228167  4.112768  0.6   68   60
2.26671370  0.229501  4.160980  0.5  184   22
2.26674548  0.227699  4.095889  1.9   97    3
2.26674451  0.228574  4.127440  0.8  275    2
2.26682237  0.221909  3.890249  0.7  144  -70
2.26682228  0.223184  3.935066  0.3  323  -68
2.26689042  0.218493  3.771403  0.8   31  -69
2.26689007  0.217916  3.751497  0.8   30  -64
2.26689402  0.217759  3.746116  0.4   56  -54
2.26689608  0.221469  3.874830  2.3  327  -62
2.26697979  0.233798  4.318257  0.6  177  -42
2.26698573  0.235819  4.393236  0.1  183  -46
2.26703647  0.230310  4.190390  0.8   37  -61
2.26704000  0.231393  4.229884  0.7   48  -46
2.26708622  0.235637  4.386457  0.1   85  -53
2.26710314  0.236554  4.420659  0.9  296  -61
2.26710714  0.239548  4.533282  0.8  322  -63
2.26722179  0.235667  4.387569  1.0  209   37
2.26722377  0.232126  4.256721  0.2  210   30
2.26722036  0.235748  4.390583  0.7   40   43
2.26727730  0.232613  4.274585  1.3  214   52
2.26728280  0.229055  4.144827  1.1  306   63
2.26727877  0.232837  4.282839  1.9   28   64
2.26728356  0.227221  4.078738  0.3  288  128
2.26733719  0.232137  4.257104  0.2  291   52
2.26738839  0.233448  4.305331  0.5  220   30
2.26738921  0.234554  4.346243  1.2  225   30
2.26744579  0.237410  4.452706  3.2  313   30
2.26747597  0.239490  4.531071  1.2  138  -51
2.26749805  0.235654  4.387084  1.3   50   55
2.26751963  0.231159  4.221323  0.1  336  -41
2.26752014  0.232740  4.279282  0.4  336  -39
2.26755263  0.237085  4.440531  0.2  256   68
2.26760988  0.232531  4.271594  0.1  276   29
2.26763293  0.233645  4.312596  1.3    7  -64
2.26762814  0.235282  4.373242  0.4   89   15
2.26769616  0.235242  4.371778  0.4  284   48
2.26775471  0.226407  4.049564  1.1  112   45
2.26776129  0.223805  3.956995  1.2  115   53
2.26777120  0.217038  3.721336  0.3  269   70
2.26777055  0.217499  3.737166  0.0  139   66
2.26779720  0.226176  4.041289  3.1  200   16
2.26786340  0.228167  4.112746  1.4  121  -46
2.26789795  0.229985  4.178554  4.4   86   15
2.26790069  0.230452  4.195539  4.2   88   17
2.26794380  0.212865  3.579625  0.2   27  -43
2.26795674  0.211870  3.546218  0.9  218  -27
2.26795663  0.211134  3.521637  0.4  218  -27
2.26796479  0.215948  3.684043  1.2  229  -31
2.26797552  0.226217  4.042760  3.6   65  -28
2.26810653  0.223545  3.947820  0.3  281  -68
2.26811466  0.221077  3.861113  1.5   63  -75
2.26812002  0.215553  3.670573  0.3   25  -47
2.26812013  0.215820  3.679688  0.9   25  -47
2.26818989  0.233807  4.318583  0.1  289  -43
2.26819385  0.234535  4.345539  0.0   82  -48
2.26822676  0.239172  4.519064  2.3  296   60
2.26825602  0.232180  4.258705  0.0   20   77
2.26827699  0.226839  4.065001  0.0   87  -13
2.26829452  0.224298  3.974455  0.0  274  -13
2.26837514  0.236136  4.405067  3.2   17  -60
2.26837498  0.237064  4.439744  3.7   18  -61
2.26839301  0.238725  4.502197  6.4   62  -14
2.26844467  0.234409  4.340854  2.2   10 -131
2.26845257  0.236206  4.407669  0.0  283  -48
2.26847724  0.234029  4.326809  0.7   52   64
2.26852236  0.236942  4.435170  1.3  279  -38
2.26852233  0.236006  4.400203  0.9  278  -34
2.26856943  0.233367  4.302335  0.1   28  -34
2.26858983  0.236719  4.426829  0.1  286   53
2.26861201  0.230945  4.213511  0.0   87  -43
2.26865960  0.231023  4.216352  0.4  293  -49
2.26865809  0.228496  4.124606  0.4   94  -57
2.26871811  0.226360  4.047865  0.6   24  -37
2.26871536  0.226058  4.037063  0.4   22  -37
2.26877851  0.238807  4.505276  0.4  206   15
2.26881448  0.237148  4.442877  0.1  274  -70
2.26881329  0.230484  4.196692  0.0   96  -59
2.26881516  0.231312  4.226906  0.0   91  -61
2.26887051  0.232060  4.254309  1.0  305   77
2.26886631  0.234123  4.330272  0.1  273   81
2.26893761  0.237064  4.439735  1.1   84   43
2.26893660  0.227948  4.104848  0.0  274   36
2.26894160  0.235732  4.389993  0.6  281   58
2.26901061  0.232049  4.253894  1.8  188   17
2.26901569  0.231373  4.229145  1.5  187   16
2.26902985  0.230808  4.208516  0.7  180   -2
2.26903918  0.230739  4.206007  0.3  173  -14
2.26907961  0.234033  4.326942  0.7  283   68
2.26911024  0.233945  4.323705  0.1  158   15
2.26919093  0.228288  4.117128  1.4  195  -44
2.26918862  0.227629  4.093371  0.9   15  -34
2.26919557  0.228028  4.107743  0.3   25  -27
2.26923166  0.233867  4.320807  1.8   27   17
2.26925007  0.234659  4.350124  0.1  179   15
2.26929059  0.237908  4.471414  0.0  296  -23
2.26934039  0.223492  3.945959  1.4  282   59
2.26934052  0.224257  3.973006  1.1  281   63
2.26938918  0.232140  4.257218  2.7   84   51
2.26939087  0.234100  4.329424  2.4  265   53
2.26944448  0.241596  4.611103  0.7  189  -47
2.26945123  0.240076  4.553285  1.5  303   23
2.26950051  0.235566  4.383832  0.1  284   31
2.26952957  0.228374  4.120233  0.2  161  -78
2.26953105  0.232016  4.252695  0.5  196  -80
2.26956429  0.235403  4.377752  2.5  303   48
2.26957876  0.231471  4.232730  0.1  304  -34
2.26965798  0.237758  4.465794  1.8  193   35
2.26967661  0.230402  4.193707  0.7  315   59
2.26967656  0.228957  4.141291  0.3  296   58
2.26968126  0.235124  4.367374  1.9   88   49
2.26975277  0.236932  4.434795  0.1  187   37
2.26975327  0.237306  4.448804  0.1  188   36
2.26982620  0.237426  4.453302  2.3   63   56
2.26980843  0.234461  4.342801  0.7  169   29
2.26989268  0.229329  4.154754  1.1  295   17
2.26986303  0.225144  4.004481  0.2  310  -49
2.26989487  0.229377  4.156486  1.9  121   11
2.26991047  0.231936  4.249754  2.6  292   15
2.26993793  0.230292  4.189736  0.4  286   40
2.26999938  0.230138  4.184109  0.3   95   34
2.26999495  0.226813  4.064093  0.0  284   48
2.27004864  0.227406  4.085349  0.0  210   66
2.27005752  0.226019  4.035681  0.1  323    8
2.27009294  0.229245  4.151702  0.2   62   57
2.27015407  0.220220  3.831260  4.1  309   34
2.27015434  0.222064  3.895683  4.1  310   31
2.27015570  0.221570  3.878369  3.9  308   29
2.27015543  0.220511  3.841366  4.1  310   32
2.27022694  0.231533  4.234992  3.9    5  -13
2.27025316  0.227733  4.097122  0.1    6  -25
2.27030427  0.225603  4.020841  3.2   15   30
2.27032218  0.226604  4.056594  1.9  179   32
2.27037169  0.206408  3.365739  0.5  127   67
2.27037346  0.211558  3.535798  2.8  293   72
2.27037612  0.205218  3.327036  0.7  275   64
2.27040102  0.218877  3.784663  2.3  137   44
2.27048010  0.224641  3.986616  3.5  184  -39
2.27050444  0.217733  3.745205  4.0   23  -56
2.27050719  0.212649  3.572340  3.1  195  -73
2.27050537  0.210621  3.504530  3.1  204  -71
2.27056372  0.222919  3.925729  3.2   14  -52
2.27058099  0.223958  3.962429  4.6  313  -35
2.27058524  0.225291  4.009717  4.8  315  -34
2.27065222  0.220302  3.834121  0.1   36  -45
2.27065578  0.221614  3.879917  1.0  195  -43
2.27072962  0.215781  3.678344  0.2  197    2
2.27073403  0.215266  3.660826  0.3  198   -1
2.27073402  0.215467  3.667661  0.6  198   -1
2.27079913  0.223587  3.949315  5.8  150  -23
2.27078365  0.228632  4.129517  1.7  159   18
2.27088764  0.211270  3.526182  1.8   26  -10
2.27088730  0.211828  3.544809  1.7   27  -10
2.27089133  0.212046  3.552104  2.0   29   -9
2.27089221  0.212706  3.574259  2.2  212  -18
2.27089704  0.213719  3.608396  1.5   24   -2
2.27096148  0.233038  4.290241  0.0  349  -29
2.27097158  0.233102  4.292587  0.2  232  -37
2.27104885  0.222941  3.926518  0.1  186  -45
2.27105531  0.230590  4.200555  1.2   13  -27
2.27105004  0.222448  3.909152  0.1  188  -45
2.27107699  0.232812  4.281899  4.5  314  -41
2.27108536  0.234937  4.360419  4.9  117  -55
2.27119355  0.235220  4.370940  1.2  280   50
2.27119436  0.236726  4.427097  0.8  164   58
2.27122744  0.238029  4.475949  2.3  285   35
2.27125122  0.232660  4.276311  1.9  119   22
2.27124912  0.232585  4.273552  1.9  118   25
2.27134236  0.231022  4.216319  0.2  115   33
2.27135000  0.228902  4.139297  1.2  300   53
2.27137112  0.229480  4.160232  0.0  275   64
2.27137254  0.226342  4.047225  0.1  274   62
2.27145750  0.233077  4.291684  1.1   77   93
2.27146333  0.227859  4.101652  1.6  311   55
2.27145937  0.226575  4.055562  0.3  285   46
2.27148565  0.233412  4.304012  2.6    0   34
2.27152901  0.235681  4.388109  1.4  341    1
2.27154032  0.233412  4.304010  0.5   77  -61
2.27157743  0.229249  4.151836  0.1  288  -23
2.27158741  0.229609  4.164902  0.1  104  -17
2.27166883  0.227734  4.097143  1.1  324   61
2.27166895  0.229231  4.151207  0.9  304   65
2.27169706  0.229719  4.168889  0.4  167  -12
2.27167259  0.228089  4.109927  1.8  147   52
2.27176967  0.219300  3.799320  0.0   10   27
2.27177900  0.220602  3.844559  0.1  164  -34
2.27176979  0.219589  3.809338  0.0   15   32
2.27179250  0.226861  4.065812  0.8  317  -56
2.27190845  0.229997  4.178996  1.0   78   44
2.27192731  0.228306  4.117781  1.8  189    4
2.27192770  0.225864  4.030146  3.1   16   12
2.27194339  0.221614  3.879925  2.4  191  -10
2.27194341  0.221248  3.867103  2.6  191  -11
2.27194709  0.221597  3.879313  2.7  191  -14
2.27200848  0.224938  3.997188  1.0    7   53
2.27204827  0.229040  4.144282  0.1  186   40
2.27210626  0.217162  3.725575  0.8  165  -66
2.27211148  0.216615  3.706840  0.3  169  -59
2.27210315  0.218154  3.759702  0.9  336 -111
2.27210429  0.219414  3.803245  0.5  310  -58
2.27218342  0.226218  4.042801  0.8  170  -46
2.27218826  0.225091  4.002619  2.2   11  -16
2.27225217  0.235365  4.376351  2.6  305  -34
2.27227017  0.233609  4.311281  0.7  294  -42
2.27227684  0.234431  4.341680  0.0   87  -48
2.27232446  0.230980  4.214790  0.3   11   31
2.27234429  0.226788  4.063186  0.4  176    7
2.27237157  0.236166  4.406172  1.0  203  -60
2.27241438  0.234939  4.360509  0.2  184  -81
2.27244031  0.233255  4.298211  1.8  210   22
2.27245056  0.230276  4.189125  1.8   31   41
2.27247620  0.229248  4.151800  0.6  311   40
2.27252141  0.230878  4.211078  5.8  319   44
2.27251116  0.231272  4.225445  4.8  188   13
2.27257720  0.231716  4.241690  3.9  302   21
2.27261615  0.231057  4.217586  3.1  355  -65
2.27266150  0.228237  4.115274  5.4  268   44
2.27265291  0.225496  4.017017  5.5  301   46
2.27266453  0.228085  4.109784  5.3  288   46
2.27261542  0.229545  4.162573  1.3  100  -70
2.27274881  0.220732  3.849078  2.7  213   48
2.27275338  0.219415  3.803287  0.9   53   50
2.27282792  0.220413  3.837973  1.6  209   56
2.27283384  0.217202  3.726950  0.6  195   65
2.27284190  0.217460  3.735818  0.8  192   50
2.27288383  0.216333  3.697184  0.1  199   35
2.27290417  0.212918  3.581406  2.4    3   27
2.27291291  0.212893  3.580541  0.1  182   18
2.27292952  0.225614  4.021239  0.0  273   65
2.27300290  0.220194  3.830364  5.9  129   -9
2.27299534  0.220462  3.839667  2.9  345   -6
2.27299304  0.220341  3.835461  2.6  344   -5
2.27307362  0.211430  3.531493  0.1  343  -10
2.27307375  0.212422  3.564712  0.1  345   -9
2.27316453  0.209563  3.469408  1.2  341  -36
2.27315966  0.205685  3.342214  0.1  113   32
2.27316203  0.207726  3.408856  1.2  288   49
2.27316585  0.205617  3.339998  0.0  302  -41
2.27325089  0.222140  3.898361  0.1  184   17
2.27325078  0.220116  3.827629  0.0  184   24
2.27331995  0.210534  3.501644  2.6  371   39
2.27332155  0.208688  3.440504  2.8  191   20
2.27332083  0.208647  3.439167  2.5   13   33
2.27339360  0.221334  3.870122  1.8   36   54
2.27340698  0.210603  3.503943  1.0  192   21
2.27340653  0.207043  3.386465  0.9  192   21
2.27350524  0.204245  3.295556  2.9  265 -111
2.27350062  0.205815  3.346427  0.8  165  -51
2.27350470  0.202546  3.240973  3.1  304  -58
2.27350596  0.204916  3.317259  3.5  316  -56
2.27356740  0.210020  3.484563  3.1  301   22
2.27356776  0.210626  3.504694  3.3  305   22
2.27358589  0.214744  3.643072  1.5   61  -49
2.27366509  0.217591  3.740334  2.5  199  -53
2.27366781  0.217184  3.726359  0.0  304  -52
2.27367285  0.218102  3.757910  0.2   77  -40
2.27372869  0.219266  3.798123  4.8   83   -7
2.27373449  0.217111  3.723848  1.6  294  -30
2.27372855  0.219311  3.799679  4.1   85   -9
2.27381900  0.221692  3.882658  3.3  312  -15
2.27381664  0.220913  3.855411  3.0  313  -17
2.27387218  0.223946  3.962003  5.6   97   -3
2.27388410  0.223213  3.936110  4.2   95    6
2.27387880  0.222570  3.913449  4.3   96    1
2.27390305  0.233878  4.321198  0.6  211  -48
2.27398892  0.222359  3.906032  4.2   26  -20
2.27399524  0.219449  3.804468  3.3  210  -39
2.27399947  0.218934  3.786651  2.9  201  -55
2.27403746  0.231971  4.251026  3.7   90  -11
2.27404296  0.232532  4.271616  0.7  206   46
2.27412897  0.225433  4.014796  0.0  190  -10
2.27413140  0.223042  3.930062  0.0  188   -9
2.27419561  0.225775  4.026983  1.1   37  -46
2.27419357  0.229494  4.160728  0.0  351  -37
2.27420769  0.228305  4.117736  2.6  186  -59
2.27421241  0.232115  4.256328  5.1  322  -55
2.27428008  0.223293  3.938934  0.1  190   29
2.27428720  0.228021  4.107499  0.0    1   34
2.27436981  0.219533  3.807383  0.0  304   40
2.27437937  0.211755  3.542378  0.0  320   56
2.27438061  0.213965  3.616694  1.4  179   38
2.27445329  0.208519  3.434934  1.6  284   56
2.27445539  0.208418  3.431618  1.3  104   56
2.27445291  0.207813  3.411726  0.6  280   57
2.27454631  0.194191  2.979095  3.4  352   19
2.27454640  0.192975  2.941915  3.6  351   20
2.27454631  0.192945  2.940998  3.5  351   20
2.27454631  0.192901  2.939651  3.4  351   19
2.27462036  0.206399  3.365455  2.5  143   10
2.27461949  0.205579  3.338759  2.3  320   21
2.27462807  0.210013  3.484326  2.7  154    6
2.27470699  0.206650  3.373648  1.9   12   -3
2.27470984  0.208046  3.419367  0.8   12   -6
2.27471428  0.209913  3.481010  3.2  186  -24
2.27479773  0.206669  3.374241  1.1  291  -58
2.27479843  0.203613  3.275199  0.2  302  -54
2.27479830  0.205803  3.346042  0.4  119  -58
2.27487818  0.212524  3.568166  0.4   31  -47
2.27487647  0.211900  3.547217  0.3   14  -62
2.27487667  0.212450  3.565649  0.8  217  -67
2.27494488  0.201208  3.198283  1.3  134   22
2.27494610  0.200696  3.182028  2.5  138   18
2.27494596  0.202228  3.230785  4.1  138   13
2.27502778  0.221236  3.866692  0.3  330  -29
2.27503080  0.224255  3.972934  2.1  305  -22
2.27507921  0.231987  4.251633  0.5  292  -45
2.27511924  0.208684  3.440385  3.5  135  -32
2.27511713  0.210487  3.500069  3.5  316  -20
2.27511758  0.211578  3.536450  3.9  318  -21
2.27518311  0.224802  3.992333  0.2  184  -73
2.27518542  0.223845  3.958404  0.1  192  -75
2.27528883  0.210049  3.485538  2.3   15  -41
2.27528916  0.214921  3.649081  1.5   18  -41
2.27529227  0.208927  3.448378  0.1   71  -51
2.27529369  0.207280  3.394232  0.0  271  -48
2.27536691  0.223474  3.945319  1.6  151  -45
2.27537424  0.228769  4.134469  0.0  316  -32
2.27537582  0.231804  4.244927  0.3  201  -42
2.27544729  0.230348  4.191767  1.5  202   43
2.27552301  0.229094  4.146255  2.5  263   58
2.27551746  0.222261  3.902605  3.8  133   33
2.27552389  0.215371  3.664404  1.0  193   47
2.27552427  0.215909  3.682715  0.9  191   51
2.27554869  0.220592  3.844207  0.5   41   49
2.27560583  0.231408  4.230412  3.1  351    2
2.27565298  0.230869  4.210729  0.0   99   28
2.27568208  0.209046  3.452313  0.0   21   33
2.27574717  0.201119  3.195446  3.9  258   43
2.27574600  0.201169  3.197062  4.1   88   43
2.27574805  0.199237  3.135939  4.2   83   49
2.27574705  0.201611  3.211116  3.8  258   45
2.27574648  0.202156  3.228501  3.4  260   44
2.27583636  0.198144  3.101638  0.1  189   31
2.27583646  0.199058  3.130293  0.3  185   27
2.27583603  0.195091  3.006766  0.0  185   22
2.27591953  0.197467  3.080472  3.1  146   10
2.27592139  0.198239  3.104589  1.5  150   12
2.27597289  0.215695  3.675409  3.3  310   53
2.27599885  0.204345  3.298780  5.2  146    9
2.27599881  0.203919  3.285064  5.1  146   11
2.27599906  0.204437  3.301771  5.0  145    8
2.27609082  0.206983  3.384502  2.1  310  -10
2.27609027  0.206837  3.379740  2.1  308   -9
2.27615831  0.199227  3.135607  0.2  126  -46
2.27615953  0.194632  2.992656  0.0  317  -40
2.27615758  0.199157  3.133405  0.5  313  -42
2.27615789  0.196517  3.050884  0.4  314  -36
2.27625466  0.206581  3.371382  2.9  330   58
2.27625481  0.203638  3.276010  1.1  154   49
2.27625490  0.200790  3.185013  2.1  280   61
2.27635935  0.205317  3.330244  4.5  202  -57
2.27635803  0.204386  3.300102  4.4   13  -44
2.27636000  0.201352  3.202876  4.8  201  -55
2.27635489  0.204683  3.309724  4.0  315  -51
2.27643105  0.199969  3.159010  0.1  135  -22
2.27642620  0.197617  3.085155  0.1  323   -9
2.27649610  0.221135  3.863150  0.5  349  -37
2.27650549  0.230026  4.180059  0.5  187  -35
2.27654033  0.220654  3.846361  1.5  111  -42
2.27659177  0.212234  3.558415  1.8  171  -48
2.27659065  0.212709  3.574372  1.2  355  -32
2.27659171  0.211261  3.525862  1.2  353 -134
2.27667636  0.230084  4.182159  0.3  355  -23
2.27666833  0.230903  4.211995  1.0  321   21
2.27674127  0.230031  4.180240  1.3  306   53
2.27674069  0.227162  4.076607  1.3  292   61
2.27676468  0.230591  4.200607  0.8   11  -38
2.27676788  0.223208  3.935906  0.3  218  -25
2.27681026  0.228882  4.138582  0.2  261   21
2.27683975  0.233885  4.321460  0.8  187    9
2.27688483  0.232328  4.264122  1.8   96   50
2.27690255  0.223118  3.932758  0.2  102   55
2.27694196  0.223020  3.929289  1.3   30  -47
2.27693627  0.220733  3.849111  0.4  204  -42
2.27696989  0.222111  3.897337  3.2  316   20
2.27697078  0.223981  3.963242  2.6  177   26
2.27704503  0.228758  4.134074  2.6  169  -11
2.27705693  0.226517  4.053494  2.9  181  -15
2.27711984  0.221231  3.866508  0.4  321   23
2.27714131  0.216552  3.704700  3.2  135  -43
2.27714062  0.217856  3.749449  2.5  316  -45
2.27713957  0.217018  3.720655  2.7  319  -41
2.27721772  0.220275  3.833178  2.6  182   39
2.27721789  0.218746  3.780142  1.8  294   42
2.27722478  0.218343  3.766213  3.7  311  -31
2.27730356  0.217940  3.752314  3.5  353   -3
2.27730684  0.218123  3.758637  4.3  172  -10
2.27730620  0.217149  3.725126  3.2  173  -14
2.27730631  0.220002  3.823657  2.2  301  133
2.27740708  0.223603  3.949881  3.4  178   21
2.27748389  0.204071  3.289955  2.3  142   -5
2.27748549  0.199379  3.140418  2.7  158  -11
2.27748548  0.199362  3.139877  2.7  157  -11
2.27748550  0.199212  3.135153  2.7  158  -11
2.27755538  0.203279  3.264450  2.7  311   36
2.27755630  0.202815  3.249582  2.5  320   33
2.27755572  0.202602  3.242764  2.1  312   33
2.27765025  0.202103  3.226807  0.1  173  -10
2.27765037  0.202714  3.246335  0.6  174   -9
2.27765131  0.202817  3.249630  0.5  175  -18
2.27773442  0.202998  3.255459  4.5  165  -24
2.27773490  0.204140  3.292185  4.6  164  -25
2.27773213  0.203104  3.258841  4.4  347   -9
2.27773670  0.206946  3.383292  0.3  307  -43
2.27781507  0.215823  3.679783  0.6  187  -33
2.27790548  0.211268  3.526084  1.0  174  -15
2.27781821  0.214518  3.635428  0.0   16  -24
2.27790076  0.208806  3.444381  1.8  174  -12
2.27790265  0.212246  3.558826  1.0  172  -11
2.27790041  0.209395  3.463869  1.5  174  -12
2.27797910  0.228971  4.141777  0.0  287   26
2.27797996  0.225157  4.004972  0.1  159  -10
2.27807049  0.212570  3.569705  0.0  166  -44
2.27807242  0.212958  3.582743  0.1  177  -51
2.27807226  0.213886  3.614014  0.1  177  -50
2.27807195  0.214156  3.623157  0.0  359  -39
2.27814528  0.231057  4.217598  0.4  292  -43
2.27814889  0.232462  4.269041  1.7  306  -42
2.27822443  0.236161  4.405975  2.2  104  -58
2.27821890  0.234101  4.329454  3.0  310  -50
2.27822308  0.233736  4.315975  3.8  123  -54
2.27829242  0.235054  4.364766  0.4  201   41
2.27828482  0.238041  4.476403  0.7   62   76
2.27828213  0.238236  4.483758  0.0  293  -68
2.27834188  0.237196  4.444676  0.1   44  -40
2.27837382  0.237656  4.461963  2.0   90   50
2.27845889  0.228649  4.130149  0.3   11   30
2.27844944  0.230848  4.209972  1.9   12   30
2.27845934  0.229964  4.177780  0.3  191   16
2.27853249  0.233798  4.318265  2.5  309   54
2.27853406  0.229747  4.169926  0.4   46   60
2.27853637  0.231802  4.244839  1.6  157    2
2.27861929  0.228506  4.124989  2.8  289   55
2.27862158  0.230409  4.193976  3.1  178   56
2.27861972  0.226240  4.043588  2.0  196   61
2.27870099  0.229179  4.149313  1.3   11   28
2.27870573  0.225600  4.020744  1.5   13   20
2.27870581  0.225421  4.014358  1.5   13   20
2.27879032  0.216460  3.701540  0.1    8   42
2.27878835  0.221411  3.872799  0.2  192   33
2.27879124  0.217819  3.748150  0.5    7   42
2.27879126  0.218040  3.755784  0.4  186   29
2.27887142  0.222336  3.905228  0.4  341   20
2.27886392  0.221331  3.869994  2.2  320   33
2.27887347  0.222180  3.899736  0.8  337   23
2.27895636  0.211976  3.549782  1.6  152  -10
2.27895776  0.208875  3.446661  0.1  130   10
2.27895509  0.210080  3.486540  0.3  149   -7
2.27903724  0.217585  3.740110  1.6  338   18
2.27903745  0.216926  3.717484  1.1  338   18
2.27903774  0.217595  3.740468  0.9  334   19
2.27912914  0.221282  3.868300  2.8  142  -30
2.27913056  0.219320  3.799990  2.8  144  -29
2.27913135  0.220007  3.823827  0.6  305  -21
2.27919667  0.216807  3.713429  0.5  318  -31
2.27919901  0.217963  3.753132  0.8  305  -30
2.27919808  0.219766  3.815488  1.3  128  -23
2.27927682  0.232728  4.278825  1.0  165   36
2.27927070  0.230280  4.189286  0.3  303   50
2.27933340  0.228644  4.129977  2.3  305   54
2.27934766  0.223787  3.956380  0.3  172   -2
2.27938057  0.226564  4.055172  1.0  200  -33
2.27937695  0.220876  3.854122  0.1    9  -25
2.27939171  0.229398  4.157259  1.5  120  -58
2.27951419  0.225275  4.009144  4.3  198  -11
2.27952607  0.215794  3.678794  3.7  197  -25
2.27952586  0.215883  3.681826  3.4  197  -27
2.27952593  0.214528  3.635759  3.5  197  -28
2.27956010  0.232464  4.269130  0.5  280  -27
2.27956223  0.232379  4.266012  0.2  276  -26
2.27961068  0.232856  4.283513  0.1  358    8
2.27966754  0.221304  3.869066  0.0   18    1
2.27967357  0.220159  3.829140  0.0   55   44
2.27968656  0.226655  4.058432  1.0  213  -27
2.27973732  0.223503  3.946328  0.0   15   50
2.27974791  0.226059  4.037118  0.4  195   24
2.27985044  0.224710  3.989071  0.5  220   71
2.27983896  0.218780  3.781296  0.0  296   49
2.27984581  0.213762  3.609848  0.0  282   48
2.27984557  0.215328  3.662934  0.3  279   54
2.27991520  0.219728  3.814163  0.1  310  -30
2.27991625  0.215021  3.652481  0.0  317   -9
2.27998845  0.207512  3.401849  0.0  110   43
2.27998795  0.208911  3.447850  0.0  283   42
2.27999735  0.219297  3.799205  0.1  283   76
2.27998735  0.210394  3.496973  0.1  110   41
2.28009294  0.221352  3.870744  0.0  169  -36
2.28009206  0.220275  3.833164  0.0  351  -24
2.28014307  0.224483  3.981034  0.3   35  -57
2.28015229  0.226918  4.067866  0.0   99  -66
2.28019652  0.220992  3.858156  0.8  191  -44
2.28019975  0.221255  3.867345  0.2  293  -49
2.28026936  0.221625  3.880283  0.0  122   22
2.28026310  0.222359  3.906029  0.7  162  -17
2.28027092  0.223002  3.928675  0.3  118   31
2.28033671  0.228831  4.136710  1.9  117   35
2.28033895  0.228828  4.136603  0.9  288   42
2.28039656  0.228962  4.141452  0.0  184   34
2.28041551  0.212033  3.551684  0.0  164    1
2.28041501  0.213227  3.591781  0.0  343   11
2.28048043  0.220523  3.841786  2.3  305   25
2.28048418  0.215223  3.659344  0.9  298   24
2.28050510  0.214594  3.638002  0.0  153    4
2.28050382  0.215248  3.660208  0.3  156   -8
2.28059107  0.210450  3.498855  0.0  194  -25
2.28059557  0.208232  3.425496  0.1  197  -29
2.28066380  0.216344  3.697572  3.6  192   13
2.28067162  0.213384  3.597073  3.1  186    7
2.28066521  0.212814  3.577880  1.2    4   34
2.28069038  0.223016  3.929145  0.0  311  -48
2.28076319  0.217003  3.720142  2.1  302  -54
2.28077401  0.213413  3.598061  0.5   70 -135
2.28083279  0.211124  3.521288  0.6  193  -42
2.28083289  0.206660  3.373965  0.0   12  -29
2.28083468  0.214946  3.649943  0.0  301  -40
2.28084665  0.216004  3.685974  0.1  193  -37
2.28091952  0.224853  3.994152  0.0  282  -49
2.28092786  0.225858  4.029937  0.5  190   23
2.28093002  0.223815  3.957352  0.1  191   29
2.28097618  0.226128  4.039569  0.6  222   -7
2.28100688  0.232189  4.259041  1.2  306  -41
2.28110653  0.227959  4.105261  2.5   46  -30
2.28111305  0.220405  3.837691  0.0  190  -48
2.28111204  0.220938  3.856286  0.1    6  -39
2.28111425  0.224105  3.967630  0.3  194  -59
2.28114165  0.224443  3.979611  0.2   81  -70
2.28119210  0.231454  4.232091  0.4  170  -62
2.28121188  0.232046  4.253787  0.1  321   -6
2.28127191  0.233310  4.300248  0.6  302  -38
2.28127028  0.231600  4.237461  0.3  294  -40
2.28129857  0.232779  4.280695  0.5  358  -13
2.28135404  0.228902  4.139278  2.6  260   48
2.28136666  0.216432  3.700595  0.1  200   31
2.28137982  0.215928  3.683379  2.0  186   47
2.28137615  0.214362  3.630150  0.7  173   54
2.28147017  0.211500  3.533842  0.1   80   33
2.28147258  0.209247  3.458965  1.0  253   27
2.28147537  0.210044  3.485360  0.1  249   29
2.28154033  0.204577  3.306299  1.3  289   21
2.28154043  0.203756  3.279816  0.4  289   20
2.28154468  0.217918  3.751585  1.7   79   53
2.28164016  0.201197  3.197949  5.6  307   41
2.28164263  0.201589  3.210406  5.7  130   33
2.28163878  0.201399  3.204354  5.5  304   42
2.28163983  0.201118  3.195430  5.6  306   41
2.28172149  0.208711  3.441277  0.8  204   27
2.28172125  0.208992  3.450529  0.6  203   26
2.28179929  0.215693  3.675351  1.9   40   62
2.28180285  0.215861  3.681081  2.0  202   50
2.28182010  0.212416  3.564513  2.5  342   12
2.28189212  0.189556  2.838572  0.1  181    5
2.28189155  0.189718  2.843432  0.1  180    4
2.28189210  0.187945  2.790550  0.0  179    6
2.28189604  0.194496  2.988469  0.1  179    4
2.28198233  0.213561  3.603068  3.7  118   29
2.28199307  0.213680  3.607077  6.9  306  -45
2.28199829  0.207854  3.413048  7.7  317  -45
2.28205917  0.204312  3.297715  0.1   15  -19
2.28206131  0.203705  3.278169  0.1  199  -34
2.28206608  0.212164  3.556081  0.1   32  -22
2.28209100  0.215366  3.664213  1.4    0   61
2.28215557  0.222434  3.908683  4.7  190  -19
2.28220344  0.212496  3.567209  2.9   21  -61
2.28222715  0.200905  3.188661  0.3   94  -22
2.28222712  0.199500  3.144215  0.0   94  -21
2.28221276  0.209361  3.462716  3.6   68  -39
2.28231203  0.225174  4.005563  1.2  316   -8
2.28227148  0.223690  3.952947  0.0  111  -43
2.28234147  0.224739  3.990103  0.3  289  -36
2.28234440  0.222219  3.901111  2.3  204  -31
2.28238125  0.222901  3.925105  0.0  210  -23
2.28239831  0.232018  4.252754  0.4  277   -1
2.28246956  0.227289  4.081159  3.8  314  -43
2.28248168  0.227863  4.101796  4.4  185  -48
2.28249867  0.225194  4.006283  0.2   29  -16
2.28252802  0.231907  4.248677  0.2  276  -12
2.28257335  0.231546  4.235462  0.2  296  -31
2.28261371  0.231014  4.216028  1.1    9  -35
2.28263263  0.229006  4.143072  0.2   41  -38
2.28263023  0.225656  4.022748  0.1  226  -42
2.28269793  0.229077  4.145617  0.4  190  -13
2.28270390  0.228996  4.142687  1.0  194  -14
2.28276328  0.228893  4.138977  1.8   69  -31
2.28278669  0.223038  3.929923  0.0   30   57
2.28278798  0.223081  3.931429  0.7  204   47
2.28279304  0.224222  3.971748  1.1  110  -30
2.28285830  0.231581  4.236764  1.0  207   65
2.28287652  0.231193  4.222581  1.9  180  -13
2.28294638  0.225566  4.019518  2.3   28   66
2.28295026  0.222239  3.901830  3.0  312   45
2.28294881  0.222890  3.924718  1.2    2   37
2.28295138  0.224027  3.964865  2.6    8   38
2.28303827  0.226804  4.063748  1.3  126   22
2.28303541  0.222680  3.917313  0.2  340   28
2.28303870  0.223747  3.954947  0.1  162   10
2.28314170  0.225004  3.999513  0.3  132  -66
2.28314300  0.222672  3.917056  0.1  300  -56
2.28314328  0.223437  3.943993  0.2   85  -57
2.28314930  0.224481  3.980928  0.0  324  -61
2.28321092  0.222680  3.917325  0.9  171  -41
2.28314483  0.221336  3.870172  0.1   98  -59
2.28328350  0.220936  3.856217  0.4  322   57
2.28330616  0.222699  3.917979  0.1  173   43
2.28330601  0.222578  3.913720  0.1  174   42
2.28337167  0.229192  4.149796  1.1  187  -32
2.28338193  0.225479  4.016422  0.1  288   14
2.28338778  0.224380  3.977354  0.1  108   13
2.28338811  0.227688  4.095492  0.3  286   16
2.28346726  0.229385  4.156789  2.5    2   19
2.28348198  0.229468  4.159773  2.9  178  -13
2.28349407  0.230341  4.191496  0.2    1  -30
2.28353141  0.228555  4.126739  0.6  320  -49
2.28356763  0.227335  4.082810  2.1  316   18
2.28364426  0.222892  3.924769  0.4  342  -35
2.28364159  0.222036  3.894703  0.1  301  -35
2.28364127  0.224284  3.973954  2.0  163  -45
2.28364745  0.221617  3.880004  0.4  336  -35
2.28372116  0.234739  4.353089  0.9   60  -13
2.28373598  0.228268  4.116393  0.3   61    7
2.28373761  0.229591  4.164251  1.6   66    8
2.28380767  0.221984  3.892888  0.9  289  -44
2.28380915  0.223019  3.929251  0.2   97  -42
2.28381054  0.224772  3.991259  0.8   94  -41
2.28388048  0.232242  4.260958  0.0  178  -67
2.28391184  0.228308  4.117854  0.0  300  -57
2.28391695  0.231554  4.235773  1.0   76  -72
2.28394081  0.227768  4.098392  0.2  286  -61
2.28399918  0.235032  4.363980  0.2  274   29
2.28400521  0.231448  4.231873  2.7  334   22
2.28402532  0.233783  4.317718  0.0  185   29
2.28406867  0.236773  4.428868  0.4  281   57
2.28409630  0.236980  4.436584  0.3  174   20
2.28416209  0.229440  4.158760  3.8  289   44
2.28416767  0.226079  4.037813  0.8   84   27
2.28417317  0.225778  4.027085  2.1  251   28
2.28420247  0.227309  4.081876  2.5  281   47
2.28420084  0.227660  4.094495  3.0  296   48
2.28426169  0.226492  4.052599  2.6   12   62
2.28431875  0.225193  4.006226  1.0   10  -40
2.28432066  0.225593  4.020485  0.1    7  -45
2.28435267  0.222516  3.911559  3.2  300   24
2.28435694  0.222706  3.918251  2.9  298   26
2.28435301  0.222451  3.909284  2.9  300   24
2.28445145  0.224272  3.973524  1.3   45  -61
2.28445306  0.226477  4.052062  2.3   67  -66
2.28450057  0.224404  3.978232  2.9  353   63
2.28450443  0.222551  3.912797  3.3  189   47
2.28450504  0.220920  3.855658  3.4  191   45
2.28459492  0.222783  3.920933  3.6  161  -24
2.28459445  0.222660  3.916637  3.5  342 -156
2.28459613  0.223623  3.950583  3.7  158  -31
2.28461575  0.224042  3.965400  5.9  136  -39
2.28468592  0.234458  4.342670  3.7  305  -45
2.28469491  0.234432  4.341702  3.3  305  -36
2.28474704  0.230839  4.209653  7.4  315   26
2.28474699  0.231656  4.239502  5.4    8   30
2.28477869  0.232569  4.272996  0.4   70  -61
2.28484998  0.229796  4.171702  3.9  274    9
2.28483941  0.227945  4.104766  1.3  186   -8
2.28487460  0.225081  4.002243  1.5  277   40
2.28491964  0.222931  3.926168  1.5  197   35
2.28492611  0.219354  3.801164  0.0  187   31
2.28492636  0.220256  3.832490  0.0  186   33
2.28501005  0.215611  3.672556  0.3   24  -57
2.28500935  0.215808  3.679269  0.5   24  -56
2.28501176  0.222387  3.907037  2.0  200  -67
2.28510509  0.224308  3.974825  3.5    8  -38
2.28510166  0.225248  4.008182  2.7  191  -44
2.28510986  0.221531  3.876996  0.1   62  -24
2.28511471  0.223343  3.940691  4.1  312  -43
2.28516808  0.231509  4.234130  1.4  324  -40
2.28522209  0.232198  4.259354  0.1  360  -54
2.28525537  0.228897  4.139125  2.1  292   50
2.28524758  0.226044  4.036566  0.1   96  -55
2.28524178  0.229084  4.145887  1.6  300  -31
2.28533989  0.234904  4.359216  3.1  193   22
2.28533155  0.234326  4.337767  1.6  249   -9
2.28537089  0.236855  4.431910  3.3  181   18
2.28540391  0.230382  4.192987  0.0   85   22
2.28541869  0.230916  4.212440  2.3   75   36
2.28542222  0.234596  4.347792  2.7   77   28
2.28546297  0.234965  4.361460  0.2  242   50
2.28550550  0.235725  4.389729  5.7  206   -5
2.28554975  0.236394  4.414677  3.2  201   45
2.28558517  0.230602  4.200996  2.5  111  -21
2.28559723  0.230178  4.185584  2.1  304  -46
2.28559638  0.231573  4.236474  2.4  114  -30
2.28560857  0.232209  4.259770  1.7  302  -48
2.28565322  0.234860  4.357589  0.7   68  -61
2.28574396  0.232602  4.274176  1.3  199  -55
2.28574603  0.234143  4.331023  2.6  356  -50
2.28574724  0.232559  4.272607  1.3  194  -66
2.28575642  0.235426  4.378611  2.9  279  -50
2.28581160  0.240258  4.560195  2.9  347   -6
2.28585407  0.230930  4.212981  0.3   79   73
2.28585568  0.231275  4.225557  0.3   71   73
2.28590961  0.242241  4.635760  3.3  325   58
2.28591231  0.238701  4.501266  2.1   39   58
2.28597178  0.231821  4.245548  1.0  304   56
2.28597842  0.231987  4.251626  1.5  299   53
2.28601714  0.232687  4.277311  0.3   61   58
2.28603615  0.230920  4.212602  0.0  317  -68
2.28607583  0.228571  4.127332  0.1  104  131
2.28609585  0.231494  4.233570  0.9  290  -41
2.28611581  0.239122  4.517163  0.1  193  -29
2.28619844  0.229427  4.158314  0.2   65    4
2.28619548  0.231595  4.237261  0.0  273   26
2.28621249  0.227723  4.096763  0.0   66   10
2.28621718  0.229195  4.149885  0.7  245    5
2.28624550  0.242333  4.639278  1.4  245   31
2.28628475  0.243134  4.670031  1.6  185   20
2.28632720  0.230693  4.204330  0.4  289 -138
2.28632728  0.230673  4.203596  0.4  109  -42
2.28635455  0.235102  4.366575  3.5  306   37
2.28638185  0.231857  4.246855  0.4  294  -38
2.28648447  0.224545  3.983231  0.2   89   34
2.28648553  0.224016  3.964470  0.4   91   29
2.28648763  0.223875  3.959482  0.9   86   31
2.28648795  0.222721  3.918759  0.2   86   31
2.28651946  0.227321  4.082314  3.1   17   51
2.28657979  0.230717  4.205186  2.8  295   39
2.28660602  0.230514  4.197807  1.0   49   69
2.28663756  0.228804  4.135751  0.4  305  -45
2.28665663  0.229020  4.143566  0.1   53  -50
2.28670602  0.226363  4.047971  3.6  265  -45
2.28671156  0.224841  3.993742  3.3   75  -18
2.28671733  0.225728  4.025293  3.5   77  -19
2.28676004  0.233379  4.302788  5.2  302  -19
2.28679330  0.228925  4.140112  2.1  272   52
2.28683144  0.226582  4.055823  1.4  197   57
2.28683655  0.218601  3.775124  0.1   38   57
2.28689936  0.220488  3.840576  1.7  109   50
2.28689934  0.216799  3.713153  1.8  270   47
2.28690243  0.225619  4.021396  2.9  270   53
2.28695628  0.226871  4.066169  0.1  279   47
2.28695304  0.224222  3.971748  0.0  291   49
2.28702533  0.227103  4.074472  1.1   18  -51
2.28703282  0.225441  4.015081  0.4  213  -62
2.28706599  0.230367  4.192464  0.0  288   35
2.28713416  0.228797  4.135500  1.1  282  -49
2.28714119  0.227182  4.077311  1.5  295  -56
2.28713983  0.224992  3.999102  0.3  330  -50
2.28719165  0.230511  4.197689  3.1  190  -27
2.28721029  0.230619  4.201635  0.0  271    5
2.28724257  0.235793  4.392281  4.6  158    5
2.28725443  0.235116  4.367100  5.1  319  -24
2.28731559  0.228799  4.135573  0.0  283  -46
2.28732867  0.228306  4.117758  0.1  196   15
2.28736254  0.226105  4.038754  3.1  128  -37
2.28736067  0.224082  3.966804  1.2  297 -142
2.28745009  0.223119  3.932794  0.1  257  -58
2.28745155  0.221710  3.883265  0.0  283  -69
2.28745340  0.222891  3.924761  0.1   60  -61
2.28745983  0.222090  3.896610  0.1   76  -30
2.28756430  0.226668  4.058908  1.8  259   23
2.28755262  0.226056  4.036990  0.4   74   48
2.28757848  0.226194  4.041938  2.2   98   44
2.28760517  0.218845  3.783543  0.2  280   49
2.28761217  0.222979  3.927841  0.5  259   61
2.28770766  0.227733  4.097127  1.8  195   41
2.28771383  0.226115  4.039120  1.9  194   39
2.28772554  0.222848  3.923250  1.7  208   34
2.28772331  0.224522  3.982390  2.5   40   45
2.28775952  0.228031  4.107842  1.3  284    2
2.28773467  0.228778  4.134827  2.1  200   12
2.28783298  0.220832  3.852558  0.7  301   60
2.28783724  0.221035  3.859665  0.4  273   63
2.28789185  0.219259  3.797903  1.1  215   59
2.28791086  0.222504  3.911134  0.9  213   32
2.28790250  0.220677  3.847165  0.5  223   26
2.28799681  0.221689  3.882525  0.5  297   57
2.28799757  0.222211  3.900839  0.2  300   60
2.28802914  0.223822  3.957611  0.2   47  -54
2.28806044  0.227179  4.077231  1.2   66   69
2.28806914  0.226189  4.041743  0.7  204  -35
2.28810589  0.227628  4.093355  0.3  184   45
2.28811967  0.230688  4.204148  0.0  167   27
2.28817634  0.225125  4.003818  1.6  148  -26
2.28819237  0.230691  4.204244  0.9  176  -70
2.28823178  0.225411  4.014001  0.1  203  -17
2.28829955  0.223703  3.953408  0.0  149  -26
2.28823484  0.227544  4.090311  0.5  210  -13
2.28831358  0.225311  4.010451  1.2  155  -41
2.28832338  0.227382  4.084486  0.3   63  -57
2.28833811  0.230221  4.187137  1.6   87  -93
2.28841126  0.224570  3.984087  0.2  285  -54
2.28840784  0.222255  3.902392  0.4  102  -45
2.28841353  0.221574  3.878500  2.8  306  -49
2.28848000  0.231957  4.250506  1.0  296   38
2.28848171  0.230304  4.190166  0.2  297   37
2.28854725  0.224678  3.987931  1.2  293   58
2.28854728  0.225340  4.011479  0.8  294   57
2.28856173  0.231280  4.225737  3.1  296   -9
2.28860354  0.228864  4.137931  3.7  294   53
2.28863131  0.231344  4.228101  4.8  308   41
2.28867182  0.227828  4.100554  0.5  236  -62
2.28870546  0.214783  3.644407  0.0   96   86
2.28870456  0.216409  3.699799  0.1  281  120
2.28874304  0.227916  4.103719  0.2  301  -68
2.28875765  0.234334  4.338070  1.8  303  -31
2.28882656  0.222294  3.903744  1.1  275  -58
2.28883083  0.221337  3.870227  1.0  284  -56
2.28883402  0.220787  3.851020  1.0   82  -46
2.28888284  0.218295  3.764566  0.1   99   47
2.28893688  0.221568  3.878288  0.7   75   55
2.28893711  0.222800  3.921535  2.9  295   61
2.28898988  0.223321  3.939893  1.4  286   58
2.28899074  0.224384  3.977509  1.9  293   63
2.28904585  0.225387  4.013155  0.5  295  -40
2.28904641  0.225346  4.011700  0.2  296  -40
2.28912602  0.223794  3.956613  2.0  250  -63
2.28911571  0.229461  4.159550  3.0   57  -22
2.28912358  0.230949  4.213643  3.3   58  -25
2.28914528  0.232132  4.256947  1.5  305   48
2.28919984  0.233380  4.302828  1.2  296   49
2.28923570  0.225923  4.032258  1.1  141  -53
2.28928129  0.229541  4.162439  4.5   18    7
2.28927720  0.228740  4.133442  3.7   20   52
2.28928853  0.228586  4.127876  2.1   95  -47
2.28936173  0.230140  4.184183  3.1  299   47
2.28939527  0.221014  3.858933  0.0  292  -61
2.28939344  0.221090  3.861579  0.0   78  -83
2.28939263  0.221366  3.871220  0.2   96  -50
2.28944187  0.230393  4.193376  0.3  303  -32
2.28946744  0.232289  4.262699  0.3   35  -52
2.28950797  0.231876  4.247537  0.3   31  -15
2.28951640  0.234683  4.350997  1.0   29  -11
2.28954117  0.235786  4.391992  3.0  199   16
2.28955130  0.236458  4.417069  3.3  192   23
2.28964311  0.231648  4.239196  0.6   58  141
2.28965021  0.229212  4.150499  0.1  108   35
2.28971551  0.217956  3.752872  0.3  213   51
2.28971473  0.218047  3.756006  0.1  207   52
2.28971290  0.223277  3.938350  1.1   53   67
2.28974660  0.233559  4.309437  2.6  192  -43
2.28976750  0.229754  4.170150  0.2   90   43
2.28986933  0.224382  3.977438  0.3  299   66
2.28981311  0.234296  4.336687  2.1  151   40
2.28987567  0.228216  4.114510  2.5  355    6
2.28986923  0.228354  4.119496  0.4  280  113
2.28992821  0.234162  4.331725  1.1  194   37
2.28991486  0.232393  4.266515  0.2  100  -28
2.28995448  0.234127  4.330404  0.7  192    6
2.28999382  0.235345  4.375597  1.9  177   53
2.29005431  0.230208  4.186645  2.1  323   -1
2.29005993  0.220173  3.829609  0.2  291 -128
2.29005857  0.223879  3.959611  2.4  115  -49
2.29011446  0.229689  4.167797  0.5  181  -97
2.29013933  0.238132  4.479858  0.1  352  -14
2.29016298  0.234507  4.344482  0.4   15  -53
2.29016585  0.231589  4.237043  0.3  228  -58
2.29024695  0.230890  4.211504  0.4  186  -39
2.29024762  0.230800  4.208206  0.4  187  -42
2.29025036  0.229278  4.152903  0.1  197  -42
2.29028371  0.232425  4.267695  0.9  291   51
2.29034994  0.233847  4.320066  0.1  304  -55
2.29035144  0.236319  4.411885  1.9  321  -33
2.29040321  0.230345  4.191649  0.3   33  -43
2.29040253  0.229471  4.159886  0.1   36  -50
2.29047246  0.232171  4.258359  1.7  176  -52
2.29047929  0.233385  4.303023  1.6  177  -58
2.29052415  0.230171  4.185320  0.0   62   34
2.29052628  0.226814  4.064131  0.2  282   41
2.29058329  0.221828  3.887418  0.0  108   54
2.29058517  0.220368  3.836387  0.1   85   70
2.29058388  0.223190  3.935294  0.5  100   69
2.29071436  0.235893  4.395987  2.5   96   16
2.29069702  0.227816  4.100098  1.3  352   68
2.29069167  0.229252  4.151971  0.8   35   56
2.29075075  0.222301  3.903991  3.9  310   56
2.29075239  0.228464  4.123479  1.4   54   68
2.29075100  0.223804  3.956983  3.7  298   56
2.29083361  0.234320  4.337561  0.4  283   26
2.29086029  0.227199  4.077948  5.2  300   42
2.29088013  0.227695  4.095766  1.0   99  -34
2.29086613  0.230091  4.182423  3.1  190   52
2.29094243  0.217036  3.721273  3.4  305   56
2.29094153  0.220272  3.833047  3.6  158   48
2.29094612  0.217439  3.735098  4.4  153   41
2.29102700  0.221308  3.869187  1.4   15    6
2.29103536  0.220675  3.847109  0.1  284   61
2.29106218  0.221486  3.875438  0.5  248  -76
2.29110802  0.228311  4.117948  0.0  185 -735506403980135228530761065346105344
2.29110737  0.224413  3.978542  2.6  325  -38
2.29117965  0.224734  3.989912  0.5   57   51
2.29120184  0.210590  3.503499  1.5  181  -15
2.29119871  0.212085  3.553417  1.0    3   -2
2.29120212  0.212991  3.583856  1.0  183  -16
2.29121136  0.217242  3.728319  2.4  192  -30
2.29126491  0.229335  4.154975  1.9  299   38
2.29136305  0.222433  3.908633  3.9  320    1
2.29136479  0.219798  3.816582  3.0  325   -0
2.29136455  0.219767  3.815498  3.0  325   -0
2.29137402  0.221563  3.878140  2.3  129   -5
2.29144089  0.225211  4.006896  2.8  341   31
2.29144528  0.220459  3.839585  3.5  317   29
2.29144785  0.228105  4.110503  1.9  153   10
2.29154736  0.225385  4.013066  1.4  300  -31
2.29154576  0.225056  4.001378  1.2  295  -35
2.29154938  0.224669  3.987630  1.0  296  -33
2.29161480  0.228465  4.123500  1.8  189  -15
2.29162406  0.225220  4.007185  0.1  119  -14
2.29161942  0.224298  3.974445  2.6  321   -5
2.29162041  0.224727  3.989668  1.7  322  -10
2.29169962  0.229485  4.160397  1.0  290   48
2.29170242  0.228995  4.142645  0.1  284   47
2.29180509  0.227046  4.072424  0.2  325  -33
2.29179950  0.231977  4.251265  0.9  355  -32
2.29180533  0.225023  4.000190  1.6  316  -36
2.29187747  0.223679  3.952536  2.9  122  -29
2.29190479  0.227493  4.088500  0.2   80  124
2.29190855  0.221924  3.890779  0.0  129   47
2.29192792  0.226290  4.045353  2.6  309   40
2.29195847  0.234568  4.346737  1.0  182   65
2.29201061  0.227766  4.098328  0.0  342   45
2.29201071  0.229416  4.157906  0.1  342   46
2.29205697  0.230568  4.199777  0.7  296   -7
2.29209327  0.226289  4.045319  0.3   15   -5
2.29210589  0.231093  4.218925  2.6  162  -58
2.29214970  0.228583  4.127757  0.1  146  -87
2.29217455  0.221312  3.869357  0.6  322   11
2.29218075  0.223153  3.933988  0.0    4   39
2.29219479  0.223018  3.929214  0.1  317    5
2.29226277  0.221904  3.890079  0.4  300   44
2.29226580  0.225482  4.016516  0.3  347   29
2.29226678  0.221081  3.861262  0.1  302   38
2.29235001  0.215633  3.673297  0.1   17   51
2.29235025  0.215716  3.676154  0.0  183   36
2.29235049  0.215718  3.676192  1.0  184   37
2.29243395  0.225295  4.009864  3.9  324    7
2.29243831  0.224982  3.998728  0.0  193  -31
2.29244426  0.223388  3.942274  0.0  198  -37
2.29252645  0.212844  3.578902  0.1  205   18
2.29252198  0.215986  3.685360  0.0   28   32
2.29252942  0.220625  3.845358  0.9  196   13
2.29257372  0.227329  4.082592  0.9   52   70
2.29258581  0.227768  4.098397  0.9   29   52
2.29262211  0.230333  4.191219  0.0  279   30
2.29269419  0.212932  3.581851  0.1  126   25
2.29269051  0.214028  3.618819  0.0  302   45
2.29269709  0.210762  3.509240  0.0  164   18
2.29277288  0.200994  3.191481  0.2  285   50
2.29277405  0.199554  3.145908  0.2  197   68
2.29278078  0.198279  3.105846  0.1  164   32
2.29277460  0.197532  3.082505  0.2  167   33
2.29287092  0.207846  3.412788  4.7  146  -34
2.29288106  0.204784  3.312995  0.0  199  -45
2.29286887  0.207630  3.405691  5.1  328  -23
2.29295849  0.206120  3.356364  0.1  118  -15
2.29295367  0.210398  3.497107  3.1  141   -8
2.29295097  0.211991  3.550284  1.2  297   -6
2.29302375  0.223894  3.960140  1.6  161    5
2.29303169  0.219199  3.795816  3.8  148   -9
2.29310576  0.214501  3.634833  1.9   13  -43
2.29311120  0.204891  3.316438  1.1   34  -44
2.29310956  0.203076  3.257947  1.1  215  -49
2.29311384  0.213989  3.617515  0.6  120  -58
2.29320078  0.218241  3.762717  0.8   48  -57
2.29320507  0.218270  3.763711  0.6  317  -61
2.29322902  0.226612  4.056873  1.9  258   64
2.29326531  0.229487  4.160482  1.8   44  -38
2.29332401  0.225452  4.015465  4.3  304   47
2.29332406  0.227003  4.070905  4.3  303   47
2.29341830  0.214784  3.644454  1.8  346  -37
2.29341840  0.214406  3.631611  1.0  341  -40
2.29342088  0.215005  3.651944  1.5  160  -51
2.29344032  0.215483  3.668186  1.3  323  -60
2.29344114  0.215218  3.659186  1.1  113  -64
2.29349472  0.217751  3.745839  4.9  308   15
2.29349458  0.217297  3.730207  3.6  307   15
2.29359771  0.211609  3.537493  0.6  189    0
2.29359102  0.210361  3.495892  0.5  184    0
2.29359797  0.211351  3.528873  0.3  189    1
2.29365791  0.220688  3.847540  2.8   70   32
2.29366809  0.219782  3.816033  3.1   54   60
2.29366828  0.220683  3.847373  3.8   52   54
2.29375791  0.218599  3.775040  1.3   10  -11
2.29376108  0.214109  3.621569  0.2  188  -15
2.29376270  0.213785  3.610628  0.2  188  -18
2.29376352  0.214428  3.632367  0.4  189  -16
2.29383924  0.210888  3.513421  0.0    7   14
2.29383980  0.214429  3.632408  0.2  187   -4
2.29385203  0.217871  3.749967  2.7  320   31
2.29393536  0.215866  3.681243  3.1  324  -37
2.29393534  0.212405  3.564156  3.1  324  -39
2.29400659  0.209495  3.467175  2.9  318   15
2.29401377  0.205715  3.343175  0.0  315   12
2.29401082  0.209405  3.464180  0.4  192   16
2.29408455  0.198709  3.119350  0.2   87   62
2.29408383  0.199135  3.132734  2.5  303   51
2.29408323  0.196692  3.056327  3.4  137   43
2.29418071  0.207681  3.407369  0.3  186   -1
2.29419093  0.195001  3.003995  0.1  185  -26
2.29419061  0.192646  2.931900  0.2  186  -29
2.29419223  0.200438  3.173862  1.5  206  -40
2.29425294  0.202204  3.230018  1.4    0   19
2.29427242  0.215139  3.656487  3.8  324  -21
2.29425617  0.194391  2.985233  0.8  342   13
2.29434695  0.205437  3.334134  0.1  162  -21
2.29441802  0.205399  3.332899  1.1  182    1
2.29442104  0.197484  3.081005  0.2  357    8
2.29442102  0.197087  3.068612  0.2  357   10
2.29442054  0.194136  2.977425  0.0  358   10
2.29451693  0.207106  3.388529  4.2  131  -36
2.29451834  0.205912  3.349589  3.4  294  -43
2.29451597  0.206025  3.353272  4.5  314  -36
2.29451466  0.211216  3.524350  2.3   79  -60
2.29459584  0.214968  3.650682  0.2  186  -39
2.29459740  0.215116  3.655731  0.1   15  -33
2.29460209  0.217342  3.731774  0.1  202  -49
2.29468746  0.229810  4.172192  0.2  191  -42
2.29473967  0.221746  3.884530  0.1   69   62
2.29474087  0.224031  3.964991  0.4  286   51
2.29477271  0.218955  3.787353  0.1  145  -34
2.29473701  0.232166  4.258194  0.6  303   94
2.29482252  0.227652  4.094213  1.1  201   42
2.29483940  0.219732  3.814289  0.5  181   30
2.29483874  0.221274  3.867999  0.9  178   29
2.29490447  0.228282  4.116900  0.4  294   58
2.29491195  0.218148  3.759504  0.3  142   -1
2.29494474  0.224248  3.972687  0.1  302  -55
2.29500564  0.224473  3.980652  2.2   19  -19
2.29500802  0.226063  4.037236  2.3  170  -28
2.29507479  0.229914  4.175959  1.0  206   18
2.29509476  0.219304  3.799448  0.2  308  -47
2.29509351  0.217348  3.731961  0.1  109  -59
2.29516625  0.218037  3.755671  0.3  212   68
2.29516548  0.218583  3.774518  0.7   55   65
2.29517079  0.217919  3.751596  0.5  186   60
2.29516971  0.216925  3.717443  0.8  284   52
2.29524467  0.227487  4.088291  1.1   19  -24
2.29525492  0.232405  4.266952  2.7   22  -31
2.29533192  0.202682  3.245328  0.9  205   13
2.29533243  0.202524  3.240261  1.3  202   13
2.29533109  0.200380  3.172022  1.0   27   26
2.29533173  0.203919  3.285061  1.2  204   14
2.29540024  0.227872  4.102111  0.7   92   52
2.29541807  0.228520  4.125501  0.0  169  -12
2.29549967  0.214372  3.630482  1.2  188   21
2.29550315  0.208841  3.445564  1.1  178  -10
2.29550084  0.208917  3.448073  1.3    1    4
2.29549521  0.213671  3.606784  2.0   15   35
2.29559083  0.216736  3.710985  0.2  332   32
2.29560838  0.221123  3.862747  0.2   44   59
2.29566685  0.214647  3.639786  4.2   11   -4
2.29566693  0.214681  3.640942  4.0   11   -5
2.29566689  0.214613  3.638629  4.1   11   -4
2.29574960  0.190985  2.881541  0.1  200   31
2.29575292  0.189686  2.842485  0.1  203   29
2.29574992  0.190920  2.879588  0.1  201   30
2.29575287  0.190407  2.864122  0.2  201   29
2.29582372  0.209624  3.471438  0.1   94   39
2.29585202  0.207798  3.411226  0.0  169  -37
2.29591919  0.192396  2.924287  3.1  349    7
2.29592200  0.191081  2.884458  2.3  174  -10
2.29592233  0.191118  2.885563  2.0  171   -9
2.29593181  0.196629  3.054383  0.9  187  -24
2.29599377  0.206534  3.369846  2.3  166   17
2.29599799  0.207897  3.414475  1.7  343   26
2.29608971  0.193173  2.947952  0.0  352  -47
2.29609123  0.190138  2.856033  0.0  172  -66
2.29609189  0.192009  2.912540  0.0  172  -65
2.29616894  0.201312  3.201591  0.0  147  -55
2.29617121  0.202057  3.225333  0.5  334  -39
2.29617008  0.204556  3.305609  0.8  322  -43
2.29616943  0.202995  3.255352  0.1  145  -53
2.29621925  0.210990  3.516829  2.3  320    9
2.29625606  0.220390  3.837168  1.1  219  -56
2.29625244  0.220568  3.843352  0.2  196  -74
2.29631054  0.221709  3.883242  0.1  159   14
2.29638801  0.222923  3.925868  2.2  201   47
2.29638374  0.222110  3.897305  3.2   47   65
2.29639371  0.221010  3.858795  2.9  164    4
2.29639552  0.218467  3.770503  2.0  338   11
2.29648581  0.214084  3.620716  1.0  147  -21
2.29648540  0.210740  3.508480  0.1  166   19
2.29658025  0.201167  3.196987  0.4  169  -45
2.29657559  0.201497  3.207496  0.5  160  -40
2.29658067  0.205877  3.348453  1.3  190  -28
2.29658045  0.205999  3.352396  1.9  189  -29
2.29664718  0.215914  3.682873  0.3  344   21
2.29666158  0.215844  3.680517  1.0  188  -16
2.29674676  0.212836  3.578623  4.0   19  -19
2.29674863  0.211730  3.541553  4.1  199  -34
2.29674851  0.210832  3.511567  2.3  218  -30
2.29682177  0.197583  3.084070  0.1  374   45
2.29682532  0.200682  3.181594  1.9  189   32
2.29682319  0.197478  3.080810  0.4  193   33
2.29682292  0.197203  3.072232  0.4  193   34
2.29682623  0.197325  3.076035  0.0  184   38
2.29690914  0.186824  2.757341  0.0  276   36
2.29691003  0.190655  2.871608  0.3  276   42
2.29699807  0.197677  3.087008  1.8  345    4
2.29699962  0.198754  3.120753  2.3  173   -9
2.29707738  0.189465  2.835875  0.1  173   30
2.29708039  0.192434  2.925444  0.1  174   23
2.29707974  0.192212  2.918684  0.2  174   23
2.29708239  0.193628  2.961852  0.0  352   32
2.29716997  0.200098  3.163094  0.0  356  -19
2.29717001  0.199929  3.157746  0.0  355 -149
2.29724817  0.179328  2.540521  1.0  185    3
2.29725055  0.178895  2.528264  0.1  186   -1
2.29725091  0.181059  2.589793  1.0  186   -3
2.29725448  0.182527  2.631970  0.1  185  -10
2.29725195  0.181493  2.602235  0.1  186 -186
2.29735319  0.210069  3.486177  1.6  289  -44
2.29736194  0.201541  3.208884  0.0  165   17
2.29742930  0.195272  3.012360  0.4   10  -46
2.29742321  0.198588  3.115548  0.9    8  -36
2.29742708  0.198208  3.103640  0.4  198  -51
2.29750106  0.210367  3.496083  4.3  294  -19
2.29750004  0.211267  3.526059  4.3  299  -21
2.29755382  0.208851  3.445893  1.0  306  -19
2.29756372  0.207809  3.411586  2.9  138  -35
2.29759598  0.207587  3.404299  4.7  126  -29
2.29759630  0.210070  3.486215  3.9  311  -18
2.29766610  0.225035  4.000623  0.2  194  -56
2.29767186  0.229256  4.152099  1.7  192  -49
2.29771861  0.227445  4.086766  0.3  310  -58
2.29771760  0.226748  4.061761  0.2  109  -60
2.29777797  0.218619  3.775763  0.1  293  -32
2.29777809  0.218910  3.785822  0.1  294  -32
2.29777804  0.218657  3.777057  0.1  294  -32
2.29787888  0.228456  4.123186  0.5  194   30
2.29789392  0.225683  4.023693  0.9  192   46
2.29790457  0.222136  3.898206  0.3  186    8
2.29790669  0.222096  3.896801  0.2  184    8
2.29799045  0.217584  3.740087  0.1  174    6
2.29799068  0.217262  3.729035  0.0  174    7
2.29805467  0.218270  3.763691  1.7  286   13
2.29808334  0.215916  3.682951  0.4  207  -29
2.29808325  0.217868  3.749835  0.5  205  -30
2.29808326  0.216288  3.695661  0.4  206  -29
2.29815482  0.203654  3.276509  0.1  357   42
2.29815398  0.202901  3.252334  0.1  356   42
2.29815549  0.204388  3.300196  0.2  176   34
2.29824057  0.208602  3.437676  0.4  185  -70
2.29824486  0.214553  3.636590  0.7  170  -68
2.29833007  0.194212  2.979757  4.7  190   -1
2.29832238  0.193435  2.955961  5.3   12   17
2.29833020  0.194288  2.982077  4.7  190   -1
2.29832245  0.193385  2.954421  5.3   12   15
2.29832714  0.192322  2.922043  5.4   11   13
2.29839694  0.206106  3.355898  1.8  316   42
2.29841291  0.221536  3.877172  4.6  322   -2
2.29849005  0.211338  3.528423  3.1   12   -7
2.29848995  0.211346  3.528698  3.3  192  -15
2.29849808  0.210945  3.515341  0.2    7  -15
2.29857687  0.206805  3.378708  4.4  132  -21
2.29857608  0.204721  3.310948  4.6  318  -11
2.29857620  0.204664  3.309088  4.7  318  -11
2.29857703  0.207547  3.402989  4.4  132  -21
2.29866848  0.217992  3.754118  2.1  313  -23
2.29867125  0.218884  3.784918  3.0  131  -37
2.29874816  0.209501  3.467377  1.1  172  -29
2.29874699  0.204644  3.308448  2.9  186  -31
2.29874154  0.207702  3.408057  3.1  188  -21
2.29878411  0.218502  3.771715  0.7  281  -48
2.29883352  0.219953  3.821959  1.0  169   58
2.29888232  0.219451  3.804557  0.1  183   -9
2.29888652  0.221327  3.869874  0.1  191  -25
2.29891844  0.225006  3.999573  0.7  304  -37
2.29892191  0.228553  4.126681  0.5  353  -19
2.29899770  0.218920  3.786143  2.3  179   -6
2.29899689  0.219172  3.794868  3.3  182   -6
2.29905348  0.225620  4.021441  3.7  290   51
2.29905826  0.220551  3.842784  2.5  125   51
2.29905978  0.222706  3.918251  0.8  166   24
2.29915581  0.215129  3.656170  3.8  188  -10
2.29916079  0.215093  3.654925  4.2  189  -15
2.29915647  0.215043  3.653241  3.8  188  -10
2.29922602  0.217220  3.727567  3.3  184   15
2.29922633  0.216633  3.707442  3.0  184   14
2.29922964  0.215441  3.666763  3.5  174    6
2.29933335  0.214028  3.618832  0.4  291  -44
2.29933006  0.214565  3.637010  0.7  289  -46
2.29933062  0.216208  3.692929  1.5  181  -47
2.29940506  0.206265  3.361074  0.0  185  -18
2.29940396  0.205444  3.334356  3.3  185  -17
2.29940578  0.205494  3.335989  2.9  184  -17
2.29947215  0.213705  3.607932  0.1  302   17
2.29947204  0.213664  3.606548  0.1  302   18
2.29948322  0.225275  4.009171  0.4  190   36
2.29957337  0.208109  3.421438  0.0   32  -19
2.29956518  0.213937  3.615759  0.1  204  -34
2.29956880  0.221097  3.861824  1.0   25  -30
2.29965008  0.213459  3.599602  0.0  192   20
2.29965361  0.208601  3.437639  0.2  190   21
2.29965274  0.207207  3.391842  0.0  190   19
2.29969627  0.217004  3.720160  2.0  293   59
2.29972295  0.218126  3.758735  0.3   50   56
2.29971857  0.214019  3.618515  0.1  258   52
2.29981781  0.201599  3.210727  0.8   13   -7
2.29981877  0.197985  3.096634  0.1   11  -14
2.29982685  0.201130  3.195820  1.4  197  -33
2.29982703  0.198530  3.113706  1.8  197  -35
2.29989982  0.203464  3.270403  0.0   10   37
2.29989953  0.205441  3.334285  0.2  188   23
2.30000295  0.201860  3.219046  2.4  322  -20
2.30000310  0.199363  3.139888  1.8  323  -22
2.30000522  0.199247  3.136248  1.6  322  -19
2.30000608  0.198686  3.118623  2.3  138  -31
2.30007826  0.210469  3.499462  2.3    5   13
2.30007887  0.211140  3.521844  0.5    5   12
2.30007765  0.210538  3.501775  1.8    4   17
2.30016166  0.223575  3.948894  0.1  172   24
2.30016270  0.224152  3.969296  3.0  338 -156
2.30025729  0.220708  3.848260  0.5  183  -26
2.30025805  0.219504  3.806367  0.7  183  -28
2.30025693  0.218838  3.783325  0.3  182  -26
2.30026302  0.219633  3.810842  0.3  218  -63
2.30032664  0.223250  3.937415  0.4  188   17
2.30033203  0.226296  4.045598  0.2  183   24
2.30037630  0.231410  4.230492  2.9    7    3
2.30041809  0.221336  3.870165  3.2  328  -14
2.30043782  0.217317  3.730905  2.4  303 -146
2.30052030  0.215334  3.663139  0.1  117   12
2.30052522  0.215402  3.665437  2.3  303   32
2.30053209  0.214724  3.642409  2.4  304   45
2.30053094  0.217390  3.733429  2.4  134   38
2.30055295  0.225426  4.014517  0.2  178  -44
2.30063349  0.230065  4.181461  1.7  171  -26
2.30063863  0.228448  4.122898  1.2  359  -22
2.30066019  0.231301  4.226499  0.4   55  -41
2.30070546  0.222168  3.899344  3.7  315  -18
2.30072318  0.223375  3.941831  2.5  315  -17
2.30072235  0.223149  3.933839  0.7  303  -56
2.30079121  0.225913  4.031912  3.0  312   24
2.30079217  0.226905  4.067379  2.8  305   31
2.30080413  0.233671  4.313579  0.9  328   54
2.30089145  0.217721  3.744786  1.1  191   -9
2.30089145  0.217227  3.727802  1.6  191   -9
2.30089770  0.217846  3.749104  2.2  191   -8
2.30089793  0.218468  3.770547  1.9  192   -8
2.30098170  0.218049  3.756077  0.2  189   21
2.30098210  0.219372  3.801793  0.8  190   23
2.30105763  0.223353  3.941049  0.9  187  -55
2.30107996  0.226308  4.046014  1.5   18  -48
2.30107429  0.226010  4.035353  2.3  186  -54
2.30115155  0.211356  3.529040  2.7  196  -11
2.30115155  0.211352  3.528913  2.9  195  -11
2.30115176  0.211316  3.527695  2.6  196  -12
2.30123050  0.226304  4.045858  0.1  168    3
2.30124496  0.224446  3.979690  2.9  315   52
2.30124847  0.223705  3.953475  1.0  297   47
2.30132814  0.224621  3.985928  4.5  185   -3
2.30131046  0.224099  3.967391  1.8  302  -58
2.30131201  0.220408  3.837809  0.4  310  -52
2.30141234  0.214445  3.632947  3.8  188   26
2.30141261  0.215328  3.662918  4.1  188   22
2.30141270  0.214677  3.640799  4.0  188   23
2.30141266  0.214653  3.639993  3.6  188   23
2.30149560  0.219330  3.800344  0.1  340   -8
2.30153584  0.206683  3.374725  5.2  309   57
2.30153563  0.206709  3.375550  5.1  308   57
2.30153782  0.208909  3.447788  3.2  286   60
2.30157673  0.213896  3.614355  5.2  192   -3
2.30158162  0.213845  3.612641  4.9  188   -8
2.30167680  0.212271  3.559644  1.9  313  -28
2.30167609  0.213763  3.609868  2.1  313  -32
2.30167716  0.213046  3.585683  1.0  312  -30
2.30175378  0.211193  3.523586  2.4   14  -37
2.30176153  0.215346  3.663549  0.1  298  -51
2.30176597  0.215470  3.667762  3.1  310  -48
2.30182292  0.222499  3.910973  0.0   62  -59
2.30188042  0.217930  3.751978  3.9  338  -55
2.30188641  0.207968  3.416798  0.8   47  -51
2.30188281  0.203263  3.263960  0.2  216  -49
2.30193244  0.228406  4.121367  1.7  308  -13
2.30198755  0.225945  4.033042  3.8  132   31
2.30198483  0.229377  4.156484  2.0  279   63
2.30205265  0.222560  3.913097  3.6  345    7
2.30205755  0.216223  3.693428  0.1  103  -39
2.30205898  0.220033  3.824738  2.5  189   36
2.30209438  0.224082  3.966791  1.1    1  -12
2.30211954  0.220275  3.833160  4.1  313  -15
2.30213196  0.225626  4.021664  1.4  143   10
2.30222355  0.217104  3.723614  0.5  188   -7
2.30222741  0.215302  3.662034  0.1  188  -17
2.30222900  0.214343  3.629497  0.1  188  -16
2.30222321  0.221688  3.882513  2.3  337   12
2.30230019  0.212353  3.562405  0.0  296   65
2.30230344  0.218891  3.785152  0.0   52   64
2.30240559  0.202072  3.225823  1.4   22  -52
2.30240549  0.199139  3.132841  1.4  199  -65
2.30240568  0.199662  3.149344  1.3  203  -66
2.30240743  0.201073  3.193994  1.5   23  -52
2.30249067  0.224422  3.978863  0.1  351  -50
2.30249205  0.232373  4.265788  0.4   89  -44
2.30249682  0.225936  4.032717  0.0  320  -31
2.30255203  0.225331  4.011152  0.1  296  -62
2.30255586  0.224519  3.982281  0.6  295  -65
2.30258625  0.229663  4.166862  0.2   32   55
2.30264314  0.235775  4.391585  3.0  300   49
2.30269650  0.230688  4.204121  0.6  119   45
2.30269751  0.226334  4.046953  0.2  284   47
2.30274492  0.224987  3.998927  1.0  196   19
2.30275134  0.223969  3.962819  0.9   12   34
2.30274400  0.228184  4.113368  1.4   18   36
2.30284260  0.228529  4.125825  1.2  271   18
2.30288659  0.218509  3.771947  0.0   43  -54
2.30287116  0.222013  3.893876  0.3  205   46
2.30288981  0.216745  3.711294  0.0  277  -55
2.30294146  0.228522  4.125578  0.6   84  -54
2.30294228  0.224910  3.996189  0.7  307  -51
2.30299747  0.218871  3.784452  0.2  284  -61
2.30301313  0.221985  3.892897  1.5  308  -50
2.30301451  0.218481  3.770976  0.2  108  -26
2.30302082  0.227044  4.072380  2.2  298  -16
2.30308261  0.229426  4.158278  0.7  285   52
2.30313688  0.229695  4.168035  1.0  115   15
2.30311885  0.228594  4.128167  0.5  121   -4
2.30314377  0.235382  4.376987  2.1    7   78
2.30322119  0.234943  4.360674  1.5  306  -56
2.30323502  0.230353  4.191954  1.9  305   -2
2.30329382  0.218319  3.765381  0.1  202   39
2.30329751  0.216515  3.703416  0.3  203   53
2.30329924  0.217162  3.725596  0.4   28   66
2.30337404  0.214405  3.631589  0.1  220   63
2.30337216  0.208414  3.431465  0.6  269   45
2.30342049  0.212801  3.577458  0.0   91   51
2.30341222  0.223925  3.961253  1.3  250   46
2.30342669  0.222308  3.904263  0.2   74   57
2.30349389  0.221658  3.881441  0.2   24  -45
2.30349595  0.219873  3.819196  0.4  198  -66
2.30356305  0.214949  3.650059  1.2  115  -13
2.30356226  0.214310  3.628366  0.2  310   -7
2.30358895  0.218670  3.777524  0.1   55   66
2.30359008  0.219631  3.810790  0.4   40   61
2.30364387  0.233963  4.324338  3.6  359  -18
2.30367077  0.225559  4.019288  0.9  105  -41
2.30372749  0.218892  3.785181  0.5   63  -54
2.30372879  0.216570  3.705313  0.1   91  -64
2.30377157  0.221281  3.868266  0.0  294  -69
2.30378562  0.217305  3.730502  0.1  185  -63
2.30378920  0.228832  4.136766  1.1  114  -65
2.30389054  0.229730  4.169306  0.1  317   47
2.30389457  0.226726  4.060964  0.5  311   42
2.30389953  0.229766  4.170606  1.1  302   50
2.30397598  0.206329  3.363170  0.0  208   37
2.30397610  0.207080  3.387685  0.1  209   39
2.30398006  0.212478  3.566613  0.7   18   49
2.30397943  0.207554  3.403227  0.1  200   41
2.30406567  0.232798  4.281391  1.0  306  -55
2.30410150  0.218377  3.767403  0.5  302  -52
2.30410097  0.219570  3.808657  0.8  303  -52
2.30413373  0.219024  3.789764  0.2  275    5
2.30410391  0.218479  3.770928  0.2   71  -33
2.30415120  0.225264  4.008766  0.5  214  -37
2.30424556  0.235082  4.365818  2.4  193    7
2.30425551  0.223736  3.954559  0.1  288   43
2.30429784  0.228230  4.115010  1.1  287  -29
2.30431821  0.221202  3.865484  0.1  351   62
2.30431608  0.223285  3.938640  0.1  165   62
2.30435053  0.238397  4.489835  0.9  326  -47
2.30440456  0.212864  3.579559  0.2  190   55
2.30441272  0.217564  3.739403  0.5   20   49
2.30441050  0.211153  3.522276  0.6  190   44
2.30448092  0.223098  3.932028  0.2  288   60
2.30451072  0.223643  3.951268  0.0  296  -67
2.30450830  0.224317  3.975126  0.2   51  -61
2.30455751  0.231677  4.240264  0.6  301  -39
2.30460864  0.224309  3.974853  0.1   13  -61
2.30461175  0.227801  4.099573  1.7  317  -45
2.30467626  0.226107  4.038821  0.0  104   -4
2.30466288  0.226327  4.046684  0.5  282  -33
2.30470035  0.222423  3.908301  0.2  296   33
2.30473842  0.227842  4.101053  0.2   14  -62
2.30477098  0.235233  4.371427  1.5  328  -31
2.30475745  0.236377  4.414052  0.9  311  -46
2.30483388  0.230078  4.181918  2.1  280  -52
2.30483871  0.223366  3.941510  1.1  106  -45
2.30483739  0.221880  3.889216  1.3   95  -45
2.30489291  0.232122  4.256566  1.1  109  -49
2.30494466  0.218697  3.778430  0.0   34  -47
2.30494131  0.223696  3.953155  0.5  204  -61
2.30499288  0.239920  4.547384  6.0  101  -10
2.30500137  0.230446  4.195327  0.1  280  -50
2.30503676  0.233424  4.304449  3.5  295   50
2.30504596  0.232543  4.272007  1.2  194   42
2.30511107  0.231926  4.249394  1.0  280   20
2.30513400  0.231905  4.248612  1.4   71   67
2.30513945  0.235517  4.381982  2.5  291   58
2.30521575  0.225867  4.030258  0.0  114    7
2.30521942  0.231494  4.233559  1.8  289   13
2.30524767  0.232861  4.283723  0.3  293   52
2.30528319  0.232703  4.277920  0.0  287  -34
2.30531263  0.224307  3.974766  0.2  196   43
2.30531269  0.223578  3.948972  0.0  190   49
2.30539377  0.219515  3.806747  3.1  309  -36
2.30539453  0.217888  3.750532  2.6  306  -36
2.30539499  0.218322  3.765485  1.7  112  -40
2.30542776  0.228209  4.114270  0.3   41   52
2.30548203  0.225731  4.025398  0.5  205   58
2.30548169  0.226556  4.054871  0.7   42   65
2.30550146  0.236072  4.402652  2.2  120  -48
2.30555117  0.234795  4.355163  1.4  358   59
2.30559198  0.232398  4.266683  2.5  201   52
2.30560252  0.231114  4.219698  1.2  318   58
2.30561882  0.231189  4.222419  0.9  229  -60
2.30567021  0.224245  3.972581  0.0  303  -84
2.30567004  0.221858  3.888469  0.0  195  -92
2.30570379  0.239724  4.539932  3.1   31   57
2.30575896  0.238278  4.485346  1.2   54   63
2.30578180  0.232101  4.255797  0.4  185  -67
2.30582615  0.239647  4.537039  3.0  309   47
2.30584303  0.235996  4.399846  0.4   52  -54
2.30583489  0.235917  4.396890  0.2  315  -63
2.30584582  0.234471  4.343163  0.6  101   49
2.30593720  0.233211  4.296597  0.4  185   51
2.30595239  0.232614  4.274633  0.1  290  -59
2.30602182  0.222791  3.921215  0.5  287   26
2.30602128  0.222199  3.900432  0.4  289   34
2.30602379  0.222184  3.899907  0.1  282   34
2.30602624  0.224045  3.965502  1.3  123   32
2.30602404  0.221926  3.890850  0.4  285   35
2.30612992  0.232147  4.257500  2.3  299   48
2.30613012  0.232038  4.253506  2.9  133   34
2.30618983  0.229316  4.154289  2.6  307  -14
2.30619046  0.229334  4.154931  2.3  307  -17
2.30621084  0.232516  4.271016  0.4  106   19
2.30629991  0.227376  4.084297  0.4  303    4
2.30630094  0.227242  4.079480  0.6  302    6
2.30630861  0.233636  4.312258  2.7  299    3
2.30637538  0.218216  3.761831  0.4  120   53
2.30637489  0.218163  3.760029  0.7  283   54
2.30637901  0.218132  3.758949  0.7  252   55
2.30643258  0.226828  4.064631  0.3   64   57
2.30647859  0.229952  4.177353  1.1  209   57
2.30648023  0.223353  3.941054  0.3   51   61
2.30648233  0.223305  3.939345  0.3   37   61
2.30655819  0.231018  4.216186  0.4  169  -65
2.30656797  0.230521  4.198059  1.5  198  -46
2.30656867  0.229904  4.175611  0.8  200  -45
2.30662363  0.235152  4.368413  0.1   72  -51
2.30667311  0.227766  4.098298  0.3   32  -46
2.30667226  0.222591  3.914178  0.0  205  -58
2.30672962  0.222310  3.904300  0.0  299  -33
2.30673084  0.224383  3.977453  0.3  300  -35
2.30677719  0.234849  4.357189  0.5  183   52
2.30680891  0.233725  4.315568  1.0  291   -3
2.30680401  0.236712  4.426572  2.1  159  -24
2.30685655  0.238018  4.475541  1.6  296   50
2.30686388  0.236302  4.411253  1.8  295   53
2.30691434  0.232683  4.277162  0.2  279  -45
2.30696929  0.231954  4.250396  1.2   11  -62
2.30697026  0.227420  4.085865  0.2   87  -57
2.30697014  0.228561  4.126980  2.5  116  -53
2.30701635  0.234374  4.339554  0.1  289  -42
2.30701583  0.236568  4.421175  0.1   91  -48
2.30706970  0.236279  4.410401  0.4  309  -29
2.30710809  0.238271  4.485072  1.9  297   59
2.30710635  0.236633  4.423611  1.2  129   52
2.30716567  0.238938  4.510215  0.3  203  -14
2.30719127  0.239959  4.548840  0.0  191   47
2.30721500  0.238074  4.477673  1.4   35   47
2.30725993  0.237731  4.464758  0.6   26   54
2.30725708  0.237494  4.455880  0.6   26   52
2.30731028  0.237513  4.456592  0.3  268   57
2.30731666  0.240741  4.578554  1.1  107   50
2.30738658  0.231809  4.245101  0.1  211   42
2.30738515  0.239144  4.518017  1.1  306   69
2.30745089  0.235507  4.381613  0.6   89   52
2.30744750  0.235441  4.379166  0.9  110   48
2.30750762  0.239389  4.527243  0.5   19  -42
2.30752618  0.237613  4.460334  0.2  205   17
2.30752645  0.235755  4.390864  0.2   28   33
2.30757619  0.235095  4.366285  0.3  193  -50
2.30758670  0.236161  4.405997  0.1  273   31
2.30757225  0.237291  4.448244  0.5  270   21
2.30760861  0.238385  4.489371  1.1   93   15
2.30764368  0.239795  4.542645  2.4  128  -37
2.30773678  0.237259  4.447050  3.9   94    7
2.30774356  0.233765  4.317041  0.0  296  -50
2.30774707  0.235828  4.393555  3.1  308  -29
2.30774555  0.232940  4.286606  1.8  118  -33
2.30779772  0.237616  4.460455  1.7  315  -59
2.30786693  0.236592  4.422069  1.6  201   48
2.30787612  0.236499  4.418598  2.0  199   43
2.30792120  0.231229  4.223886  2.5   33   56
2.30793534  0.233075  4.291589  1.1   21   41
2.30793614  0.233417  4.304211  1.4  202   32
2.30794309  0.237373  4.451320  1.0  224  -71
2.30804359  0.230345  4.191651  2.0  204   56
2.30811077  0.228686  4.131473  4.1  284  -15
2.30811599  0.228223  4.114770  4.0  286   -9
2.30811469  0.228149  4.112095  4.3  285   -5
2.30811488  0.228701  4.132034  4.1  286   -5
2.30813195  0.229602  4.164655  1.4  109    7
2.30824171  0.234552  4.346152  2.7   33  -49
2.30826956  0.233560  4.309453  7.1  268 -172
2.30827487  0.232139  4.257193  6.6  274    5
2.30828756  0.227520  4.089449  3.3  294   45
2.30828821  0.228508  4.125047  3.1  283   49
2.30830008  0.234779  4.354576  3.9  278   -5
2.30838255  0.233049  4.290621  1.9  119   50
2.30839873  0.231743  4.242671  0.8   14   43
2.30843304  0.233070  4.291413  0.7    1  -45
2.30844283  0.232030  4.253210  0.1  277   -3
2.30847788  0.233611  4.311354  1.1  290   15
2.30848227  0.232703  4.277904  0.0  261   17
2.30855838  0.232867  4.283935  0.3  264   21
2.30856509  0.233960  4.324233  0.9  260   23
2.30856503  0.230774  4.207284  0.0   94   36
2.30856692  0.233085  4.291974  1.0  265   33
2.30863019  0.231511  4.234174  2.6  301  -48
2.30868332  0.230497  4.197166  0.1   44  -52
2.30865656  0.233654  4.312941  2.6  351   60
2.30871258  0.234196  4.332958  0.0   86  -58
2.30873219  0.235923  4.397127  2.6   83   23
2.30878180  0.235612  4.385546  1.0  298  -43
2.30883240  0.234134  4.330688  3.6  162   26
2.30883088  0.234743  4.353234  3.1  162   22
2.30883952  0.233391  4.303235  4.0  174   11
2.30890227  0.226912  4.067619  0.0  284   35
2.30891246  0.227972  4.105720  0.1   98   18
2.30890926  0.228671  4.130949  1.4  277   19
2.30897465  0.237331  4.449740  3.7  261  -20
2.30898476  0.234661  4.350182  2.5   51  -18
2.30907022  0.234826  4.356319  1.2   21  -63
2.30907901  0.229774  4.170902  2.5  307  -32
2.30908634  0.229681  4.167516  1.2   69  -35
2.30915530  0.230524  4.198170  1.9  311  -25
2.30915350  0.230155  4.184732  2.0  312  -25
2.30915431  0.229690  4.167824  1.4  312 -149
2.30918057  0.235596  4.384916  2.2  114  -19
2.30924397  0.231364  4.228822  0.9  332   37
2.30927130  0.234662  4.350218  0.6   22  -47
2.30931049  0.234026  4.326677  0.0   59   -1
2.30931899  0.234300  4.336824  0.1   58    1
2.30940263  0.231073  4.218176  2.8   84    4
2.30936047  0.231372  4.229096  0.1  295  -16
2.30940981  0.231058  4.217628  2.3   82    5
2.30941878  0.230631  4.202046  3.0   80   -0
2.30942600  0.230848  4.209980  3.0   78    2
2.30953171  0.225789  4.027464  1.8  210   23
2.30952993  0.225795  4.027699  2.8  292   54
2.30953739  0.225869  4.030336  2.1  207   22
2.30954263  0.229746  4.169889  2.3   25   15
2.30962595  0.231616  4.238019  1.1  357  -22
2.30962705  0.230782  4.207551  0.4    1  -22
2.30968579  0.234818  4.356016  0.6  225   37
2.30967664  0.231433  4.231349  0.1  234   39
2.30975032  0.228903  4.139326  3.5  209   44
2.30975280  0.228437  4.122490  3.3  202   36
2.30974741  0.229646  4.166240  3.2   46   61
2.30974772  0.235499  4.381319  1.7  267   57
2.30983199  0.239249  4.521980  0.5  295   43
2.30990456  0.230497  4.197188  5.5  142   21
2.30990445  0.224852  3.994129  3.3  317   49
2.30990540  0.225206  4.006717  3.9  317   44
2.30996671  0.217751  3.745816  1.8  120   24
2.30996795  0.218620  3.775774  1.6  120   22
2.30998482  0.217584  3.740096  0.2  116    3
2.30997196  0.220184  3.830009  1.7  287   58
2.31006256  0.226955  4.069189  0.1  180   27
2.31010093  0.226429  4.050347  0.9   46  -54
2.31010191  0.228723  4.132815  0.8   76  -47
2.31017244  0.220444  3.839043  1.0  114  -28
2.31017193  0.220039  3.824961  2.1  119  -24
2.31022024  0.222608  3.914790  1.7  288    4
2.31023663  0.221191  3.865119  2.3  293   14
2.31024143  0.222173  3.899521  2.4  300   14
2.31026590  0.227737  4.097263  2.5  313 -178
2.31034917  0.221805  3.886602  1.9  189   21
2.31034949  0.225152  4.004781  2.2  189   23
2.31033964  0.227298  4.081488  1.7  269   56
2.31042835  0.224284  3.973968  1.5  321    6
2.31044022  0.231300  4.226488  0.1   36  -41
2.31049612  0.221545  3.877503  0.2  323   20
2.31051710  0.223749  3.955037  0.7    4  -15
2.31057823  0.215656  3.674084  2.9  199   35
2.31058066  0.213632  3.605439  3.0  195   34
2.31058655  0.209926  3.481429  3.8  192   32
2.31058693  0.209387  3.463599  4.5   13   43
2.31059492  0.218453  3.769999  3.1   15   33
2.31068957  0.203713  3.278428  4.3  145  -68
2.31068809  0.201253  3.199715  4.5  298  -51
2.31068845  0.202337  3.234284  4.4  108  -55
2.31068871  0.206173  3.358072  4.5  305  -51
2.31077847  0.224016  3.964484  0.4  307  -38
2.31079144  0.225417  4.014205  1.6  192    2
2.31086400  0.227944  4.104707  3.0  167  -38
2.31085491  0.223840  3.958236  1.4   13   57
2.31087655  0.225845  4.029465  4.9  188    7
2.31089628  0.233027  4.289818  3.2   10  -31
2.31093866  0.229743  4.169779  3.8  337 -122
2.31096568  0.228491  4.124444  0.9  179  -47
2.31103417  0.225051  4.001198  0.2  277  -62
2.31104305  0.225468  4.016038  1.6  182    4
2.31107356  0.221658  3.881457  0.3  106   17
2.31108142  0.224283  3.973925  1.0  277   14
2.31112185  0.217884  3.750396  2.8  350  -13
2.31113542  0.222262  3.902642  3.5  188  -54
2.31113684  0.223123  3.932936  3.2   17  -62
2.31120121  0.229848  4.173564  2.3  319  -24
2.31125227  0.230277  4.189163  1.3  322    3
2.31131233  0.220574  3.843565  5.6  321    1
2.31131141  0.219449  3.804477  6.8  323    2
2.31131087  0.221383  3.871833  5.3  319    2
2.31132162  0.221142  3.863411  5.3  340   -1
2.31135055  0.232896  4.285008  0.4  256   16
2.31142437  0.228396  4.120999  0.1  115   35
2.31142857  0.229656  4.166592  0.2  292   43
2.31143659  0.232712  4.278222  1.0  169   54
2.31149494  0.223294  3.938971  2.4  149  -19
2.31149219  0.223881  3.959679  2.1  330  -10
2.31152284  0.222927  3.926034  0.2  173   36
2.31159313  0.222181  3.899784  0.1  312   19
2.31157706  0.224330  3.975585  2.5  301  -19
2.31161952  0.219937  3.821395  0.0  139   -2
2.31168146  0.213036  3.585359  0.2  349   39
2.31169172  0.210125  3.488041  0.4  350   34
2.31169168  0.210149  3.488829  0.2  350   34
2.31177367  0.230155  4.184737  3.2  150  -41
2.31177074  0.223452  3.944533  0.1  323  -29
2.31177787  0.228868  4.138059  1.7  325 -132
2.31187162  0.211881  3.546582  2.2  191  -21
2.31187240  0.212355  3.562489  2.2  191  -21
2.31187184  0.213001  3.584198  2.3  191  -22
2.31192311  0.227431  4.086267  1.3   61   61
2.31194699  0.224578  3.984385  3.3  179   20
2.31195250  0.222396  3.907337  0.9  187   34
2.31195254  0.220461  3.839657  0.8  187   33
2.31204875  0.220208  3.830850  0.9  184  -62
2.31204918  0.220560  3.843106  1.1  182  -62
2.31205279  0.221263  3.867631  0.9  207  -66
2.31212566  0.226386  4.048812  3.4  192  -10
2.31213074  0.227247  4.079661  3.6   10   -5
2.31212556  0.226656  4.058468  3.3  191   -9
2.31221139  0.232614  4.274650  0.0  151  -43
2.31222018  0.232900  4.285167  1.0  154  -14
2.31229674  0.229140  4.147888  2.4  190  -25
2.31229698  0.229060  4.145003  1.8  191  -25
2.31229726  0.229046  4.144513  1.6  190  -25
2.31229724  0.229050  4.144635  2.0  190  -24
2.31239669  0.236957  4.435750  2.3  184   32
2.31239621  0.232302  4.263158  0.5  171   -8
2.31239925  0.232100  4.255754  1.7  167    6
2.31246275  0.235680  4.388055  0.8  163  -12
2.31247326  0.235045  4.364451  0.4  292   40
2.31253044  0.237534  4.457375  1.7   43   56
2.31253765  0.234896  4.358908  1.0  196   31
2.31257118  0.232669  4.276641  0.8  182    9
2.31259384  0.231761  4.243347  0.0  281   12
2.31263156  0.230924  4.212740  1.9  194   42
2.31264867  0.231389  4.229733  3.3  313  -42
2.31265074  0.230501  4.197309  3.0  129  -48
2.31270610  0.227813  4.099998  1.2  297   50
2.31276347  0.216282  3.695440  1.2  212   57
2.31276488  0.219431  3.803843  2.5  104   66
2.31278819  0.218393  3.767948  2.8  190   25
2.31287305  0.220679  3.847248  0.1  354  142
2.31287101  0.222527  3.911960  0.2  179   36
2.31286574  0.216809  3.713469  0.1  356   36
2.31295094  0.220072  3.826091  0.1  174   20
2.31295683  0.216788  3.712766  0.0   31  -70
2.31295009  0.218593  3.774853  0.1  171   19
2.31303195  0.213847  3.612704  2.5  132   57
2.31303540  0.201419  3.205012  0.1  186   19
2.31303820  0.204352  3.299026  0.0  185   19
2.31303790  0.202093  3.226472  0.2    5   32
2.31312500  0.218273  3.763809  1.0  159  -16
2.31312232  0.215682  3.674984  0.1  340   -4
2.31318841  0.213384  3.597089  2.4   34   65
2.31320295  0.206692  3.375013  0.2  177   11
2.31320305  0.205869  3.348173  0.1  355   22
2.31320268  0.206569  3.370999  1.0  354   23
2.31330352  0.207325  3.395719  0.0  290 -142
2.31330255  0.206438  3.366706  0.0  289 -142
2.31330207  0.206452  3.367167  0.0  110  -37
2.31338663  0.215205  3.658735  0.9    6  -22
2.31338737  0.214982  3.651169  1.0    5  -21
2.31339348  0.213829  3.612111  0.5  192  -48
2.31346298  0.210736  3.508351  1.1  184   23
2.31346948  0.210692  3.506910  1.5  182   19
2.31346969  0.210780  3.509828  2.1  181   18
2.31356564  0.202318  3.233668  4.8  134  -26
2.31356583  0.202281  3.232495  4.9  134  -27
2.31356374  0.205888  3.348798  5.0  317  -13
2.31363442  0.204763  3.312296  0.7  176   -3
2.31362389  0.201437  3.205585  1.3  360   24
2.31364043  0.204896  3.316616  2.1  185  -11
2.31370170  0.208107  3.421373  0.0   57   61
2.31370408  0.211226  3.524704  0.3   42   61
2.31380815  0.206854  3.380314  1.7  192  -37
2.31380861  0.196181  3.040468  1.0   13  -28
2.31381191  0.199135  3.132716  1.3  200  -42
2.31381666  0.201477  3.206832  2.1  213  -47
2.31388585  0.214310  3.628386  2.6  338    2
2.31389915  0.220014  3.824085  0.0  260  -53
2.31390194  0.223115  3.932638  0.3   74  -35
2.31397661  0.224962  3.998028  1.0  301  -41
2.31397343  0.221750  3.884673  1.8  109  -44
2.31397642  0.222146  3.898557  1.5  115  -44
2.31406686  0.225655  4.022677  0.9  169    4
2.31406736  0.231215  4.223371  2.1  352    5
2.31414946  0.218294  3.764521  0.3  313   24
2.31414245  0.221164  3.864161  2.7  186   20
2.31415139  0.218817  3.782587  2.0  188   18
2.31415055  0.218814  3.782497  1.9  188   20
2.31422330  0.218238  3.762611  0.8  296   54
2.31422481  0.219174  3.794933  1.3  141   36
2.31428539  0.217206  3.727094  0.1  321  130
2.31430121  0.217754  3.745938  0.3  201   31
2.31429948  0.216938  3.717915  0.7   32   43
2.31439289  0.217859  3.749530  0.5  332   65
2.31439042  0.217707  3.744324  0.8    8   65
2.31438793  0.223005  3.928758  1.3   54   81
2.31441976  0.225421  4.014371  0.4    6   45
2.31444931  0.220576  3.843655  0.1  296   20
2.31448640  0.214167  3.623519  0.1  102   18
2.31449617  0.222770  3.920483  0.0  183  -50
2.31456129  0.223081  3.931436  1.4  182   19
2.31456747  0.222836  3.922817  0.0  177   16
2.31465322  0.215022  3.652505  0.0  321    2
2.31463571  0.210584  3.503309  0.0  326   -9
2.31471281  0.192223  2.919028  0.0  129   25
2.31471054  0.189559  2.838666  0.0  301   30
2.31471401  0.190665  2.871912  1.0  301   32
2.31471640  0.193888  2.969800  2.2  134   31
2.31480899  0.197143  3.070377  0.0  339   43
2.31481307  0.196920  3.063415  0.5  163   30
2.31481487  0.195545  3.020802  0.0  164   33
2.31489017  0.197766  3.089811  0.9  327    4
2.31489189  0.198843  3.123552  1.7  146   -9
2.31497594  0.185513  2.718776  0.1  195   11
2.31497589  0.187042  2.763782  0.1   15   23
2.31497663  0.183790  2.668526  0.0  195   11
2.31497715  0.188481  2.806492  0.2   12   21
2.31497780  0.186315  2.742353  0.1   14   20
2.31507162  0.196207  3.041265  1.5  184  -65
2.31507157  0.194952  3.002492  2.1  175  -65
2.31514976  0.178286  2.511100  0.2   14  -26
2.31514984  0.178506  2.517300  0.3   14  -26
2.31515193  0.178374  2.513554  0.0   17  -30
2.31523606  0.211463  3.532611  0.0  334   -1
2.31523754  0.214220  3.625310  0.1  340    8
2.31523703  0.220265  3.832822  0.3  309  -37
2.31531753  0.223567  3.948595  2.9  312  -28
2.31532559  0.219010  3.789268  0.0  179   24
2.31532454  0.219786  3.816149  0.0  360   42
2.31540858  0.206545  3.370216  0.0  192   -8
2.31540899  0.205684  3.342157  0.0  191   -9
2.31541124  0.208043  3.419269  0.0  192   -9
2.31549701  0.225261  4.008668  2.1  179   33
2.31551226  0.219073  3.791442  0.6  302   30
2.31555267  0.218125  3.758704  0.3   19  -48
2.31559399  0.214699  3.641562  3.2  283   22
2.31561250  0.201040  3.192946  1.7  102   33
2.31562133  0.200782  3.184747  0.3   84   42
2.31561836  0.199794  3.153482  0.7  276  141
2.31563367  0.205409  3.333222  0.0  156   47
2.31573662  0.205645  3.340889  3.0  312   46
2.31576602  0.204626  3.307867  0.2  293  -21
2.31576697  0.200623  3.179704  0.0  294  -20
2.31576379  0.201780  3.216514  0.1  110  -26
2.31576266  0.202405  3.236448  0.1  109  -27
2.31581672  0.213908  3.614782  0.5  141   21
2.31590867  0.197662  3.086542  0.2  209   42
2.31591289  0.196070  3.037043  0.2   30   39
2.31590967  0.197909  3.094275  0.5   34   50
2.31598718  0.209473  3.466443  3.1  135  -26
2.31599677  0.206000  3.352452  0.9  341 -163
2.31606638  0.160741  2.041170  0.2  191   36
2.31606864  0.152389  1.834564  0.0    5   46
2.31607365  0.152960  1.848341  0.4  179   22
2.31607115  0.152405  1.834962  0.0    3   41
2.31607299  0.150586  1.791406  0.0  183   25
2.31614845  0.183702  2.665963  1.2  282   64
2.31614845  0.184147  2.678887  0.7  282   64
2.31625804  0.140705  1.564030  1.3    2  -30
2.31625804  0.140746  1.564952  1.1  362  -29
2.31625802  0.145022  1.661481  1.8  359  -30
2.31625803  0.145832  1.680081  2.0  362  -29
2.31633315  0.200470  3.174885  3.0  158    3
2.31632924  0.201635  3.211881  1.8  336   24
2.31641885  0.192425  2.925176  0.8  309  -34
2.31641865  0.191449  2.895574  0.6  311 -129
2.31641749  0.194697  2.994655  1.4  315  -35
2.31650701  0.185468  2.717477  0.3   14   18
2.31650840  0.181169  2.592966  0.6  191   -1
2.31650961  0.180498  2.573790  1.9  188   -8
2.31658016  0.171790  2.331443  1.2  216   65
2.31658655  0.168334  2.238565  1.5  165   29
2.31658576  0.168072  2.231619  0.0  163   28
2.31668802  0.170560  2.298156  1.6    5  -44
2.31668477  0.158839  1.993151  1.1  190  -45
2.31668657  0.158295  1.979539  0.3  192  -47
2.31668653  0.159462  2.008812  0.6  373 -133
2.31677454  0.189300  2.830939  0.0  159  -42
2.31676932  0.183397  2.657109  0.0  322  -26
2.31677091  0.185568  2.720397  0.0  128  -41
2.31685082  0.202676  3.245139  3.8  157  -16
2.31685742  0.218444  3.769713  0.0   11   -7
2.31692896  0.215037  3.653022  2.6  359  -56
2.31693403  0.211703  3.540636  1.7  303  -55
2.31693435  0.208288  3.427315  2.8  311  -58
2.31693720  0.213902  3.614566  1.8  114  -42
2.31701722  0.223036  3.929854  0.9  312  -45
2.31701393  0.223888  3.959945  0.4  322  -27
2.31706107  0.228122  4.111133  1.6  311  -42
2.31711349  0.222776  3.920705  0.9   49  -47
2.31715674  0.204148  3.292421  3.3  311   45
2.31715725  0.203788  3.280844  3.0  299   48
2.31715745  0.205881  3.348578  3.1  299   51
2.31725163  0.216925  3.717443  2.3  331   57
2.31726507  0.209637  3.471865  3.2  189   40
2.31726499  0.209701  3.473979  3.0  189   41
2.31726330  0.212604  3.570827  2.3    6   51
2.31733605  0.213889  3.614131  0.0  285    8
2.31736545  0.209383  3.463449  1.0  210  -43
2.31742324  0.197453  3.080033  1.3  190   23
2.31742197  0.195413  3.016699  0.1  189   25
2.31742363  0.198615  3.116385  2.5  193   22
2.31749418  0.210145  3.488727  1.0    6  -41
2.31750022  0.212015  3.551065  2.0  187  -60
2.31750153  0.213904  3.614627  2.2  355  -36
2.31760027  0.183964  2.673575  0.2  175   17
2.31759924  0.185323  2.713226  0.1  172   22
2.31759990  0.183538  2.661197  0.2  172   22
2.31768305  0.187983  2.791666  4.4  263   67
2.31768633  0.171284  2.317710  2.7  349  148
2.31768598  0.170880  2.306798  2.4  168   33
2.31768727  0.171989  2.336850  1.4  164   30
2.31777371  0.188938  2.820105  0.0  355  -11
2.31777705  0.188488  2.806696  0.1  173  -24
2.31785235  0.171770  2.330884  0.3    8   16
2.31785261  0.170440  2.294939  0.0    7   14
2.31785252  0.172122  2.340450  0.9    9   15
2.31794869  0.186636  2.751813  0.7  172  -43
2.31794718  0.189231  2.828871  1.4  350  -27
2.31794936  0.189421  2.834541  0.9  169  -40
2.31803082  0.164791  2.145322  0.1   16  -37
2.31803235  0.166596  2.192582  0.3  201  -47
2.31803117  0.165047  2.152008  0.1   16  -37
2.31803272  0.165267  2.157750  0.1   18  -37
2.31810801  0.210161  3.489250  0.1  313  -43
2.31811314  0.213526  3.601862  0.1  319  -31
2.31819026  0.212179  3.556564  2.0  165  -30
2.31818294  0.213539  3.602314  1.8  314 -129
2.31819045  0.213924  3.615324  1.4  354  -18
2.31828225  0.216291  3.695776  0.4  180   -7
2.31828236  0.216418  3.700091  0.8  180   -9
2.31827742  0.217959  3.752968  1.7    3   10
2.31836512  0.225202  4.006559  3.6  311   60
2.31836910  0.224380  3.977356  2.8  316   69
2.31838365  0.222738  3.919352  0.1   66  -38
2.31843726  0.219380  3.802082  1.3  304    6
2.31846579  0.221472  3.874944  0.1  291  -58
2.31846003  0.220866  3.853763  0.6  209  -41
2.31853827  0.216623  3.707100  0.1  200   14
2.31853852  0.217145  3.725017  0.5  200   12
2.31853882  0.216849  3.714843  0.2  200   12
2.31861438  0.219820  3.817349  1.3  271   35
2.31862509  0.219366  3.801601  1.7  210   68
2.31862325  0.220234  3.831733  1.1  208   71
2.31868951  0.214823  3.645761  0.1  171   26
2.31869067  0.215307  3.662215  0.0  173   27
2.31878871  0.203103  3.258805  5.2  316   41
2.31878471  0.196378  3.046591  3.8  331   31
2.31878730  0.196162  3.039890  4.1  158   24
2.31878758  0.195721  3.026222  4.3  158   24
2.31886890  0.211523  3.534609  0.7  305   30
2.31893910  0.209005  3.450970  1.7  136   60
2.31895467  0.181478  2.601819  0.0  190   14
2.31895459  0.180635  2.577700  0.0   12   26
2.31895467  0.180950  2.586701  2.1   11   26
2.31895473  0.181516  2.602899  2.6  191   13
2.31903293  0.182710  2.637238  2.7  353   46
2.31903197  0.183012  2.645986  0.0  353   47
2.31913714  0.179427  2.543334  1.0  193  -42
2.31913700  0.178833  2.526506  3.9  192  -42
2.31913642  0.178751  2.524189  3.8  193  -42
2.31913673  0.178199  2.508623  4.1  192  -42
2.31913691  0.178110  2.506123  3.9  192  -42
2.31920660  0.192964  2.941571  0.5  186   15
2.31921206  0.199558  3.146054  1.0    1   15
2.31929393  0.201316  3.201719  2.2  164  -20
2.31929058  0.200757  3.183982  1.2  340   -2
2.31929125  0.202049  3.225079  2.3  346   -8
2.31937358  0.197176  3.071407  3.5    3   10
2.31937291  0.197854  3.092554  3.1    1   11
2.31937445  0.199475  3.143429  4.2    1    6
2.31938661  0.206990  3.384746  1.5  336  -16
2.31946957  0.210654  3.505635  0.6  304  -37
2.31946882  0.207592  3.404471  0.3  303  -37
2.31955034  0.210796  3.510372  0.2    7  -28
2.31955577  0.208844  3.445650  0.1   15  -33
2.31955602  0.209889  3.480215  0.3  198  -46
2.31962923  0.211479  3.533143  1.0    2   33
2.31962919  0.210145  3.488718  1.0    2   33
2.31962952  0.210489  3.500144  1.0    1   36
2.31972061  0.219190  3.795485  1.2  298   51
2.31973214  0.213070  3.586496  0.2  274   46
2.31973231  0.213831  3.612172  0.3  281   43
2.31981364  0.214816  3.645534  0.2  190  -63
2.31981134  0.208624  3.438397  0.0  218  -44
2.31981241  0.213579  3.603673  1.3  216  -43
2.31990197  0.216943  3.718083  1.0  187   -9
2.31990225  0.216449  3.701149  3.1  188  -11
2.31990765  0.215737  3.676839  1.4  124  -32
2.31998487  0.224955  3.997772  0.3  195  -35
2.31998969  0.222334  3.905172  0.2    7  -34
2.32005696  0.223918  3.960992  0.3  196   19
2.32005888  0.223271  3.938152  0.0  194   20
2.32006031  0.226137  4.039882  1.5  198   -2
2.32012059  0.223497  3.946119  0.7  287   31
2.32015789  0.224249  3.972735  0.8  189   34
2.32017381  0.225187  4.006040  0.6  180   42
2.32015811  0.223291  3.938860  0.4   78  -41
2.32024673  0.218898  3.785385  3.8  120   24
2.32028332  0.204920  3.317383  4.3  132   52
2.32028711  0.207405  3.398327  1.5  183   49
2.32028399  0.205052  3.321666  4.0  134   51
2.32028879  0.206544  3.370163  1.4  186   47
2.32038636  0.205948  3.350740  2.7  335  -23
2.32038563  0.205679  3.342008  3.9  332  -25
2.32038600  0.205982  3.351862  2.6  336  -23
2.32038768  0.205857  3.347795  3.0  153  -34
2.32048131  0.208000  3.417843  2.2  177   -6
2.32048312  0.209003  3.450910  0.8  181  -11
2.32055168  0.213151  3.589229  3.4  319   19
2.32055658  0.215655  3.674049  1.8  351   31
2.32064060  0.201124  3.195617  0.1  343   -3
2.32064362  0.205846  3.347448  0.8  164  -14
2.32064275  0.203646  3.276271  0.7  345   -3
2.32064858  0.206150  3.357327  2.4  176  -17
2.32072784  0.208187  3.424009  1.4  185   22
2.32073049  0.206161  3.357695  1.3  187   15
2.32073044  0.206136  3.356860  1.6  187   16
2.32081599  0.203215  3.262396  0.7  281   41
2.32082327  0.203606  3.274980  4.7  181  -52
2.32081975  0.201497  3.207479  0.2  157   28
2.32091275  0.198328  3.107381  1.3  176  -22
2.32099600  0.198337  3.107679  4.8  130  -20
2.32091869  0.199395  3.140903  0.7  182  -34
2.32099633  0.197658  3.086414  4.7  131  -20
2.32099632  0.198063  3.099100  4.9  131  -20
2.32099597  0.198607  3.116124  5.0  130  -20
2.32107862  0.204091  3.290607  0.1  181  -35
2.32107744  0.202911  3.252670  0.6    2  -22
2.32115897  0.202434  3.237378  0.0  352  -20
2.32115941  0.202701  3.245938  0.1  352  -18
2.32116846  0.201143  3.196236  0.1  178  -36
2.32116802  0.201466  3.206498  0.4  177  -36
2.32125619  0.211871  3.546272  0.7   70  -56
2.32125535  0.212594  3.570500  0.1   85  -59
2.32125614  0.210959  3.515805  0.1  286  -58
2.32133821  0.227148  4.076093  2.4  181  -51
2.32135363  0.225579  4.019993  1.0  288  -53
2.32134788  0.225597  4.020621  0.1  310  -25
2.32142950  0.228119  4.111017  0.1  337   32
2.32142701  0.227345  4.083177  0.1  160   18
2.32142215  0.237758  4.465798  2.5   14    6
2.32152106  0.232554  4.272427  1.9  114  -18
2.32152418  0.232511  4.270838  1.3  112  -20
2.32152553  0.233161  4.294757  1.8  294  -13
2.32156048  0.230437  4.194999  0.1  170   37
2.32165798  0.223024  3.929430  2.2  203  125
2.32165777  0.224900  3.995804  1.6   66   55
2.32166060  0.224092  3.967157  2.8   51   63
2.32165620  0.219706  3.813387  0.0  263   62
2.32173406  0.230216  4.186960  0.1  350   14
2.32173888  0.230252  4.188276  0.3  350   10
2.32181604  0.226532  4.054012  1.5   42   46
2.32182473  0.218685  3.778039  1.3   22   34
2.32183000  0.216782  3.712572  0.4   19   38
2.32182960  0.216790  3.712821  0.6   18   37
2.32191816  0.227791  4.099198  0.4  163  -28
2.32192310  0.226712  4.060465  0.8  151    8
2.32191981  0.226505  4.053060  0.6  160  -36
2.32200632  0.219351  3.801060  3.3    5   -8
2.32200702  0.220322  3.834812  3.0  188  -22
2.32207841  0.211742  3.541943  0.5  292   39
2.32208652  0.214417  3.631988  2.4    1   42
2.32207867  0.212088  3.553525  0.3  290   41
2.32207925  0.214749  3.643248  0.4  112   43
2.32216531  0.218247  3.762910  0.0   80   35
2.32217519  0.213778  3.610392  0.1  270   50
2.32217560  0.213083  3.586942  0.0  279   55
2.32226312  0.211811  3.544246  2.6    7   18
2.32226351  0.212085  3.553420  2.0  183   13
2.32226827  0.211554  3.535661  4.2  192   -5
2.32236880  0.203802  3.281291  1.9  124  -31
2.32237447  0.202248  3.231450  0.1  299  -36
2.32237378  0.203464  3.270399  0.1  298  -37
2.32237423  0.202995  3.255362  0.0  297  -36
2.32244507  0.213222  3.591621  1.0  122    8
2.32244542  0.213154  3.589327  1.0  121    8
2.32245578  0.232555  4.272481  5.7  331  -14
2.32251280  0.231985  4.251531  1.5  346   22
2.32254485  0.231964  4.250771  0.8  113  -39
2.32261532  0.210676  3.506357  2.1  128  -46
2.32261149  0.211151  3.522204  1.8  317  -37
2.32261602  0.210706  3.507376  1.6  126  -50
2.32262035  0.227291  4.081227  2.7  107  -29
2.32268579  0.233442  4.305109  2.8  310   43
2.32271051  0.233985  4.325157  1.4  176  -27
2.32276273  0.236248  4.409224  0.4   98   19
2.32280356  0.230833  4.209421  1.6  291  -39
2.32280407  0.230293  4.189748  0.1  281  -30
2.32289171  0.229802  4.171923  1.8  284  -55
2.32288170  0.227217  4.078565  2.4   47  -66
2.32288220  0.228075  4.109452  2.0   72  -67
2.32289303  0.228196  4.113785  1.5  104  -63
2.32289419  0.229804  4.171996  1.6  304  -58
2.32297875  0.239100  4.516330  2.2   60    5
2.32301635  0.227713  4.096419  2.0  191  -29
2.32301891  0.228641  4.129858  2.2  192  -27
2.32311195  0.231758  4.243221  0.6   28   -4
2.32310399  0.228262  4.116193  0.5  205  -10
2.32310486  0.228039  4.108132  0.1  209   -9
2.32317699  0.236028  4.401023  0.4   15    4
2.32318698  0.229355  4.155692  4.0  312   24
2.32320182  0.231805  4.244949  2.7  183   32
2.32320175  0.231569  4.236322  2.5  183   31
2.32327797  0.227578  4.091554  0.1  348   13
2.32328476  0.227397  4.085039  0.0  263   27
2.32333846  0.225430  4.014682  0.0  186   51
2.32335921  0.226194  4.041928  2.8   12   32
2.32336323  0.225081  4.002263  0.3  198   14
2.32336341  0.227741  4.097400  2.3  186   22
2.32345094  0.228575  4.127494  2.6  186   39
2.32350789  0.227309  4.081877  0.1   94  140
2.32352948  0.224487  3.981170  5.2  186   -3
2.32354235  0.224353  3.976407  4.1  173  -32
2.32354441  0.222219  3.901114  4.7  180  -34
2.32354752  0.223202  3.935720  4.9  189  -40
2.32362973  0.229632  4.165731  3.2  179   -6
2.32362096  0.229061  4.145038  3.2  358   14
2.32369796  0.228128  4.111346  0.6  339   -1
2.32371393  0.226655  4.058416  0.4  341   -8
2.32371741  0.227513  4.089227  2.0  153  -18
2.32372340  0.225696  4.024142  1.4  111  -43
2.32377958  0.229865  4.174205  0.2  169   22
2.32386039  0.219744  3.814723  0.2  110   35
2.32386289  0.224668  3.987578  2.0   66   55
2.32386162  0.224536  3.982909  2.0  264  128
2.32386704  0.226426  4.050226  1.3  175   47
2.32395816  0.227530  4.089822  1.2  175  -12
2.32396886  0.226489  4.052490  2.4  184  -19
2.32398119  0.225744  4.025878  0.8  188  -23
2.32398147  0.227996  4.106596  1.9  189  -44
2.32403819  0.222736  3.919303  2.8  320   16
2.32404846  0.223164  3.934376  0.1  151    7
2.32412588  0.224574  3.984247  0.2  165  -21
2.32412678  0.224859  3.994373  0.9  162  -20
2.32413919  0.225162  4.005152  1.6    2  -39
2.32422317  0.219810  3.816983  1.3  289  -45
2.32422399  0.219225  3.796696  0.9  291  -42
2.32422411  0.220170  3.829512  1.4   91  -48
2.32430697  0.228767  4.134405  0.5  273  -50
2.32430670  0.226407  4.049533  0.2   81  -44
2.32430637  0.229249  4.151864  0.5   67  -49
2.32438865  0.235291  4.373573  1.0   22  -18
2.32439557  0.235539  4.382806  0.1  295   60
2.32439714  0.236686  4.425601  0.0  194  -47
2.32446018  0.237869  4.469958  0.1  122   49
2.32445882  0.240082  4.553520  0.3  111   48
2.32453447  0.234608  4.348222  0.2  285   19
2.32453117  0.239878  4.545757  0.2  195  -52
2.32453700  0.234549  4.346043  0.6  105   15
2.32459739  0.235544  4.382984  3.0  109   53
2.32459892  0.235950  4.398104  2.8  274   59
2.32460462  0.237305  4.448783  3.3   94   58
2.32470302  0.235113  4.366984  2.9  194   38
2.32470320  0.235208  4.370495  2.6  197   40
2.32471375  0.236980  4.436587  0.6   40   27
2.32475707  0.238043  4.476476  1.2  238   36
2.32479239  0.237096  4.440935  0.3  289  -36
2.32482024  0.238843  4.506618  1.5  297  -51
2.32482442  0.233524  4.308128  0.7  111  -55
2.32488510  0.232242  4.260981  1.2  164   10
2.32488847  0.231661  4.239664  0.5  163    9
2.32496836  0.233254  4.298186  1.3  283   19
2.32496943  0.233679  4.313853  1.3  107   18
2.32496769  0.233227  4.297205  2.4  138   33
2.32497537  0.234057  4.327813  2.0  285   30
2.32507218  0.235494  4.381148  1.0  303  -23
2.32514807  0.225498  4.017095  1.2  117  -16
2.32514684  0.226356  4.047727  1.7  118  -15
2.32514259  0.226228  4.043141  2.0  301  -11
2.32514742  0.226658  4.058534  1.9  118  -16
2.32519846  0.233179  4.295441  1.0   50   44
2.32522829  0.235402  4.377708  1.0  324  -17
2.32529507  0.231102  4.219256  0.8  357   61
2.32529533  0.226298  4.045656  0.7    3   53
2.32529596  0.225798  4.027778  0.6  184   41
2.32528998  0.225521  4.017929  0.0    6   50
2.32535020  0.225481  4.016478  0.2  270  111
2.32541601  0.229727  4.169198  0.9   52  -28
2.32542544  0.226017  4.035626  0.0   55  -26
2.32548593  0.230311  4.190416  0.6   16  -31
2.32548347  0.231384  4.229540  0.8  196  -42
2.32550102  0.235061  4.365059  2.1  188  -40
2.32555618  0.233117  4.293149  0.0   34  -56
2.32555057  0.233503  4.307371  0.0  223  -83
2.32561031  0.235585  4.384536  0.1  278  -59
2.32565373  0.233326  4.300843  0.6   26  -55
2.32567476  0.222663  3.916729  1.1  271 -168
2.32567478  0.222754  3.919922  1.3  271 -168
2.32567033  0.224430  3.979124  1.6  277  -16
2.32566866  0.225041  4.000841  1.3   92  -19
2.32579025  0.235227  4.371192  0.8  206   59
2.32579000  0.237585  4.459269  1.7   42   65
2.32586116  0.231717  4.241720  2.9   96    1
2.32587170  0.231185  4.222264  2.9  100    4
2.32590013  0.228214  4.114449  2.1  111   27
2.32589965  0.228900  4.139233  2.3  111   26
2.32594989  0.236644  4.424026  0.0  289  -45
2.32598789  0.236753  4.428121  0.4  299  -50
2.32599507  0.235269  4.372773  1.8   21  -44
2.32603466  0.228238  4.115323  1.1  294   50
2.32604230  0.232317  4.263708  0.9  279   40
2.32609747  0.235809  4.392870  1.4  294   63
2.32609857  0.233736  4.315980  0.0  146   72
2.32613450  0.238677  4.500371  2.6  305  -63
2.32618701  0.237489  4.455680  2.4  194   35
2.32622234  0.234039  4.327179  2.6  206   41
2.32627024  0.230108  4.183020  1.2  106  -33
2.32624865  0.229365  4.156055  1.8   37   64
2.32624983  0.229059  4.144979  1.3   37   66
2.32633142  0.223312  3.939584  0.2   66   65
2.32633281  0.224684  3.988151  0.1   69   69
2.32634344  0.226168  4.041016  0.8  301   34
2.32642948  0.228160  4.112514  0.1  101   -9
2.32642805  0.222264  3.902690  0.0  277    5
2.32642739  0.222047  3.895092  0.1  280    8
2.32647630  0.233571  4.309883  0.4  287   -5
2.32653132  0.235720  4.389538  3.3  338  -37
2.32659398  0.227058  4.072869  0.8  282    4
2.32660035  0.222818  3.922196  0.1  111   -4
2.32661866  0.226334  4.046947  1.6  305  -15
2.32664741  0.226672  4.059042  0.3  107   30
2.32666542  0.226242  4.043652  1.5  117   33
2.32667305  0.228904  4.139367  1.0   20   52
2.32674755  0.227231  4.079072  0.9   57  -38
2.32674442  0.227411  4.085553  0.7   58  -52
2.32678351  0.228665  4.130735  0.4   69  -34
2.32679248  0.224651  3.986969  0.2  314  -40
2.32683611  0.225629  4.021777  2.8  283   30
2.32684299  0.228222  4.114754  4.4  264   20
2.32689390  0.231275  4.225559  0.3  199  -55
2.32689439  0.230373  4.192676  0.1  204  -65
2.32695715  0.230298  4.189921  2.2  169   25
2.32699009  0.225673  4.023341  0.2   83   42
2.32698777  0.232837  4.282835  2.1   11   63
2.32699559  0.226480  4.052179  0.6   80   40
2.32709697  0.236705  4.426325  2.8  314   50
2.32711298  0.233558  4.309396  3.6  192   34
2.32715059  0.229282  4.153065  1.4  290  -12
2.32714850  0.225249  4.008248  0.7  106  -22
2.32715001  0.228312  4.117983  2.6  103  -23
2.32718971  0.233433  4.304796  2.0   95  -35
2.32728189  0.233029  4.289916  0.3   84   76
2.32728623  0.227807  4.099770  0.4  104   46
2.32728154  0.228005  4.106920  0.8  282   54
2.32732560  0.226630  4.057520  0.5  283  -38
2.32734477  0.226454  4.051238  0.6  282  -30
2.32735578  0.234865  4.357758  3.0  102  -12
2.32745901  0.218111  3.758227  0.2  288   -9
2.32745963  0.216056  3.687744  0.1  287  -10
2.32746057  0.215350  3.663684  0.0  286  -11
2.32746819  0.228011  4.107146  1.0  103  -12
2.32753885  0.234946  4.360775  0.1   96    3
2.32754213  0.235620  4.385821  0.6   50   61
2.32754284  0.234513  4.344715  0.1   50   61
2.32763606  0.224903  3.995928  1.2  189  -72
2.32763844  0.219272  3.798324  0.1  209  -56
2.32763195  0.222835  3.922788  0.0  297  -66
2.32769914  0.231530  4.234876  1.8  201  -51
2.32773632  0.232523  4.271284  0.0  197  -69
2.32773655  0.229431  4.158457  3.4  306  -49
2.32782949  0.225637  4.022045  0.0  297   45
2.32781691  0.229520  4.161667  1.2  193   50
2.32782997  0.223937  3.961688  3.7  128   47
2.32789918  0.228496  4.124613  2.0  207   59
2.32789234  0.228936  4.140511  0.6  107   14
2.32790639  0.234971  4.361711  2.4  150   60
2.32793517  0.233217  4.296818  1.4  196  -67
2.32801542  0.228203  4.114066  0.3  206   22
2.32803947  0.227216  4.078537  0.7  301  -53
2.32809035  0.221949  3.891659  0.6   98  -38
2.32809317  0.222824  3.922402  0.1  290  -34
2.32808684  0.226648  4.058191  1.7  106  -34
2.32808747  0.229010  4.143184  3.1  107  -26
2.32819103  0.228009  4.107054  0.1  209   52
2.32818487  0.230712  4.205027  0.1   39   67
2.32822227  0.233105  4.292700  5.6  311   14
2.32827907  0.225524  4.018024  5.2  274    7
2.32830484  0.224347  3.976206  1.8  285   42
2.32830516  0.224817  3.992873  1.9  287   41
2.32831957  0.228572  4.127356  3.1  301   46
2.32837990  0.230330  4.191108  0.7  195   53
2.32837421  0.229995  4.178927  0.6   88  -55
2.32844390  0.222651  3.916306  0.1   55  -40
2.32845868  0.223247  3.937291  0.0  249  -21
2.32845103  0.225310  4.010410  1.2  244  -38
2.32854243  0.228006  4.106961  0.1   61   69
2.32854311  0.226397  4.049203  0.5    1  -40
2.32854426  0.230089  4.182331  1.0   41   63
2.32854465  0.229803  4.171953  0.8   88   -8
2.32868163  0.227836  4.100823  0.1  106  -56
2.32868120  0.228561  4.126974  0.3  108  -53
2.32868112  0.230201  4.186407  0.0  303  -60
2.32873384  0.216290  3.695742  0.0  118   52
2.32873473  0.218856  3.783930  1.1  284   50
2.32873448  0.218955  3.787358  0.9  284   50
2.32878801  0.226703  4.060137  1.9  112  -42
2.32886264  0.222154  3.898846  0.0  194   38
2.32886399  0.223841  3.958265  0.2  194   38
2.32893553  0.213337  3.595506  0.4  102   22
2.32893546  0.213167  3.589770  0.1  102   22
2.32893596  0.213451  3.599341  0.2  103   23
2.32893566  0.213196  3.590741  0.1  103   22
2.32895960  0.222648  3.916199  3.2  139   51
2.32906071  0.212479  3.566632  1.4  157  -52
2.32906226  0.213934  3.615653  0.8  348  -46
2.32911134  0.214442  3.632853  0.2  281  -18
2.32912378  0.211265  3.525987  0.4   97   -1
2.32914601  0.210633  3.504950  0.4  290   14
2.32914739  0.210457  3.499096  0.1  291   12
2.32917121  0.228640  4.129826  0.9  296   11
2.32921005  0.232293  4.262849  0.6  147   60
2.32927305  0.223900  3.960382  0.5  182  -52
2.32928142  0.224354  3.976425  1.2  198  -50
2.32928898  0.229173  4.149110  1.9  308  -57
2.32933476  0.234070  4.328309  5.4  192    5
2.32937808  0.236459  4.417109  5.5    5   10
2.32938512  0.235181  4.369495  2.7  288   61
2.32949239  0.225658  4.022803  0.3  103  133
2.32949358  0.228395  4.120963  1.0  285   51
2.32949136  0.226047  4.036681  1.5  296   48
2.32955198  0.220089  3.826679  3.2  127   56
2.32955263  0.220787  3.850994  3.4  298   57
2.32955313  0.221604  3.879574  1.8  292   53
2.32961039  0.231656  4.239480  1.4  273  -49
2.32964882  0.228361  4.119739  0.5   52   54
2.32970502  0.227030  4.071855  1.9  288   55
2.32970473  0.226466  4.051646  2.0  288   54
2.32970370  0.226044  4.036572  0.5  275   54
2.32974852  0.226105  4.038737  0.4  280  -33
2.32975259  0.223904  3.960524  0.0  288  -32
2.32984428  0.226618  4.057105  0.9  346  -49
2.32984856  0.222933  3.926235  0.0  316  -40
2.32989345  0.219582  3.809067  2.4   40   41
2.32990295  0.217002  3.720102  0.8   37   40
2.32990335  0.224079  3.966692  1.6   41   47
2.32995696  0.231925  4.249356  0.2  270  -48
2.32998633  0.226910  4.067560  1.9  302   50
2.33006569  0.216396  3.699352  0.3   45   33
2.33006985  0.209096  3.453957  4.4  118   43
2.33007069  0.209481  3.466698  5.6  300   52
2.33006990  0.209724  3.474752  4.4  287   48
2.33017767  0.227545  4.090344  0.7  357  -27
2.33018121  0.228622  4.129166  0.9  175  -50
2.33019724  0.216770  3.712136  0.1   40  -50
2.33019499  0.213776  3.610328  0.6  207  -61
2.33025418  0.219348  3.800954  0.6  177  -13
2.33024664  0.219663  3.811908  2.2   16   -2
2.33025910  0.222572  3.913524  4.0  203  -29
2.33036593  0.230171  4.185334  1.4  111   38
2.33036650  0.226517  4.053480  1.0  118   48
2.33042603  0.217779  3.746782  6.3  316  -39
2.33042604  0.217835  3.748728  6.5  316  -38
2.33042991  0.217829  3.748518  6.9  316  -34
2.33043206  0.218018  3.755022  6.9  317  -34
2.33052453  0.217873  3.750031  0.5   16   43
2.33052952  0.217837  3.748769  4.0  194   17
2.33053186  0.217196  3.726762  2.6  189   15
2.33061880  0.214488  3.634405  4.4  168   -2
2.33061927  0.214501  3.634855  4.3  168   -2
2.33061877  0.214542  3.636237  4.4  168   -2
2.33067826  0.223320  3.939870  0.1  306   51
2.33071780  0.218893  3.785218  0.3   46  -36
2.33077732  0.222703  3.918116  4.6  196    8
2.33077817  0.221332  3.870046  4.6  196    8
2.33077837  0.221030  3.859481  4.0  197    7
2.33080070  0.218894  3.785251  0.4  204  -33
2.33088187  0.208572  3.436677  4.2  299  -37
2.33088014  0.208275  3.426887  3.7  303  -37
2.33088121  0.209838  3.478540  1.0  312  -39
2.33094799  0.226933  4.068388  4.6  205  -51
2.33096877  0.224340  3.975935  2.3   11  -46
2.33097198  0.223925  3.961259  1.0    9  -50
2.33104573  0.227131  4.075481  0.2   39  -41
2.33102932  0.233262  4.298471  2.8  309   53
2.33108048  0.225298  4.009986  1.4  192  -26
2.33109642  0.226111  4.038979  2.8  197  -33
2.33115487  0.224440  3.979498  2.9  319   44
2.33115785  0.223827  3.957772  3.8  144   33
2.33124040  0.228078  4.109530  0.6   37    2
2.33124633  0.223952  3.962205  0.3    5  -27
2.33125232  0.219971  3.822601  0.1    9  -38
2.33126606  0.223388  3.942285  0.2  201  -40
2.33133121  0.229569  4.163458  0.1   76   -7
2.33133627  0.227913  4.103615  0.0   75  -10
2.33139301  0.219990  3.823239  0.0  294  -59
2.33139371  0.220261  3.832667  0.0  296  -59
2.33140059  0.221036  3.859707  0.1  238  -45
2.33143270  0.220867  3.853807  0.1  250   44
2.33150066  0.227245  4.079579  1.6  193  -45
2.33150838  0.230473  4.196316  2.7  111  -52
2.33154124  0.231898  4.248355  1.2   14  -41
2.33157485  0.231097  4.219058  1.3   97  -43
2.33161725  0.233681  4.313954  3.9  192   -2
2.33161845  0.233529  4.308312  4.5   11    9
2.33165114  0.233772  4.317282  1.0  285   53
2.33170473  0.226433  4.050497  1.3  298   40
2.33170519  0.224649  3.986906  1.5  289   41
2.33173984  0.232485  4.269885  0.1  179   25
2.33179402  0.224003  3.964001  0.1    8   25
2.33180856  0.218105  3.758023  0.0    1   20
2.33187837  0.213206  3.591083  1.9   70   28
2.33188710  0.212212  3.557683  1.8  224   32
2.33188392  0.211481  3.533205  2.6   62   34
2.33189237  0.214097  3.621154  0.1  198   34
2.33196795  0.229820  4.172576  0.3  352   27
2.33200685  0.214595  3.638014  0.1   15  -84
2.33201906  0.207195  3.391454  0.4  282 -137
2.33201846  0.216100  3.689237  1.8  102  -52
2.33207775  0.214658  3.640179  2.0  113   10
2.33207926  0.215404  3.665497  3.0  125    4
2.33208071  0.213941  3.615899  2.9  122    6
2.33215247  0.225835  4.029099  2.2  171   20
2.33215647  0.224654  3.987083  1.6  171   22
2.33223932  0.212218  3.557878  2.0  135  -38
2.33223844  0.212925  3.581630  2.0  319  -29
2.33224008  0.212505  3.567522  2.4  133  -37
2.33230961  0.229914  4.175967  2.7  306   33
2.33231368  0.228255  4.115930  3.1  308   34
2.33235846  0.225782  4.027228  1.4  196  -55
2.33239883  0.222882  3.924451  2.5  199   53
2.33239814  0.223837  3.958141  2.1  220   55
2.33243473  0.227977  4.105902  0.0   97   40
2.33251881  0.226990  4.070420  4.5  319  -36
2.33251503  0.229220  4.150787  4.5  192  -64
2.33254328  0.223719  3.953956  0.4  187   34
2.33252376  0.226301  4.045753  2.5  211  -65
2.33263553  0.221879  3.889205  0.1  315   24
2.33263556  0.221052  3.860269  0.0  315   32
2.33263396  0.221232  3.866527  0.8  137   21
2.33263370  0.222121  3.897681  1.2  136   14
2.33273042  0.221275  3.868058  4.9  193   -5
2.33273070  0.220558  3.843035  4.9   13    7
2.33273725  0.221719  3.883602  4.8   13    4
2.33279181  0.221865  3.888709  0.2  125   35
2.33283955  0.227362  4.083782  1.0  202   45
2.33284025  0.227212  4.078416  1.3   41   57
2.33290133  0.224257  3.973004  4.2    9  -11
2.33291473  0.226948  4.068917  1.4  314   47
2.33291669  0.224292  3.974236  0.2  150   40
2.33300388  0.204303  3.297426  1.6  226   24
2.33300127  0.205349  3.331296  3.6  241  147
2.33300347  0.206199  3.358928  3.3   55   37
2.33301228  0.205546  3.337676  1.9  198   34
2.33309868  0.223772  3.955826  0.5  292  -47
2.33316231  0.211500  3.533848  0.0  307   36
2.33317999  0.211759  3.542512  0.5  191   -7
2.33317839  0.207750  3.409654  0.0    8    6
2.33317907  0.210011  3.484262  0.0  187   -4
2.33318220  0.212542  3.568738  0.3  188   -7
2.33326472  0.214083  3.620701  0.2  187   53
2.33326442  0.215107  3.655420  0.8  187   53
2.33335804  0.201422  3.205095  5.2  321   -8
2.33336275  0.199965  3.158893  6.5  134  -18
2.33336212  0.200089  3.162820  6.2  137  -17
2.33336196  0.199563  3.146213  6.1  137  -18
2.33344651  0.223918  3.960985  1.8  170  -19
2.33345094  0.230622  4.201725  5.2  188    1
2.33351724  0.214375  3.630582  0.0  204   40
2.33352339  0.218842  3.783438  2.2  189   42
2.33352444  0.219768  3.815532  2.0  189   36
2.33361192  0.213363  3.596378  5.8  323    5
2.33361320  0.215170  3.657564  6.4  143   -8
2.33368244  0.209865  3.479418  0.2  176   16
2.33368562  0.209288  3.460312  1.0  320   24
2.33368963  0.208401  3.431051  0.6  176    7
2.33368315  0.207486  3.400978  0.4  176   13
2.33377603  0.215068  3.654086  3.5  322   35
2.33377725  0.209948  3.482161  0.1  153   21
2.33377573  0.210619  3.504476  0.3  330   32
2.33387447  0.195129  3.007953  0.1  350  -36
2.33387717  0.196819  3.060292  0.3  172  -49
2.33387578  0.196077  3.037240  0.2  353  -37
2.33387360  0.199430  3.142017  1.0  339  -30
2.33396167  0.222014  3.893939  0.0  109  -43
2.33395966  0.219757  3.815153  0.1  304  -28
2.33400290  0.234024  4.326623  2.0   10  -30
2.33405279  0.230182  4.185727  1.0  164  -41
2.33404149  0.229499  4.160904  0.1  194  -68
2.33404351  0.230726  4.205537  0.2  220  -74
2.33413549  0.236630  4.423524  1.5  186  -30
2.33416065  0.230372  4.192642  0.3  289   49
2.33415970  0.231420  4.230863  0.9  289   47
2.33423253  0.232804  4.281608  0.4  196   44
2.33424068  0.232665  4.276499  0.1  190   37
2.33426273  0.235868  4.395057  2.1  194    7
2.33427358  0.236200  4.407441  1.8   14   -1
2.33435478  0.233840  4.319795  1.8  328   49
2.33436658  0.224441  3.979539  0.1   49   39
2.33438595  0.229142  4.147968  1.3  198   25
2.33443528  0.224518  3.982262  0.1  194  -30
2.33443429  0.225422  4.014374  0.4   12  -18
2.33444367  0.226851  4.065444  0.1  198  -28
2.33453658  0.212670  3.573048  0.5  204   36
2.33453907  0.207142  3.389708  0.0  198   35
2.33454439  0.208588  3.437197  0.7  189   30
2.33461793  0.203358  3.266991  1.4   84   48
2.33462074  0.206556  3.370557  0.7  199   67
2.33461932  0.201910  3.220654  0.2  101   42
2.33472052  0.206883  3.381236  1.2  353   -3
2.33472049  0.207172  3.390699  1.5  355   -4
2.33472343  0.208435  3.432174  1.0  176  -23
2.33479838  0.200182  3.165761  1.9  142    3
2.33479726  0.198895  3.125169  2.3  140    5
2.33479700  0.198821  3.122840  1.7  140    5
2.33479700  0.199035  3.129574  1.4  140    4
2.33488751  0.209694  3.473746  0.3  353  -19
2.33488733  0.211177  3.523066  1.8  353  -19
2.33497858  0.208619  3.438233  2.3  332  -18
2.33497367  0.211159  3.522476  0.1  192    0
2.33497207  0.211100  3.520487  0.2  192    5
2.33505932  0.199917  3.157377  1.0  340   33
2.33505636  0.201179  3.197371  0.5  359   64
2.33505453  0.203459  3.270254  0.1  223   89
2.33505867  0.201593  3.210536  1.1  340   27
2.33514958  0.213334  3.595384  2.6  161    9
2.33514486  0.212220  3.557934  0.1  296   24
2.33515150  0.215032  3.652853  1.4  174  -12
2.33524119  0.204733  3.311347  0.0  190  -10
2.33524069  0.204194  3.293929  0.0  191   -9
2.33524301  0.205395  3.332769  0.0  188  -11
2.33532403  0.218149  3.759523  1.4  338   12
2.33532589  0.217808  3.747772  0.1  339   13
2.33541318  0.212441  3.565367  1.4  188  -57
2.33541461  0.212271  3.559662  1.5  189  -55
2.33541737  0.212200  3.557269  1.0  195  -68
2.33542020  0.219309  3.799612  0.4   94  -46
2.33550375  0.221951  3.891729  2.3  185    4
2.33550950  0.220038  3.824919  2.2  176   -8
2.33550615  0.220943  3.856452  1.4  355    0
2.33550632  0.221146  3.863550  1.5  356    0
2.33559653  0.225027  4.000338  0.0  332   18
2.33564761  0.223081  3.931454  0.3  283   49
2.33567600  0.218217  3.761879  1.0  198   -8
2.33568231  0.214892  3.648105  0.0  192  -11
2.33573646  0.211117  3.521059  1.8   66   38
2.33573764  0.210576  3.503040  1.4  237   30
2.33574517  0.215699  3.675560  1.1  175   47
2.33582316  0.221979  3.892691  0.8   11   -5
2.33584538  0.216248  3.694308  0.5  196  -38
2.33590808  0.208105  3.421307  0.2  200   15
2.33590770  0.207128  3.389270  2.1   13   22
2.33590947  0.205303  3.329809  2.4  189   10
2.33595307  0.224518  3.982274  0.1   75  -47
2.33600544  0.205851  3.347587  0.0  170  -61
2.33600599  0.205903  3.349303  0.0  178  -66
2.33608947  0.201353  3.202904  1.0   11  -14
2.33608774  0.200484  3.175300  1.0   12  -11
2.33608867  0.200548  3.177343  2.4   11  -15
2.33608812  0.198920  3.125950  1.7   12  -10
2.33609029  0.204695  3.310111  2.6  191  -26
2.33618471  0.208933  3.448582  1.0  176   28
2.33618563  0.207461  3.400159  0.2  178   31
2.33626009  0.209097  3.454007  1.0  335   17
2.33626745  0.205529  3.337121  0.0  167   16
2.33626601  0.204217  3.294657  0.1  165   18
2.33634924  0.207146  3.389842  1.2  184   18
2.33634923  0.207151  3.390027  1.2  184   18
2.33643333  0.203380  3.267725  1.7  363   30
2.33643341  0.198568  3.114903  0.1    2   24
2.33643439  0.200924  3.189269  1.4    0   23
2.33643310  0.199368  3.140051  1.5    7   33
2.33652820  0.204077  3.290147  2.3  346    2
2.33653610  0.206905  3.381972  1.5  172  -27
2.33653689  0.209954  3.482377  0.7  201  -49
2.33662461  0.212017  3.551149  0.0  112   56
2.33662714  0.212418  3.564590  0.8  100   65
2.33662472  0.213202  3.590959  0.3  270   56
2.33662654  0.213135  3.588712  0.0  278  112
2.33671008  0.218803  3.782088  1.6  159    6
2.33671851  0.219059  3.790948  4.1  147   12
2.33679026  0.211025  3.517978  5.6  161   -8
2.33685018  0.211804  3.544014  0.5  297   31
2.33685545  0.209405  3.464184  1.6  305   42
2.33687464  0.202851  3.250742  1.2  181   23
2.33687456  0.200872  3.187619  0.7  183   24
2.33687436  0.203702  3.278070  0.1  183   24
2.33698311  0.202180  3.229276  0.0  260  -49
2.33698438  0.202983  3.254976  0.3  276  -56
2.33698420  0.201574  3.209927  0.2  275  -55
2.33699111  0.197414  3.078803  0.2  254  -29
2.33706994  0.204194  3.293904  1.2  359  -42
2.33707759  0.204768  3.312465  1.0    7  -44
2.33707383  0.207198  3.391552  1.4  294  -50
2.33720834  0.205296  3.329555  2.0  187  -42
2.33720827  0.203440  3.269632  2.2  187  -42
2.33720848  0.204538  3.305027  2.5    5  -32
2.33721915  0.203926  3.285289  2.6  336 -115
2.33721461  0.204261  3.296085  2.8  189  -58
2.33729628  0.220546  3.842617  0.8  318  -21
2.33729627  0.217523  3.737974  0.1  318  -22
2.33736583  0.219511  3.806611  1.4   10  -29
2.33737155  0.220023  3.824397  0.1  190  -41
2.33746528  0.211714  3.540998  0.1  202   25
2.33746419  0.210491  3.500216  0.6  198   21
2.33746524  0.208923  3.448241  0.2   15   31
2.33754153  0.208100  3.421130  0.1  288 -145
2.33753970  0.207097  3.388250  0.1  300  -29
2.33754165  0.206403  3.365570  0.2  300  -26
2.33754193  0.204951  3.318381  0.0  300  -26
2.33764544  0.208436  3.432207  0.9  190   -3
2.33764440  0.209186  3.456952  1.0  190   -1
2.33772714  0.202275  3.232301  0.1  183    8
2.33772694  0.208374  3.430147  1.3    2   22
2.33772892  0.201127  3.195720  0.1  181   10
2.33773230  0.204183  3.293563  0.2  178    5
2.33781939  0.200946  3.189974  0.0    5   -8
2.33781566  0.200327  3.170347  0.7  187   -9
2.33781587  0.199881  3.156253  0.3  188  -10
2.33789067  0.199995  3.159846  0.0  327   28
2.33789626  0.197783  3.090320  0.1  359   20
2.33797211  0.185447  2.716861  0.8  288   36
2.33797174  0.183548  2.661511  0.6  288   35
2.33797162  0.185817  2.727696  0.2  288   36
2.33798196  0.194779  2.997162  3.1  142   23
2.33800029  0.204302  3.297417  2.3   98  -51
2.33809004  0.208401  3.431053  0.3  172  -35
2.33816186  0.201336  3.202360  1.0  193   -4
2.33815703  0.192984  2.942198  0.0  189   -1
2.33815734  0.195542  3.020703  0.0  189    0
2.33816410  0.203077  3.257982  0.3  196   -6
2.33823811  0.206118  3.356295  0.5  182   29
2.33823933  0.207034  3.386191  0.4  182   29
2.33824026  0.208052  3.419571  1.0  183   28
2.33833725  0.186601  2.750764  0.1  196  -52
2.33834024  0.185110  2.706986  0.0  198  -53
2.33834013  0.185726  2.725037  0.1  203  -53
2.33841901  0.199695  3.150370  0.0  158   -8
2.33841543  0.202829  3.250043  3.0  324    3
2.33841566  0.203633  3.275858  0.3  334    1
2.33851718  0.210250  3.492189  0.0  149   -8
2.33851736  0.208603  3.437696  0.0  149   -8
2.33859410  0.218684  3.777989  0.1  169  -34
2.33859386  0.209413  3.464451  1.4  308  -24
2.33859405  0.210252  3.492272  0.9  118  -32
2.33866502  0.220895  3.854758  1.9  310  -17
2.33866212  0.218925  3.786313  5.3  313    0
2.33867573  0.221275  3.868053  0.0   76  -27
2.33869218  0.219935  3.821345  2.6  110  -20
2.33876571  0.218304  3.764885  0.9  197  -35
2.33876776  0.217868  3.749846  1.6  200  -34
2.33884353  0.208090  3.420815  2.7  201   11
2.33884509  0.207568  3.403673  1.1  184   17
2.33884830  0.210296  3.493742  0.0  192    6
2.33884954  0.208572  3.436681  1.7  193    2
2.33893594  0.209931  3.481611  0.5  167  -31
2.33900772  0.206985  3.384590  0.0  345   19
2.33901995  0.199134  3.132693  0.3  192  -19
2.33902122  0.200087  3.162757  0.3  192  -20
2.33902015  0.199131  3.132598  0.2  193  -18
2.33903340  0.209389  3.463671  2.7  148  -39
2.33909254  0.220452  3.839313  3.0  306   36
2.33910392  0.227276  4.080695  3.1  165   42
2.33917656  0.220851  3.853224  2.6  198  -12
2.33918430  0.217349  3.732023  2.4   17  -11
2.33926638  0.219877  3.819327  2.5   19   41
2.33926636  0.221059  3.860506  1.6   19   41
2.33926719  0.220342  3.835491  2.3   21   41
2.33934883  0.201337  3.202381  0.6  278   54
2.33934873  0.200861  3.187262  0.5  278   53
2.33934698  0.201056  3.193449  0.6  166   56
2.33934891  0.199061  3.130389  1.7  313  131
2.33943903  0.206838  3.379764  0.1    4   37
2.33944319  0.208768  3.443147  0.6  352   39
2.33952830  0.199527  3.145076  5.8  322   15
2.33952904  0.198537  3.113928  5.4  323   16
2.33952898  0.198537  3.113936  5.4  323   16
2.33952855  0.198419  3.110237  5.7  319   17
2.33961648  0.215584  3.671626  0.2   15   -1
2.33963124  0.214379  3.630700  1.0  193  -29
2.33963401  0.213478  3.600266  0.1  194  -32
2.33971570  0.202393  3.236071  3.7  311  -20
2.33971494  0.202564  3.241535  3.2  309  -21
2.33971611  0.203211  3.262287  3.7  309  -20
2.33971667  0.209801  3.477315  2.9  117  -27
2.33980040  0.215440  3.666732  2.2  347  -12
2.33980169  0.214518  3.635425  2.1  173  -34
2.33987307  0.214826  3.645879  1.2  297   30
2.33988917  0.219840  3.818053  2.3  174  -53
2.33989714  0.215647  3.673795  3.5  306   34
2.33998171  0.214435  3.632620  3.0  187  -13
2.33998168  0.214147  3.622854  2.9  187  -12
2.33999215  0.215039  3.653101  1.0  189  -22
2.34005811  0.209539  3.468606  2.2  123  -35
2.34005728  0.209042  3.452199  2.1  125  -32
2.34007091  0.210440  3.498504  2.6  124  -28
2.34008134  0.212348  3.562229  2.1  120  -28
2.34015149  0.222470  3.909957  2.0  193  -45
2.34015261  0.222200  3.900470  1.2  192  -45
2.34020864  0.220498  3.840946  0.0   10  -10
2.34023601  0.223295  3.938976  0.4  279  -51
2.34030218  0.219491  3.805939  2.0    4  -10
2.34030163  0.219865  3.818919  2.1  183  -21
2.34037668  0.217888  3.750522  2.1  191   18
2.34030776  0.219172  3.794889  0.4  213  -17
2.34038050  0.219157  3.794348  2.3    7   32
2.34037983  0.215641  3.673595  3.1   14   33
2.34038143  0.216313  3.696526  2.6  188   16
2.34048132  0.220839  3.852802  1.3    7 -130
2.34048320  0.221040  3.859842  1.7  188  -49
2.34055550  0.216303  3.696163  0.8    5    5
2.34055778  0.213663  3.606488  2.2  358   11
2.34056018  0.216257  3.694584  2.3  179   -7
2.34064395  0.226524  4.053736  0.5  334   15
2.34064073  0.223120  3.932809  1.6  320   -9
2.34064615  0.225815  4.028410  0.7  322  -11
2.34073972  0.216553  3.704718  4.2  179   -5
2.34074250  0.216596  3.706199  3.8  176   -6
2.34074354  0.220805  3.851649  3.5  177   -1
2.34083013  0.213641  3.605750  1.4  175   46
2.34082768  0.216497  3.702819  0.9  357   52
2.34082364  0.211939  3.548535  0.1  265   39
2.34091529  0.204892  3.316485  1.4  168   14
2.34091452  0.203486  3.271103  1.9  168   14
2.34091520  0.204302  3.297421  2.0  168   14
2.34100684  0.204221  3.294777  0.0  340   15
2.34100660  0.196668  3.055591  0.2  156    3
2.34100697  0.197905  3.094133  1.7  159    1
2.34100701  0.200905  3.188668  0.0  163    2
2.34108807  0.207617  3.405292  0.0  345   -7
2.34117806  0.196406  3.047457  0.1  332   -8
2.34117644  0.198913  3.125744  0.0  333   -7
2.34119625  0.197081  3.068435  2.3  121  -24
2.34119768  0.197076  3.068275  4.5  313  -14
2.34119719  0.195120  3.007685  2.3  124  -23
2.34127356  0.210397  3.497094  0.5  158   -3
2.34127422  0.210501  3.500552  0.3  159   -1
2.34136248  0.210199  3.490491  0.1  173  -34
2.34136172  0.210595  3.503666  0.0  173  -34
2.34136248  0.210368  3.496129  0.1  173  -35
2.34136548  0.218227  3.762222  0.3  189  -44
2.34144950  0.220121  3.827810  0.1  335  -26
2.34145104  0.220308  3.834325  1.6  119  -35
2.34145317  0.219974  3.822689  1.2  119  -33
2.34155939  0.216407  3.699734  0.3  291    5
2.34156026  0.214871  3.647397  0.0  291   11
2.34155966  0.215822  3.679737  0.7  294 -184
2.34157660  0.221068  3.860807  0.9  295   21
2.34162080  0.224067  3.966281  0.0  293   13
2.34167747  0.225291  4.009720  0.1    1  -10
2.34175119  0.218761  3.780665  5.5  152    8
2.34174923  0.216463  3.701646  5.2  330   15
2.34175001  0.216043  3.687282  5.3  330   16
2.34175072  0.215582  3.671559  5.2  332   17
2.34181316  0.222372  3.906482  0.4    1  -51
2.34182251  0.225655  4.022707  0.4    8  -46
2.34184471  0.227923  4.103947  2.9  309 -154
2.34194691  0.221246  3.867037  4.6  196   23
2.34195372  0.219076  3.791544  2.8  338   69
2.34195444  0.218462  3.770332  3.1  173   59
2.34195413  0.218201  3.761309  3.0  172   59
2.34201719  0.225185  4.005956  2.6  305   51
2.34202025  0.226669  4.058943  2.7  301   50
2.34211043  0.223812  3.957266  4.7  261   52
2.34212821  0.217781  3.746861  4.3  198    8
2.34212926  0.214554  3.636626  4.5  196   11
2.34212928  0.214453  3.633202  4.4  196   11
2.34219604  0.215390  3.665044  0.4  168   10
2.34220837  0.214203  3.624736  0.1  169  -10
2.34229763  0.206550  3.370364  5.2  201  -20
2.34229840  0.206445  3.366957  4.9  200  -19
2.34229686  0.207551  3.403130  5.1   17   -7
2.34236483  0.214622  3.638935  0.3  171   42
2.34237089  0.213485  3.600503  1.6    9   46
2.34237196  0.213674  3.606882  2.1   11   46
2.34240213  0.229391  4.156996  1.9  164   30
2.34246041  0.217000  3.720016  2.1  351  -13
2.34247372  0.224271  3.973485  3.6  181  -32
2.34254569  0.221491  3.875589  4.6  327   55
2.34254085  0.226560  4.055035  5.0   16   24
2.34261910  0.222469  3.909892  0.2  269   29
2.34261862  0.218308  3.765002  0.2  275   33
2.34264582  0.217153  3.725267  0.0  155  -25
2.34264859  0.216427  3.700418  0.1  155  -22
2.34271442  0.215578  3.671431  1.6  310   26
2.34271483  0.217244  3.728405  1.8  309   26
2.34271532  0.218685  3.778015  1.1  309   22
2.34273430  0.218865  3.784251  0.9  337  -19
2.34279518  0.220785  3.850927  1.8   16   28
2.34282000  0.220305  3.834211  2.5  173   13
2.34289273  0.224976  3.998514  5.5  349   -7
2.34292478  0.220224  3.831393  1.9  297 -130
2.34292341  0.224090  3.967085  0.1   97  -59
2.34291949  0.224212  3.971424  4.2  126  -35
2.34297782  0.225720  4.025005  6.4  315 -170
2.34305961  0.224773  3.991307  5.9  179   -6
2.34304945  0.224236  3.972269  0.5   45  -53
2.34307929  0.225258  4.008549  0.3  265  -38
2.34307591  0.223594  3.949541  0.4   71  -35
2.34307766  0.225685  4.023777  0.6  217  -68
2.34316290  0.231373  4.229133  0.9  297  -42
2.34316758  0.230454  4.195617  1.2  113  -41
2.34322733  0.222985  3.928059  0.0  341    5
2.34323994  0.225748  4.026024  0.1  169  -29
2.34323394  0.224370  3.977005  0.1  346  -13
2.34331661  0.228362  4.119772  1.7  191   45
2.34332448  0.223765  3.955579  1.2  196   31
2.34333567  0.227967  4.105540  0.1  171   31
2.34341829  0.225667  4.023130  2.1  205  -36
2.34341741  0.228622  4.129190  3.1  183  -51
2.34349369  0.219178  3.795075  1.3  203   -5
2.34350047  0.213238  3.592154  0.1  201   -3
2.34350091  0.216305  3.696253  0.7  199   -6
2.34350019  0.216925  3.717457  1.0  199   -6
2.34357717  0.233272  4.298850  0.2  172  -26
2.34360049  0.232033  4.253316  0.5  205  -39
2.34367130  0.215088  3.654772  0.2   16   -4
2.34367617  0.210237  3.491754  0.0  197  -61
2.34367052  0.214131  3.622312  0.0   15   -0
2.34366982  0.216445  3.701025  1.8   16  -11
2.34375980  0.233125  4.293440  0.6  172  -37
2.34378170  0.226267  4.044538  0.0  292  -53
2.34377876  0.230324  4.190870  2.1  314  -50
2.34385700  0.235812  4.392983  0.4  178  -14
2.34385763  0.234793  4.355098  1.4  357    4
2.34393172  0.229612  4.165025  2.2   15   21
2.34393183  0.225334  4.011251  1.3   16   20
2.34393397  0.227669  4.094825  1.7  192   17
2.34393473  0.223592  3.949466  0.0  198    7
2.34402007  0.236431  4.416071  0.9  169  -10
2.34402314  0.236772  4.428834  1.4  167  -15
2.34410491  0.221582  3.878789  0.5  168    9
2.34410707  0.220324  3.834884  0.3    1   11
2.34411061  0.220766  3.850256  0.8  181   -1
2.34411237  0.223150  3.933890  1.5    8    7
2.34419010  0.227841  4.100998  0.2  173   -7
2.34419515  0.232137  4.257117  1.2  144   25
2.34429892  0.217700  3.744081  0.7  356  -55
2.34429304  0.215032  3.652866  0.2  153  -49
2.34429919  0.214121  3.621966  1.1  111  -38
2.34430022  0.213132  3.588583  0.9  110  -38
2.34438744  0.225345  4.011651  0.0  154  -44
2.34437556  0.226500  4.052871  2.8  144   -6
2.34444655  0.220940  3.856343  3.2  306   44
2.34444584  0.224421  3.978809  1.3  271   55
2.34444537  0.220375  3.836662  2.4  290   45
2.34450399  0.231258  4.224932  0.9   90   50
2.34455009  0.231817  4.245381  0.2  186  -32
2.34456412  0.228512  4.125215  0.2  168  -50
2.34460751  0.228124  4.111201  1.2  325   67
2.34464932  0.227534  4.089954  0.9   41  -68
2.34468203  0.221895  3.889768  0.7  291   42
2.34468380  0.219488  3.805817  0.3  290   37
2.34468719  0.223404  3.942833  1.2  297   41
2.34475448  0.224453  3.979962  3.5  276 -138
2.34475654  0.224850  3.994053  4.3  107  -43
2.34480518  0.226857  4.065661  2.2   32  -56
2.34481281  0.225615  4.021270  1.5   57  -55
2.34486281  0.229633  4.165759  1.5   62   50
2.34489950  0.227824  4.100384  0.1  281   -8
2.34489770  0.229437  4.158660  1.0  284  -12
2.34493528  0.229719  4.168904  1.9  192  -32
2.34493811  0.233095  4.292325  0.2   36  -39
2.34505165  0.231384  4.229550  1.3  200    7
2.34504571  0.233882  4.321354  3.1  193   15
2.34507010  0.230460  4.195827  3.1  201   18
2.34507740  0.231001  4.215537  2.3   27   27
2.34509707  0.231394  4.229900  0.9  208  -44
2.34513237  0.235187  4.369720  1.3   40   58
2.34519052  0.235444  4.379284  1.8  186  -15
2.34521293  0.223698  3.953237  0.0  175   41
2.34529453  0.215667  3.674456  0.6  245   35
2.34524133  0.222288  3.903557  0.4  175   -5
2.34531187  0.199115  3.132103  0.0  203   38
2.34531197  0.200359  3.171360  0.1   24   50
2.34532701  0.212278  3.559902  0.2  186   30
2.34542850  0.216983  3.719459  1.5  276  -58
2.34543308  0.214112  3.621658  1.6   93  -54
2.34543339  0.214471  3.633821  1.6  296  -53
2.34544042  0.216455  3.701375  1.5  205  -61
2.34550322  0.229855  4.173817  0.1   64  -27
2.34551924  0.230728  4.205585  0.0   66  -20
2.34557154  0.217536  3.738433  0.0   65  -28
2.34559715  0.218694  3.778326  0.1  264   44
2.34559611  0.219216  3.796412  0.8   96   45
2.34565197  0.224619  3.985849  3.1  293  -40
2.34565162  0.224344  3.976084  2.9  294  -41
2.34574366  0.227519  4.089444  0.0   59   36
2.34575071  0.230298  4.189943  3.4  314   20
2.34576134  0.226994  4.070589  4.2   14   33
2.34580646  0.220671  3.846952  2.6  308  -47
2.34580206  0.220503  3.841105  3.0  114  -56
2.34580520  0.220551  3.842763  2.7  114  -51
2.34584782  0.230121  4.183498  0.1  174   22
2.34591099  0.231899  4.248397  3.6  316  -46
2.34596304  0.216808  3.713459  0.3   51  -64
2.34596651  0.215001  3.651824  1.9  305  -61
2.34596893  0.213233  3.592008  1.0  310  -58
2.34599085  0.232328  4.264137  2.0  297  -16
2.34603126  0.225781  4.027206  3.0  307  -13
2.34603372  0.226241  4.043602  3.0  303  201
2.34612338  0.234766  4.354076  1.7  180  -71
2.34611280  0.236095  4.403541  3.9   94  -27
2.34618623  0.240046  4.552143  1.0  302  -37
2.34617760  0.239072  4.515262  0.2   10   64
2.34624632  0.234351  4.338700  1.5  289  -25
2.34625305  0.234275  4.335885  1.9  290  -27
2.34628646  0.228392  4.120857  0.0   57   41
2.34631655  0.236880  4.432866  1.4  183  -41
2.34636350  0.232912  4.285584  1.5  313   47
2.34640173  0.222450  3.909239  1.3  332   48
2.34640406  0.218733  3.779673  0.1  170   40
2.34647728  0.211159  3.522455  0.1  289   46
2.34647680  0.210487  3.500064  2.6  309   57
2.34647591  0.209440  3.465357  1.1  291   51
2.34651167  0.231683  4.240492  3.5  294   63
2.34657143  0.234342  4.338363  0.6  299   55
2.34660508  0.219436  3.804025  0.1    9  -30
2.34661046  0.219507  3.806472  1.3  200  -43
2.34661126  0.218304  3.764880  1.3  204  -47
2.34662663  0.222802  3.921626  0.7   67  -28
2.34676210  0.231196  4.222693  2.6  301   13
2.34676726  0.229168  4.148909  1.5  128   -1
2.34676905  0.226803  4.063723  2.1  101  -26
2.34677001  0.229812  4.172271  2.1  103  -36
2.34682918  0.228230  4.115015  1.2  146  -50
2.34682891  0.231028  4.216529  0.6  323  -48
2.34689170  0.228549  4.126527  0.2  318   54
2.34689632  0.228730  4.133066  1.5  315   40
2.34696792  0.227994  4.106523  0.8  286   27
2.34696819  0.227432  4.086307  0.2  285   26
2.34701372  0.232808  4.281762  0.0   67    1
2.34701414  0.233023  4.289685  0.5  207  -58
2.34707210  0.229732  4.169349  0.7  206  -26
2.34707175  0.226340  4.047158  1.9  220  -37
2.34707831  0.227982  4.106080  2.4   41  -21
2.34713307  0.230999  4.215494  1.0  284  -39
2.34717164  0.232826  4.282443  1.1  303  -46
2.34718725  0.232109  4.256082  0.9  319  -51
2.34724462  0.236585  4.421839  1.2  156  -71
2.34727677  0.228310  4.117905  2.4  168  -57
2.34728638  0.228162  4.112561  1.0  313  -31
2.34728440  0.224046  3.965544  0.4  123  -37
2.34736107  0.234550  4.346074  1.8   16  -47
2.34736046  0.235497  4.381235  2.0   17  -47
2.34735825  0.238500  4.493714  2.5  208  -60
2.34743488  0.235618  4.385769  0.0   56   56
2.34749900  0.236618  4.423075  1.3  294   30
2.34751715  0.231760  4.243304  4.2  313   22
2.34752054  0.232224  4.260305  3.9  312   30
2.34752101  0.235583  4.384436  1.4  333    7
2.34760546  0.228072  4.109327  0.0  111    6
2.34760913  0.228083  4.109712  0.0  289    9
2.34762063  0.230331  4.191134  4.2  304   44
2.34764174  0.236059  4.402180  1.7  297   13
2.34768740  0.237262  4.447157  4.1  293   50
2.34775617  0.238963  4.511161  0.4  260 -148
2.34775664  0.236738  4.427549  0.0  205   17
2.34779185  0.236274  4.410196  1.1  144  -14
2.34779673  0.233342  4.301446  0.3   35   22
2.34783488  0.235908  4.396558  1.7  196   29
2.34788833  0.236589  4.421987  1.2  112  -37
2.34792747  0.234752  4.353581  0.3  192  -58
2.34793482  0.229876  4.174609  0.1   46  -54
2.34798506  0.233657  4.313061  3.6  143   22
2.34797821  0.233771  4.317261  3.9  326   30
2.34802520  0.232996  4.288691  8.7  319   16
2.34804391  0.236273  4.410161  4.8  311   35
2.34806356  0.240473  4.568348  3.4  309   42
2.34816941  0.222425  3.908374  2.4  112   36
2.34816950  0.222482  3.910352  2.2  112   35
2.34818127  0.220103  3.827173  2.9  266   43
2.34818680  0.221943  3.891422  3.0  259   42
2.34822084  0.222773  3.920603  2.2  196   14
2.34822772  0.222791  3.921238  2.4  194   13
2.34829994  0.229310  4.154064  3.0  305  -36
2.34834390  0.227086  4.073886  3.1  300  -33
2.34834751  0.226314  4.046230  4.5  280    4
2.34840543  0.224770  3.991209  2.2  163  -43
2.34841453  0.222450  3.909219  3.9  117  -44
2.34841027  0.222419  3.908137  4.8  316  -33
2.34841572  0.222670  3.916989  4.0  119  -46
2.34850154  0.233664  4.313321  0.9   42  -41
2.34854160  0.229001  4.142874  3.0  347  -30
2.34854115  0.229406  4.157536  3.1  347  -28
2.34857869  0.230958  4.214002  0.4  218  -28
2.34858699  0.229952  4.177349  0.0   38  -15
2.34863420  0.232801  4.281491  0.5   43   31
2.34864834  0.236978  4.436526  0.3   34   32
2.34874015  0.225600  4.020716  1.8  111  -50
2.34873926  0.225426  4.014551  0.4  100  -44
2.34873848  0.224841  3.993723  0.7  109  -47
2.34879593  0.226870  4.066132  0.8   45  -28
2.34879218  0.225759  4.026417  0.2   38  -31
2.34880628  0.236772  4.428818  0.4   96    7
2.34889340  0.242245  4.635942  0.9  108   -4
2.34892505  0.232909  4.285490  0.2   83   86
2.34892303  0.233377  4.302713  0.1   51   79
2.34895876  0.244764  4.732842  2.3   52  -35
2.34898704  0.238857  4.507157  1.1  119  -27
2.34899116  0.242220  4.634990  1.7  119  -20
2.34899559  0.238330  4.487284  1.1  118  -24
2.34910409  0.241502  4.607521  5.2  154   18
2.34912510  0.238115  4.479219  0.8   59  -69
2.34912005  0.235727  4.389799  0.2   85  -68
2.34918589  0.240736  4.578355  1.5  296  145
2.34920237  0.238731  4.502422  0.2  202   47
2.34922291  0.233841  4.319851  0.0  185   53
2.34927638  0.235274  4.372950  3.4  294   50
2.34931345  0.230913  4.212346  1.5  127   40
2.34933744  0.225354  4.011975  0.0  247  -12
2.34935158  0.230838  4.209601  0.0  247  -11
2.34934411  0.228787  4.135130  0.1   65   -7
2.34943077  0.232652  4.276014  0.4  302   46
2.34943601  0.232426  4.267724  0.6  302   54
2.34948180  0.232813  4.281940  0.8  273   -3
2.34949023  0.225389  4.013202  2.4  236   -6
2.34950465  0.229825  4.172730  2.0  240   23
2.34951046  0.231809  4.245115  1.4   50   10
2.34962454  0.229057  4.144902  1.0  258  -24
2.34963808  0.220274  3.833141  1.1  271  -30
2.34964071  0.220639  3.845838  0.7  269  -24
2.34964956  0.219803  3.816750  1.0  273  -15
2.34967744  0.219855  3.818561  0.1  268   16
2.34967757  0.221069  3.860849  0.1  269   15
2.34977929  0.223217  3.936238  0.3  192   28
2.34978409  0.219141  3.793802  0.0  187   27
2.34978383  0.218947  3.787096  0.0  186   27
2.34987354  0.219232  3.796953  3.2  141   32
2.34987479  0.219941  3.821533  3.5  311   43
2.34996115  0.215619  3.672826  0.0  283   25
2.34996217  0.199465  3.143114  0.0  102   16
2.34996083  0.198562  3.114736  0.0  102   14
2.34995975  0.201655  3.212527  0.1  104   16
2.35002089  0.223210  3.936011  0.4  296   57
2.35001711  0.225045  4.000983  0.7  133   53
2.35007663  0.235815  4.393097  1.7  308  -51
2.35013156  0.216927  3.717513  0.8  294  -33
2.35013584  0.217485  3.736676  1.1  288  -40
2.35013824  0.216239  3.693971  0.9  101  -37
2.35023646  0.217736  3.745319  1.9  354  -40
2.35024168  0.218051  3.756166  1.5  359  -44
2.35024363  0.218895  3.785271  1.7  183  -64
2.35024256  0.222335  3.905182  1.6   15  -56
2.35032942  0.227773  4.098553  0.1   44  -27
2.35033855  0.238480  4.492946  1.4  296  -35
2.35040691  0.232026  4.253056  0.2  311    1
2.35040960  0.235054  4.364767  2.5  303   32
2.35041324  0.233824  4.319211  1.9  319   -3
2.35048212  0.234402  4.340596  0.0  100    3
2.35048155  0.232741  4.279286  0.0  279    6
2.35051505  0.238395  4.489736  2.4  300   43
2.35057948  0.226255  4.044104  0.1   95  -41
2.35058033  0.227095  4.074199  0.4   92  -39
2.35058168  0.226814  4.064121  1.1  292  -37
2.35058449  0.228361  4.119736  0.5   94  -27
2.35066687  0.231006  4.215725  0.1  266  -27
2.35066135  0.231074  4.218221  0.3   79  -30
2.35072837  0.238036  4.476245  1.2  191   43
2.35073288  0.239857  4.544973  1.3  188   41
2.35078020  0.231991  4.251764  0.5    7  -34
2.35082328  0.228809  4.135945  1.4  264   17
2.35082462  0.226430  4.050378  1.1  259   22
2.35088913  0.228465  4.123513  1.8  190   40
2.35089573  0.228634  4.129597  0.1  176   33
2.35097527  0.228149  4.112098  0.4  268   25
2.35099064  0.225125  4.003836  3.1  311  154
2.35098980  0.223161  3.934257  2.7  306   35
2.35100487  0.231000  4.215502  0.9   13   67
2.35106005  0.228082  4.109679  0.2  312   48
2.35106450  0.223877  3.959550  0.6  296   42
2.35114969  0.210082  3.486610  3.2  293   62
2.35114768  0.209462  3.466078  1.6   67   51
2.35114697  0.211431  3.531548  1.6   98  117
2.35114706  0.209817  3.477821  1.5   76   47
2.35114961  0.213316  3.594780  1.6  175   59
2.35125660  0.220728  3.848938  3.4   61  -56
2.35126553  0.214695  3.641435  2.0   87  -36
2.35134436  0.211351  3.528870  2.2  285   30
2.35134928  0.203761  3.279961  0.9  114   25
2.35134901  0.206353  3.363941  1.3  111   27
2.35135076  0.204911  3.317089  0.9  116   19
2.35144493  0.220789  3.851061  1.4  180   24
2.35144506  0.219094  3.792171  0.7  180   24
2.35151246  0.220764  3.850193  3.0  310  -33
2.35153265  0.203541  3.272883  0.1  135  -24
2.35153733  0.203761  3.279951  0.1  135  -26
2.35153256  0.204470  3.302832  0.8  133  -24
2.35161105  0.219615  3.810236  0.8  178   -1
2.35162606  0.217990  3.754055  0.2    4  -12
2.35167997  0.222946  3.926693  0.4  328   61
2.35171967  0.206514  3.369198  0.2   93  -33
2.35172005  0.203139  3.259962  0.0  281  -29
2.35179932  0.196790  3.059381  0.1    7  -48
2.35179934  0.204879  3.316061  0.1  170  -59
2.35180016  0.200386  3.172211  0.4    9  -50
2.35180759  0.202227  3.230777  0.2   21  -51
2.35188191  0.230330  4.191115  0.0  291  -42
2.35189781  0.227577  4.091505  0.0   15  -33
2.35191061  0.227660  4.094493  1.6  315  -43
2.35190876  0.228976  4.141961  0.0   21  -37
2.35197208  0.226710  4.060409  0.7   84  -31
2.35201049  0.232819  4.282158  0.0   52   17
2.35203731  0.239546  4.533214  2.0  169  -66
2.35209249  0.238378  4.489106  1.4  195  -47
2.35209432  0.239031  4.513748  2.0   16  -40
2.35217438  0.230564  4.199607  0.3  197  -34
2.35217147  0.230100  4.182727  2.9  204  -46
2.35217242  0.230622  4.201721  2.9   21  -34
2.35226042  0.231922  4.249222  0.5  356  -44
2.35229145  0.216912  3.717013  0.9  254   29
2.35229438  0.216721  3.710473  0.6  259   31
2.35229958  0.214371  3.630426  0.0  251   33
2.35230498  0.215447  3.666975  0.1  250   37
2.35240680  0.224525  3.982494  1.6  313   32
2.35241501  0.226128  4.039586  1.4  307   33
2.35246871  0.224621  3.985915  2.8  246  -26
2.35248329  0.216625  3.707185  0.2   97    6
2.35248443  0.216166  3.691505  0.1   98    6
2.35248366  0.215864  3.681195  0.1   98    6
2.35256347  0.230834  4.209473  0.1  178   26
2.35257618  0.225651  4.022557  0.0  185   26
2.35264888  0.227733  4.097118  1.7  185  -70
2.35266695  0.222104  3.897082  3.9  312  -14
2.35266288  0.222785  3.921036  2.9  307  -19
2.35266575  0.223495  3.946038  3.1  121  -29
2.35274901  0.228054  4.108675  1.0  174   -2
2.35275197  0.226875  4.066304  1.2  358    9
2.35277108  0.229035  4.144120  1.0  181  -34
2.35283108  0.224173  3.970042  0.1  191   45
2.35284287  0.221724  3.883746  1.0  183   35
2.35285028  0.225217  4.007089  1.7  179   30
2.35293317  0.231297  4.226355  2.7    9  -39
2.35294940  0.232630  4.275204  0.4  279   30
2.35295547  0.227730  4.097024  0.0  272   27
2.35297351  0.228572  4.127371  0.0  296   77
2.35302215  0.229925  4.176381  3.7  191   -2
2.35304882  0.233221  4.296970  2.2  193  -16
2.35308050  0.227753  4.097856  0.4  199  -59
2.35308196  0.226869  4.066108  0.2  197  -61
2.35312358  0.226477  4.052065  0.1  182   42
2.35320373  0.225062  4.001587  0.1  159  -55
2.35320889  0.219089  3.792013  0.1  354  -40
2.35321419  0.217712  3.744488  0.0  174  -50
2.35321615  0.223828  3.957826  0.9  332 -125
2.35330508  0.224809  3.992583  0.6  200  -21
2.35330534  0.224864  3.994528  0.4  200  -21
2.35330656  0.225602  4.020821  0.6  201  -21
2.35339893  0.225631  4.021849  0.1  349  -56
2.35339447  0.228146  4.112003  0.2  294  -59
2.35339950  0.225206  4.006713  0.1  185  -82
2.35347441  0.223286  3.938687  0.2   56  -59
2.35347549  0.224758  3.990765  0.2   75  -67
2.35351858  0.240109  4.554553  1.9  311   44
2.35358968  0.236185  4.406901  7.5   24   -1
2.35359140  0.235767  4.391295  7.6  203  -14
2.35363036  0.233959  4.324200  5.5  248   -5
2.35366134  0.230978  4.214706  4.3  191   44
2.35366161  0.230900  4.211886  4.2  190   43
2.35366292  0.231723  4.241930  4.8   17   53
2.35375381  0.227984  4.106169  0.1  165  -29
2.35376116  0.230906  4.212076  1.5  172  -30
2.35377713  0.232063  4.254413  1.0  167  -54
2.35377098  0.232904  4.285305  2.5  133  -36
2.35383227  0.235230  4.371335  0.4  188   20
2.35384740  0.236865  4.432310  0.2  212  -21
2.35395456  0.226083  4.037955  1.9  253   48
2.35396503  0.223476  3.945397  0.9  213   53
2.35396235  0.225397  4.013488  1.3  207   62
2.35401241  0.226318  4.046382  1.1   16   39
2.35400958  0.225311  4.010454  0.5  196   27
2.35401748  0.228764  4.134321  1.3  188   18
2.35411229  0.215224  3.659387  1.3  193   33
2.35411194  0.214822  3.645730  0.7  189   36
2.35411192  0.214596  3.638071  0.6  190   36
2.35413872  0.219499  3.806190  1.6  190   20
2.35418057  0.224131  3.968551  0.4  270   14
2.35424550  0.223780  3.956134  1.0  199   49
2.35429079  0.213877  3.613736  0.0   12    9
2.35428837  0.218513  3.772100  0.1  201    9
2.35428767  0.220277  3.833247  0.0  197    9
2.35436336  0.225923  4.032269  0.0  152  -56
2.35441012  0.219144  3.793910  2.5   52   50
2.35441857  0.221762  3.885087  4.2  202   57
2.35441754  0.221184  3.864852  2.4   33   50
2.35446952  0.224576  3.984318  2.6   38   36
2.35448695  0.223322  3.939950  0.0  277   36
2.35459074  0.216052  3.687608  0.2  165   12
2.35457985  0.220667  3.846832  0.1  179   25
2.35458978  0.217414  3.734242  0.1  165   15
2.35458510  0.216732  3.710861  0.3  169   18
2.35461530  0.221861  3.888560  1.3  214  -62
2.35466938  0.223792  3.956529  1.8  196   48
2.35466974  0.222983  3.927990  2.6   16   58
2.35478505  0.219433  3.803906  4.6   21  -52
2.35477582  0.218663  3.777272  3.3  356  -23
2.35479001  0.214688  3.641188  6.0  320  -27
2.35479000  0.214377  3.630630  6.0  320  -28
2.35485584  0.217187  3.726460  5.8  310    6
2.35485788  0.229484  4.160364  4.2  114  -39
2.35486527  0.222645  3.916107  4.5  133  -12
2.35494208  0.230220  4.187091  0.7  187  -53
2.35495747  0.224197  3.970873  0.4  204  -71
2.35503513  0.227165  4.076693  1.2  348  -12
2.35503280  0.229580  4.163851  2.2  190  -34
2.35503546  0.227812  4.099981  2.6  209  -61
2.35505811  0.228588  4.127942  0.4  190  -25
2.35514134  0.226618  4.057088  0.6   10    2
2.35514465  0.225009  3.999706  1.5  189    7
2.35514159  0.224209  3.971309  0.5  189   -5
2.35523331  0.222036  3.894706  1.6  179  -14
2.35523327  0.222105  3.897111  1.7  179  -14
2.35531931  0.214092  3.620987  5.9  140    7
2.35531195  0.214825  3.645821  5.3  316   18
2.35531576  0.220321  3.834775  4.9  318   22
2.35540349  0.210836  3.511684  5.5  356  162
2.35540399  0.210807  3.510733  5.5  178   16
2.35539111  0.208859  3.446154  4.3   19   40
2.35540227  0.209246  3.458914  5.3  355   31
2.35549575  0.217875  3.750095  3.8  148  -62
2.35549284  0.215849  3.680671  4.4  314  -44
2.35548783  0.222067  3.895773  4.8   85  -42
2.35558988  0.214689  3.641228  5.1    8   10
2.35559202  0.214811  3.645359  4.8  184   -4
2.35559194  0.214183  3.624066  4.7  185   -4
2.35567041  0.214530  3.635835  3.0  321   32
2.35567378  0.215846  3.680575  4.5  136   17
2.35575197  0.218904  3.785583  0.4   34  -42
2.35575254  0.222830  3.922597  1.4   39  -45
2.35580189  0.215649  3.673840  0.3  361   45
2.35580248  0.214289  3.627656  0.0    3   46
2.35585854  0.211878  3.546482  3.3  317    3
2.35585906  0.212584  3.570158  4.3  315    2
2.35585960  0.213669  3.606706  4.6  136   -7
2.35589715  0.216917  3.717171  7.0  309   10
2.35596659  0.222037  3.894719  4.2  314   35
2.35599698  0.219939  3.821468  0.1  329   39
2.35600450  0.222642  3.915990  0.0  184   -2
2.35605044  0.216336  3.697305  0.4  156  -49
2.35605468  0.217536  3.738441  0.6  169  -29
2.35605178  0.217205  3.727060  2.9  121  -61
2.35617024  0.209382  3.463428  1.6  314   28
2.35616439  0.208723  3.441643  0.9  313   46
2.35617108  0.209013  3.451221  0.6  317   54
2.35617092  0.208888  3.447116  0.1  152   41
2.35628295  0.218333  3.765887  1.0  174   -9
2.35628471  0.215087  3.654730  1.2  166  -19
2.35628446  0.214962  3.650485  1.2  167  -18
2.35636544  0.212624  3.571505  1.5  143  -35
2.35636495  0.207848  3.412872  0.1  338  -10
2.35645768  0.196963  3.064747  0.0  339    7
2.35646062  0.196697  3.056481  0.0  160   -8
2.35646039  0.197180  3.071519  1.0  160   -7
2.35645999  0.198307  3.106728  0.1  339    4
2.35654091  0.217194  3.726678  2.0  350   -2
2.35654247  0.217750  3.745788  2.4  172  -17
2.35662452  0.208434  3.432129  0.2  134  -28
2.35662576  0.209357  3.462603  0.5  134  -36
2.35662350  0.206255  3.360764  0.0  316  -25
2.35662034  0.205955  3.350991  1.0  317  -23
2.35671587  0.223470  3.945159  5.7  174  -10
2.35671689  0.224196  3.970828  5.8  176  -12
2.35672986  0.220894  3.854735  0.0  289  -24
2.35681308  0.224098  3.967368  0.0  299   31
2.35681016  0.227524  4.089620  1.5  316  147
2.35681983  0.231340  4.227952  1.1  175   40
2.35687327  0.226680  4.059313  1.5   57  -46
2.35690508  0.228253  4.115868  0.5  285  152
2.35691442  0.229600  4.164594  1.4   63  -55
2.35698565  0.228496  4.124622  3.2  149  -12
2.35699409  0.228306  4.117767  1.2  194  -21
2.35700027  0.226975  4.069885  0.1  192  -34
2.35706336  0.215274  3.661086  0.1   31   28
2.35706325  0.213907  3.614740  0.0   31   27
2.35710285  0.217659  3.742658  2.5  146   33
2.35710382  0.218866  3.784296  3.3  312   38
2.35716504  0.222012  3.893855  2.0    3  -23
2.35716363  0.221798  3.886368  2.1  362  -21
2.35725553  0.222051  3.895223  6.6  306   41
2.35724259  0.217618  3.741245  2.8  199    5
2.35726240  0.218879  3.784726  4.4  175   28
2.35728669  0.222454  3.909383  0.0  300    4
2.35728538  0.222185  3.899939  0.0  299    5
2.35737554  0.216147  3.690858  2.6  312   41
2.35737721  0.217161  3.725554  1.8  143   33
2.35737887  0.218797  3.781914  1.2  159   36
2.35748298  0.219850  3.818378  0.5  150  -41
2.35748533  0.214831  3.646044  0.1  337  -23
2.35756803  0.222186  3.899977  2.6  308  171
2.35758347  0.214534  3.635975  7.7  322   -3
2.35758643  0.215297  3.661885  2.5  184    8
2.35758798  0.213601  3.604413  3.5  184    6
2.35767279  0.217367  3.732620  0.6  351   49
2.35767490  0.218744  3.780064  0.7  173   29
2.35767768  0.215824  3.679832  0.1  174   29
2.35776037  0.204430  3.301554  1.0    8    1
2.35776347  0.204055  3.289444  1.0    8   -2
2.35784619  0.197893  3.093769  4.3  158   10
2.35784920  0.195025  3.004748  3.2  341   15
2.35784998  0.192858  2.938333  3.7  341   13
2.35785094  0.195102  3.007133  3.9  161    2
2.35794153  0.206077  3.354945  0.1  181  -52
2.35793678  0.203740  3.279282  0.0  163   24
2.35793663  0.206513  3.369149  0.0  164   23
2.35803174  0.199466  3.143144  1.7  151  -56
2.35803283  0.198652  3.117538  2.2  302  -44
2.35803419  0.200526  3.176652  1.8  351  -37
2.35803250  0.203316  3.265653  2.2   89  -49
2.35811530  0.217098  3.723378  1.3  308  -11
2.35812040  0.223249  3.937372  0.3  298  -22
2.35819998  0.204042  3.289033  0.6  130   56
2.35820044  0.200675  3.181352  0.0  291   64
2.35820141  0.207591  3.404427  0.7  127   54
2.35829019  0.225216  4.007058  0.2   99   42
2.35830407  0.219679  3.812457  3.7  313  -48
2.35830592  0.219078  3.791625  3.8  314  -49
2.35837885  0.206706  3.375464  0.0  189   -2
2.35838238  0.206923  3.382554  1.0  188   -5
2.35838544  0.207379  3.397491  0.4  188  -11
2.35838577  0.208179  3.423729  0.6  187   -6
2.35846610  0.222459  3.909537  3.6   21    5
2.35846938  0.220567  3.843335  0.1  166   17
2.35855469  0.211370  3.529509  2.4  353    7
2.35856174  0.211673  3.539620  0.2  183   -6
2.35855585  0.211411  3.530859  1.0  353   -0
2.35864750  0.213168  3.589804  0.0  346  -17
2.35865801  0.221762  3.885087  0.5  272  -50
2.35865294  0.220747  3.849611  0.4  356  -20
2.35872990  0.223466  3.945014  1.4  193  -17
2.35873658  0.221814  3.886923  0.9  182  -30
2.35873535  0.223313  3.939644  0.4    5  -16
2.35874388  0.220693  3.847709  0.3  223  -49
2.35881213  0.221465  3.874677  0.0  183   51
2.35882691  0.229214  4.150572  0.0  186    2
2.35888241  0.233985  4.325157  0.2   88   49
2.35892095  0.223129  3.933145  0.0  125  -14
2.35897137  0.215702  3.675656  0.0  317   53
2.35897155  0.215105  3.655338  4.0  313   52
2.35898280  0.215328  3.662915  0.0  358   41
2.35898377  0.213794  3.610927  3.2    5   39
2.35909172  0.227699  4.095899  0.1   41  -39
2.35908688  0.227283  4.080941  0.1  351  -43
2.35913239  0.221658  3.881466  0.2   59   21
2.35913702  0.222156  3.898925  1.9   57   18
2.35916935  0.222584  3.913946  4.3    4   -8
2.35917625  0.220684  3.847411  4.0  178  -31
2.35917813  0.221610  3.879769  2.2  184  -33
2.35925621  0.240079  4.553411  3.3  176  -11
2.35930630  0.226619  4.057137  1.7   69   73
2.35933014  0.218445  3.769736  0.6  213   34
2.35933084  0.227855  4.101518  2.8  295   40
2.35941128  0.224794  3.992041  0.3  282   33
2.35943785  0.217172  3.725923  0.1  161    4
2.35943624  0.217383  3.733179  0.6  163    8
2.35949346  0.215290  3.661635  2.6  309    9
2.35949354  0.215245  3.660096  2.6  308    9
2.35949459  0.214336  3.629243  2.6  309   10
2.35959267  0.212180  3.556594  2.5  359   16
2.35959356  0.212240  3.558634  2.2  179    5
2.35958922  0.204327  3.298210  0.0  356   33
2.35961508  0.213408  3.597905  1.6  190  -20
2.35969994  0.215333  3.663082  1.0  153  -68
2.35969900  0.215195  3.658402  0.1  160  -62
2.35978091  0.198050  3.098666  0.0  153  -46
2.35978709  0.197887  3.093597  1.3  284  -59
2.35978715  0.196773  3.058855  2.1  285  -58
2.35978767  0.195757  3.027356  1.7  103  -57
2.35986869  0.215137  3.656425  3.9  163  -48
2.35987163  0.210599  3.503790  3.7  319  -40
2.35986623  0.217696  3.743922  2.5   98  -53
2.35995366  0.227528  4.089758  0.3  356  -24
2.35996342  0.227029  4.071841  0.2  167  -33
2.36001700  0.238533  4.494953  0.8   52  -42
2.36004071  0.239108  4.516653  1.5  301  -35
2.36005851  0.237641  4.461380  1.4  107  -38
2.36012520  0.227530  4.089836  0.2  191   46
2.36013503  0.221340  3.870306  0.1  192    7
2.36013564  0.221913  3.890399  0.1  191    6
2.36012757  0.230056  4.181129  0.2   25   54
2.36021781  0.230025  4.179997  0.8   52   69
2.36022955  0.223657  3.951791  0.0  169   14
2.36027747  0.231058  4.217625  0.3   91   37
2.36031636  0.222966  3.927409  0.5  216  -22
2.36038166  0.218682  3.777930  1.3  202   38
2.36038241  0.218728  3.779502  0.3  201   39
2.36038490  0.218433  3.769308  0.6  201   34
2.36038497  0.218550  3.773364  0.6  202   33
2.36045861  0.223568  3.948646  1.7  293   25
2.36045876  0.223125  3.933011  0.1  284   14
2.36046116  0.224444  3.979617  4.2  137   36
2.36056521  0.224751  3.990511  1.2  188  -13
2.36056524  0.224920  3.996542  2.1  188  -13
2.36063984  0.213939  3.615817  5.1  302   30
2.36064005  0.214456  3.633314  4.7  127   29
2.36063795  0.214214  3.625136  4.7  299   31
2.36072060  0.208779  3.443512  2.6  344   38
2.36071913  0.211348  3.528782  0.2  299   43
2.36072307  0.210259  3.492492  2.5  348   34
2.36081871  0.198544  3.114171  0.6  200   52
2.36081870  0.199596  3.147233  1.1  200   52
2.36082044  0.198985  3.128003  0.5  203   43
2.36082533  0.206568  3.370948  1.6  180   27
2.36091352  0.212778  3.576696  0.6  357  -18
2.36091758  0.213739  3.609076  0.4  171  -24
2.36100413  0.187295  2.771276  0.0   24   -5
2.36100719  0.186476  2.747077  0.2  202  -17
2.36100621  0.185010  2.704053  0.0  204  -16
2.36100601  0.187871  2.788351  0.0   23   -5
2.36109098  0.204458  3.302451  1.0  319    4
2.36109264  0.201645  3.212206  0.0  138   -5
2.36117672  0.194526  2.989380  0.1  347  -21
2.36117821  0.196424  3.048023  0.9  358  -37
2.36117876  0.195466  3.018358  0.1  163  -31
2.36117952  0.195494  3.019208  2.2  350  -29
2.36127141  0.209760  3.475933  0.0  283  -44
2.36127325  0.205476  3.335407  0.2   92  -39
2.36127291  0.205373  3.332080  0.2   92  -40
2.36136701  0.225923  4.032246  0.5   36  -41
2.36136316  0.219724  3.814013  0.2  154  -36
2.36144567  0.213521  3.601708  0.1  208   -2
2.36144685  0.213337  3.595501  0.1   28    8
2.36144735  0.214175  3.623803  0.5   27    6
2.36144767  0.215694  3.675404  0.5   27    5
2.36153817  0.210109  3.487514  1.7  200   25
2.36153631  0.212104  3.554070  0.1   29   38
2.36153779  0.211488  3.533442  2.1   19   36
2.36161858  0.222623  3.915325  0.4  270  -59
2.36161797  0.221823  3.887234  0.4   75  -43
2.36170344  0.222526  3.911894  0.0  267  -16
2.36171521  0.222427  3.908411  2.8  203  -32
2.36171935  0.220978  3.857678  3.1  211  -36
2.36172235  0.220608  3.844776  2.7  216  -39
2.36179355  0.227794  4.099307  0.0    6   19
2.36179991  0.225863  4.030121  0.0  190    7
2.36178785  0.231489  4.233367  0.6  110  -46
2.36190773  0.232041  4.253582  1.5  144   31
2.36190292  0.229918  4.176128  4.1  319   10
2.36195771  0.225615  4.021252  3.6  125   42
2.36196162  0.225255  4.008449  4.5  119   47
2.36197398  0.227140  4.075826  4.5  290   51
2.36203461  0.231851  4.246654  2.2  278   29
2.36203417  0.232806  4.281697  5.3  295   30
2.36211705  0.219009  3.789214  0.3  326   56
2.36211225  0.222728  3.919011  1.0  183   35
2.36219154  0.208797  3.444089  4.4  293   46
2.36219168  0.208962  3.449533  4.3  293   46
2.36219624  0.208752  3.442610  5.2  297   48
2.36219644  0.210600  3.503844  4.2  297   47
2.36231446  0.205271  3.328764  1.7  171  -43
2.36231421  0.205194  3.326257  1.8  170  -44
2.36231852  0.203630  3.275755  1.8  183  -50
2.36234842  0.199126  3.132435  2.5  102  -48
2.36234961  0.198534  3.113847  2.5  107  -48
2.36239216  0.223938  3.961695  0.8  174   15
2.36238342  0.218754  3.780415  2.3  306    3
2.36248700  0.218401  3.768223  2.4  301   29
2.36250180  0.215469  3.667716  1.6  295  153
2.36249599  0.215500  3.668773  0.2  119   21
2.36257548  0.218464  3.770407  1.0  154  -32
2.36258271  0.220224  3.831387  2.6  188  -19
2.36258305  0.220613  3.844931  2.8  188  -19
2.36265642  0.220906  3.855164  1.6  200   23
2.36268306  0.220423  3.838328  2.4  307  -19
2.36274227  0.219784  3.816092  2.2  305   27
2.36276302  0.218033  3.755535  2.6  182  -35
2.36276271  0.217993  3.754148  2.8  182  -36
2.36276305  0.218533  3.772769  2.7  361 -146
2.36285990  0.222510  3.911356  0.7   34  -42
2.36286761  0.220139  3.828420  0.2  268  -50
2.36287015  0.223022  3.929366  0.1   76  -41
2.36292247  0.230296  4.189875  2.7  193   -7
2.36293169  0.223439  3.944075  0.0  188  -18
2.36301686  0.229700  4.168210  0.4   14   14
2.36301712  0.231178  4.222031  0.3  192    0
2.36302302  0.230083  4.182112  0.2   11    4
2.36309088  0.232872  4.284125  3.8  303   46
2.36310849  0.228798  4.135551  0.6    7  -26
2.36311191  0.227270  4.080471  0.9  191  -47
2.36311294  0.229344  4.155306  0.0  190   -1
2.36318464  0.236466  4.417363  2.6  294   33
2.36318479  0.233446  4.305250  2.8  294   32
2.36322948  0.236005  4.400187  1.7   81  -61
2.36328655  0.228642  4.129905  0.9  287  -51
2.36328760  0.228562  4.127007  0.7  287  -48
2.36334152  0.233323  4.300718  1.3   39  -50
2.36333813  0.229073  4.145479  0.8  209  -51
2.36336922  0.230992  4.215238  0.6  179   34
2.36347345  0.224350  3.976294  3.4  308  -40
2.36347659  0.225160  4.005069  3.1  306  -38
2.36347666  0.224405  3.978255  3.2  306  -39
2.36348679  0.224078  3.966660  1.5  303  -42
2.36355356  0.229043  4.144388  0.8  191   14
2.36356799  0.228319  4.118241  0.4  187  -16
2.36361897  0.214175  3.623807  0.1   62   33
2.36362355  0.217111  3.723828  1.3  177   36
2.36362536  0.222578  3.913747  1.0  272   51
2.36371191  0.218878  3.784689  0.1  123   45
2.36371666  0.207122  3.389049  0.5  199   21
2.36371892  0.204457  3.302396  0.1  199   20
2.36371894  0.204153  3.292600  0.1  198   21
2.36380311  0.204466  3.302702  1.1  180   33
2.36380074  0.205146  3.324694  0.6    1   45
2.36391273  0.207644  3.406182  0.1  165  -21
2.36390485  0.209022  3.451527  0.6  165  -16
2.36391228  0.208962  3.449547  0.7  165  -23
2.36398499  0.214574  3.637328  0.0  179   -4
2.36398534  0.215001  3.651802  0.1  180   -4
2.36398260  0.214131  3.622318  1.1    1    7
2.36402285  0.222639  3.915894  1.1   97  -34
2.36408367  0.229616  4.165161  0.5  159  -71
2.36407850  0.217698  3.743994  2.0  121  -26
2.36415231  0.220385  3.836991  6.4  178    3
2.36414865  0.221580  3.878704  6.1  354   12
2.36424252  0.218445  3.769726  1.2  191   54
2.36424172  0.216338  3.697357  1.4  189   55
2.36424300  0.217775  3.746654  4.2  317   44
2.36424351  0.220365  3.836285  3.7  317   40
2.36432591  0.224719  3.989403  3.2  352   13
2.36435519  0.222574  3.913581  1.3   11  -22
2.36437116  0.224003  3.964008  0.7   19  -27
2.36441110  0.224263  3.973202  0.1   21   13
2.36442412  0.221718  3.883560  2.6  325    4
2.36446642  0.232054  4.254085  2.0  343  -37
2.36451106  0.216861  3.715253  6.4  107  -55
2.36451170  0.215466  3.667633  6.3  110  -53
2.36451117  0.216106  3.689442  1.0  111  -53
2.36459330  0.216988  3.719634  0.1    1  -36
2.36461414  0.218536  3.772875  3.8  121  -36
2.36461446  0.219882  3.819505  4.0  307  -29
2.36470571  0.224471  3.980603  2.7  212 -160
2.36469170  0.222174  3.899527  3.1  207  -41
2.36470014  0.230212  4.186791  5.2  199  -55
2.36479284  0.220693  3.847731  3.2  100   61
2.36479105  0.220220  3.831266  3.2  264   49
2.36479113  0.220150  3.828827  3.5  106   48
2.36488403  0.223132  3.933232  1.0  199  -25
2.36488404  0.223044  3.930142  0.9  199  -24
2.36488444  0.224613  3.985625  0.7  200  -26
2.36489408  0.226604  4.056590  2.7  357 -136
2.36495966  0.226393  4.049067  0.2   16   -4
2.36497202  0.233573  4.309956  0.1   45   35
2.36501235  0.234493  4.343962  0.2  316  -49
2.36508201  0.226107  4.038834  0.2  269   39
2.36511824  0.226772  4.062616  0.2   35   -2
2.36512384  0.225010  3.999715  0.1  201   27
2.36512576  0.228870  4.138134  0.1   44   46
2.36513097  0.230657  4.203008  1.2   15    6
2.36522303  0.235161  4.368744  3.3  303  -45
2.36523530  0.232013  4.252576  3.3  307  -36
2.36529345  0.231571  4.236381  0.2  110   57
2.36528795  0.230238  4.187747  0.9  290   48
2.36537418  0.219363  3.801502  1.0  284   43
2.36537635  0.216808  3.713468  1.0  288   40
2.36537678  0.216054  3.687683  0.2  168   36
2.36537875  0.216556  3.704822  0.1  348   46
2.36546352  0.221605  3.879611  0.7  278   44
2.36546507  0.220188  3.830138  0.3  278   45
2.36549835  0.225655  4.022700  0.2   13  -16
2.36554917  0.207859  3.413219  0.8    9   35
2.36555141  0.205653  3.341174  0.0   10   31
2.36555495  0.207317  3.395455  0.3  189   15
2.36564697  0.216751  3.711506  0.0  159    3
2.36564143  0.215810  3.679328  0.0  345   26
2.36564685  0.217154  3.725306  0.0  164    9
2.36574822  0.192892  2.939371  0.1  189  -50
2.36574847  0.193610  2.961295  0.0  188  -50
2.36574685  0.196623  3.054202  0.0  191  -45
2.36575253  0.197987  3.096706  0.1  200  -50
2.36583339  0.220588  3.844077  2.6  187    3
2.36583582  0.221253  3.867266  3.3  188    1
2.36583231  0.222375  3.906595  3.1  191   -2
2.36591303  0.222170  3.899386  0.7  170   10
2.36591479  0.226672  4.059049  3.1  309  -56
2.36600043  0.222391  3.907176  2.8  331   27
2.36600199  0.225957  4.033475  3.6  324   32
2.36601812  0.225410  4.013971  2.1  147  -23
2.36609536  0.216608  3.706601  1.5  191  -15
2.36610135  0.216892  3.716317  2.3   16   -8
2.36610243  0.215478  3.668040  1.9  195  -19
2.36619166  0.221960  3.892019  0.2   14  -50
2.36619073  0.223407  3.942940  0.6  196  -63
2.36620315  0.224163  3.969660  1.3  186  -47
2.36623906  0.227939  4.104539  3.9  267    8
2.36627236  0.216109  3.689537  0.0  218  -35
2.36627694  0.216752  3.711535  0.1   31  -26
2.36634855  0.232649  4.275929  0.1   91   -8
2.36637051  0.235072  4.365449  1.5  186   32
2.36639838  0.230638  4.202307  2.2  309  -30
2.36642516  0.231751  4.242979  1.2   97  -21
2.36645794  0.230418  4.194308  0.0  274   25
2.36651466  0.230485  4.196735  0.0  295  -24
2.36651734  0.232039  4.253526  0.3  288  -19
2.36651716  0.229308  4.153989  0.0  106  -24
2.36661119  0.231449  4.231909  0.7   87   32
2.36661100  0.228389  4.120761  1.8   89   32
2.36667237  0.233849  4.320155  0.2   68  -48
2.36665318  0.232434  4.268032  0.5   42   53
2.36671910  0.224902  3.995905  0.6  202    4
2.36671772  0.224941  3.997271  0.7  199    6
2.36677156  0.223924  3.961221  1.6  202   45
2.36677786  0.221815  3.886951  1.8   20   23
2.36677336  0.219526  3.807128  0.1  215  132
2.36684333  0.231356  4.228532  0.1  173   23
2.36688127  0.217600  3.740639  0.0    2  -20
2.36693426  0.216664  3.708529  0.0  210    4
2.36696106  0.209150  3.455753  1.9  194   17
2.36696578  0.206668  3.374220  1.0  192   19
2.36696455  0.208319  3.428355  0.1  183   30
2.36697631  0.211280  3.526491  2.6  200   -7
2.36704858  0.216746  3.711329  3.5  311   32
2.36706001  0.217207  3.727123  4.8  150   10
2.36715483  0.210501  3.500541  0.1  353  -25
2.36715966  0.206310  3.362529  0.0  169  -42
2.36716120  0.209215  3.457900  0.1  170  -42
2.36715846  0.214722  3.642337  2.5  189  -33
2.36722035  0.227128  4.075389  4.2   18   46
2.36727754  0.224607  3.985428  0.0  336   34
2.36732498  0.212005  3.550734  0.6  339  -32
2.36732893  0.212166  3.556129  0.9  344  -34
2.36733234  0.212385  3.563482  1.0  156  -48
2.36742317  0.227853  4.101441  4.4  265  -72
2.36742515  0.218206  3.761511  1.0    6  -22
2.36743245  0.219206  3.796049  4.5  190  -35
2.36743213  0.219140  3.793763  4.5  191  -36
2.36752838  0.230810  4.208575  2.0  276  -50
2.36753586  0.228898  4.139157  2.9  290  -53
2.36753564  0.228635  4.129628  2.9  290  -53
2.36760626  0.229591  4.164244  0.1  344  -30
2.36760879  0.228963  4.141487  0.0  161  -42
2.36761100  0.240133  4.555454  0.7  333  -46
2.36771397  0.238924  4.509686  3.1  193  -20
2.36771875  0.235284  4.373327  0.2  326   59
2.36774527  0.234791  4.355013  1.1  303   51
2.36778369  0.233226  4.297137  0.3  190   18
2.36781681  0.231627  4.238421  0.0   61   49
2.36782812  0.226300  4.045718  0.5   18   58
2.36782181  0.227939  4.104554  0.0   21   62
2.36792565  0.222971  3.927578  0.2  216  131
2.36792649  0.218744  3.780081  0.0  205   32
2.36793204  0.220349  3.835757  0.0   34   46
2.36798009  0.222061  3.895561  0.0   73  -22
2.36801291  0.230614  4.201445  0.9   75   17
2.36805956  0.228990  4.142470  0.0   61   -9
2.36808704  0.226480  4.052147  1.4   64   12
2.36810698  0.225235  4.007751  0.2  214   20
2.36813348  0.227562  4.090969  1.2  202   29
2.36813713  0.227689  4.095525  1.4  199   28
2.36816422  0.234513  4.344728  1.5   61   73
2.36822703  0.235481  4.380653  0.2  340  -29
2.36827602  0.223943  3.961877  0.1   50  -20
2.36828050  0.225198  4.006415  0.8   51  -21
2.36827862  0.226409  4.049630  0.1  208  -55
2.36831616  0.232077  4.254934  0.1   53   29
2.36835208  0.234308  4.337106  1.0   77  -17
2.36841648  0.235406  4.377847  4.0  303   59
2.36843502  0.231806  4.244994  1.1  239  -30
2.36846445  0.230486  4.196791  2.1   66   33
2.36853056  0.227884  4.102551  0.2  177  -55
2.36853180  0.227310  4.081902  0.1  358  -49
2.36853278  0.229815  4.172388  0.3  178  -58
2.36854898  0.232483  4.269832  0.0   19    1
2.36860675  0.231971  4.251045  3.2  176  -13
2.36868324  0.226473  4.051911  0.0  143  -60
2.36868436  0.226554  4.054813  0.9  160  -68
2.36868543  0.225507  4.017421  0.1  312  -55
2.36873121  0.235782  4.391874  0.0  273    7
2.36875806  0.234209  4.333454  0.8   43  -45
2.36879712  0.229031  4.143966  0.1  308  -55
2.36879711  0.228525  4.125678  0.0  309  -55
2.36889280  0.237056  4.439458  3.5  284   33
2.36889463  0.238545  4.495377  2.6  207   45
2.36892590  0.235469  4.380198  1.0  294  -53
2.36892397  0.228458  4.123262  0.0  297  -47
2.36899367  0.231192  4.222542  0.0  335   48
2.36899831  0.227782  4.098899  0.1  298   42
2.36900067  0.226723  4.060863  0.7  295   34
2.36903900  0.231102  4.219234  0.8  256   26
2.36909332  0.235703  4.388934  2.1  200   41
2.36912683  0.231063  4.217813  0.0   31   47
2.36912884  0.232882  4.284487  0.8   52   40
2.36917648  0.233802  4.318389  1.7  298 -142
2.36920019  0.228542  4.126279  1.8  278   39
2.36923308  0.231161  4.221380  1.7  100   64
2.36923545  0.232163  4.258069  2.0   45   61
2.36931309  0.224587  3.984723  0.4  200   52
2.36933112  0.224462  3.980285  2.1  278   54
2.36933216  0.223602  3.949837  2.6  157   38
2.36943066  0.223006  3.928800  0.3  128   -0
2.36943031  0.223654  3.951669  0.0  127    3
2.36944375  0.218223  3.762097  2.1   16  -51
2.36944790  0.216449  3.701178  2.8  203  -55
2.36952335  0.222719  3.918690  1.2  107    6
2.36957006  0.219697  3.813089  1.5  341   57
2.36957003  0.214359  3.630019  0.1  168   49
2.36957896  0.213711  3.608135  0.1  342   61
2.36962318  0.215195  3.658419  0.0  276    5
2.36962774  0.216841  3.714597  0.0  278    5
2.36969549  0.222978  3.927801  3.6  315  -48
2.36969881  0.222151  3.898747  3.1  126  -55
2.36975456  0.233018  4.289511  1.7  275    8
2.36979767  0.222881  3.924410  1.0  177  -55
2.36979773  0.223324  3.940024  1.1  190  -56
2.36981926  0.222783  3.920947  0.0  261  -35
2.36983099  0.225489  4.016766  4.0  127  -50
2.36988267  0.231782  4.244098  0.2   94  -58
2.36995216  0.233154  4.294485  2.1  304   50
2.36995560  0.231926  4.249401  1.9  295   51
2.36999361  0.232321  4.263870  2.7  301   34
2.36999731  0.232065  4.254477  3.2  295   39
2.36999858  0.233466  4.306018  2.6  290   54
2.37013900  0.236590  4.422008  2.1  255   36
2.37011278  0.231553  4.235724  0.1  315   57
2.37011409  0.234144  4.331060  0.4  303   57
2.37019683  0.222995  3.928397  0.0  214    9
2.37019659  0.223496  3.946102  0.1  214    9
2.37020418  0.224389  3.977676  0.8  219   10
2.37022371  0.228672  4.130967  2.3   31   65
2.37030171  0.233463  4.305887  0.7  118  -42
2.37035349  0.223571  3.948743  3.1  311  -50
2.37036935  0.222652  3.916349  2.7  349  -34
2.37037086  0.222515  3.911524  1.8  276  -70
2.37040313  0.221727  3.883879  1.7  327   15
2.37039344  0.223292  3.938890  1.4  289   12
2.37046977  0.234953  4.361038  0.1  187   41
2.37049232  0.232279  4.262336  3.5  314   39
2.37056832  0.228778  4.134828  0.0  281    7
2.37057840  0.225659  4.022833  3.1  346  -14
2.37058602  0.227882  4.102468  0.1  289   11
2.37058433  0.229397  4.157230  0.3  109  -18
2.37068250  0.225277  4.009241  3.5  290    3
2.37068545  0.226354  4.047651  3.5  287    0
2.37073238  0.219293  3.799077  3.3  310   44
2.37072974  0.216934  3.717767  3.7  303   47
2.37073548  0.222635  3.915730  3.2  336   45
2.37074329  0.224106  3.967641  2.0  164   36
2.37077232  0.226501  4.052925  0.1  269   55
2.37088265  0.230194  4.186159  0.4   54  -18
2.37088209  0.228377  4.120345  0.1  202  -59
2.37093831  0.223913  3.960838  3.1   72   -9
2.37090944  0.223876  3.959502  0.0  296   19
2.37094732  0.222020  3.894136  0.1  283    9
2.37100693  0.235167  4.368985  2.9  194   26
2.37101398  0.234971  4.361699  2.2  190   24
2.37111214  0.216454  3.701337  0.1  287  -47
2.37112175  0.215856  3.680911  1.4  306  -41
2.37111879  0.215418  3.665998  0.9  302  -42
2.37112084  0.214672  3.640652  0.7  109  -46
2.37112107  0.214644  3.639685  1.7  124  -44
2.37121458  0.234720  4.352401  2.0  357  -30
2.37122681  0.232779  4.280700  2.1  313  -32
2.37128905  0.238132  4.479824  0.8  312   44
2.37131098  0.228207  4.114183  0.2  284  -11
2.37131558  0.232113  4.256245  1.7  290   -5
2.37137131  0.227762  4.098185  0.9  266   28
2.37137145  0.227975  4.105833  0.8  264   29
2.37139540  0.231329  4.227520  1.1  185   60
2.37139675  0.233628  4.311978  1.0   26   75
2.37151670  0.226874  4.066282  1.1  184  -52
2.37151636  0.226484  4.052306  1.5    4  -27
2.37151793  0.225941  4.032899  1.4  186  -42
2.37155586  0.230050  4.180904  2.6  275  -14
2.37161421  0.237268  4.447405  1.5  195    5
2.37161427  0.237919  4.471831  1.9  196    6
2.37161520  0.242083  4.629721  3.3  198    4
2.37171537  0.234771  4.354272  0.1  311   38
2.37169997  0.236838  4.431287  0.2  166    8
2.37173469  0.238394  4.489719  1.4  316  -22
2.37181199  0.221766  3.885223  2.7  298   62
2.37180578  0.223887  3.959897  4.0   14   52
2.37182211  0.220691  3.847671  3.5  172   47
2.37188839  0.223091  3.931788  1.2  202   46
2.37190693  0.216156  3.691140  2.1   78   83
2.37190640  0.215656  3.674095  1.7   75   81
2.37191145  0.220503  3.841105  2.8  160   61
2.37198191  0.225415  4.014144  0.1  171  -11
2.37201111  0.225600  4.020733  0.7  184  -24
2.37206971  0.225605  4.020926  0.1   46  -19
2.37207030  0.223931  3.961453  0.2  214  -20
2.37209222  0.227111  4.074789  1.5  286    7
2.37214695  0.225066  4.001734  1.6  190   35
2.37214813  0.225073  4.001973  1.5  191   38
2.37214748  0.224878  3.995035  1.8  190   35
2.37225428  0.228220  4.114678  3.2  354  -21
2.37227984  0.222028  3.894411  2.5  260  -35
2.37227756  0.221273  3.867985  2.6   76  -36
2.37227806  0.220670  3.846911  1.7   75  -33
2.37233533  0.228807  4.135853  3.5  309   12
2.37236909  0.228815  4.136140  0.1  310  -28
2.37237025  0.228350  4.119370  0.1  310  -17
2.37241849  0.230410  4.194003  1.1  299   23
2.37245098  0.232086  4.255247  1.9  321    6
2.37250971  0.229479  4.160188  3.2  301   49
2.37251319  0.229899  4.175428  3.1  297   57
2.37257688  0.223277  3.938352  0.6  265   17
2.37258902  0.222686  3.917527  0.1   20   49
2.37259364  0.223316  3.939744  0.3   81    4
2.37261953  0.227572  4.091317  3.4   10   16
2.37272035  0.224677  3.987889  0.3   33  -41
2.37271709  0.224208  3.971273  0.0  217  -52
2.37273945  0.224637  3.986498  0.0  186   73
2.37273923  0.228537  4.126112  0.8  181   33
2.37274870  0.228396  4.121014  2.9   99  -23
2.37284180  0.230487  4.196799  1.9  358  -42
2.37285276  0.232084  4.255178  2.3    3  -48
2.37284955  0.232573  4.273120  1.7  116  -44
2.37290885  0.231815  4.245306  0.1  208  -22
2.37294439  0.237720  4.464351  0.5  353  -43
2.37296195  0.235012  4.363216  0.0  150   63
2.37299941  0.233363  4.302204  0.2  100  -52
2.37302852  0.230470  4.196208  4.6  303   49
2.37303141  0.230782  4.207570  2.6    1   75
2.37306399  0.234592  4.347633  0.7  106  -31
2.37317404  0.230799  4.208195  3.2  308  -62
2.37318303  0.230874  4.210918  0.7  247  -14
2.37318250  0.229593  4.164308  1.2  269  -51
2.37321577  0.228875  4.138311  1.1  200   17
2.37321660  0.226678  4.059245  1.4  198   16
2.37329896  0.225221  4.007227  0.1  193   35
2.37329947  0.226670  4.058965  0.4  193   40
2.37329078  0.229953  4.177389  0.4   27   46
2.37339836  0.217761  3.746180  3.2    4  -38
2.37340184  0.216597  3.706240  3.5  186  -46
2.37340572  0.219508  3.806518  2.8  179  -48
2.37340852  0.220055  3.825521  3.4  337  -42
2.37348547  0.233144  4.294125  4.3  197   -4
2.37349276  0.233494  4.307041  4.2  264   -3
2.37349238  0.233541  4.308761  4.4  264   -4
2.37357896  0.234265  4.335524  0.4   13  -34
2.37365050  0.229748  4.169948  3.0   91    1
2.37365365  0.228448  4.122877  1.2  267  -11
2.37365556  0.228888  4.138799  3.0  267   -5
2.37374922  0.237200  4.444828  0.3  263    6
2.37375759  0.234706  4.351860  1.8  193   36
2.37376006  0.232985  4.288289  1.6   15   55
2.37377127  0.232771  4.280409  0.4  190   39
2.37382589  0.237093  4.440829  0.1  196  -41
2.37387727  0.236975  4.436428  0.0  197   58
2.37394147  0.226893  4.066959  1.0  285   11
2.37393981  0.224847  3.993950  0.6  107    6
2.37394641  0.220839  3.852820  0.1  106    8
2.37394569  0.221412  3.872826  0.1  109    6
2.37399021  0.237855  4.469436  3.5  299   55
2.37402909  0.239661  4.537546  2.2  180  -10
2.37407491  0.238058  4.477048  0.4  187   23
2.37407854  0.233462  4.305843  0.0  186   28
2.37412492  0.233542  4.308804  0.6  196   31
2.37414091  0.233494  4.307031  2.8  302   21
2.37420324  0.225714  4.024800  3.9  308   46
2.37420351  0.226540  4.054325  3.7  307   46
2.37421059  0.225199  4.006446  3.7  309   43
2.37431427  0.224711  3.989113  2.3  134   36
2.37431061  0.222061  3.895585  1.8  187   50
2.37431467  0.223818  3.957452  1.9  169   40
2.37434657  0.228808  4.135912  0.3  182   36
2.37443193  0.219380  3.802066  1.0  109   45
2.37443799  0.217417  3.734344  1.0  311   48
2.37443711  0.217399  3.733723  4.7  311   48
2.37444373  0.219502  3.806313  0.2  194   47
2.37455514  0.211409  3.530817  1.6    1  -42
2.37456069  0.211707  3.540782  2.8   12  -42
2.37455526  0.210327  3.494753  2.8    1  -41
2.37456395  0.215008  3.652050  1.8  210  -73
2.37462985  0.222190  3.900090  3.9    7    7
2.37465064  0.226890  4.066845  0.8  185  -41
2.37465598  0.229311  4.154081  0.0   91  -41
2.37469548  0.232503  4.270539  0.1  291   59
2.37476230  0.225888  4.031006  0.3  316   60
2.37481388  0.222603  3.914613  2.5  285  -25
2.37481201  0.223099  3.932070  2.7  286  -27
2.37481338  0.222447  3.909145  2.4  285  -25
2.37490237  0.227316  4.082139  0.8  160  -74
2.37490403  0.224024  3.964740  0.2  172  -81
2.37490386  0.226661  4.058634  1.5  193  -73
2.37497249  0.233855  4.320370  2.2   78   30
2.37500106  0.227059  4.072915  1.6  249  -31
2.37500793  0.227046  4.072452  2.5  249  -32
2.37501340  0.230366  4.192395  0.5  207  -51
2.37509444  0.233335  4.301171  0.3  331   38
2.37513575  0.229480  4.160232  1.8  309  -43
2.37515939  0.226467  4.051684  0.0  289   26
2.37518046  0.222697  3.917918  0.0  162  -41
2.37519004  0.228521  4.125528  0.1   20  -37
2.37526179  0.229874  4.174526  0.7  200   22
2.37527707  0.222113  3.897410  1.0  189   36
2.37528471  0.223219  3.936326  0.0  183   36
2.37527916  0.222459  3.909539  0.1  193   37
2.37536985  0.208192  3.424167  4.6  124   24
2.37536897  0.208122  3.421864  5.0  126   23
2.37536593  0.210123  3.487984  4.9  302   28
2.37546552  0.227166  4.076764  2.4  177   -4
2.37546428  0.226430  4.050357  2.8  357   11
2.37555812  0.223209  3.935963  5.2  126   -3
2.37555653  0.220320  3.834729  1.5  293   -2
2.37555693  0.218773  3.781056  1.0  292   -2
2.37563233  0.212498  3.567284  0.1  359   31
2.37563173  0.210509  3.500825  1.4  181   30
2.37563309  0.208941  3.448859  0.2    1   34
2.37563364  0.208930  3.448488  0.4  359   33
2.37575534  0.216223  3.693450  5.2  310  -21
2.37575282  0.215799  3.678972  1.0  316  -24
2.37575454  0.211742  3.541955  5.1  124  -26
2.37583070  0.215673  3.674684  7.6  267   12
2.37582960  0.215924  3.683234  7.7  265   11
2.37582972  0.215709  3.675909  7.6  266   11
2.37592379  0.223002  3.928676  6.1  182   12
2.37592374  0.222457  3.909486  6.2  182   13
2.37598018  0.222024  3.894275  0.8   18  -55
2.37600680  0.220158  3.829079  2.1  322 -156
2.37601945  0.216326  3.696957  6.3  326  -18
2.37602015  0.216455  3.701374  6.2  327  -19
2.37602194  0.219528  3.807215  6.0  328  -20
2.37611443  0.217052  3.721807  0.9  328    4
2.37611409  0.216114  3.689717  0.1  328    4
2.37620160  0.219647  3.811340  4.1  186  -66
2.37620829  0.215111  3.655544  1.2  280  -48
2.37620728  0.215271  3.660996  1.4  283  -48
2.37628974  0.215303  3.662060  1.3  356  -52
2.37629033  0.215074  3.654282  1.0  175  -64
2.37629391  0.215645  3.673721  0.0  185  -53
2.37629806  0.216373  3.698566  1.3  315  -44
2.37640356  0.221701  3.882940  7.3  194  -21
2.37641384  0.220647  3.846140  7.5  197  -24
2.37642602  0.221035  3.859658  1.6  251  -40
2.37640727  0.221431  3.873514  6.0   16  -16
2.37652148  0.225791  4.027551  4.5  124   25
2.37652200  0.227900  4.103119  4.4  126   23
2.37658455  0.223944  3.961925  0.3  285  -57
2.37659496  0.218482  3.771032  2.1  186  -18
2.37659638  0.217301  3.730355  1.8    8  -12
2.37660219  0.218364  3.766957  1.3  193  -30
2.37667105  0.235745  4.390479  1.0  310  -23
2.37670781  0.234411  4.340949  1.0  308  -17
2.37670448  0.233689  4.314241  0.9  268  127
2.37678152  0.225815  4.028411  0.0  300    1
2.37677978  0.227974  4.105793  0.9  302   -3
2.37678824  0.227916  4.103718  0.5  301   -0
2.37679513  0.232219  4.260110  0.4  305   -6
2.37690672  0.224428  3.979076  0.1  265  -64
2.37690286  0.225680  4.023569  1.3  207  -70
2.37690557  0.230207  4.186614  2.0  212  -71
2.37696129  0.226484  4.052321  6.4  156    6
2.37698856  0.229434  4.158548  3.9  316   19
2.37706940  0.228749  4.133772  0.0  329   84
2.37706468  0.220573  3.843533  0.7  337   46
2.37707360  0.219766  3.815474  0.2  327   39
2.37713785  0.231969  4.250971  0.7  170  -27
2.37717309  0.223727  3.954242  0.6  292  -14
2.37717118  0.225246  4.008126  0.7  106  -18
2.37717288  0.224536  3.982888  0.5  106  -15
2.37725064  0.219945  3.821680  3.2  127   -9
2.37725065  0.221641  3.880867  1.0  309   -1
2.37725063  0.220033  3.824731  3.1  126   -9
2.37734440  0.228150  4.112153  2.8    2  -34
2.37735356  0.226543  4.054426  2.6  192  -57
2.37744694  0.216444  3.700998  0.2  172  -68
2.37744778  0.217882  3.750322  0.1  356  -98
2.37745273  0.219033  3.790057  0.3  202  -53
2.37753192  0.217706  3.744282  0.2  311  189
2.37752910  0.222475  3.910123  0.5  313   -2
2.37755852  0.220384  3.836961  0.6  315   24
2.37755844  0.219380  3.802087  0.7  313   23
2.37756246  0.223657  3.951760  0.3  183   32
2.37765090  0.231434  4.231366  0.2  277   76
2.37772529  0.226285  4.045202  2.2  287   -5
2.37772623  0.226742  4.061554  2.1  285   -6
2.37772592  0.225793  4.027623  2.0  287   -5
2.37773137  0.226891  4.066869  2.6  107   -6
2.37779666  0.236737  4.427512  1.0  294   35
2.37783840  0.230695  4.204385  1.5    5   10
2.37783513  0.227578  4.091551  0.7    2   10
2.37787945  0.236770  4.428731  2.1    5  -18
2.37792642  0.229042  4.144376  0.5    1  -41
2.37794801  0.227656  4.094341  0.1   57   51
2.37795233  0.224826  3.993189  0.0   36   53
2.37802702  0.234215  4.333694  3.4  192  -14
2.37802335  0.232102  4.255852  0.3  179  -71
2.37807718  0.229751  4.170039  1.3   33  -43
2.37807860  0.226630  4.057543  0.0  221  -34
2.37808464  0.227665  4.094694  0.9  236  -33
2.37814374  0.232969  4.287703  0.2   16   30
2.37818158  0.236321  4.411977  0.6   58   58
2.37818336  0.236074  4.402732  1.6   55   54
2.37822565  0.236629  4.423482  4.5  356   35
2.37830320  0.228773  4.134617  1.0   19  -15
2.37831397  0.225726  4.025216  0.5   22  -14
2.37832322  0.224046  3.965544  0.6   18  -13
2.37832502  0.228541  4.126233  0.6  202  -26
2.37839526  0.236232  4.408641  0.7  299  -47
2.37839277  0.236152  4.405663  1.6  311  -52
2.37847928  0.230944  4.213486  1.1   23   -4
2.37849345  0.229392  4.157032  0.8  200  -20
2.37849818  0.228477  4.123923  0.2  192  -35
2.37849475  0.228724  4.132854  0.9   17  -12
2.37858452  0.230436  4.194964  1.1  178  -41
2.37857450  0.233674  4.313697  2.6   18   -2
2.37868813  0.217978  3.753630  2.9  312   17
2.37868864  0.217371  3.732775  2.4  134    5
2.37868550  0.216985  3.719526  1.2  310    9
2.37868880  0.217991  3.754092  3.1  135   14
2.37877686  0.226920  4.067924  5.7  318    7
2.37877754  0.225520  4.017899  6.0  320    6
2.37884911  0.218404  3.768321  5.6  323   33
2.37884994  0.217744  3.745576  5.9  322   35
2.37885342  0.218415  3.768705  4.1  166   22
2.37887538  0.216785  3.712653  0.1  177   -9
2.37892543  0.226551  4.054689  3.5  104   36
2.37895275  0.220369  3.836425  2.0  326   26
2.37905813  0.206059  3.354366  0.3  191  -50
2.37905778  0.206457  3.367345  0.5  191  -50
2.37905868  0.207165  3.390459  0.3  187  -47
2.37906066  0.210185  3.490052  0.6   11  -40
2.37905804  0.212116  3.554475  0.4  192 -143
2.37912643  0.216284  3.695534  1.0  349   41
2.37915506  0.226692  4.059737  1.0  308   41
2.37923076  0.215174  3.657674  5.3  160  -46
2.37923294  0.216014  3.686296  6.8  319  -52
2.37923189  0.214329  3.629002  4.7  348  -46
2.37931477  0.219217  3.796442  0.0  174   -7
2.37935147  0.205888  3.348797  0.0   99   20
2.37935321  0.206636  3.373180  0.0   98   24
2.37936461  0.210451  3.498893  1.2  270   33
2.37936872  0.216264  3.694835  1.1   12   69
2.37936885  0.216255  3.694544  0.9   12   67
2.37948847  0.212770  3.576426  0.1   22  -34
2.37949154  0.213367  3.596516  0.9   18  -33
2.37953357  0.218374  3.767300  0.6  298  -44
2.37953171  0.216601  3.706363  0.2  103  -35
2.37956697  0.221369  3.871331  0.7   45   18
2.37961811  0.230119  4.183432  1.4  296  -28
2.37961906  0.230851  4.210070  1.2  296  -30
2.37967371  0.230438  4.195039  0.0  273  -18
2.37972462  0.234578  4.347130  0.2   23  -48
2.37973755  0.238280  4.485407  1.5  303  -50
2.37979093  0.235620  4.385811  2.8  195   48
2.37980256  0.231877  4.247604  0.4  190  -21
2.37980965  0.234140  4.330898  0.7   13  -11
2.37988465  0.228045  4.108340  0.1   14   45
2.37990837  0.225723  4.025109  0.6  331   51
2.37988996  0.226527  4.053851  0.1  191   26
2.37998274  0.234576  4.347040  3.9   51  -49
2.38000468  0.230366  4.192404  3.1   56   42
2.38000469  0.231388  4.229696  3.3   56   38
2.38000910  0.230276  4.189123  3.3   50   40
2.38009987  0.227783  4.098905  5.7  288   46
2.38010066  0.228725  4.132901  5.1  291   43
2.38017186  0.229552  4.162843  4.5  194  -47
2.38017742  0.228860  4.137791  4.1   26  -37
2.38019204  0.226949  4.068965  0.0  179   29
2.38027400  0.217296  3.730173  0.1  184   37
2.38027343  0.215365  3.664170  0.1  183   37
2.38027564  0.218685  3.778029  0.2  187   35
2.38027590  0.217603  3.740744  1.1  177   32
2.38037981  0.205068  3.322192  2.6  150  -22
2.38038134  0.205350  3.331336  3.7  336  -13
2.38038002  0.205639  3.340699  3.5  152  -21
2.38046878  0.209878  3.479855  0.4  175  -13
2.38053999  0.201458  3.206231  3.5  308   30
2.38053920  0.201533  3.208614  3.6  311   31
2.38054813  0.199689  3.150165  1.6  161   28
2.38054672  0.197506  3.081682  2.2  340   42
2.38054941  0.204277  3.296593  1.9  164   32
2.38065241  0.219463  3.804972  1.6  156  -46
2.38064774  0.221875  3.889065  0.0  321   39
2.38072496  0.218460  3.770251  0.5  291  -19
2.38072433  0.216534  3.704054  0.0  294  -13
2.38073517  0.211675  3.539694  0.6  354    7
2.38073763  0.210996  3.517035  0.4  352    5
2.38073051  0.220229  3.831570  0.8  106  -24
2.38083972  0.229041  4.144333  3.1  147  -24
2.38089876  0.216461  3.701570  3.2   19  -41
2.38090876  0.213606  3.604578  5.0  203  -53
2.38091268  0.213258  3.592830  4.2   14  -30
2.38090987  0.212815  3.577917  4.8  372  -39
2.38101409  0.229878  4.174659  2.9   64    1
2.38101584  0.230243  4.187938  2.5   64    9
2.38104350  0.229042  4.144345  3.0   63   13
2.38110634  0.228508  4.125051  2.2  310   41
2.38110946  0.226668  4.058903  2.2  308   49
2.38111941  0.225566  4.019523  0.5  175   39
2.38118055  0.224610  3.985531  0.1   73   23
2.38118615  0.226054  4.036928  0.2   73   20
2.38122467  0.223543  3.947735  0.1   12  -29
2.38126838  0.227455  4.087110  4.1   92   18
2.38126892  0.229410  4.157696  1.0   93   19
2.38133537  0.226825  4.064521  0.1  202    2
2.38134905  0.228415  4.121709  0.4   28   11
2.38136022  0.219700  3.813183  0.3   28   -0
2.38142943  0.214484  3.634272  0.0  204   45
2.38143675  0.215789  3.678617  0.2  187   49
2.38143684  0.219172  3.794857  1.0  181   45
2.38151883  0.224458  3.980113  0.1  176   40
2.38153555  0.213653  3.606153  0.0  353   -6
2.38154052  0.215806  3.679213  0.0  178  -23
2.38161776  0.211934  3.548364  0.2  330   16
2.38162159  0.208367  3.429929  1.7  343   19
2.38162196  0.208286  3.427253  2.1  343   19
2.38169653  0.215208  3.658855  3.2  312   19
2.38169638  0.214828  3.645920  2.7  312   19
2.38172311  0.226293  4.045474  1.8   17  -40
2.38176097  0.227041  4.072277  2.3   46   17
2.38179406  0.228451  4.123002  4.0   11    6
2.38180200  0.225430  4.014659  0.1  306  -31
2.38189403  0.218442  3.769621  0.0  220   42
2.38189060  0.216025  3.686686  0.0   57   52
2.38196510  0.194020  2.973852  0.5  285   37
2.38196931  0.192135  2.916349  0.4  214   53
2.38196694  0.193970  2.972325  0.5  272   40
2.38196961  0.196276  3.043424  1.7  130   46
2.38208518  0.200458  3.174505  0.0  195  -36
2.38209266  0.203727  3.278872  1.0   31  -41
2.38208594  0.196957  3.064559  0.1  194  -41
2.38216783  0.206370  3.364494  3.9  161  -14
2.38214781  0.207420  3.398831  2.6  289   -4
2.38217123  0.209522  3.468071  0.0  181   -2
2.38218987  0.218349  3.766435  0.2  312  -29
2.38226944  0.219933  3.821289  4.1  292   24
2.38227013  0.218103  3.757937  3.1  303   26
2.38232281  0.208616  3.438124  0.2   29  -39
2.38232812  0.211545  3.535368  0.2  216  -45
2.38234648  0.215682  3.674967  0.0  346   -7
2.38233476  0.217550  3.738902  0.4  228  -62
2.38244339  0.214827  3.645886  0.0  248   10
2.38243833  0.213466  3.599865  0.0   72  -16
2.38246899  0.216524  3.703723  0.9  264   14
2.38247725  0.216192  3.692396  1.5  260   24
2.38255902  0.219490  3.805901  5.9  126   34
2.38255914  0.219484  3.805675  5.9  126   34
2.38261600  0.223849  3.958559  3.2  190    0
2.38267405  0.222816  3.922120  3.4  313  -26
2.38268243  0.223557  3.948235  5.6  164  -37
2.38272606  0.223205  3.935816  5.0  247  -18
2.38272605  0.224140  3.968869  2.6  268  -36
2.38272693  0.223780  3.956119  2.4  276  -41
2.38280703  0.228403  4.121276  1.0  300  -44
2.38280261  0.226703  4.060147  0.8  307  -44
2.38288685  0.221869  3.888853  0.2  264  -21
2.38289012  0.223964  3.962625  0.2   66  -17
2.38288981  0.222856  3.923515  0.2   84  -19
2.38294026  0.223002  3.928660  6.7  314  -26
2.38293939  0.221855  3.888355  2.2  170  -20
2.38303381  0.232275  4.262193  5.2  273  -37
2.38304013  0.227673  4.094978  6.3  307  -42
2.38304105  0.227665  4.094679  5.9  306  -45
2.38313164  0.229709  4.168542  2.6  302  147
2.38310928  0.234310  4.337188  4.2   70  -10
2.38313827  0.232039  4.253544  0.9  204   71
2.38323057  0.232689  4.277395  5.0  186  -25
2.38322591  0.231696  4.240947  0.9   56  -36
2.38321902  0.227917  4.103759  4.0  339   -9
2.38331594  0.230426  4.194596  1.4   18   33
2.38331534  0.229094  4.146229  1.3   18   32
2.38332478  0.229323  4.154544  2.2  200   15
2.38340899  0.219663  3.811893  0.2   15   -9
2.38340999  0.220908  3.855239  1.7  194  -17
2.38341112  0.217714  3.744543  0.0   14   -8
2.38341050  0.214209  3.624940  0.0  193  -21
2.38350313  0.215771  3.678015  0.1  169   20
2.38350682  0.209368  3.462955  0.0  160   31
2.38358687  0.226558  4.054971  1.4  338   55
2.38358589  0.222837  3.922840  0.9  173   32
2.38358942  0.218832  3.783103  0.1  165   24
2.38364496  0.222693  3.917783  0.0   85  -13
2.38370779  0.215477  3.668000  0.1  290    3
2.38370662  0.212844  3.578888  0.0  290    3
2.38373544  0.214627  3.639121  1.3  284   37
2.38373782  0.213991  3.617587  0.9  281   39
2.38374659  0.215870  3.681385  1.6  192   59
2.38385613  0.217023  3.720819  1.0  141  -60
2.38385599  0.219269  3.798224  0.0  333  -39
2.38385719  0.216939  3.717928  2.4  333  -41
2.38395882  0.216145  3.690763  0.4  190  -31
2.38395833  0.217151  3.725218  1.5  191  -34
2.38396539  0.215761  3.677684  1.8  195  -47
2.38397205  0.217053  3.721847  0.7  202  -62
2.38409617  0.226898  4.067129  5.3   71   11
2.38409806  0.223083  3.931518  4.2   62   12
2.38409123  0.223361  3.941317  4.0   60   12
2.38411940  0.224029  3.964933  3.6   47   14
2.38418353  0.222690  3.917685  2.4  312   38
2.38418942  0.221190  3.865086  0.7  142   27
2.38418656  0.222535  3.912214  1.6  313   34
2.38427136  0.227155  4.076346  0.3  197  -44
2.38430277  0.217881  3.750296  0.1  301  -50
2.38430700  0.216186  3.692169  0.2  310  -51
2.38430330  0.218779  3.781279  1.7  112  -59
2.38439873  0.217947  3.752561  0.2  173  -39
2.38439857  0.219516  3.806799  0.2  173  -39
2.38440969  0.221025  3.859316  0.7  180  -46
2.38448457  0.226406  4.049519  0.3  223   23
2.38448009  0.224835  3.993506  0.1   49   36
2.38455626  0.225831  4.028960  0.8  127  -25
2.38454750  0.226158  4.040645  2.7  312  -26
2.38455077  0.225137  4.004250  0.7  124  -29
2.38457941  0.226610  4.056822  1.2  199   -1
2.38465735  0.231720  4.241849  1.6   59   53
2.38466990  0.228033  4.107907  2.7  189   50
2.38466989  0.228154  4.112274  2.5  189   50
2.38473219  0.229991  4.178777  3.2  280   37
2.38473443  0.229285  4.153144  2.9  109   34
2.38483186  0.216377  3.698691  2.2   30   -1
2.38483194  0.216392  3.699201  2.2   30    0
2.38483152  0.217112  3.723873  2.4  210  -12
2.38490020  0.219271  3.798301  0.1  278   28
2.38490358  0.219309  3.799615  0.2  274   30
2.38491330  0.220521  3.841716  2.9    9   67
2.38490869  0.222987  3.928130  0.0  273   31
2.38500281  0.223916  3.960941  3.6  316   51
2.38500399  0.224598  3.985099  3.7  157   37
2.38508355  0.223939  3.961737  1.3  198    1
2.38509561  0.226262  4.044351  4.2   18   -3
2.38511114  0.227873  4.102167  4.0  204  -33
2.38510583  0.227321  4.082312  3.4   20  -17
2.38519467  0.222377  3.906656  1.5  185   30
2.38521281  0.222763  3.920244  3.8  298   21
2.38528835  0.215249  3.660230  3.6  287   27
2.38529689  0.210914  3.514286  2.1  117   19
2.38529587  0.209241  3.458749  2.4  116   19
2.38535826  0.219415  3.803306  0.3   99   44
2.38535819  0.217461  3.735857  1.1  288   48
2.38539188  0.219839  3.818002  3.8  340 -147
2.38546539  0.210769  3.509446  6.3  335   41
2.38546874  0.210120  3.487892  5.6  172   28
2.38547064  0.210653  3.505599  5.8  167   25
2.38547892  0.210592  3.503583  2.7  110  -39
2.38546336  0.212178  3.556542  5.3    7   52
2.38557087  0.213130  3.588533  1.0  191  -38
2.38557784  0.213936  3.615714  3.9  196  -40
2.38557811  0.213668  3.606655  3.8  196  -41
2.38567438  0.228573  4.127409  0.0   53  -13
2.38573019  0.217445  3.735313  1.4  331  -33
2.38573160  0.217138  3.724765  1.8  329  -31
2.38573320  0.217788  3.747107  1.2  323  -25
2.38582314  0.223944  3.961938  4.0  204  -48
2.38582612  0.222618  3.915159  3.9   18  -47
2.38582552  0.223491  3.945911  4.0   19  -45
2.38583592  0.223703  3.953412  3.2  222  -59
2.38589309  0.230822  4.209037  0.7  295   47
2.38594969  0.227713  4.096415  0.1   58    1
2.38598615  0.220861  3.853582  2.5  202   -6
2.38599146  0.219941  3.821559  2.5  203  -10
2.38599079  0.222323  3.904772  1.2   24   -0
